:020000040000fa
:020000041fc01b
:100000000300001000000000f0f3060000000000f4
:100010000600f00f0000000000601a40c0045a7f84
:100020000500401300000000029d1a3ce02d5a27f5
:10003000080040030000000008801d3cf8ffbd27b9
:1000400000801c3cf07f9c27026009402058200162
:1000500007000a248449497d02608940c0000000ed
:1000600000e0dc41ffff4a25faff401500000000d8
:1000700002608b40c0000000029d083c6c360825e1
:1000800009f8000100000000029d083cb4a2082508
:1000900009f80001000000000080083c3400082539
:1000a0000080093c340129250300001000000000f5
:1000b000000000ad040008252b080901fcff2014f6
:1000c00000000000c0bf083c7005082509f80001c9
:1000d00000000000029d083c64dd082509f80001cd
:1000e0000000000081bf093c00000a3c30024a25a4
:1000f000e0072aad0000093c00002925010020117d
:100100000000000000488040ffff0a2400588a4099
:100110004000083c00600a4025500a0100608a4007
:10012000009d093c00002925c0000000017889409d
:100130000000093c0100292500000a2444492a7dc9
:1001400001608a408000093c0068894000800840c6
:100150008005097d404c0900006008405800013cc2
:100160002440010100010a3c2540480100240a3cca
:1001700025404801254028010060884000010a3cd4
:1001800000f8ca44c0000000029d083c74360825ef
:1001900009f800010000000000600840bfff013cba
:1001a000ffff2134244001010060884000008430ba
:1001b0000000a530029d083cac01082508000001a4
:0401c000000000003b
:020000040000fa
:020000041fc01b
:10038000029d1a3c74325a27080040030000000006
:020000040000fa
:020000041fc01b
:1004b0000080094000000a2400000b2400000d24e5
:1004c00000000e240080013c244021012500001181
:1004d00001800940000000003800013c2440210157
:1004e000c24408000f0000110000000001000825b0
:1004f0000700013c2460210102640c0001008c25ee
:100500002550800101000b2404580b0104500a01fe
:10051000c001013c24402101824508000600082555
:1005200004500a01001c2831824208000d0000110d
:10053000000000000100082580032f31c2790f0060
:100540000100ef252568e00101000e2404700e0172
:1005500004680d0100e02831424308000600082528
:1005600004680d010800e003000000000000000026
:100570000080084007000924244828010200293986
:1005800004002011000000000800e003000000004b
:10059000000000002518e003c5ff11040000000062
:1005a00000600840feff0924244828010400293582
:1005b00000608940c000000000d0804000e0804022
:1005c000c0000000009d043c000084240100801451
:1005d000009d043c0400401121288a0021208b004a
:1005e000feff8514fcff88bc0080043c00008424ce
:1005f000010080140080043c0400a01121288d001b
:1006000021208e00feff8514fcff89bc0f00000036
:100610000080013c10002aac0080013c1c002dac85
:100620000080013c14002bac0080013c20002eac6b
:100630000080013c18002cac0080013c24002fac51
:1006400000608840c0000000008009400700293594
:10065000070029390300293500808940c0000000c7
:1006600025f860000800e003000000000000000022
:020000040000fa
:020000041d00dd
:10000000029d1a3c908a5a27080040030000000015
:020000040000fa
:020000041d00dd
:10010000029d1a3cb8895a270800400300000000ed
:020000040000fa
:020000041d00dd
:10018000029d1a3c7c855a270800400300000000ad
:020000040000fa
:020000041d00dd
:100200001f39400b000000009339400b0000000034
:10021000073a400b000000007b3a400b0000000052
:10022000ef3a400b00000000633b400b0000000071
:100230000000023c00004224070040100000023c85
:100240000000422405004050029d023c3f00007027
:100250000800e00300000000029d023c180d42244b
:10026000030040100000000009f8400000000000fa
:080270000800e003000000009b
:020000040000fa
:020000041fc01b
:10067000000000d01f00c0001f00c400000000d216
:100680001f00c8001f00cc00000000f01700c000d1
:100690001700c400000000f21700c8001700cc00cb
:1006a000000000c01f0080001f008400000000c286
:1006b0001f0088001f008c00000000e01700800071
:1006c00017008400000000e21700880017008c006b
:020000040000fa
:020000041fc01b
:1004800000f89b40c0000000029d1b3c180d7b271c
:10049000020060130000000000c09b4000f81b40f9
:0c04a000c00000001f000042000000002f
:020000040000fa
:020000041fc01b
:04ffc000fffffffe42
:020000040000fa
:020000041fc01b
:04ffc40098b1f9fff8
:020000040000fa
:020000041fc01b
:04ffc80039ff745f2a
:020000040000fa
:020000041fc01b
:04ffcc00d3f7ffff69
:020000040000fa
:020000041fc01b
:04ffdc00ffffffff25
:020000040000fa
:020000041fc01b
:04fff000ffff00000f
:020000040000fa
:020000041d00dd
:1002780090ffbd270f0005240a0004244800b0aff2
:100288006c00bfaf6800beaf6400b7af6000b6af28
:100298005c00b5af5800b4af5400b3af5000b2af74
:1002a800ca84400f4c00b1af2580400001004230a5
:1002b800100040546210113c020010324700001632
:1002c800a880838f6c00bf8f6800be8f6400b78fd3
:1002d8006000b68f5c00b58f5800b48f5400b38fa0
:1002e8005000b28f4c00b18f4800b08f0800e00377
:1002f8007000bd27009d123c04000010d34d31262c
:100308000a000624b287400f25208002ae8a400fdb
:100318000a000424e8ff401025a040002c00959610
:100328001400a22ef6ff4014f2ff05241c00968e3e
:100338000c00c28e0019427c0500432cf1ff6014aa
:100348000a000624801002002a10a202edff4014c1
:1003580002001e3c2000828e24f05e00e9ffc017d8
:10036800f1ff05241800938e000242301000632626
:10037800d80040142800a3af1000628e0c00638ed2
:100388002520a0021c00a2af000602241800a3af7b
:10039800b02f400f2000a2a7253000000c00052434
:1003a8001800a427b82f400f2200a2a72000838e90
:1003b8002710020004006330b6016014ffff4630c6
:1003c8002528a002b82f400f2520c002c1004010e8
:1003d800f6ff0524cbff00100a000624b9ff6010c1
:1003e8006210123c2588000025800000009d133c07
:1003f800d34d5226b880828f808010000a80507cae
:100408001f0000120b000224760004921c008210c8
:10041800c000023c3c00148e2410820229004010c7
:100428003e000296c005947e040043302900601403
:1004380010001524080042302f004014000000006e
:1004480076000392050002245400621000000000a8
:100458003300a0160100863a3e000296020043309f
:1004680036006014004042300400401003000224ab
:10047800760003925700621000000000a880838f66
:1004880001003126208e117c2b102302d9ff401445
:10049800258020026c00bf8f6800be8f6400b78f74
:1004a8006000b68f5c00b58f5800b48f5400b38fce
:1004b8005000b28f4c00b18f4800b08f0800e003a5
:1004c8007000bd2725a8000004004330d9ff601044
:1004d80025a00000847b400f000000002800038e48
:1004e80023104300d3ff40043e0002960800423028
:1004f800d3ff401010001524847b400f000000003b
:100508002c00038e23104300cdff40040500022475
:10051800760003921d016210100015240100863a2e
:100528002528a0025106400f252000023e00029611
:1005380002004330ccff601000404230847b400f03
:10054800000000002400038e23104300ccff420467
:10055800a880838f760005920a00a22c54014010cf
:10056800801005007c0563260a10627c08004000a4
:1005780000000000b80a009d2c0a009d740a009d26
:10058800f809009d4006009db80a009dd009009d0d
:10059800b80a009db80a009d4006009d847b400f64
:1005a800000000003000038e23104300a8ff400421
:1005b80001000624140005245106400f25200002de
:1005c800252800000332400f25200002acff001050
:1005d800a880838f847b400f000000002400038ed6
:1005e80023104300a6ff4004a880838f790003925c
:1005f800840002921c0262101000052425200002cb
:100608005106400f02000624847b400f010031266a
:10061800700004969880858fa880838f022085704b
:10062800190092001020000082210400211082008d
:1006380094ff0010240002ae780002920500432cbb
:10064800da006010000000005000038e0100422410
:10065800ff00423025a00000110005241000048e80
:100668000c00068e40180300780002a223108600b2
:100678002b208600500003ae06008010ffff42309a
:100688000400038e0000048e231864002110430028
:10069800ffff4230640004965400038e100006ae3b
:1006a800253000002318620021104400540003aed6
:1006b800640002a65106400f252000026fff801239
:1006c800252800000332400f252000026cff00108f
:1006d800a880838f2c78400f2520c0021c008e8ea6
:1006e8000c00cb8e0200cd9500196b7dff006b319d
:1006f8003602a01180580b000e0067960c00629617
:100708000000cf95a880868f2138e2002138e701c4
:100718002638ed002d02c010ffffe73028008c8e30
:10072800b8808a8f251000002528000025b8000011
:10073800080000100b0008241400831100000000ba
:100748000100a524202e057c2b18a6002c00601083
:100758002510a000801002000a10427df9ff4050c9
:100768000100a52476004490f6ff88500100a524d6
:10077800770043900200632cf2ff60500100a5242b
:100788004800438cecff6014000000001800801043
:1007980072004394ebffe3140100a5240000c48d0c
:1007a8006000438ce7ff8314000000004000448c85
:1007b8000c00638ee4ff8314202e057c01000324c3
:1007c800770043a02800a38fed02601048004cacce
:1007d800740043941000648e010005240463a37c14
:1007e800440044ac740043a41800001025b840002d
:1007f800d3ffa3510ab85700d2ff00100100a52467
:10080800f201e012010003240c00628e7700e3a2db
:100818004000e2ae2800a28f070040104800ecae6e
:100828007400e2961000638e010004240463827c45
:100838004400e3ae7400e2a60000e28e7200e7a670
:100848006000efa66200eda61000e2ae1000848ef4
:100858003e00e3960d00d3920c0082940040653070
:100868000800c88e23104b000c0082a40400a010be
:100878000400c98e02006330990060107900e0a27c
:100888007400e3967600e2920442037cb4014010bf
:100898007400e3a601000424890144500400623274
:1008a8001400b5262358ab02ffff6b31ecff6a2515
:1008b800ffff4a3101006c3286008015256840012f
:1008c80002006432030080101c00f58e0100ab2585
:1008d800ffff6d312000e48e2b28a402cc01a05428
:1008e80023a895001800e58e1400e68e23a8a4021c
:1008f8002320a60023a89500ffffb5325800eb8ef1
:10090800c601a01123582b01cb01a0520400733259
:10091800e90160052b207501080080140600643287
:100928002a207501040080142328ad022a28ab0070
:10093800c101a0540400733206006432cb01801454
:10094800100064327a0080100a00442cca0080101b
:10095800802002006c0945260a20a47c080080003b
:1009680000000000800c009d800c009d540e009d2e
:100978006c0b009d6c0b009d6c0b009d6c0b009d1f
:10098800800c009d6c0b009d280b009d847b400f04
:10099800000000003000038e23104300dffe4204f5
:1009a8001000152403ff001001000624aa01801678
:1009b80001000624140005245106400f25200002da
:1009c80040ff001025280000780002920500432c03
:1009d800f6ff60100000000001004224ff004230d2
:1009e8005000038e25a000001cff001010000524f5
:1009f800780002920500432cf8ff6054010042245d
:100a08000400032410ff8016760003a201000624c8
:100a1800110005245106400f2520000298fe001001
:100a2800a880838f780002920400432c69016054e7
:100a3800010042249880848f0500022425a000002c
:100a4800401904002318640080180300211864006a
:100a5800c0180300190072000200052410180000d5
:100a680082190300fdfe00100019030078000292ad
:100a78000300432c5c0160503e00039601004224b1
:100a8800ff0042305000038e25a00000f3fe001046
:100a9800120005242538c0002528c0022530a002f0
:100aa8008a50400f2520800248fe001000000000f8
:100ab80073fea012a880838f990380160100062474
:100ac8002528a0025106400f252000026cfe0010c8
:100ad800a880838fedff6b2579ff0010ffff6d3134
:100ae8003000a9af2c00a8af847b400f2800abaf23
:100af8007000e3969880848f3000a98f2c00a88f0f
:100b0800021864702800ab8f1900710010180000db
:100b1800821903002110620059ff00102400e2ae80
:100b28005400e28e01004224c4000211252800006e
:100b38007a00e6962430de00f1fdc010020005249c
:100b48007c00e28eeffd40500a0006242800858ec6
:100b58008000e78e09f840003c00e486e8fd0010bc
:100b6800020005245400e78e2570e0001000e68e90
:100b78000800e58e2320a600060081042310070143
:100b88000400e28e0000ef8e23104f002120820027
:100b980023100701231044000d0040580c00e48e78
:100ba8007400e48e04000e240402843068018e145c
:100bb8000100042467014454253000000100ee249c
:100bc800444a437c5400eeae7400e3a60c00e48e65
:100bd8002318c4002b10c4006301401023186e00b2
:100be8000000e68e0400e28e231046002130020148
:100bf8002118c300030060182b1043008d0140101a
:100c0800dc0502243800e28ecb0140543c00aaaf38
:100c18007d0185503e00e2965400e78e0e00c29694
:100c28006e00e3962b186200010060546e00e2a685
:100c38006400e49621184800231867000700801410
:100c4800ffff6330060060507600e2923e00e296b5
:100c5800010004248431827c3e00e2a67600e29200
:100c680004000424610144106400e3a60600032480
:100c7800450243100000000020007332acff6016ec
:100c8800f8ff43240200632ca9ff60140600032424
:100c9800a8ff43507a00e6963a0040110000000091
:100ca8000c00c28e1c00e58e1800e48e0019427cf0
:100cb80080100200e301601921184b012a30a302b9
:100cc8000500c0102130a3002350ab02ffff4a31ba
:100cd80021184b012130a3002110c2022b308600bd
:100ce800ec02c0102400a2af2398850001007326ef
:100cf80023986b02d40260064000a3afffff733253
:100d0800010016242128ab00253860022400a627fc
:100d1800252080021000b6af2800aaaf3c00adaf76
:100d28003800acaf3400a9af3000a8af8f4f400fe8
:100d38002c00abaf2800aa8f1400e58e2400a6274c
:100d4800233853011000b6afffffe730252080029b
:100d58008f4f400f25a840002110a202ffff42300c
:100d68002800aa8f2c00ab8f3000a88f3400a98fe1
:100d78003800ac8f3c00ad8f4000a38f7f024251fa
:100d88005c00e28e1100a011000000007600e292e3
:100d9800fdff42240300422c040040543e00e2962a
:100da8001c00e28e2000e2ae3e00e29610004330c6
:100db8000902601401000624010003240421627c56
:100dc80008004430410280103e00e2a659ff8051dd
:100dd8007a00e6965800e38e2148a90101006324b1
:100de80054ff69547a00e6963e00e4967600e29253
:100df800010005248452a47c030005245800e3aeb6
:100e08000004de37890245103e00e4a60400432ca6
:100e180082016014040003246902431005000324be
:100e280088004354010006242520e00225300000f4
:100e38005106400f10000524252800000332400ffa
:100e48002520e0023bff00107a00e6965400e78e6a
:100e5800dd0007152570e000030002247600e2a2f9
:100e680042ff001000011e24010005242520000275
:100e78002955400f3c00148e3e00029601000324c1
:100e88000004947e0400627c001006243e0002a642
:100e9800252800004f68400f2520000278fd805665
:100ea800a880838f3e0002960a000324760003a2de
:100eb8000400027c3e0002a671fd0010a880838f0a
:100ec8001bff401410006b320400601102007332e3
:100ed8005400f58e7d0015555400e8ae15ff60529c
:100ee8007a00e6960e00c296010029255800e9ae60
:100ef8006e00e2a66400e2a6fe57400f2520c0025d
:100f08003c00e38e000f637c890060106a00e2a653
:100f1800010062382b1002007400e39601000624d9
:100f2800c47b437c770060117400e3a6100005249d
:100f38005106400f2520e0023e00e29603000324fc
:100f480000404230950040147600e3a23e00e2964d
:100f580000011e244408027cf5fe00103e00e2a6b3
:100f680004006232b4ff401410006232480040149a
:100f780002007332b1ff6012252800000100292504
:100f88005800e9aefe57400f2520c0023c00e38e12
:100f9800000f637c530060106a00e2a6010062380b
:100fa8002b1002007400e3960100062412000524a9
:100fb800c47b437c7400e3a65106400f2520e00261
:100fc80002000224dafe00107600e2a2ccfc001037
:100fd800f1ff05245000038eff00423025a00000d9
:100fe8009efd001002000524010063306ffe6014ae
:100ff80000000000490080160100062402000524b4
:101008005106400f252000021dfd0010a880838f87
:10101800ffffb52639fe0010ffffb53247fe60110d
:1010280006006432030060052a20750143fe80141f
:101038000600643204007332befe60567a00e696fb
:1010480001000624100005245106400f2520e00267
:10105800b8fe00107a00e69601004224ff004230f4
:101068005000038e7dfd0010140005240400733227
:1010780072ff6012252800003e00e296010003245a
:1010880000081e24444a627c6cff00103e00e2a661
:101098002520e0025400e8ae253000005106400f3c
:1010a80004000524252800000332400f2520e00213
:1010b800a0fe00107a00e6962120ab01deff8058e2
:1010c800040073321dfe001006006432010006247d
:1010d800040005245106400f2520e00294fe00106c
:1010e8005400f5ae0400e38e0000e58e40200200b7
:1010f800212082002310650043180400a9ff001076
:101108002a104300120005245106400f2520e00252
:101118000200022486fe00107600e2a201004224aa
:10112800ff0042305000038e4cfd001025a0000047
:101138000400e38e0000e58e40200200212082009a
:10114800231065004318040073ff00102a104300a1
:1011580025300000100005245106400f2520e0022c
:1011680074fe00107a00e696211803010700601843
:10117800000000000400e28e0000e78e2310470004
:101188002b1043002b004010dc050224a0fec410e5
:10119800000000009cfe00103800e28e847b400fa7
:1011a800000000007000e3969880848f0218647035
:1011b8001900710010180000821903002110620044
:1011c80062ff00102400e2ae5400e8ae01000624dd
:1011d800040005242520e0025106400f2800a7af8f
:1011e8002800a78f52fe00105400e7ae6f00075189
:1011f8007400e29620007332a7fe6012000000001f
:101208004cfe00107a00e696000143305e00605400
:101218005400e78e004042306e0140543c00aaafb3
:101228003e00e2965400e78e4408027c7bfe0010e4
:101238003e00e2a63400e2ae4000aaaf3c00a3aff5
:101248003800abaf3400adaf3000acaf2c00a9af65
:10125800847b400f2800a8af9880858f3400e68ee5
:10126800e8030e243e00ef960230c5700c00e48eb1
:101278003c00a38f1000e58e44290f7c3e00efa6aa
:10128800211883002b38a4000c00e3ae2520600051
:101298002800a88f2c00a98f3000ac8f3400ad8fa8
:1012a8003800ab8f4000aa8f1b00ce00f401c001ac
:1012b800123000002110c2001901e0143800e2ae1b
:1012c8002b10a300240140545400e78e0400e28e42
:1012d8002b3062000700c0542b18a2000000e48ed7
:1012e80023204400231864000c00e3ae252060008e
:1012f8002b18a200060060547600e2920000e38eec
:10130800231043002328a2001000e5ae7600e292e5
:10131800030003240500431008000324040043507d
:101328000400de373afe00100800e58e0400de37c0
:1013380037fe00100800e58e3800abaf3400adafc3
:101348003000acaf2c00a9af847b400f2800a8afb9
:101358003800e38e2800a88f2c00a98f23104300a3
:101368003000ac8f3400ad8f3800ab8fa60041043d
:101378003c00aa8f0800e58e25fe00100c00e48ec4
:1013880032fd001025b8400025fe07550e00c29614
:101398007400e3960400633021fe60500e00c2968c
:1013a800fdfe42301dfe00103e00e2a60400423061
:1013b80091ff4050200073323c00aaaf3800abaf19
:1013c8003400adaf3000acaf2c00a9af847b400f28
:1013d8002800a8af9880858f88130324e803042485
:1013e80002186570050005247600e5a22800a88f7c
:1013f8002c00a98f3000ac8f3400ad8f3800ab8f34
:101408003c00aa8f1b006400f40180001218000041
:101418002110620077ff00103000e2ae02000324c2
:1014280007ff4314090002247600e2a20100062403
:10143800110005245106400f2520e002bdfd0010d3
:101448007a00e69623104b00ffff633021b0c202fa
:101458002b1075002400b6af020040102598a0029a
:1014680025986000ffff73322110b3002b10820013
:101478004900401001000224231085000100562471
:10148800ffffc33201000a24253860002400a62784
:10149800252080021000aaaf3800adaf3400acaff1
:1014a8003000a9af2c00a8af8f4f400f2800a3af82
:1014b8002800a38f1400e58e01000a242318630274
:1014c800ffff67301000aaaf2400a627252080025e
:1014d8008f4f400f25a840001400e38e2c00a88fe2
:1014e8003000a98f3400ac8f3800ad8f2110a202d4
:1014f80023b07602ffff42302118760021fe6216e3
:10150800000000007600e2925800e48e1c00e3ae72
:10151800fdff4224212064020300422c02004010f7
:101528005800e4ae0002de375c00e28effff0624be
:1015380014fe4610239853006800e5962128b3004e
:10154800f500a0045c00f3ae0efe601e21208500ad
:101558001800e28e211865002b2843005800e4aedd
:101568000600a0101c00e3ae1400e48e2310440013
:1015780027100200211862001c00e3aeffff0224be
:1015880000fe00105c00e2ae6afd07557a00e696a0
:101598002afe0010252800001000a2af253860029e
:1015a8002400a627252080023400adaf3000acaf60
:1015b8002c00a9af8f4f400f2800a8af1c00e38e66
:1015c8003400ad8f3000ac8f211873002c00a98f28
:1015d800caff00102800a88f100005242520e0026b
:1015e8003400adaf3000acaf2c00a9af5106400fae
:1015f8002800a8af2800a88f2c00a98f3000ac8f36
:10160800f2fd00103400ad8f3400e28e00fa04348d
:101618003c00aaaf4018020001fa02342b10620005
:101628000b2062003400e4ae3800abaf3400adaf3d
:101638003000acaf2c00a9af847b400f2800a8afc6
:101648009880848f3400e38ee80306241000e58e2a
:10165800021864700c00e48e5400e78e2800a88fee
:101668002370a4002338ee002b28a4005400e7ae12
:101678002c00a98f3000ac8f3400ad8f3800ab8fb1
:101688003c00aa8f1b006600f401c000121800007d
:10169800211062000600a0103800e2ae0400e28ebd
:1016a8000000e38e231043002338e2005400e7ae25
:1016b8003e00e296010003240800e58ec439627cee
:1016c8001000e4ae52fd00103e00e2a6c418627c91
:1016d8003400adaf3000acaf2c00a9af2800a8afe4
:1016e800847b400f3e00e2a69880858f6400032427
:1016f800e8030424021865703400ad8f3000ac8f05
:101708002c00a98f2800a88f1b006400f40180001a
:101718001218000021106200acfd00102c00e2ae8f
:101728000400e28e0000e68e233046002130a60039
:101738002b38c300e7fee0502b3062005400e78ee0
:10174800233066001000e3ae2138e6005400e7ae0f
:10175800dffe0010252860000400e28e23286500c3
:101768002138e5002b2862005400e7aee7fea014fc
:101778001000e3aed9fe001025286000ffff042406
:101788005a0044102b2862016800e4965a00a01001
:10179800212082002b2883000700a0546800eaa6b5
:1017a8002b106200040040546800eaa623208b0036
:1017b800ffff8a306800eaa672fd00105c00ebaefd
:1017c8005400e28e98fd0211060002241cfe00104f
:1017d8007600e2a23800abaf3400adaf3000acaf5a
:1017e8002c00a9af847b400f2800a8af7000e396b7
:1017f8009880858fe80304243c00aa8f021865703e
:101808003800ab8f3400ad8f3000ac8f2c00a98f1f
:101818002800a88f1b006400f40180001218000043
:10182800211062007efe00102400e2ae7400e296f1
:10183800080003240001423001fe40107600e3a2b4
:10184800bcfc00107a00e6961400e28effff6625c5
:1018580025384001231082002310c200010004240f
:101868001000a4af2400a6272128a200252080026a
:101878003c00adaf3800acaf3400a9af3000a8af22
:101888002c00abaf8f4f400f2800aaaf35fd0010da
:101898002800aa8f01000224253840012128ab0026
:1018a8001000a2af2400a627252080024000a3af85
:1018b8003c00adaf3800acaf3400a9af3000a8afe2
:1018c8002c00aaaf8f4f400f2800abaf4000a38f6a
:1018d8003c00ad8f3800ac8f3400a98f3000a88f42
:1018e8002c00aa8f25fd00102800ab8f5c00ebae02
:1018f80024fd00106800eaa62b18830021fd601063
:101908002b208b001ffd80142310620121504201ff
:101918001cfd00106800eaa61afd00105c00e6ae87
:10192800780002925000038e2528a002010042246c
:0c193800ff00423049fb001025a0000019
:020000040000fa
:020000041d00dd
:101944007700839001000224c401621400000000a7
:10195400a8ffbd273c00b3af4c00938c4800b6af42
:101964003800b2af3000b0af5400bfaf5000beafcc
:101974004c00b7af4400b5af4000b4af3400b1afd2
:10198400258080002590a0001001601225b0c000c1
:101994002000628e080043300c01601408004234b9
:1019a4001000648e0100a330200062ae540060aecb
:1019b400480060ae6c0060ae600060ae000080acb9
:1019c4005e0060100c0080a43e0002960100042416
:1019d400fe0052320442827c3e0002a63e00029285
:1019e40001000424030042300a0164143e0002a2f0
:1019f4001c00718e060042320c0023920439037cd1
:101a0400570040100c0023a2020057325d00e01280
:101a1400030042324800048e02040224bf018010f5
:101a24001c00a2a7fb85400f000000000c00238ec1
:101a34000c002492ecff42240019637c010063240f
:101a44000439647cffff42306c0002a60c0024a21f
:101a540077000492a010027c01000324b5018310d6
:101a64001e00a2a75400028e460040140300423216
:101a74006b79400f0000000025a04000168d400f38
:101a84002c00a3af998d400f2800a2af998d400f71
:101a940025a840002c00a38f40291400c23e140046
:101aa40025f04000401103002320b4002510e2007b
:101ab4002b38a400232843002328a70082460400cf
:101ac40080390400801105002320e4002510020160
:101ad4002b38e400232845002328a700c02805004c
:101ae400c03804004227040021a0f4002528850002
:101af4002b3887022128a3002128e5008216140030
:101b040080290500252845002800a68f8026050089
:101b140000c8947e25380000252094008229050001
:101b240000ac1500e11f400fffffde3325a8be0205
:101b340021a8a20212000010540015ae1c00718ee0
:101b44003e0002920c002392030042303e0002a2a7
:101b54000439037c06004232abff40140c0023a27c
:101b64000800038e1000028e120162106a0015969e
:101b7400640002963b01401400000000020057324a
:101b840003004232a70040100200c23225a8000020
:101b940025a000000100d6320d00c0129880838f6a
:101ba400780000a2401103002310430080100200bb
:101bb400211043006210033cc0100200d34d632483
:101bc400190043001010000082110200500002ae00
:101bd400847b400f000000005000048e3e000596f8
:101be4005400038e21108200010004244408857ce3
:101bf400240002ae3e0005a6212074000c002292af
:101c040062000796600006965800058e0418027c50
:101c14000c0022a2000027a6020026a6040023ae80
:101c2400080025ae0d0032a2100020ae1000423292
:101c3400540004ae0a00e0121400142401004050c1
:101c4400080020ae740005960800a630cb00c050f2
:101c540001000324ffff6324040023ae18001424ae
:101c64000100433204006010010004247400039650
:101c74008410837c740003a6060040501c00028e6e
:101c840074000296010003240442627c740002a6dc
:101c94001c00028e2000038e2b204300260080545b
:101ca400231062001800048e1400058e23104300d4
:101cb4002318850023106200ffff42300e0022a685
:101cc400252020022c78400f660002a60c00228eec
:101cd4000c002392010004240019427c05004224d4
:101ce4000439437c0c0023a2770002922300445061
:101cf4004000028e9500a012ffff02243800028edd
:101d04008e004014dc050224847b400f340002aeb4
:101d14003400038e9880858fe803042402186570cc
:101d24001b006400f40180001218000021106200fe
:101d340082000010380002aeffff4224ffff423051
:101d44000e0022a6252020022c78400f660002a651
:101d54000c00228e0c002392010004240019427c02
:101d6400050042240439437c0c0023a2770002922c
:101d7400e0ff4414000000004000028e32004014d2
:101d840000000000deffa0563800028effff022490
:101d94002000638e5400bf8f5000be8fc418037c94
:101da400200063ae4c00b78f4800b68f4400b58f57
:101db4004000b48f3c00b38f3800b28f3400b18f31
:101dc4003000b08f0800e0035800bd27807f400f2b
:101dd4002520000283004010259840002000428cfa
:101de4004c00048e08004234200062ae6f00801064
:101df4007700039201004232f4fe40543e00029602
:101e04003e0002920100042403004230f8fe6410f4
:101e14003e0002a20c0002900439027c0c0002a0d5
:101e2400340000005b004054790002923e00159695
:101e34000200b5327800a0560100d6325400038e59
:101e44006eff0010252060000e78400f2520000250
:101e540038004010218895021000648e4800038edb
:101e64004400068e0c0082944000058e1c00768e81
:101e740021108202380066ae3c0065ae400063aebd
:101e84000c0082a41000c0a66000629001004230e1
:101e940019004014ffff31322520200200060224dd
:101ea4001000a6af1400a5afb02f400f1800a2a7d2
:101eb400253000000c0005241000a427b82f400f83
:101ec4001a00a2a727100200ffff4630252880022f
:101ed400b82f400f2520c002273802000e01a0169b
:101ee400ffffe7301000648e10008394c418037c55
:101ef400100083a41000c2a68500039286000292fb
:101f0400252060022000a727253020020600052492
:101f14002100a3a32000a2a3e52d400f2200a0a32b
:101f2400000060ae0a8d400f252060028f0040142f
:101f34000000000072ffa0563800028e7700039262
:101f44000100022492ff6210ffff02245400bf8f9d
:101f54005000be8f4c00b78f4800b68f4400b58f39
:101f64004000b48f3c00b38f3800b28f3400b18f7f
:101f74003000b08f0800e0035800bd27010084241e
:101f8400c418657c540004ae740005a634ff001028
:101f9400180014245400048e25a8000001004224d3
:101fa400790002a215ff0010ffff832491ff0010a7
:101fb4004c0013ae3e00029600014230f0fe401089
:101fc4000200573264000296eefe401003004232d3
:101fd400ecfea0120000000001005236e7fe0010e3
:101fe400ff0052325400bf8ffdff02245000be8f09
:101ff4004c00b78f4800b68f4400b58f4000b48fb3
:102004003c00b38f3800b28f3400b18f3000b08ff2
:102014000800e0035800bd270800c01600000000b7
:102024007800029205004010ffff42245000038e06
:10203400780002a242100300500002ae847b400fdd
:1020440025a800005000048e5400038e2110820045
:10205400240002aee9fe0010252060000800e00321
:10206400feff0224878d400f00000000050040148d
:102074000800048e6c0002962b18a2020b10a30217
:1020840025a840001000028e2b1844005a0060104e
:102094002538a00264000396232082002ba083002d
:1020a4000a20740025a080002b20a4027000805414
:1020b4003e000496ffff9532770005920100042448
:1020c4002100a4100000000021105400100002aef2
:1020d4003e000296000142300700401025b840023d
:1020e40005007410000000000300871200000000c7
:1020f40001005736ff00f732a0fe80522590e0021f
:10210400640002960800f236ff0052322310550094
:10211400640002a69ffe00100200f7320e78400f02
:102124002520000274004050770003923dfe001009
:102134004800048e1c00a38f14002226170023aa33
:1021440048fe0010000043b870004010480060ae24
:102154001000658e48006426560075a6540075a6c6
:10216400500062aed8ff00100000a4ac0500a052dd
:10217400040052323800028e7a004010dc0502243a
:1021840004005232100040125400bf8f7c00088ead
:102194000e000011251000007a0003960800633039
:1021a4006cff60105000be8f8000078e4800058ec3
:1021b4003c0004860800062409f800012800a2afa8
:1021c40062ff00102800a28f251000005000be8f6f
:1021d4004c00b78f4800b68f4400b58f4000b48fd1
:1021e4003c00b38f3800b28f3400b18f3000b08f11
:1021f4000800e0035800bd270400068e0000088e86
:10220400640003962328c20021208500232088002f
:102214002ba083000a20740025a080002b20a40298
:10222400250080543e000496ffff95322b20850242
:10223400140080542528a002232085024700801022
:102244000100092477000a922000491100000000cf
:10225400211054002b2046009dff8014100002ae74
:102264002330c8002310460099ff0010100002ae6e
:102274000100052425a0a002c439a47c8eff00100f
:102284003e0004a67700099201000424f1ff2455be
:10229400211054002a004010480060ae1000698ede
:1022a40048006426560065a6540065a6500062ae38
:1022b400e7ff0010000024ad0100092425a0a002be
:1022c400c439247dd9ff00103e0004a6210000116a
:1022d400ffff8430600069266e0064a66c0064a66b
:1022e400680068ae480069ae180040101000698e9e
:1022f400ebff0010ffffa53001000224a4fe6210d2
:10230400fcff022412ff00105400bf8f1000648ee3
:102314006dff0010000080ac1000638e5000658ecd
:102324002530a00210006294252060020800423487
:102334008a50400f100062a4effe00101000c2a6e5
:102344001000648ec2ff0010000080acc0ff0010bb
:10235400000020ade4ff0010480060aec9ff00108b
:10236400ffffa530847b400f340002ae3400058e9d
:102374009880838fe8030424021865701b006400ae
:10238400f401800012180000211062007cff00108c
:04239400380002ae5d
:020000040000fa
:020000041d00dd
:1023980098ffbd274400b1af0080113c2458222685
:1023a8006400bfaf6000beaf5c00b7af5800b6af07
:1023b8005400b5af5000b4af4c00b3af4800b2af53
:1023c800b30044144000b0aff480838fffff622451
:1023d8000200422cae0040101881908fa00000121d
:1023e80001000224b60062101880928f24582296a9
:1023f80096014010259000004c00028e35004010d8
:10240800252040004400028e1800428c09f8400044
:102418000000000042000296004042302e004010aa
:10242800245822964400028e1400428c09f8400079
:102438004c00048e030140040200032426004314c8
:10244800245822964400028e5000048edc05032492
:102458004000428c1000a5272000a3af1000a0afb9
:102468001400a0af1800a0af1c00a0af2400a0afbc
:102478002800a0af09f840002c00a0af1000a28fe0
:10248800408005243f0002aa3c0002ba1400a3932e
:1024980042000296400003a21500a393410003a244
:1024a8001800a38f2b180300446b627c420002a61d
:1024b8002800a38f2000a48fbf3f4230600003a2f2
:1024c8002400a38f251045005e0004a6610003a226
:1024d800420002a624582296010052262a184202d7
:1024e800c5ff60146c001026f480848f010003245b
:1024f800a4008310000000001481828f5f01401047
:10250800000000000c81828f0600401400000000cb
:102518001081828ff880838f251043005d00401062
:102528006400bf8f0c81828f5801401400000000a6
:102538001081838f1881908f245822963f01601054
:1025480025900000108180af0d02401025a80000e2
:102558000d0000100080143c00204230060040109e
:10256800245822964400028e3800428c09f8400014
:102578005000048e245822960100b5262a10a20283
:10258800c60040106c0010264200029640004230ff
:10259800f9ff4010245822964400028e5000048e01
:1025a8005400428c09f840005a0013968f8d400f52
:1025b800259862025a000496ffff76322718160003
:1025c800241864005a0003a6918d400f252040006e
:1025d8004400028e5c0003965000048e5000428c2a
:1025e80025b0c302252860025c0016a609f8400041
:1025f80016007332d8ff6052420002964400028ee1
:102608005000048e252800003400428c09f8400050
:1026180025300000252840000c0040105c55842619
:102628007f84400f280050ac4400028e5000048e76
:10263800252800003400428c09f8400025300000ad
:1026480025284000f6ff40145c5584260481828fbb
:1026580001004224048182afbfff001042000296ad
:10266800f080828f09f840001000a4270900401c60
:102678006400bf8f06004054f48080af1000a48f20
:1026880003008050f48080af0f17400f0000000057
:102698006400bf8f6000be8f5c00b78f5800b68f94
:1026a8005400b58f5000b48f4c00b38f4800b28fe0
:1026b8004400b18f4000b08f0800e0036800bd27d8
:1026c800ffff02244aff421624582296029d063c28
:1026d800640ac62425280000548b400f05000424f2
:1026e8002580400090015210188082af5a7d400f1b
:1026f8000080103c80200200212082006210053cee
:10270800e7038424d34da524190085000080123cda
:102718000450032664525226102000008229040027
:102728004021050023208500802004002120850009
:10273800c02004001b008200f401400012200000a9
:10274800008184af040000102036047c100063244c
:10275800840172104c0182240000628cfcff4050fe
:10276800100063240a006284f9ff405010006324bb
:102778002b2844000b10c5000c0062a4f3ff0010c6
:102788000a0062a4b50040101881928f25284002e3
:1027980025800000251800000004092401000824f1
:1027a8004200a494000c86301f00c9100438680049
:1027b8002580070201006324f9ff43146c00a52457
:1027c8000100032404104300ffff4224a4005050da
:1027d800029d053c245822960700401425980000c5
:1027e8001d010010029d053c245822962a10620201
:1027f800180140106c0052264000428e4040033cb5
:1028080024104300f8ff40100100732625284002d9
:1028180003000724040006244463400f2458242698
:10282800f2ff0010245822962036047c98ffc10439
:1028380040008430e0ff805001006324ddff001079
:102848002580070225280002030007240400062427
:102858004463400f245824264200029601000324b2
:1028680001005226c47b627c420002a624582296ac
:102878002a184202e0fe60146c0010261bff0010ac
:10288800f480848f1081828fa30040100080103c58
:10289800108180af010012240080143c029d023c8c
:1028a8003000a2af029d023c0080133c3400a2af6e
:1028b800029d023c25800000e44f73260080153cf1
:1028c8003800a2af8e84400f5c5584261400401057
:1028d80025f040001400c28fb02f400f0c00449424
:1028e80006080424e40044503000a28f00080424a1
:1028f800ff0044503400a28fffff04340601441047
:10290800010006242520c003b287400ff3ff0524e9
:102918008e84400f5c558426eeff401425f040005d
:102928008f8d400f0000000018006396252040009e
:102938000400037c918d400f180063a6245822964a
:10294800160040101881908f2598000042000296ca
:10295800400042300d004010010073265c000296d2
:102968008606433005006050620003920881838f19
:1029780001006324088183af62000392020064307f
:1029880024008014252060005c0000a624582296ac
:102998002a106202edff40146c0010265e004056bb
:1029a8000080103c0080123c0080103c045010262f
:1029b800645252260000028e08000396050040105b
:1029c80010001026030060100000000009f8400005
:1029d80000000000f8ff12560000028ef880828f77
:1029e8002cff40106400bf8f0080023cf84f428cdf
:1029f80028ff40100080043c253800000001062410
:102a08000100052409f84000f44f842421ff001038
:102a18006400bf8f0010453404006330000842345e
:102a28004408047c620004a20b284300175b400f93
:102a380025200002d5ff00105c0000a6c3ff40540b
:102a480025980000d8ff00100080123cf480838f86
:102a580001000224a9fe62541481828f029d053c64
:102a680002000224ec80a52425200000978d400f49
:102a7800f48082afa1fe00101481828f687c400f21
:102a8800000000009ffe0010000000000c8180afd5
:102a9800168d400f000000006b79400f2580400024
:102aa8002520400025300002253800002528600038
:102ab80025904000e11f400f259860006210063cf9
:102ac800d34dc62419000602ec8082af25380000d9
:102ad800252040022528600210300000e11f400f29
:102ae80082310600e88082af0081838ffc80828f6c
:102af8002310430037004018fc8082af1081838f79
:102b08001881908f51006014245822968eff40142b
:102b1800010012240080103c045010260080123c52
:102b28000080133c258800026452522605000010dc
:102b3800e44f73260c0024a6100031261c00321224
:102b4800000000000000228efcff405010003126db
:102b58000a002386f8ff60100081848f0c002296fb
:102b680023104400ffff42302026027cf1ff801c26
:102b780021104300080023960400288e23283302de
:102b880002006334252020022538000002000624b4
:102b9800032905000c0022a6e7ff0011080023a660
:102ba80009f8000110003126e4ff001000000000c1
:102bb8008f8d400f0000000008006396252040001c
:102bc8004408037c918d400f080063a67aff00102b
:102bd8000000028e245823964d014224fc8082afc7
:102be80028ff60101881908f2590000042000296ff
:102bf800400042300e004010010052264400028e70
:102c08002400428c09f840005000048e62000492af
:102c180001000524251880004408a37c8410437c07
:102c280001008430020044100400437c620003a2c7
:102c3800245822962a184202ecff60146c001026d1
:102c48001081838fb1ff60101881908f3dfe0010b6
:102c580001001224029d053cffff022425300002da
:102c6800a880a52425200000e883400ff48082afc7
:102c780088fe00106400bf8f010016241800042489
:102c88000100083c6c2857242000c28f5055a92603
:102c98002528c00304ac027c251048002000c2afe0
:102ca8007f84400f212024012410160205ff4014c0
:102cb800000000000200e5962580160200290500a4
:102cc80021206502080082940400838c01004234ac
:102cd800fcfe6010080082a42538000001000624cc
:102ce80009f8600002290500f6fe00100000000047
:102cf80074285724010002240200e59601000624e6
:102d08000400e88e40200500212085008020040072
:102d1800ddff001004b046003800a28f7c2857243d
:102d2800f5ff001002000224029d053c3880a5240e
:102d380005000624e883400f25200000945c400f1e
:102d480000000000029d053cffff06246880a524c2
:102d580025200000e883400ff48090af4dfe00105e
:102d68006400bf8f1b004400f40180001881908f1d
:102d780012100000022044709cfd0010fc8084affb
:082d8800c6fe00100080143c9f
:020000040000fa
:020000041d00dd
:102d9000340100800c00000001000000f40100007c
:102da000d007000001000000800200801800000031
:102db0000100000001000000010000000000000010
:102dc00070af019d1ce6019d529900007058008073
:102dd0001000000000000000605600806c00000041
:102de0000000000034000080080000000000000027
:102df0003c00008004000000000000001854008027
:102e0000a800000000000000400000800400000056
:102e100000000000400100804001000001000000af
:102e2000a0fc019d00000000000000000000000068
:102e30000000000000000000000000000000000092
:102e40000000000000000000000000000000000082
:102e50000000000000000000000000000000000072
:102e60000000000000000000000000000000000062
:102e70000000000000000000000000000000000052
:102e80000000000000000000000000000000000042
:102e90000000000000000000000000000000000032
:102ea0000000000000000000000000000000000022
:102eb0000000000000000000000000000000000012
:102ec0000000000000000000000000000000000002
:102ed00000000000000000000000000000000000f2
:102ee00000000000000000000000000000000000e2
:102ef00000000000000000000000000000000000d2
:102f000000000000000000000000000000000000c1
:102f100000000000000000000000000000000000b1
:102f200000000000000000000000000000000000a1
:102f30000000000000000000000000000000000091
:102f40000000000000000000000000000000000081
:102f50000000000000000000000000000000000071
:102f60004400008004000000000000008058008041
:102f70001000000000000000480000800e0000006b
:102f800000000000580000800c000000000000005d
:102f9000000000800600000001000000ffffffffae
:102fa000ffff0000cc560080480000000000000039
:102fb000640000800800000000000000d857008076
:102fc00028000000000000006c00008001000000ec
:102fd00000000000700000800600000000000000fb
:102fe0007800008015000000000000008e000080c6
:102ff0000400000000000000940000801c0000009d
:1030000000000000b0580080180000000000000020
:10301000c05400809000000000000000b00000805c
:103020001000000000000000905800801000000018
:1030300000000000c000008002000000000000004e
:10304000c40000800800000000000000c858008094
:103050000c00000000000000a058008010000000dc
:1030600000000000cc0000800a000000000000000a
:10307000d800008008000000000000005c580080bc
:103080001400000000000000e000008008000000c4
:10309000000000005055008090000000000000007b
:1030a000e44f00808002000000000000e800008083
:1030b0000c00000000000000080000800400000078
:1030c00001000000ffffffff4458008018000000cf
:1030d00000000000245800802000000000000000d4
:1030e000f400008020000000000000000c000080c0
:1030f0000200000001000000010000006453008095
:10310000b40000000000000058570080400000009c
:10311000000000001401008010000000000000000a
:10312000e44700800004000000000000e05500803b
:1031300080000000000000001457008044000000e0
:1031400000000000240100800800000000000000d2
:10315000e44b0080ff03000000000000985700804f
:103160003f000000000000002c010080040000006f
:103170000000000064520080000100000000000018
:10318000cc020080184500000000000030010080e3
:1031900004000000000000009802008030000000e1
:1031a00001000000ffff00000000000050000000d0
:1031b000c82d029dffff0000000000001700000066
:1031c000d02d029dffff0000000000005a0000000b
:1031d000d82d029d400581bf78010000010000004c
:1031e0000002000030020000300200003002000047
:1031f0003002000030020000300200003002000007
:1032000030020000300200003002000030020000f6
:1032100030020000300200003002000030020000e6
:1032200030020000300200003002000030020000d6
:1032300030020000300200003002000030020000c6
:1032400030020000300200003002000030020000b6
:1032500030020000300200003002000030020000a6
:103260003002000030020000300200003002000096
:103270003002000030020000300200003002000086
:103280003002000030020000300200003002000076
:103290003002000030020000300200003002000066
:1032a0003002000030020000300200003002000056
:1032b0003002000030020000300200003002000046
:1032c0003002000030020000300200003002000036
:1032d0003002000030020000300200003002000026
:1032e0003002000030020000300200003002000016
:1032f0003002000030020000300200003002000006
:1033000030020000300200003002000030020000f5
:1033100030020000300200003002000030020000e5
:1033200030020000300200003002000030020000d5
:1033300030020000300200003002000030020000c5
:1033400030020000300200003002000030020000b5
:103350003002000030020000d80681bf14000000d7
:1033600001000000300200003002000030020000c6
:103370003002000030020000f40681bf400000006f
:1033800001000000300200003002000030020000a6
:103390003002000030020000300200003002000065
:1033a0003002000030020000300200003002000055
:1033b0003002000030020000300200003002000045
:1033c00030020000400781bffc0000000100000047
:1033d0003002000030020000300200003002000025
:1033e0003002000030020000300200003002000015
:1033f0003002000030020000300200003002000005
:1034000030020000300200003002000030020000f4
:103410003002000008020000100200001802000044
:1034200030020000300200003002000030020000d4
:1034300030020000200200003002000030020000d4
:1034400030020000300200003002000030020000b4
:1034500030020000300200003002000030020000a4
:10346000300200003002000030020000280200009c
:103470003002000030020000300200003002000084
:103480003002000030020000300200003002000074
:103490003002000030020000300200003002000064
:1034a0003002000030020000300200003002000054
:1034b0003002000030020000300200003002000044
:1034c000300200003002000030020000400881bfde
:1034d0000c0000000100000030020000300200007b
:1034e00030020000500881bf04000000010000000d
:1034f00030020000580881bf1400000001000000e5
:1035000030020000300200003002000030020000f3
:1035100030020000740881bf1800000001000000a4
:1035200030020000300200003002000030020000d3
:103530003002000030020000940881bf0400000047
:103540000100000030020000100000802400000094
:1035500001000000ffffffffffffffff0100000071
:10356000ffffffffffffffff01000000ffffffff66
:10357000ffffffff01000000d4580080040000009e
:1035800000000000c80200800400000001000000ec
:1035900001000000d8580080040000000000000076
:1035a000005800802400000000000000dc5800806b
:1035b000040000000000000000000000666666666f
:020000040000fa
:020000041d00dd
:1035c000d0ffbd270f0005240c0004242c00bfaf42
:1035d0002800b4af2400b3af2000b2af1c00b1afdd
:1035e000ca84400f1800b0af030042303c004010c6
:1035f0002c00bf8f0d8d400f25880000350040182e
:103600002590400004000010009d133c010031266d
:1036100030005112000000004e85400f252020028e
:10362000faff401025a04000420042944000423082
:10363000f7ff405001003126252080023c8b400fcf
:103640007080908f4018020021186200c01803009b
:10365000231862008018030021800302580003929f
:1036600001006230eaff4050010031265600029608
:10367000feff44240700842c2000801420006330c7
:103680000e00432ce1ff6010801002009c36632680
:103690000a10627c08004000000000000c36009d0b
:1036a000183b009d483a009de437009d2438009d5a
:1036b000a03a009d0c39009d603b009d343a009d6e
:1036c0003837009d6037009df039009d6c39009db2
:1036d0007c38009d4f79400f648084872c00bf8f19
:1036e0002800b48f2400b38f2000b28f1c00b18f4c
:1036f0001800b08f0800e0033000bd27e1ff601024
:103700000e00432c2000038edeff60100e00432cc1
:103710008b8d400f000000002000038e50000496a7
:10372000231043002b104400270140100100062401
:10373000d3ff0010560002968b8d400f0000000052
:103740000800038e1000048e231043002b10440049
:10375000afff4054010031260a000224560002a6a1
:10376000253800000900062425288002be21400fcc
:1037700025200002a6ff4010010031268b8d400f4e
:10378000000000000c0002ae09000524c16f400fcc
:10379000252080020800058e1400028e1000048e81
:1037a0000c00038e21104500231044002310430019
:1037b00058000492421002003c00432c3c000524b7
:1037c0008410047c0b10a300580004a28b8d400fc2
:1037d0001c0002ae040002ae0b0002248cff00109d
:1037e000560002a625288002aa44400f2520000288
:1037f0000a000324b00043100000000084ff405082
:10380000010031265800039201000524020004241f
:10381000c418a37c7dff4414580003a204000224b2
:10382000560002a654000296010007240300032458
:10383000020042380b38620003000624252880026b
:10384000be21400f2520000271ff401001003126eb
:103850008b8d400f00000000080002ae020005241e
:10386000c16f400f252080021c7b400f25200002e5
:103870000500022466ff0010560002a625288002db
:10388000aa44400f252000020a00032460ff43548d
:10389000010031268b8d400f000000000800038ed0
:1038a0001800048e231043002b104400ed00401438
:1038b0000200033c580002920100632420004430bf
:1038c00009008010540003ae2000038e0100042480
:1038d0004429827c04006014580002a28b8d400fa2
:1038e00000000000200002ae5800029201000324f4
:1038f00007000524c439627c580002a2c16f400f42
:103900002520800242ff0010010031262c00028e8b
:10391000253000001000a527252080028958400f7f
:103920001000a2afba0040101000a5270f63400f8f
:10393000252080022528800225200002030007247c
:10394000be21400f04000624070002248b8d400f87
:10395000560002a6040002ae05000524c16f400f08
:10396000252080022aff00100100312601000724d3
:103970000900062425288002be21400f25200002d0
:1039800023ff4010010031268b8d400f0000000006
:103990000c0002ae0a000524c16f400f25208002f2
:1039a0000800058e1800028e1400048e0c00038e91
:1039b00021104500231044002310430058000492b6
:1039c000421002003c00432c3c0005248410047c7f
:1039d0000b10a300580004a28b8d400f1c0002aef8
:1039e000040002ae0d00022409ff0010560002a6da
:1039f00025288002aa44400f2520000225a040006f
:103a00000a00022402ff8256010031268b8d400fee
:103a1000000000000800038e1400048e23104300f1
:103a20002b104400700040140c000224f7fe00101c
:103a3000560002a6252880023750400f252000029c
:103a4000f3fe001001003126252800003b4e400ff8
:103a50002520000258000296280000ae030007242b
:103a6000f9004230580002a60100062425288002f1
:103a7000be21400f25200002e5fe40500100312606
:103a800001000524c16f400f252080021c7b400fe0
:103a90002520000203000224dcfe0010560002a6ce
:103aa00025288002aa44400f252000020a00032492
:103ab000d7fe435401003126847b400f00000000f4
:103ac0000400038e0000048e231043002b104400da
:103ad000cffe4054010031264c0002960200033c08
:103ae0000100632440100200ffff42304100442cdb
:103af00002008014540003ae400002244c0002a6d1
:103b0000580002922000433079ff605001000324e6
:103b10006eff00102000038e1586400f25208002c6
:103b2000bbfe4050010031265400029602000324df
:103b30004700431003000424480044100a000224f4
:103b4000560003a64800048eb1fe805001003126c5
:103b50001564400f01000524adfe00100100312660
:103b60008b8d400f000000000400038e23104300e3
:103b70000a00422ca6fe4054010031265800029251
:103b80000200033c0100632420004430090080103f
:103b9000540003ae2000038e010004244429827cdb
:103ba00004006014580002a28b8d400f000000003a
:103bb000200002ae5800029201000324c439627c46
:103bc00092fe0010580002a2010005244a78400f1e
:103bd0002520800258000392560002964429037c57
:103be000a7fe0010580003a28b8d400f00000000bc
:103bf0000400038e1c00048e231043002b1044008d
:103c000082fe4050560014a681fe001001003126ad
:103c10008d8d400f000000000400038e52000496ba
:103c2000231043002b10440079fe4054010031263c
:103c3000252880023750400f252000021000a527bc
:103c40000f63400f2520800271fe00100100312615
:103c500004000224bbff0010560002a6b9ff0010aa
:103c6000560002a68b8d400f000000000400038e5a
:103c70001c00048e231043002b10440064fe4054ab
:103c8000010031260c00022460fe0010560002a63e
:020000040000fa
:020000041d00dd
:103c900068ffbd27a400a7af0000c0d41000a28c0d
:103ca0007800beaf1800a0f7000080441800a1d72c
:103cb0000000e0446400b3af3c0820466000b2afaf
:103cc0005c00b1af5800b0af7c00bfaf7400b7afbd
:103cd0007000b6af6c00b5af6800b4af8800b6f73f
:103ce0008000b4f79800a4af2588a0000000b28c33
:103cf0000400be8c0800b38c4000a2af0800014550
:103d00000c00b08c040042323900401408005432d8
:103d10000f00801225b060020a000010200002246b
:103d20001800a28f1c00a38f2000a2af0080023ccd
:103d3000261043002400a2af2000a1d72d000224aa
:103d40001800a1f7000002a2ffff7626010014244c
:103d50001c00a28f1800a48f2118140200f0427cce
:103d6000270080142800a3aff07f033c25004314f4
:103d7000f07f053ca400a28fbfff51241a00312e12
:103d80001d002012029d053c029d053ce432a52445
:103d90000689400f2800a48f1787400f25200002b6
:103da0009800a48f1000b2af2538600225280002c9
:103db000975b400f253040007c00bf8f7800be8f9e
:103dc0007400b78f7000b68f6c00b58f6800b48f29
:103dd0006400b38f6000b28f5c00b18f5800b08f69
:103de0008800b6d78000b4d70800e0039800bd274c
:103df000d4ff00102b000224e5ff0010e832a524b8
:103e0000f07f053c0100a3242b18430005006050ff
:103e1000a400a28f0c0045141800a1d70a0080103e
:103e2000a400a28fbfff51241a00312e040020529b
:103e3000029d053c029d053cd5ff0010ec32a524f7
:103e4000d3ff0010f032a524029d053c029d023ce8
:103e5000320920462c00a2afd028b4d41f0004455c
:103e600025a80000a400a48fe68a400f2000a5af7b
:103e70002014027c2000a58f3401c00767000424b1
:103e80002900441425b840000100c05301001e243d
:103e9000fcffa42a030080142a20be0225018014fe
:103ea000000000002a0000106500172406052046c7
:103eb0000100b52602a022461800a1d73c0a2046e0
:103ec000faff08452c00a38f029d043c251000003a
:103ed000e02880d40f000010d82862d4f5ff00102d
:103ee000d82842d4d4fea42a0800805003a5224634
:103ef000050040141800a1d702a5204601000224a5
:103f0000420820461800a1f703a52246ffffb52668
:103f10001800a1d73c0b3446f2ff0d45a400a48f36
:103f2000d1ff001000000000660004240800e41621
:103f30000100de270300a10667000424d028b4d4c2
:103f400025a80000020044106600172421f0d503c4
:103f50001800a0d786a52046252800002000a0f73d
:103f60002000a0d74c00a5af4800a2afd36a400ff5
:103f7000030336462000a28f0080073c4d002046f8
:103f80003000a2af2400a28f4400a1e786b32046f0
:103f90002610e2003400a2af3000a1d7060320466d
:103fa0007d12400f1000a1f700006d440080073c17
:103fb0002610ed002400a2af2c00a28f4c00a58f8c
:103fc00000000c44d82840d40100a5242000acaf48
:103fd00083b52046e2ffc5174800a28f029d043c2e
:103fe000e8288ed42000a0d782b32e463c042e466b
:103ff0005e00114532052e46050014454400a38f8e
:10400000000080440000e044010064309203244634
:104010002c00a38f1800a0d7d82876d400002e46f5
:1040200082a53646000004443eb62046520018459c
:1040300000006544660007245000e7160100b5261d
:104040000100de272548a00223183e011800a3af77
:1040500025f0800225600000257800001800a38f5d
:10406000060069102568c00310002a8efbff4a2550
:104070002b50ca0346004055000084440600e0155a
:10408000100042320400401021680d022e0002246c
:104090000100de270000a2a121201e0265000224eb
:1040a0002200e216000080a00300a10625280000df
:1040b00023a81500010005244000a28ffeffcc2696
:1040c0000a000b24ffff422421480202000020a125
:1040d000020009248600a016213089018400201dd9
:1040e0002b0003242d0009240b182501252860002e
:1040f00021180202ffff65a0a400a38ffeff422447
:1041000021280202bfff71241a00312e450003242a
:104110000bb871002a38c2030000b7a00300e010fa
:10412000feffd6240689400f000000000300423243
:104130000200032418ff43140000000016ffc01af9
:10414000000000001787400f252000022a185400a5
:10415000710060102530c0022800a48fd488400f61
:10416000300005240cff00102598000000708044ea
:10417000a7ff00100070e04486a520466500e93adc
:104180002518a0020a180900afff0010254860009a
:104190005000a2af0000e5444c00acaf030336462c
:1041a0004800afaf4400a9af3000adaf2000a4afce
:1041b000d36a400f2400a5af4d00204600080a44f2
:1041c00009000e240a0058290a50d80110004e3266
:1041d0002570ca012000a48f2400a58f3000ad8f68
:1041e0004400a98f4800af8f4c00ac8f0b00c01566
:1041f0005000a28f67000e2408004e14000000003b
:104200001d00200501008e252568c00321c01e0267
:10421000257080010f00001030001924fbffe055cd
:104220002568c003f9ff23052568c00321680d0236
:104230002e000e240100de27ffffd6260000aea1cf
:10424000f1ff001001000f24000019a3ffffce258d
:1042500001001827fcffc015ffffc62621680d02cc
:104260000100c7272168ac0130004a2523b0cc00eb
:1042700021f0ec000000aaa100800a3c4c00a2af93
:10428000261045013800a4af3c00a2af3800a1d7ea
:1042900086b32046060320461000a1f74800aeafc3
:1042a0004400afaf3000a9af2000a4af7d12400f93
:1042b0002400a5af2c00a28f00000c4400006d4428
:1042c0003000a98fd82840d44800ae8f00800a3c27
:1042d0002520800126284d0183b52046ffff292592
:1042e0002560c0014c00a28f5cff00104400af8f1e
:1042f0001a00ab02f4016001ffff422421300202e8
:10430000ffff29251050000030004a250000caa0f8
:1043100070ff001012a80000211802020000648043
:104320002118c20221180302000064a087ff0010b8
:10433000ffff422403ffa10667000424fafe0010d9
:1043400066001724d2fe001006001e24d0fe441082
:0c43500006001e24f4fe001025b84000fa
:020000040000fa
:020000041d00dd
:10435c0028fdbd27c002b4af25a0800024008484b2
:10436c00000206241000a527b002b0afd402bfafe4
:10437c00d002beafcc02b7afc802b6afc402b5af65
:10438c00bc02b3afb802b2afbc37400fb402b1af8e
:10439c00258040001000a227211050001000a427f7
:1043ac000c00032e8402a2af7c02a4af5700601451
:1043bc00251000001000a28fffff44308802a2af2e
:1043cc001400a28f8c02a2af1800a28f9002a2af91
:1043dc001c00a227b02f400f8002a2af8a02a49724
:1043ec00b02f400f8802a2a79202a4972588400004
:1043fc00b02f400f8a02a2a78e02a4979202a2a706
:10440c00b02f400f030031329002a497b02f400f11
:10441c008e02a2a78c02a497b02f400f9002a2a7e5
:10442c008c02a2a78802a2275402a2af1000a227d6
:10443c005802a2af7c02a2275c02a2af6002b0a716
:10444c00310020166402a0af259000000200032466
:10445c00d60043128802a22703000324da00431279
:10446c00010003243e01435206004294040042948e
:10447c0025004010ffff53241002b5275c02b68fb5
:10448c001002a0a32580a0020800c88e0400c28ed2
:10449c002548c00225b800001c0002512510000060
:1044ac000000439001005e245600601004003eadf5
:1044bc00c0006430c00005244000851025886000d1
:1044cc003c00001223201e015002aa272318500181
:1044dc002a1071001a00401025580000235823029e
:1044ec0016006014258860012b20910007008014b1
:1044fc00251000002110d103040022ad21882302d5
:10450c00e7ff021521b8f10225100000d402bf8f7d
:10451c00d002be8fcc02b78fc802b68fc402b58f43
:10452c00c002b48fbc02b38fb802b28fb402b18f89
:10453c00b002b08f0800e003d802bd2725886000c8
:10454c002b209100f1ff8014251000002520000283
:10455c00253020022528c003a802a8afa402abafc7
:10456c00ff87400fa002a9afa002a98f21801102e2
:10457c005002aa272110d1032b500a02040022adad
:10458c00a402ab8f05004011a802a88f2e000324b3
:10459c00000003a20100f72601001026d8ff6011cd
:1045ac00251820022320020125f04000ceff001028
:1045bc0025886001ccff001025180000001a0300ac
:1045cc00d1ff1e11003f6330010046905802a58fa9
:1045dc006002a49721186600020042242140a40026
:1045ec002b208300040022ad6c02a5afc6ff801403
:1045fc007402a8af2110a3007002a2afa6ff001096
:10460c006c02a9270700001200000000040015121c
:10461c002e000224ffff038221006250ffff1026b0
:10462c00000000a2b8ffe01a5402a28f0000848e92
:10463c002528a002165c400f000050940400401086
:10464c002588400024004294170050500000229608
:10465c006402b18f060020520800d78e000022960b
:10466c0080004230a9ff4054251000000800d78e6e
:10467c000400d08e160040162310f0020400422cc9
:10468c00a2ff405425100000040010260400d0aef8
:10469c003e006012ffff622678ff00102598400054
:1046ac00dfff0010fffff7268000423096ff40141a
:1046bc006402a28fa6004014000000000800d78ef0
:1046cc000400d08e6402b1afecff40122310f00254
:1046dc000a00422c9402a0af9802a0af8aff4014ab
:1046ec009c02a0a70300038a0700028a0800069216
:1046fc000000039a090005920400029a0a001e2683
:10470c00022403000400deae9402a3af9c02a6a315
:10471c009d02a5a3b02f400f9802a2af9c02a497b4
:10472c009602a2a7b02f400fa802a2af9802a48fa6
:10473c009c02a2a7ad2f400fa402a2af9402a49793
:10474c009802a2afb02f400fa002a2af9402a2a772
:10475c0023b8fe02a002a68fa402a38f040020128d
:10476c00a802a58f010004243e00a4100000000044
:10477c002bb8e30265ffe0562510000021f0c303bf
:10478c000400deaec4ff6016ffff62260100522655
:10479c0004000224100042126802a0af5402a28f3f
:1047ac00020003242dff4316030003240800429447
:1047bc0031ff4014ffff53246802a0af01005226c2
:1047cc00f7ff00105402a28f0a0042942aff4014f3
:1047dc00ffff53246802a0af6402a28f4bff40502e
:1047ec00251000002400438c0478037c47ff6050a4
:1047fc002510000000004394260045901c00848e78
:10480c000442037c80006334000043a40300a01026
:10481c002a0040a0010003242a0043a02700439053
:10482c00050060501800438c2a004390020063344a
:10483c002a0043a01800438c040060542600839681
:10484c00b0040324180043ac26008396080044ac43
:10485c000c0044acffff6224260082a62bff001044
:10486c0001000224430045101c000424c1ff4454e1
:10487c002bb8e30210000224beff62542bb8e302f3
:10488c002a00229202004230baff40502bb8e302b9
:10489c0027002492220082962b108200b5ff4050f4
:1048ac002bb8e3021000f72e6c02a0af7002a0af81
:1048bc007402a0af14ffe0167802a0af0d00098ab5
:1048cc001100088a1500058a1400228e0a00099a24
:1048dc001900038a00210400211044000e00089adc
:1048ec002520a0001600039a1200049a030049a880
:1048fc00000049b8070048a81a0010267802a3af98
:10490c00040048b86c02a9af7002a8af7402a4af3f
:10491c000400d0ae0b0044a8080044b80f0043a814
:10492c000c0043b81800228e2b18c20004006054ef
:10493c00180026ae0300405427002292180026ae21
:10494c00270022920100422451ff0010270022a2ce
:10495c0047ff22520800d78eecfe001025100000f5
:10496c00c5fe4014ffff53246802a0af94ff001053
:10497c0001005226040002247eff62542bb8e3028d
:10498c0026002492200082962b10820079ff405042
:10499c002bb8e3020400f72edbfee0166c02a0af8e
:1049ac000d00028a1000238e1800288e0a00029a2d
:1049bc0080280400211865000e0010262b28c80042
:1049cc006c02a2af0400d0ae0300a014000062acd5
:1049dc000300005501008424180026ae0100842435
:0849ec002bff0010260024a29d
:020000040000fa
:020000041d00dd
:1049f40068ffbd2700600644006067443000a427b8
:104a04009800acf78400bfaf6000b0af8800b4f783
:104a1400a000aef7a800b4d78000beaf7c00b7af4b
:104a24007800b6af7400b5af7000b4af6c00b3af2c
:104a34006800b2afa472400f6400b1afa000aed75b
:104a44002000a42700700644a472400f007067443d
:104a540000a0064400a06744a472400f1000a427dd
:104a64003800b08fa000aed7cb03022a0500401057
:104a74009800acd72800a68fcb03c22803004014ab
:104a84001800a28f0600001021658e4ecb03432828
:104a940011006014cb0303240100435421658e4e9e
:104aa4008400bf8f06a020468000be8f7c00b78f95
:104ab4007800b68f7400b58f7000b48f6c00b38f1c
:104ac4006800b28f6400b18f6000b08f8800b4d7e3
:104ad4000800e0039800bd273000a88f2000aa8fab
:104ae4002400a48f3400ac8f19000a01218006022f
:104af40023905000127000004000aeaf4000b78f0a
:104b0400107800004400afaf4400a38f19000401e3
:104b1400124000001048000019008a0112500000e1
:104b240021b00a012b28c8021058000021502b0183
:104b34002128aa00190084012158c3022b206301f3
:104b440012600000212885012120a40010680000c3
:104b54002b50ac0021504d012b1885002588800076
:104b6400a500401a21506a004000432a1000a98f72
:104b74006d0060101400a88f252020012528000155
:104b8400253040025400aaaf5000abafa000aef7ee
:104b94009800acf74c00a9af1585400f4800a8afaa
:104ba4004c00a98f4800a88f40000624252020012e
:104bb400252800012330d200259840000685400fa7
:104bc4004000a3af4000a78f9800acd7a000aed799
:104bd4005000ab8f5400aa8f254840002540600048
:104be4002c00a28f3c00b28f269042021c00a28fa0
:104bf400ac00521421f077022b18d30321b0eb0040
:104c040021b076002b10c7020700401401000524d0
:104c14000500f654252800002b98d30303006016e2
:104c240021a031012528000021a031012b10890287
:104c340021180a0121a0b400211843002b28850261
:104c440021a8a30025208002e77a400f2528a0028e
:104c5400ffff5124400006242330d1002520c00347
:104c64000685400f2528c002253020022520800219
:104c74002528a00225b840001585400f259860001e
:104c8400253020022520c0032528c00225b8e202d1
:104c94001585400f25986302251043002b10020050
:104ca400400010262510e202252040000600401294
:104cb40025286002233002002b1806002338130035
:104cc4002520c0002328e30000008444233011027f
:104cd4000000e544c4fbc328ce0060102103a046b5
:104ce400c3fb0324cf00c354802d1300ac00401237
:104cf400029d033cf82862d432102c46ab000045d8
:104d0400401d0200029d023c002940d4029d023c49
:104d1400082954d4026320462063204621630046b8
:104d24005fff001002653446c0ff5226c0ff5024c6
:104d340025980000aaff4012253800004000422aae
:104d4400500040105800aaaf4000a48f4000152422
:104d540023a8b202252860012530a0025400a7af81
:104d64005000a8af4c00a9afa000aef79800acf774
:104d74001585400f4800abaf4800ab8f4000a48faf
:104d840025304002252860010685400f25b84300e0
:104d94005800aa8f252020022530a0022528400192
:104da4002bb8170025b0600025b8e2021585400f26
:104db4004800aaaf4800aa8f2558c3022520200224
:104dc40025284001253040024000abaf0685400f46
:104dd40025b8e20225884000255060004000ab8fd2
:104de4009800acd7a000aed74c00a98f5000a88f74
:104df4007bff00105400a78f239002020500401689
:104e04001000b38f1400a78f2548000074ff001012
:104e1400254000004000422a1f0040101000b48fbb
:104e24001400b58f400006242330d20025208002d0
:104e34002528a0024800aaaf4000abafa000aef7ff
:104e44001585400f9800acf725104300253040022b
:104e5400252080022528a0020685400f2b980200f9
:104e6400259862022538600025480000254000008e
:104e74009800acd7a000aed74000ab8f58ff00100d
:104e84004800aa8f01001724255800002588000037
:104e940053ff00102550000001001324daff001016
:104ea4002538000023f0f3022b18fe0223b067011b
:104eb40023b0c3022b107601010005240600401420
:104ec400253000000400cb562528000003006014a0
:104ed4002360290225280000236029022ba82c0224
:104ee400231848012318750023a085012b60940121
:104ef4002318660023a86c001200a10623203101a8
:104f040023f077022b987e0223b0eb0023b0d30268
:104f14002b10240123180a0125a0d60321a88500fb
:104f2400231862002ba014002b20a4022118660071
:104f340023a0b402211883002ba8b40223a875006f
:104f44000100522e251095023eff40142510d60371
:104f5400d3fe405021658e4e2520c003e77a400fd2
:104f64002528c002ffff512407002106c01f160098
:104f740042101e00251062000100de3325105e0081
:104f840049ff001042981600253020022520c00356
:104f94001585400f2528c00243ff001025986000a6
:104fa400029d033c54ff0010f02862d419006010e5
:104fb400c01f13004220020025206400010042307b
:104fc40042981300254082000040023c0600401233
:104fd40025485300231008002b1802002320090041
:104fe400254040002348830000008844029d023c81
:104ff4000000e94408294cd42100a04600002046c2
:105004000100224602032c468100204602632c46fe
:105014002163024cc772400f00000000a0fe001084
:105024000605204680250200821202002b2004007f
:105034002510a20025108200823d02000448137c42
:105044002528f300060040128022020023100400e9
:105054002b18020023380500252040002328e300f4
:10506400000084440000e544eaff00102103a04648
:020000040000fa
:020000041d00dd
:105074002518e0000400c78c0000c68c70ffbd2713
:105084008000baf70000864400d080440000e74462
:1050940000d0e0441000a28c3c003a464c00b3af70
:1050a4004800b2af4400b1af4000b0af6400bfaf3e
:1050b4006000beaf5c00b7af5800b6af5400b5afe8
:1050c4005000b4af7800b8f77000b6f76800b4f7d2
:1050d4009000a4af0000b28c0400b18c0800b38c23
:1050e4002000a2af080001450c00b08c040042323d
:1050f40037004014080057320d00e01225f060021a
:1051040008000010200002240080023c2610470002
:105114001c00a2af1800a6af1800a68f1c00a78f12
:105124002d000224000002a2ffff7e2601001724a6
:10513400bfff65242548c00000f0e27c2800c014ad
:105144001a00a52cf07f033c26004314f07f0a3c90
:10515400212017022000a010029d113c029d053c55
:10516400d432a5240689400f00000000d83224263a
:105174001787400f000000009000a48f1000b2af0a
:105184002538600225280002975b400f2530400037
:105194006400bf8f6000be8f5c00b78f5800b68f6d
:1051a4005400b58f5000b48f4c00b38f4800b28fb9
:1051b4004400b18f4000b08f8000bad77800b8d7d0
:1051c4007000b6d76800b4d70800e0039000bd278c
:1051d400d4ff00102b000224e2ff0010d832252651
:1051e400f07f0a3c010043252b18430005006010a2
:1051f400212017020d004a54000086440b00205160
:10520400000086440700a010029d113c029d053c4d
:10521400dc32a5240689400f00000000d4ff0010f2
:10522400e0322426fbff0010e03225263000022461
:105234000000e744000082a032013a4658000324eb
:1052440078000224029d093c0b10650025a800008b
:10525400a9000445f02334d500c086440000342a54
:10526400180009240a48340286a5204600c0e744f1
:10527400010082a0010034252510000003c3364636
:105284003000a5af2400a2af1800a6af1c00a7af42
:10529400d36a400f029d163c820036462400a28f3a
:1052a4002800b6af1800a68f010042241c00a78f67
:1052b4003000a58f01c622460824c2d60400210668
:1052c40082b5224632c53a4603001545029d043c88
:1052d400eaff8216029d043c102482d482b0224646
:1052e4003cc62246a000194532c7224608001e4586
:1052f400000086440d002046000004440000804461
:10530400010084300000e0449200244600008644fa
:105314000200f7260000e744000022461800a0f728
:105324001c00a38f1800a48f0400801400f0667c76
:10533400f07f043c87ffc4102120170223100200d1
:10534400feffc6272400a2af25f0e00225100000ce
:1053540025a0000025b000002000a38ffbff6424db
:105364002b20c4031c0080102538c0031800a0d7cc
:105374003c00a5af3800a6af030334462c00a2af0f
:10538400d36a400f3000a7af4d0020460008044404
:105394003000a78f2c00a28f3800a68f75008014d0
:1053a4003c00a58f7c00c0522ba0140001004224b5
:1053b400020034461800a1d72800a38fffffd62689
:1053c400010820461800a0f7082460d42400a38f05
:1053d400e1ff761402a520461400801621201e0247
:1053e400a600405010004232a300201a01004732a8
:1053f400a100e0142e000724000087a021385e00dd
:105404002138070230000924010089a00100842406
:10541400feff8754010089a021f05e0027100200de
:105424000100de272130460021201e02000080a05a
:105434000300a1062510000023a815000100022482
:105444002000a38fffffc62401000b24ffff71245b
:10545400213811020000e0a00a000a2401000724f8
:105464007400a01621a0c7007200eb102b000324c7
:105474002d0006240b18c20025106000211811020b
:10548400ffff62a0feff31265000072470000224b3
:105494000a384500212811022a88d103030020126a
:1054a4000000a7a00689400f00000000030042325c
:1054b400020003240c004314feff91262cff201a43
:1054c400252000021787400f252000022a185700c4
:1054d400620060102530200230000524d488400f7b
:1054e400212017022598000021ff0010252000022a
:1054f400060520460100b52600a03446000886446f
:105504000008e7443c0a2046f9ff0845029d093c8f
:10551400f82320d5029d093c002422d5060120460b
:10552400000886440008e7443c0c34464bff12450f
:1055340000c0864482a1204632333a4608000e4514
:1055440002a524460008864402a522460008e74432
:1055540042082246000806440008674402a524467f
:10556400efff0010ffffb5260010804467ff001016
:105574000010e044090080162558c0030700c0123b
:105584002e000924213807020100de27ffffc6246c
:105594000000e9a0010014242558c00321601e0264
:1055a400253840000300001030000d24ffffe724dd
:1055b40001008c25fdffe05400008da121584b0013
:1055c400ffffc6240100de270a0087282330c2001b
:1055d40021f0c20321580b020200e010570082247c
:1055e400300082241100a050000062a12000473442
:1055f4009fffe7241a00e72c0c00e050000062a192
:10560400252040003c00a5af3800abaf2c00a6af6e
:10561400ed8a400f3000a0f73c00a58f3800ab8f17
:105624002c00a68f3000a0d7000062a160ff0010fc
:10563400251000001a00aa02f4014001ffff3126e0
:1056440021601102ffffe7241048000030002925e3
:10565400000089a182ff001012a800002118020294
:10566400000064802118820221180302feff64a056
:1056740096ff0010ffff4224100042326bff40509f
:1056840021201e022e0002240100de2766ff0010e6
:04569400000082a0f0
:020000040000fa
:020000041d00dd
:1056980018ffbd27dc00b4afd800b3afd400b2af59
:1056a800d000b1afe400bfafe000b5afcc00b0af01
:1056b800259080002588c000b800a5af2598000077
:1056c800029d143cb800a58f0000a280e4004010a1
:1056d800ffff02249c00a2af1800a227a400a2afdb
:1056e800800002249800a0afa000a0afa800a2af3d
:1056f80025800000250003242110b000000042800e
:105708000300401000000000fbff43540100102676
:1057180006000012253000028a7d400f2520400235
:10572800b800a28f21105000b800a2afb800b58f02
:10573800250002240000a382c20062140100b526dd
:10574800b800b5af2b0005242d0006243000032433
:105758002000072423000824b800a48f00008280ba
:105768001b0045509800a28f2c0049281e002011cc
:1057780000000000180047509800a28f18004850f9
:105788009800a28f2a0003241e0043500000228e96
:105798009577400f00000000a000a2afb800a38fcb
:1057a80000006280d0ff42240a00422c21004010f1
:1057b80001006324f9ff0010b800a3af01004234d0
:1057c800010084249800a2afe3ff0010b800a4af42
:1057d800fbff001004004234f9ff001008004234b7
:1057e800f7ff001010004234f4ff46509800a28fd3
:1057f800e5ff43542a0003249800a28ff0ff00100d
:105808000200423401008424b800a4af04004324f9
:105818000000428c000023ae06004104a000a2afa5
:105828009800a38f23100200a000a2af01006338e4
:105838009800a3af9800a28f0100433002006010c7
:105848004408027c9800a2afb800a28f2e0003245f
:10585800000044800d008314010044249c00a0af84
:10586800b800a4af010045802a0003242300a31434
:1058780002004224b800a2af0000228e0400432494
:105888000000428c000023ae9c00a2afc27f400ff4
:10589800b800a427c000a2afb800a28fe68a400fc4
:1058a800000044806900032477004310c000a58fde
:1058b8006a0043282f00601063000324be004310d1
:1058c800640043281800601025000324cb0043100f
:1058d800610003244f00435025302002ffff0224bb
:1058e800b800b5af9800a0afa000a0af9c00a2afd1
:1058f8001000a0afc9000010253800009577400fb0
:10590800000000009c00a2afb800a38f00006280d6
:10591800d0ff42240a00422cdcff4010010063241f
:10592800f9ff0010b800a3af640003245600431029
:1059380068004228eaff4010ffff022425302002b9
:10594800bd82400fb000a42797004010b800a28f76
:10595800b000a6279800a52701004324b800a3afec
:1059680000004780240f400f25204002350000101a
:1059780021800202700003246e0043107100432846
:10598800130060106e000324830043106f0003248b
:10599800d3ff4314ffff02242538200225300000de
:1059a8008743400fb000a4277f004010b800a28fa3
:1059b800b000a6279800a527010042242520400210
:1059c8008d5d400fb800a2af1e00001021800202ba
:1059d800750003243a00431078000324460043105e
:1059e80073000324bdff4314800002246e00a21438
:1059f800b800a28f2538000001004224b800a2afe9
:105a08000000228e04004324000023ae760000101c
:105a18000000468cbd82400fb000a42762004010f1
:105a2800b800a28fb000a6279800a527010043243c
:105a3800b800a3af000047801d14400f2520400286
:105a480021800202218070022a98130277006012d6
:105a58000080023c4f000324dc5843acffff1324b2
:105a6800e400bf8f25106002e000b58fdc00b48f22
:105a7800d800b38fd400b28fd000b18fcc00b08fd4
:105a88000800e003e800bd272538200201000624ad
:105a98008743400fb000a42743004010b800a28fee
:105aa800b000a6279800a52701004224252040021f
:105ab800e34f400fb800a2afe2ff001021800202be
:105ac80025382002253000008743400fb000a42766
:105ad80035004010b800a28fb000a6279800a5276f
:105ae8000100422425204002dc68400fb800a2af24
:105af800d4ff001021800202253820022530000042
:105b08008743400fb000a42727004010b800a28f99
:105b180001004324b800a3af00004780b000a627c7
:105b28009800a5274536400f25204002c5ff0010e4
:105b3800218002022538200225300000f0000524cb
:105b48008743400fb000a42717004010b800a28f69
:105b5800b400a38f01004224b800a2afb000a28f06
:105b680025104300edff4014780007241787400fe5
:105b7800883484269800a38fa000a78f2530400082
:105b88001000a3af88348526975b400f252040027c
:105b9800acff00102180020225382002213070025b
:105ba8008060400fb000a427b800a28f01004224f3
:105bb800a4ff0010b800a2af80000224faffa214cc
:105bc800b800a28f01000724b000a62701004224d4
:105bd800b800a2af0000228e040043240000428ccb
:105be800000023aeb000a2a39800a527f96e400fcd
:105bf8002520400293ff0010218002028000022429
:105c0800e9ffa214b800a28fa000a78f01004224c8
:105c1800b800a2af9800a28f1000a2af029d053c69
:105c280001000624d8ff00109034a524a5fe00101a
:045c380025980002a9
:020000040000fa
:020000041d00dd
:105c3c0090ffbd274800b0af0800908c6c00bfaf40
:105c4c006800beaf6400b7af6000b6af5c00b5af24
:105c5c005800b4af5400b3af5000b2af42000012c2
:105c6c004c00b1af0400968c4000c05225a000003f
:105c7c002800c28e3d00405025a000000c00918ce5
:105c8c003a00205225a000001000928c36004012e1
:105c9c000080033c0000878c1400868c0000258e4d
:105cac004458622401000424445867ac040056ace8
:105cbc00080050ac0c0051ac100052ac3800a410d1
:105ccc00140046acfeff432625102002ffff0524de
:105cdc0004000010010006240000448c31008610e2
:105cec00ffff6324fcff65140800422425280000f4
:105cfc007088400f252000000080033c29014014cf
:105d0c002c5862ac25300000019d053cbcc5a52477
:105d1c00e883400f2520000001000624019d053c6e
:105d2c00d4c7a524e883400f25200000945c400fc5
:105d3c0025a000006c00bf8f251080026800be8f6c
:105d4c006400b78f6000b68f5c00b58f5800b48fbd
:105d5c005400b38f5000b28f4c00b18f4800b08ffd
:105d6c000800e0037000bd2725a000006c00bf8f69
:105d7c00251080026800be8f6400b78f6000b68f5c
:105d8c005c00b58f5800b48f5400b38f5000b28fa5
:105d9c004c00b18f4800b08f0800e0037000bd27a5
:105dac00251020020400448c0080133c25280000a0
:105dbc003800b3af3400a4af7088400f245873265a
:105dcc003000a2af42004010080062ae3400a28f37
:105ddc003000a48f6c0006240000438c0800828cd9
:105dec002528000209f840000c0063ae2d0040107d
:105dfc00188182af3000b58f253000022528c002f3
:105e0c005f76400f2520a0020800401425a040001a
:105e1c00019d053c2530a0022cc6a524e883400f2b
:105e2c0025200000bdff0010030006243800a38fbe
:105e3c00ffff0232040072ae245862a4ce00001a96
:105e4c001881978f25f0c0020400001025a80000cf
:105e5c006c00f726230015123800de2725300000d1
:105e6c002528e002da30400f2520c003f8ff40540b
:105e7c000100b526019d053c60c6a5242520000027
:105e8c00e883400f2530a002019d053c253000021f
:105e9c00a4c6a524e883400f252000009fff001016
:105eac0004000624c03010002330d00080300600df
:105ebc002330d000019d053c80300600ecc5a524a4
:105ecc00e883400f2520000094ff001002000624f8
:105edc003400a28f8cff4050253000008aff001048
:105eec000000468c1881978f02006d96256000008b
:105efc002558e0022530a0012550000001004a255c
:105f0c004400678d0e000a126c006b252520600181
:105f1c00040000102518400101006324f7ff031250
:105f2c006c0084244400858cfcffa754010063247e
:105f3c000100c624ffffc630f7ff001025604000ab
:105f4c00020080512530a001020066a68d00c0140d
:105f5c002528e002253800001800a68c0100e72453
:105f6c006c00a5247200c0142a10f000fbff4054f2
:105f7c001800a68c3800a28f24584294148180af4c
:105f8c001800a0af1c00a0af2000a0af2400a0af51
:105f9c00210040102800a0af029d023ca82f4224f3
:105fac004000a2af019d023c6400f72625f00000e2
:105fbc004400a2afffffe7921800a227f4fffea651
:105fcc008038070021a847004000a28f0000aa8e4d
:105fdc002520e0020a38477c4400a28f1000aaafab
:105fec00070005246cc74624aa89400f3c00aaafc1
:105ffc003800a28f0600e0a23c00aa8f24584294dd
:10600c000100de2701004a252a10c2030000aaaeb7
:10601c00e8ff40146c00f7260080043c8002062444
:10602c0025280000d488400fe44f84243400a28f2c
:10603c000080033c0080153c0400478c0800468c13
:10604c000c00458c1000448c00004a8c5055b52631
:10605c005c586224f88080af5c586aac040047ac92
:10606c00080046ac0c0045ac100044ac9000b726c0
:10607c002520a002958c400f0c00b526fdfff516cf
:10608c002520a002180060ae1b00001a1881978f03
:10609c0025a80000c275400f2000c48e25204000aa
:1060ac004408047c0100032407008310019d053c77
:1060bc002530400074c7a524e883400f252000003c
:1060cc0016ff001007000624253040022528200268
:1060dc00252060021c0062ae100077ae5424400fe5
:1060ec00140075ae2d0040100100b5266c00f7268b
:1060fc00e8ff15163800d6263000a48f1800828cc5
:10610c0009f84000000000000008432c18ff605004
:10611c006c00bf8f019d053c25304000a8c7a5240d
:10612c00e883400f2520000011ff00106c00bf8f8a
:10613c0091ff40103800a28f1800a28c0800c210ea
:10614c002518a0002510e0000100422482ff021255
:10615c006c0063241800648cfcffc41401004224fe
:10616c00019d053c28c7a524e883400f252000008d
:10617c00eafe0010060006240200669680ffc0505e
:10618c00148180af019d053ce4c6a524e883400f33
:10619c0025200000e1fe001005000624dffe0010a3
:0c61ac00080006240000028c34000000f3
:020000040000fa
:020000041d00dd
:1061b800029d023c043543240435468c0400639454
:1061c80098ffbd27401002246400bfaf6000b5af40
:1061d8005c00b4af5800b3af5400b2af5000b1afd9
:1061e8004c00b0af4000a6af4400a3a73800a0af52
:1061f800ff0082143c00a0a70080133c40017026d9
:106208002000029201004330ef0060142590000244
:1062180002004230f70040546400bf8f0400b18c84
:106228000c00228ef30040106400bf8f0800b28c6f
:10623800f0004012000000001800428eee004050ae
:10624800ffff12241c00428eea0040100080043c2c
:106258003001062425280000d488400f50018424ea
:10626800ffff03240080023c180003ae140003aeb5
:1062780000024224000055bc0f0000000080023cd0
:1062880010024224000055bc0f0000000080023cb0
:1062980020024224000055bc0f0000000080023c90
:1062a80030024224000055bc0f0000000c00248e70
:1062b8000400258e0800228e990006245c0004ae96
:1062c800940006ae36002496640002ae600005ae67
:1062d8003000258e01008230240005aefcff052425
:1062e8000b18a20010002f8e14002e8e18002d8e71
:1062f8001c002c8e100000ae220004a6280003ae5d
:106308000000438e2000049208004a8e0c00498e3b
:106318001000488e1400478e1800468e1c00458ecb
:1063280004004b8effff62300421047c0400422ce1
:10633800200004a268000fae6c000eae70000dae17
:1063480074000cae2c0003ae30000bae34000aae65
:10635800380009ae3c0008ae400007ae440006ae67
:1063680003004010480005ae040002242c0002a6d9
:106378002e0002968000442cc20080108000032466
:1063880088bf123c00205226990004242e0003a640
:106398004c0012ae7081400fb00000aede54400fca
:1063a800252000029400048ec088400fffff1524aa
:1063b80000060524538d400f252040024400148e0a
:1063c8004800058e0000828e09f840002520000054
:1063d8009f005510030005241400838e140002ae9c
:1063e80009f8600025200000990055100000000001
:1063f8004800038e3c00058e2c00878e08006694aa
:106408000c00648c1400638c1800a6af2000a4afa5
:106418000080063c0f0004241c00a5af2400a4af94
:10642800180002ae2800a3afb801c6241800a5279b
:1064380009f8e0002520400085004004ffc005342d
:10644800418c400f25204002029d083c2528000071
:1064580025100000010007248c27082508000624c1
:1064680004184700570063308020020003006010c2
:10647800010042240a20047d2528a400f9ff4614bf
:106488000418470088bf123c458c400f0020442662
:1064980030000524498c400f0020443602000524b2
:1064a8005b8d400f00204436252800005d8d400f8d
:1064b800002044364d8c400f00204436518c400f4c
:1064c80000204436558c400f002044363b00228a79
:1064d8003c0025923d0024923800229a4000a38f68
:1064e8003400a5a33000a2af690043103500a4a36f
:1064f8003800a38f6c0043103400a39788bf043c76
:106508003000a527d485400f002084242c00059650
:10651800029d123c1000b0af902c472602000624c2
:10652800fb53400f252000022c000396480043141b
:10653800902c4726300005961000b0af01000624c5
:10654800fb53400f252000023000039640004314ff
:1065580000000000320012963000401603000624a6
:106568003400129635004016020006245080828faf
:1065780010000212259000023500401400000000af
:106588009400048e2000338e7081400f2400318ed9
:10659800c088400f9400048e9c0000ae980000aea6
:1065a800a40000aea00000aea80013aeac0011ae6f
:1065b800508090af20000292010003241c0003ae1b
:1065c8000400627c200002a26400bf8f25104002f4
:1065d8006000b58f5c00b48f5800b38f5400b28f41
:1065e8005000b18f4c00b08f0800e0036800bd2751
:1065f8006400bf8fffff1224251040026000b58f92
:106608005c00b48f5800b38f5400b28f5000b18f24
:106618004c00b08f0800e0036800bd272528400221
:10662800e346400f25200002090042160000000042
:1066380034001296cdff4012253000002528400274
:10664800e346400f40016426c9ff52105080828ff4
:106658001059400f400164266400bf8fffff1224c9
:10666800251040026000b58f5c00b48f5800b38fce
:106678005400b28f5000b18f4c00b08f0800e00377
:106688006800bd270f0042243dff0010f0ff433093
:106698003400a4974400a39796ff83143800a38f6f
:1066a8009bff00102c0005963c00a29794ff6214f3
:0c66b80088bf043c96ff00102c000596e3
:020000040000fa
:020000041d00dd
:1066c400c0ffbd270f000524020004242400b1af3d
:1066d4003c00bfaf3800b6af3400b5af3000b4af44
:1066e4002c00b3af2800b2afca84400f2000b0af73
:1066f40025884000010042300e0040140080133c05
:10670400020031323b0020160080123c3c00bf8f57
:106714003800b68f3400b58f3000b48f2c00b38f9f
:106724002800b28f2400b18f2000b08f0800e0034e
:106734004000bd2704000010cc5673260200062436
:10674400b287400f25204002ae8a400f0200042485
:10675400ebff4010259040001800508e6382400fdc
:10676400252000020000039601000224f3ff6214b6
:10677400f2ff05240400039606040224f0ff6214c9
:10678400020006241b00148a2800558e0400768e0d
:106794001800149a2520a0023c8b400f1c00b4afb3
:1067a4001100038a002102002320820080200400bb
:1067b400251060000a20c47e0e00029a1800a52746
:1067c400165c400f1800a2af0500401025b0400031
:1067d40008000626252840000e66400f2520a0024a
:1067e4000400a28ea30082524200a296d3ff00109e
:1067f40002000524cc5652261800438e6210023c37
:10680400d34d4224d007632419006200180043ae1c
:1068140010100000821102000d8d400f140042aed2
:1068240025a84000b9ff40180400518e14003126f9
:1068340025a000004e85400f252080021000308ed8
:106844001d000012259840001400428e0800048e9a
:106854003400438e231044002b104300480040545e
:106864004200769607000010100036260800048eb9
:106874003400438e231044002b1043004000405446
:1068840042007696ecff248e5c88400ffcff0526c0
:10689400e264400f2520c00204000526ffff072400
:1068a40025300000dd65400f252060021000308e89
:1068b400eeff00561400428e0000308e1e0000527f
:1068c400ecff228e1400438e0800048e3000428eaa
:1068d400231864002b1062000a004050ecff248e41
:1068e40015000010ecff228e0800048e3000438e49
:1068f400231044002b1043000f004054ecff228e61
:10690400ecff248e5c88400ffcff0526e264400ff8
:106914002520200204000526fdff07242530000061
:10692400dd65400f252060020000308eeeff00562a
:106934001400428eecff228e2000238e2400428c11
:106944002b104300340040502400228e0100942672
:10695400b8ffb4163c0031263c00bf8f3800b68f18
:106964003400b58f3000b48f2c00b38f2800b28f61
:106974002400b18f2000b08f0800e0034000bd2741
:106984001f0000100010d632120004962b10820053
:10699400190040500000108e3800468e0800058e05
:1069a4001400428e02208670231045002b104400f0
:1069b400110040540000108e0100052425206002bf
:1069c4000300c012000163300b0060500000108e01
:1069d4000400078e0400668e108082271400a0af86
:1069e4004137400f1000a2af12000296010042246a
:1069f400120002a60000108eb0ff00520000308e7c
:106a0400fcff039600026230dfff405442004296ce
:106a1400ddff001040004296ccff401025b000007e
:106a24000c000010000000005c88400fecff248e76
:106a3400fcff07242530000004000526dd65400f17
:106a4400252060022400228e2b10c202c0ff405079
:106a540001009426e264400f252020020100d6267e
:106a640025804000f0ff4014fcff4524b8ff0010cf
:106a7400010094260010423030ff40140200052427
:106a84001000c0122520a002060003960100022473
:106a94002aff6214020005241100078a0400a68e4e
:106aa4003c00a2260e00079a080010261400a2af8c
:106ab4001000b0af4137400f2520a0021fff001087
:106ac400020005243c8b400f0400748e0019020060
:106ad400231062008010020021a082020000848e34
:106ae4001800a527405e400f08001626e7ff405017
:106af4000600039600004394020063300700601010
:106b04002530c0021400872680000524717e400fc2
:106b140025204000ddff00100600039625284000d4
:106b24000e66400f2520a002d8ff00100600039631
:020000040000fa
:020000041d00dd
:106b34000400828c90ffbd276000b0af0800432c96
:106b44006c00bfaf6800b2af6400b1af98006010d2
:106b54002580800080180200009d023c706b422456
:106b64000a10437c080040002588a000f86b009db3
:106b7400306c009d806c009dc46c009db46d009dc4
:106b8400306d009d846d009d906b009da189400f28
:106b9400000000005f6b033c6bca633418004300c1
:106ba400c327020010180000431d030023206400c3
:106bb4004019040023286400801905002318650087
:106bc400c018030021186400802003002118640009
:106bd40080190300cc0043500c00058e6c00bf8f5d
:106be4006800b28f6400b18f6000b08f0800e003ca
:106bf4007000bd270080023c138a400f7458448cf7
:106c040090004004020003249d004310010002246c
:106c1400388182af6c00bf8f6800b28f6400b18f7f
:106c24006000b08f0800e0037000bd274e85400f60
:106c340025200000252040001383400f25884000b4
:106c4400e7ff40106c00bf8fcf86400f2520200245
:106c5400252020027d89400f259040003481838fb8
:106c6400b70060102528400002000224040002ae90
:106c740001000224d9ff0010348182af08008594fa
:106c840025300000ae53400f01000424029d073c50
:106c9400ffff0324000002a60800068e0c00058ee8
:106ca40093004310a432e724019d043c3583400f34
:106cb40094cf842403000224c8ff0010040002ae11
:106cc4000c81400f00008484c5ff40106c00bf8f0e
:106cd40000000486e54e400f2000a52791004010d7
:106ce4000c00058e2700a3932600a293029d123c5c
:106cf400a43244262500a7932400a6931800a4af29
:106d0400019d043c1400a3af1000a2af3583400fd3
:106d1400c4cf842409f820022520000298004004ee
:106d240005000224adff0010040002ae0c81400fe8
:106d3400000084843b0040500c00058e9d84400f6d
:106d440000000486370040540c00058e09f8200228
:106d540025200002a2ff41046c00bf8f0c00058ea9
:106d6400029d063c019d043ca432c6243583400f99
:106d740070d084240600022498ff0010040002aea0
:106d8400726f400f000084846c00bf8fffff0224e9
:106d9400000002a602000224040002ae6800b28fc2
:106da4006400b18f6000b08f0800e0037000bd275d
:106db400a189400f000000005f6b033c6bca633481
:106dc40018004300c327020010180000431d0300ed
:106dd400232064004019040023286400801905005e
:106de40023186500c01803002118640080200300e4
:106df400211864008019030079ff43546c00bf8f8d
:106e04000400068e0c00058e029d073c019d043c87
:106e1400a432e7243583400fb8d0842470ff0010d7
:106e24006c00bf8f029d063c019d043ca432c62425
:106e34003583400f4cd084240600022467ff0010e1
:106e4400040002ae3881828f05004010070002243e
:106e5400040002ae010002246eff0010388182afec
:106e6400029d053c019d043ca432a5243583400fba
:106e7400c4ce842407000224f6ff0010040002aeee
:106e84004e85400f25200000258840007d89400f55
:106e94002520400025202002108d400f2590400021
:106ea4003881838f06006010000000000100022476
:106eb400040002ae0100022456ff0010388182afa4
:106ec4007b5e400f25204000029d073c019d043c51
:106ed40025304000a432e724252840023583400fa2
:106ee400f0ce842401000224f3ff0010040002ae5b
:106ef400019d043c3583400f64cf842407000224a1
:106f040036ff0010040002ae029d063c019d043cc5
:106f1400a432c6243583400f94d0842430ff00105b
:106f24006c00bf8f029d123c019d043ca432462696
:106f34003583400feccf842476ff0010000000005e
:106f4400029d023c02461200003c437ea4324224cd
:106f5400019d043c003a477eff0046322ccf842436
:106f64001800a2af1400a8af3583400f1000a3afe0
:106f7400165a400f000000003cff001002000224db
:106f84000c00058e019d043ca43246263583400f37
:106f940018d084240600022410ff0010040002ae5e
:020000040000fa
:020000041d00dd
:106fa400c8ffbd27010002242800b6af2400b5aff6
:106fb4002000b4af1800b2af3400bfaf3000beaf92
:106fc4002c00b7af1c00b3af1400b1af1000b0afca
:106fd40025a0a0002590800025a8c0000300a210d1
:106fe40025b0e000bb00c014000000001672400f82
:106ff40000000000f4004010259840008f8d400fe1
:10700400000000009c808393b8006014ffff632499
:10701400918d400f25204000a880848f0f008010a0
:10702400b880858f0000a28c0600401425800000e3
:107034001300001025b800000a10a27c1100405073
:10704400ac80848f010010262086107c2b1804024b
:1070540080101000f8ff601425b800028f8d400fd7
:10706400ffff10249c8083932520400001006324ab
:10707400918d400f9c8083a38a0000103400bf8f41
:10708400ac80848f880006240800828c09f84000b4
:1070940001000524ac80848fa0808597258840005a
:1070a4000400828c09f840000100a524ac80848f80
:1070b4009e80859725f040000400828c09f84000ea
:1070c4000100a524ab002012ac80848faa00c05319
:1070d40025284000a7004010a0808397b880848fa3
:1070e4009e8085970100632480b8170021284500fd
:1070f4002118c30321b89700140022ae18020224f9
:10710400180025ae040023ae3c0030a600003eaebd
:107114006a0022a68f8d400f0000f1ae9c808393fd
:107124002520400001006324918d400f9c8083a39f
:10713400740023963e0022960000258ef3fd6330f2
:10714400740023a67400248e1400278e62002996ee
:10715400ffff63304450027c0100062400024234e5
:107164000008847c080025ae0c0025ae100025ae76
:1071740000206830ffff0524720029a61c0027aefa
:10718400200027ae380020ae340020ae540020aedc
:107194005c0025ae640026a66e0026a6600020a62c
:1071a4003e0022a6400020ae790020a20200001575
:1071b400770024a2480020ae0040633001006050f4
:1071c400440020aeff00423201000324870020a2c5
:1071d40024004312770022a24c0020ae6100401428
:1071e40000000000740022960408427e25008012ec
:1071f400740022a6620033a6847b400f600035a68b
:107204003e00249601000324240022ae4408647c3a
:107214004a0043123e0024a6770022920100032470
:10722400370043504000228e0b000324760023a233
:107234003400bf8f251000023000be8f2c00b78fa2
:107244002800b68f2400b58f2000b48f1c00b38fa4
:107254001800b28f1400b18f1000b08f0800e00343
:107264003800bd27807f400f2520200258004010a1
:107274004c0022ae740022960408427e2800801638
:10728400740022a63e00229601000324620033a665
:107294000400627c3e0022a6760020a2720033a67f
:1072a4003400bf8f251000023000be8f2c00b78f32
:1072b4002800b68f2400b58f2000b48f1c00b38f34
:1072c4001800b28f1400b18f1000b08f0800e003d3
:1072d4003800bd278f8d400f2598c0009c80839374
:1072e4004bff601025a80000ffff63242520400009
:1072f400918d400f9c8083a348ff0010a880848f49
:10730400caff40100b0003247b7a400f2520200283
:10731400c5ff400401000324c5ff0010760023a22a
:10732400620033a6847b400f600035a63e0023969e
:10733400240022ae4408437e3e0023a6b7ffc012b9
:10734400770022920000c38eb5ff60500100032431
:1073540001000424ecff4410400023aeb3ff0010ee
:107364000b000324507b400f25202002ccff00108b
:10737400ffff1024252840000c00828c09f84000ef
:10738400ffff1024ac80848f0c00828c09f840002d
:107394002528c003ac80848f0c00828c09f840003f
:1073a400252820028f8d400f000000009c808393cd
:1073b4002520400001006324918d400f9c8083a30d
:1073c400b8ff00103400bf8fb5ff0010ffff10247a
:0873d40082ff001077002292f5
:020000040000fa
:020000041d00dd
:1073dc005e0080049080878fe0ffbd271c00bfaf4c
:1073ec002a1087001800b0af530040102518000079
:1073fc00998c400f2580c0004f0040102520a00024
:10740c000080a6305400c010847b047c010005244d
:10741c001000832cf100601080200400009d033cc0
:10742c003c7463240a20647c080080000000000087
:10743c000877009d6077009d3477009dc076009d95
:10744c007c76009d6076009d5476009d4876009d6c
:10745c003076009d2476009d7c74009d1076009df6
:10746c00f875009de875009dd075009df076009d27
:10747c0031000012251800000000038e010064305a
:10748c0009008010020064300400058e4000448c1a
:10749c000100a530c418a47c0421a47c8410a47c15
:1074ac00400044ac020064300500801004006430dd
:1074bc000400048e4000847c440044ac040064301e
:1074cc0007008010080064300400048e48004594c6
:1074dc008000847c0400857c480045a4080064304e
:1074ec0007008010100064300400048e480045949e
:1074fc00c000847c4408857c480045a4100064309e
:10750c0006008010200063300400048e4000458c7f
:10751c000001847c8494857c400045ac060060109e
:10752c00010003240400048e4000458c4001847c3f
:10753c00c49c857c400045ac1c00bf8f25106000ae
:10754c001800b08f0800e0032000bd2725180000ac
:10755c000800e003251060000040a530acffa0142b
:10756c00020005241000852cf3ffa01080200400dd
:10757c00009d033c907563240a20647c0800800005
:10758c0000000000bc77009da477009d8c77009dc7
:10759c00c076009d7c76009d6076009d5476009da3
:1075ac004876009d3076009d2476009d7c74009d6d
:1075bc001076009df875009de875009dd075009db6
:1075cc00f076009d480044942b30100001000324f9
:1075dc000400c47cd8ff0010480044a42b301000d9
:1075ec00440046acd4ff001001000324480044942e
:1075fc002b30100001000324444ac47cceff001041
:10760c00480044a44800449401000324c440047e70
:10761c00c9ff0010480044a4630050a0c6ff00102e
:10762c00010003244000448c2b3010000100032483
:10763c000484c47cc0ff0010400044ac620050a025
:10764c00bdff0010010003243d0050a0baff001044
:10765c000100032425204000fa78400f1000a2af4f
:10766c001000a28f01000324b3ff0010100050a4df
:10767c004000448c00028530afffa0142518000098
:10768c002b8010008002847cabff905001000324ff
:10769c0025204000fa78400f1000a2af1000a28ff6
:1076ac00010003244000448c8452047ea2ff00108d
:1076bc00400044ac4000438c030006320408c37cf9
:1076cc004100c010400043ac010004240442837c00
:1076dc00ffff0424400043ac140044ac96ff0010a0
:1076ec0001000324480044940100062e01000324e9
:1076fc008452c47c90ff0010480044a44000478c86
:10770c003f0044900100a3380100632c0100062eb9
:10771c000400647c8410c77c400047ac3f0044a04c
:10772c0085ff0010010003244000478c3f0044906b
:10773c000100a3380100062e0100632c0421c77c34
:10774c008410647c400047ac3f0044a07aff0010da
:10775c00010003244000478c3f0044900100a338f3
:10776c000100632c0100062e4408647cc418c77cfd
:10777c00400047ac3f0044a06fff00100100032401
:10778c004000448c0100062e010003240421c47c1b
:10779c0069ff0010400044ac4000448c0100062ef0
:1077ac0001000324c418c47c63ff0010400044ace7
:1077bc004000448c0100062e010003248410c47c7c
:1077cc005dff0010400044ac0442037c400043ac1d
:1077dc00140040ac58ff00100100032456ff0010a9
:0477ec00251800005c
:020000040000fa
:020000041d00dd
:1077f000b0ffbd270000a2943000b2af0400928c0d
:107800004000b6af3800b4af3400b3af2c00b1af16
:107810004c00bfaf4800beaf4400b7af3c00b5afaf
:107820002800b0afc439027c240096842588a000cb
:10783000259880000000a2a42900b0905d004012ad
:107840001c00b48ce27c400f252040029b004010bd
:10785000f9ff032401000624252820029569400f22
:107860002520400295004010f9ff0324c500801236
:1078700029002292cf0002521c00228e0400102602
:10788000808010000a80907ec50000161000b0af06
:107890000167400f2520c002ae00401025300000d7
:1078a00025280000e86f400f2520c0023379400fe3
:1078b0002520c002a7004010258040001c00278e14
:1078c00025300000010005240400e7244335400f63
:1078d0002520c002290022921c00238e1800658eec
:1078e00004004224801002000a10627c2000a627b7
:1078f0002520c002c887400f2000a2af3500052414
:107900009f7e400f2520c002998d400f000000008f
:10791000ffff423025204000b02f400f240022a658
:1079200000010424b02f400f1000a2a7010004247e
:10793000b02f400f1200a2a71000a38f1400a2a71f
:107940001600a0a71800a0af1400a28f030003aa7e
:10795000000003ba070002aa040002ba0b0000aa42
:10796000080000ba2000328e0c0004260d00032609
:107970002528400201005226ffff42925c00401081
:107980002e0006242f000824740046102c00072423
:10799000570048103e0006240400475023104502bb
:1079a000f5ff4654010052262310450252000010f4
:1079b000ffff52240800848c040006241000a52731
:1079c0001000a0af1400a0af1800a0afb960400f26
:1079d0001c00a0af1c00248e04000624b960400fd8
:1079e0001000a527898d400f25900000252040001c
:1079f00004000624b960400f1000a5270d8d400f2c
:107a0000000000000500401c25a840000c000010ec
:107a10001000b2270a00b2521000b2274e85400f64
:107a2000252040022520400004000624b960400fb4
:107a30001000a527f7ff4014010052261000b227be
:107a40002000a4272510400225f000000000438cf0
:107a5000040042242b180300fcff821421f0c3030e
:107a600025a800000000578e040052260d00e012e9
:107a70002520e002e27c400f00000000ffffc62747
:107a80002630d5000100c62c252820020500401014
:107a90002520e0029569400f0000000073ff4014ac
:107aa000000000000100b52604000224eeffa256eb
:107ab0000000578e1c0020aef9ff03244c00bf8f3e
:107ac000251060004800be8f4400b78f4000b68f7d
:107ad0003c00b58f3800b48f3400b38f3000b28fc4
:107ae0002c00b18f2800b08f0800e0035000bd27a4
:107af00023904502ffff5226000092a0253040024d
:107b0000ff87400f2520600021905200000040a216
:107b1000010040a228002392050042262380500045
:107b2000ffff103201000224020043a225300000b2
:107b3000252800022520c002030040a2e86f400f64
:107b4000040042a2a727400f2520c002dbff5010ef
:107b500001000324d9ff0010f6ff032423984502f7
:107b6000ffff7326000093a025306002ff87400fbf
:107b70002520600021205300252840027dff0010b1
:107b80000100832442ff02121c00348e04001026e0
:107b9000808010000a80907e3dff00121000b0af80
:107ba0001000a5270f63400f2520800238ff00102a
:107bb0000000000032ff54540400102634ff00106f
:047bc00000000000c1
:020000040000fa
:020000041d00dd
:107bc4001800838cb8ffbd27030002244400bfaf14
:107bd4004000beaf3c00b7af3800b6af3400b5af1d
:107be4003000b4af2c00b3af2800b2af2400b1af63
:107bf4008d0062102000b0af0080133ccc56752677
:107c04000c00b18e7b002016259080006b00a01024
:107c140025b8a0000400a2900400b08e0000949443
:107c2400080000121000a2a203004014cc56628e79
:107c3400050054500800448eb757400f0000000060
:107c44000400b08e0800448e0800ea8e0c00e98e11
:107c54001000e88e1400e68e2000e58e2400e28eeb
:107c64000800a4aecc5674ae3000aaae3400a9ae5f
:107c74003800a8ae3c00a6ae4000a5a6170000122e
:107c84004200a2a63c8b400f1000448e1000a49228
:107c94005f008014002102000c00a28e0100102459
:107ca400010042240c00a2ae4400bf8f2510000244
:107cb4004000be8f3c00b78f3800b68f3400b58fbc
:107cc4003000b48f2c00b38f2800b28f2400b18f02
:107cd4002000b08f0800e0034800bd270800828c14
:107ce4003c00062409f840002528800225b0400005
:107cf400320040100400a2ae0000e28ecc56648e26
:107d040040a0020021a08202c0a014007c008018c0
:107d140028009426029d023c1000a2af029d023c62
:107d24001400a2af029d023c029d1e3c1800a2afab
:107d34000800a48e0400828c09f8400025288002e3
:107d44002580400028004a241000a28f200fc92754
:107d540025200002c0df48241400a28fd82c45241b
:107d64001800a28f13000012443242240000eb8e4c
:107d740000000aae18000a2408000aae01000a2412
:107d8400040016ae0c000bae10000aae140009aecf
:107d9400180008ae1c0005aec386400f200002aeda
:107da4000000d0aee480400f0400c4263a00401422
:107db40000000000b757400f000000004400bf8fd0
:107dc40025800000251000024000be8f3c00b78fc4
:107dd4003800b68f3400b58f3000b48f2c00b38fc9
:107de4002800b28f2400b18f2000b08f0800e00378
:107df4004800bd271000448e3c8b400f0400b08e19
:107e04001000a492a5ff80500c00a28e0021020055
:107e14002320820080200400bc80400f2120040223
:107e24009eff00100c00a28e0080023ccc5642241f
:107e3400100050900e0000164000be8f4400bf8f0b
:107e440001001024251000023c00b78f3800b68fc3
:107e54003400b58f3000b48f2c00b38f2800b28f5c
:107e64002400b18f2000b08f0800e0034800bd2734
:107e74001000848c3c8b400f0400518c00210200c4
:107e84002320820080200400bc80400f2120240293
:107e940086ff00104400bf8fe480400f1400c42606
:107ea400c4ff40102400c426e480400f01003126a2
:107eb400c0ff4010000000000000c28e1800e48ed5
:107ec4003c00d6260c00428c02104470eb51043c5a
:107ed4001f858434630042241900440010100000fc
:107ee40042110200f8ffc2ae1c00e28efcffc2aedb
:107ef400cc56628e2a1022028eff40540800a48eb3
:107f04000100063c0200c6241c000524f05e400f5c
:107f14003800042404004010029d043c1c258424e1
:107f2400080044ac0c0040ac009d053cd00706247e
:107f3400c466a524020004246a7b400f4400a2ae58
:107f44000080043cec568424858d400f1c00a2aeb6
:107f54004400a48e97ff8010000000001c00a48e33
:107f640094ff80100000000092ff40100000000009
:107f74000400b08e1800a0ae42ff00101400a0aea2
:020000040000fa
:020000041d00dd
:107f84002540c0002518e000255080009800e0142a
:107f94002510a0002b30a6003500c0100000000002
:107fa400202805710600a0102320050006208a0061
:107fb4000410a2000440a800251082000450aa0066
:107fc400023408001b004600f401c000ffff053125
:107fd40002240a00123800001010000000140200ed
:107fe400252044000248a7702b5889000a0060111c
:107ff4002510e000212088002b5888000600601519
:10800400ffffe2242b5889000400605123208900db
:10801400feffe22421208800232089001b00860023
:10802400f401c000103000000034060012200000eb
:108034000238a470ffff45312528c5002b48a7004e
:108044000800201125308000212805012b40a800bc
:1080540004000015ffff86242b28a7000100a0546c
:10806400feff8624001402000800e00325104600e9
:1080740004000015010002241b004800f401000163
:108084001240000020580b712300601520000724c3
:108094002328a80001000324023408001b00a600c2
:1080a400f401c000ffff073102240a001228000077
:1080b4001010000000140200252044000248e5705e
:1080c4002b5889000a0060112510a0002120880087
:1080d4002b58880006006015ffffa2242b58890046
:1080e4000400605123208900feffa224212088007f
:1080f400232089001b008600f401c000ffff4a31e1
:1081040010280000002c05002528aa0012200000d9
:10811400caff00100238e4702338eb000440680101
:108124000648e400023408000638e5001b00e600b7
:10813400f401c0000410650125482201ffff02314b
:10814400021c09001228000010380000003c07003f
:108154002538e300025045702b60ea000a008011c4
:108164002518a0002138e8002b60e80006008015df
:10817400ffffa3242b60ea00040080512338ea00a7
:10818400feffa3242138e8002338ea001b00e600a0
:10819400f401c000ffff2531123000001038000048
:1081a400003c07002528e500021046702b48a20079
:1081b4000a0020112538c0002128a8002b48a80057
:1081c40006002015ffffc7242b48a20004002051fd
:1081d400001c0300feffc7242128a800001c030084
:1081e400045064012328a200abff00102518670087
:1081f4002b40a700251800004e0000152510000094
:108204002050ea7007004015200009242b28e500bf
:108214004800a014010002242b1086000800e0038b
:108224000100423823482a01061026010438470178
:108234002538470004184501024407000628250193
:108244001b00a800f4010001ffffeb30061024011d
:1082540025104300021c02001228000010480000f0
:10826400004c090025482301026065712b682c012c
:108274000a00a0112518a000214827012b68270116
:108284000600a015ffffa3242b682c010400a051b5
:1082940023482c01feffa3242148270123482c0155
:1082a4001b002801f4010001ffff453012400000cb
:1082b40010480000004c0900252825010258687167
:1082c4002b10ab000a004010254800012128a7000c
:1082d4002b10a70006004014ffff09252b10ab004c
:1082e4000400401000140300feff09252128a70004
:1082f4000014030004304601251049001900c2008f
:108304002328ab00103800002b18a70007006014c6
:10831400123000000700a7142518000004204401af
:108324002b2086000300801000000000ffff422481
:10833400251800000800e003000000002548c000e4
:10834400251080008b00e0142518a0002b30a60017
:108354003300c01020502a7108004011025c09004b
:108364000418450123280a000628a40004484901ea
:108374002518a30004104401025c09001b006b00d3
:10838400f4016001ffff24311218000010280000de
:1083940002306470001c0500022c020025186500e0
:1083a4002b2866000800a0502318660021186900d5
:1083b4002b2869000300a0142b2866000100a05498
:1083c40021186900231866001b006b00f40160018a
:1083d400ffff423010300000121800000258647091
:1083e400001c0600251062002b184b000900605089
:1083f40023104b00211049002b184900050060543c
:1084040023104b002b184b0001006054211049002d
:1084140023104b00061042010800e0032518000059
:1084240004002015010003241b006900f40120014d
:108434001248000020502a711f0040152000072414
:108444002328a900025c09001b00ab00f4016001b1
:10845400ffff243112280000101800000230a4701d
:10846400002c0300021c02002528a3002b18a600e0
:10847400080060502330a6002128a9002b18a90069
:10848400030060142b18a600010060542128a900e1
:108494002330a6001b00cb00f4016001ffff423033
:1084a40010280000123000000258c4700034050087
:1084b400cdff00102510c2002338ea00044849010a
:1084c4000618e400023409000638e5001b00e60043
:1084d400f401c00004104501ffff28312518620093
:1084e400022c030012380000106000000210e87033
:1084f400003c0c002538e5002b28e2000800a050c1
:108504002338e2002138e9002b28e9000300a014f5
:108514002b28e2000100a0542138e9002338e200ae
:108524001b00e600f401c000ffff653012300000bc
:1085340010380000003c07002528e5000230c87010
:108544002b10a60009004010041044012128a900a2
:108554002b10a90005004014041044012b10a600a0
:10856400010040542128a90004104401b5ff001063
:108574002328a6002b40a7005c0000152070ee7095
:108584000a00c0152b40e500030000152b408600af
:108594005600001500000000231086002328a700c1
:1085a4002b1882000800e0032318a30020000b24ea
:1085b40023586e01066066010438c7012538870117
:1085c4000440c501024c0700062865011b00a900f0
:1085d400f40120010610640125104800ffffe83073
:1085e40002640200122800001050000000540a0027
:1085f40025504c01021805712b6043010a008011bb
:108604002568a000215047012b6047010600801512
:10861400ffffad242b60430104008051235043012c
:10862400feffad2421504701235043011b004901a3
:10863400f4012001124800001050000000540a0008
:1086440002280971ffff4830254048012b1005011d
:108654000a00401025502001214007012b1007017a
:1086640006004014ffff2a252b10050104004010ca
:1086740000640d00feff2a252140070100640d005f
:108684000410c60125608a011900820123400501f6
:108694000418c401106800002b200d012528a00136
:1086a40012600000050080141230000007000d1550
:1086b4002b206c00060080102330660023308201da
:1086c4002338a7012b6086012328ec0023306600a1
:1086d4002b186600234005012318030104106301cd
:1086e4000630c601251046000618c3010800e00341
:0486f4000000000082
:020000040000fa
:020000041d00dd
:1086f80088febd276001b0af648090876401b1af88
:1087080025888000252000027001b4af6c01b3af4a
:108718006801b2af7401bfaf2590a00025a0c000ca
:108728000167400f2598e0002c01422c9d00401461
:1087380025284002846d400f2520000225300000c6
:1087480001000524f71c400f2520000201006232b9
:1087580004004014253040022800228e9c0040541a
:1087680028002626010005245a6d400f2520000206
:10877800020073321c006012251000005801a62761
:1087880001000524252000027f74400f5801a2af84
:1087980025188002c418037c010002241e006250c0
:1087a8005800228203000224930082121200a42798
:1087b8002a000624d488400f252800004000238e74
:1087c800010104241000a4a70700022406000424c1
:1087d8001200a4a3220082161400a3af2c00228e3c
:1087e8001f0000101c00a2af0400428e5801a627eb
:1087f80001000524252000027f74400f5801a2af14
:1088080025188002c418037c01000224e6ff6214c4
:108818000300022458002282720041040000000074
:108828004000338e580022922a0006242528000092
:108838008410027c580022a2d488400f1200a4277a
:1088480001010324f9ff82261000a3a74408027c33
:10885800060003241200a3a3e0ff40101400b3afe6
:108868003c0042260a101200030043880400489086
:1088780005004790000043982c0006241000a52707
:10888800252000022c00a3af3000a8a33285400f9a
:108898003100a7a3c000062425280000d488400f73
:1088a8001000a427c00006241000a5273285400f19
:1088b800252000023801062425280000d488400f0e
:1088c8001000a427029d023cf432428c25200002ad
:1088d800029d113c1000a2af1400a2270167400faf
:1088e8004801a2affcff42244c01a2af04000224bd
:1088f8005001a2af029d023c5401b4afb408422417
:108908002c2a312602000010029d133c0000228e02
:108918004801a52709f84000252040020400312617
:1089280043004004482a65264c01a48f5001a68fb5
:108938004801a38f232082002130460021106200c5
:108948004c01a4af5001a6aff0ff25164801a2af15
:10895800ec00c2242c01422c04004010ffffc6305a
:10896800400002245001a2af400006241000a527b1
:108978003285400f25200002a727400f252000023e
:108988007401bf8f010002247001b48f6c01b38f92
:108998006801b28f6401b18f6001b08f0800e003f5
:1089a8007801bd27a727400f252000027401bf8f3b
:1089b800251000007001b48f6c01b38f6801b28f6d
:1089c8006401b18f6001b08f0800e0037801bd2712
:1089d80001000524c887400f2520000265ff00100c
:1089e80002007332998d400f000000002598400066
:1089f8008cff0010400022ae54002396020002248f
:108a080084ff62102a00062425280000d488400f1d
:108a18001200a4274000228e010103241000a3a7fe
:108a2800060003241200a3a38dff00101400a2afb8
:108a38002520000225300000e86f400f252800009f
:108a48007401bf8f251000007001b48f6c01b38fc3
:108a58006801b28f6401b18f6001b08f0800e00334
:048a68007801bd27ad
:020000040000fa
:020000041d00dd
:108a6c00b0ffbd270f000524030004244c00bfaf4a
:108a7c004800beaf4400b7af4000b6af3c00b5af46
:108a8c003800b4af3400b3af3000b2af2c00b1af8c
:108a9c00ca84400f2800b0af010042300d004014d2
:108aac000080133c4c00bf8f4800be8f4400b78f32
:108abc004000b68f3c00b58f3800b48f3400b38fb4
:108acc003000b28f2c00b18f2800b08f0800e0036b
:108adc005000bd27029d143cae8a400f03000424b5
:108aec00f0ff4010258840001800328e400003240f
:108afc0000004292f00042300d004314f2ff0524b6
:108b0c000000508e808010003c0010321400022ea9
:108b1c0008004014030006241000228effff1532bb
:108b2c000c0042942b105500060040100000000071
:108b3c0003000624b287400f25202002e6ff001018
:108b4c0000000000b02f400f0200449625b04000fa
:108b5c002b105500f6ff4014f2ff05247084400fd3
:108b6c00252020022b105600f1ff4014f2ff0524a3
:108b7c002800378eeeffe012ecff05244200e2964f
:108b8c0040004230030040540c00438ee9ff0010bb
:108b9c0003000624ffff0224e5ff6210f5ff052405
:108bac000800e28e0400e48e271002002510440019
:108bbc00e0ff62100300062410005e8eddffc01380
:108bcc00f4ff05240400428e0c00438e0000468ef8
:108bdc000800458e022402001000a6af1c00a3afb3
:108bec001400a2af1800a5af2000beafb02f400fed
:108bfc001200b6a71600a2a71400a28fff3f033cd9
:108c0c0024104300caff4014f2ff05242000228eda
:108c1c00000142302b004010253000000400e48e8f
:108c2c000800e38e241083001000c213ffff0524fc
:108c3c002b00c513c880828f2718030025186400e9
:108c4c002700c3132000a393e0000524f000633039
:108c5c00530065100001033c7f0063245500c313cf
:108c6c00010042305300c41300000000cc80828ffe
:108c7c00cc80838ffdff431400000000acff40103c
:108c8c00ecff05247e76400f905864269058728e27
:108c9c00252800024b004012252020020800429299
:108cac00fcff40500000528e0400428e09f8400038
:108cbc00000000003600401400000000f4ff00101b
:108ccc000000528e2528a002b82f400f252040020c
:108cdc00d3ff40500400e48e95ff0010f6ff0524ee
:108cec0002004230e1ff4014000000001800308efa
:108cfc001000258e0000028e0c00a3940200049636
:108d0c00801002003c004230ffff523023187200ea
:108d1c00211002021c0022aeb02f400f0c00a3a4a5
:108d2c000600049623905200020002a6b02f400fba
:108d3c002c0032a609000392060002a6ffff622453
:108d4c00ff0042301100432c79ff6010f1ff052425
:108d5c0080100200080c83260a10627c0a00401066
:108d6c00ff3f033c0400048e241864005aff601477
:108d7c000100062425282002b773400f252040004f
:108d8c0055ff40140000000069ff0010f1ff05249e
:108d9c00367c400f90586426d5ff00101800308e9a
:108dac0004004230d2ff40501800308eafff00104c
:108dbc0000000000adff401400000000ccff0010cc
:108dcc001800308e367c400f9058642658ff0010e7
:048ddc00ecff05247f
:020000040000fa
:020000041d00dd
:108de0001800838cc8ffbd27030002243400bfafe6
:108df0003000b7af2c00b6af2800b5af2400b4af39
:108e00002000b3af1c00b2af1800b1af86006210f3
:108e10001400b0af7480928f1600401225b8800005
:108e20001000e48e42008294080042308800401412
:108e3000253000007480828f01001024010042243c
:108e4000748082af3400bf8f251000023000b78fce
:108e50002c00b68f2800b58f2400b48f2000b38f6c
:108e60001c00b28f1800b18f1400b08f0800e0030f
:108e70003800bd270080153cd857b126d857a0ae82
:108e8000040020ae080020ae0c0020ae100020ae82
:108e9000140020ae180020ae1c0020ae200020ae32
:108ea0009000a010240020ae1000a38c0200022429
:108eb0008c0062102598a0000400a68c0800848c09
:108ec00040800600218006020400828c0081100090
:108ed00028001026100024ae09f8400025280002c2
:108ee0008000401025b040002530000225280000f9
:108ef000d488400f252040000400628e2800c3263d
:108f00000000c3ae0c00c2ae010002241000c2aecd
:108f1000029d023c400342241400c2ae029d023c6a
:108f2000449b42241800c2ae029d023cec33422412
:108f30001c00c2ae029d023c3000032400e3422428
:108f40000800c3ae2000c2ae2520c002c386400f79
:108f50000400d6ae0c00648e1400638e0800678e89
:108f60001000668e0400658effff7430ffff8230b4
:108f70001000422480a0140021a08202ffff0224de
:108f8000d857b6ae240022a6140027ae200024a68f
:108f9000220023a6180026ae1400a01c80a01400f6
:108fa00030000010019d053c20002396200000aefb
:108fb000100000ae8020030003006010140000ae1b
:108fc000100002ae2110440022002396030060101e
:108fd00000210300140002ae211044000400638e3f
:108fe0002a1843021e006010200002ae252840020d
:108ff0006688400f2520c0021000248e2580400086
:10900000252880020400828c09f8400001005226c5
:10901000e5ff4014040002ae6769400f25202002de
:1090200088ff0010258000001000848c420082948c
:109030000800423083ff401001001024253000005a
:10904000d06e400f252800007fff00103400bf8f36
:10905000d06e400f2528000077ff00107480828fab
:10906000019d053cc80006244809a5246a7b400fe1
:109070000f000424190040100c0022ae240030869a
:10908000ffff022466ff0256788091af1800248efd
:10909000253000007f8d400f350005240f00501053
:1090a0002590400053000524818d400f252040006d
:1090b0005300422c180040102530000053000624b5
:1090c00005000524f71c400f252040021200401423
:1090d000253000002068400f25204002887e400f88
:1090e000d857a4263400bf8f258000002510000229
:1090f0003000b78f2c00b68f2800b58f2400b48fb6
:109100002000b38f1c00b28f1800b18f1400b08ff5
:109110000800e0033800bd2702000524f71c400fbb
:1091200025204002029d063c25380000ec27c6247d
:1091300000010524607a400f25204002e5ff401021
:1091400000000000240032a635ff0010788091afa7
:020000040000fa
:020000041d00dd
:1091500078ffbd276c00b1af1000918c8000b6afd6
:109160007c00b5af7800b4af7400b3af7000b2af9d
:109170006800b0af8400bfaf1c00908c4200229604
:109180001400879425908000845a027e25a8a000b0
:109190002598c000580027a6420022a64400348e1d
:1091a0000e00a0105400368e0c00c01000008596f2
:1091b0000000a28e5900a210feffc3242510a002b9
:1091c00004000010ffff06240000448c5400a4108b
:1091d000ffff6324fcff6614080042240100022400
:1091e0005400025200004296009d073c029d103c34
:1091f000c47be724580110260a000010029d143c8d
:1092000009f8e000252040021b00405000000696af
:109210000c001026ac0183262a0003525000248e35
:109220000400078ef6ffa012252800008d006012b2
:10923000000005960000a28e1f004510feff632669
:109240002510a00204000010ffff06240000448c3b
:109250001a00a410ffff6324fcff661408004224d8
:109260002528000009f8e00025204002e9ff4054cd
:109270000c00102600000696029d053c5099a5247e
:1092800025200000e883400f6000a2af6000a28f9d
:109290008400bf8f8000b68f7c00b58f7800b48fbc
:1092a0007400b38f7000b28f6c00b18f6800b08f04
:1092b0000800e0038800bd272510a002d0ff0010a1
:1092c0000400458cf3ff80108400bf8f4400228e81
:1092d000010006244c00428c09f840009607052442
:1092e000620040108400bf8f430023928000b68f3d
:1092f0003f00633040006334430023a27c00b58ffd
:109300007800b48f7400b38f7000b28f6c00b18f8f
:109310006800b08f0800e0038800bd272510a00278
:109320000400568c01000224afff0216540036ae32
:10933000000042960800438e3e00a7a73c00a2a76b
:10934000029d023c043442241000a2af029d023c64
:10935000103442241400a2af029d023c1c3442246b
:109360001800a2af019d023cc07b42242000a2afa6
:10937000029d023c54ce42242400a2af029d023c36
:10938000c81e42242800a2af019d023cbc5d4224bd
:109390002c00a2af029d023c802f42241c00a3aff0
:1093a0003800a0af4000a0af4400a0af4800a0af7d
:1093b0004c00a0af3000a2af738d400f3400b1afae
:1093c000758d400f4000a2a73f00238a40002492e1
:1093d0001c00458e3c00239a4c00a4a3410024921b
:1093e0001800468e4500a5a34800a3af4400a6a3dd
:1093f0004d00a4a3000084960800838e4200a2a71b
:109400001000a2274600b0a75000a0a35400a2afae
:109410005800b6af09f860005000a527ffff1024e0
:109420001b0050104c0022ae1c00828e000084965f
:1094300009f84000030005246bff5014500022aed1
:109440000400868e029d053c500020ae4c0020aeec
:109450002c99a524e883400f252000008cff0010e4
:109460002510000066ff0010252860024400238eae
:10947000029d053c8499a5240400668c25200000eb
:10948000e883400f6000a2af81ff00106000a28f50
:109490000400868e029d053c4c0020aefc98a5245d
:1094a000e883400f2520000079ff00102510000000
:020000040000fa
:020000041d00dd
:1094b00060ffbd270f000524060004248400b2af1e
:1094c0009c00bfaf9800b7af9400b6af9000b5afa7
:1094d0008c00b4af8800b3af8000b1afca84400f36
:1094e0007c00b0af25904000010042300e004014d7
:1094f0000080153c02005232290040169c00bf8fac
:109500009800b78f9400b68f9000b58f8c00b48f01
:109510008800b38f8400b28f8000b18f7c00b08f41
:109520000800e003a000bd27130000100080163cd7
:109530001800118e253800002530e0022528600231
:10954000252000028a50400f0c00348e0700401482
:10955000f6ff052400006296080003247a004350b9
:109560002800048e46004010f3ff05240600062460
:10957000b287400f25200002ae8a400f0600042467
:10958000dcff4010258040002c0017960800e22eda
:10959000e7ff40501c00138ef4ff0010f2ff05247b
:1095a000847b400f0080113c1000a427958c400f55
:1095b00025904000b058308e14000012252800007d
:1095c000050000100400028e100040102528000243
:1095d000258040000400028ebc80838f231042024d
:1095e0002b104300f8ff40540000028edd78400f3e
:1095f000b0582426252800027f84400f1000a4279d
:109600000000028ef2ff4014252800020080113c69
:1096100009000010bc5831261c00028e0400405086
:109620002528000209f840002000078e25280002a6
:109630007f84400f252020028e84400f1000a42735
:1096400025804000ffff062425284000f2ff40143b
:10965000080044249c00bf8f9800b78f9400b68ff9
:109660009000b58f8c00b48f8800b38f8400b28fc8
:109670008000b18f7c00b08f0800e003a000bd2700
:10968000b058b18ebaff201206000624040064967a
:109690000400001025280000580040102528200252
:1096a0002588400012002296fbff44540000228ec1
:1096b0001000239606006296f7ff62540000228e87
:1096c00008002a8e0c00298e1000288e1400278e88
:1096d0001800268e1c00238e2000228eb058a4264f
:1096e0005800aaaf5c00a9af6000a8af6400a7afa4
:1096f0006800a6af6c00a3afdd78400f7000a2af8a
:10970000252820027f84400fbc58c4266c00a28ffd
:1097100008007326f8fff7266400b3af6800b7a708
:109720005c00b4af91ff4010020005247000a78fc9
:10973000252820022530000009f840005800a42701
:109740008aff001002000524cd7e400f1000252660
:1097500086ff4014f1ff05241c00048e2800118ea2
:1097600002008294000080a4ff0046300800c32459
:10977000ff006330252840000800672c0800e01037
:109780000438657c003a427c01004224ff004230ec
:1097900003004014047a457c0900c6240438c57cc3
:1097a000020085a4253000000100052425200002c8
:1097b0006c49400f000000ae1800028e25300000fa
:1097c000252800020c00438c1000428c1000a427b6
:1097d0004800a3af4c00a2af7328400f5000b1afb8
:1097e00065ff401406000624faff0524b287400fe7
:1097f0002520000260ff0010000000005bff001049
:04980000f3ff052449
:020000040000fa
:020000041d00dd
:1098040090ffbd27019d023c2000a2af019d023cb8
:109814002400a2af0080023c1800a2af019d023ccc
:109824001c00a2af019d023c2800a2af019d023c96
:109834002c00a2af019d023c3000a2af019d023c6e
:109844003400a2af019d023c3800a2af019d023c4e
:109854003c00a2af019d023c4c00b1af4800b0af48
:10986400019d113c029d103c4000a2af019d023cb1
:109874006400b7af6000b6af5c00b5af5800b4afda
:109884005400b3af5000b2af6c00bfaf6800beafbe
:1098940054361026019d123c019d163c0080133c59
:1098a400f89931264400a2af029d153c019d143c59
:1098b400019d173cde87400f000000002200401885
:1098c4006c00bf8f01000524f169400f1000a4272c
:1098d40001000324f7ff43141000a3930d00042494
:1098e40020f4037c2300c4130a0004242100c413bd
:1098f400080004242e00c4137f0004242c00c41385
:10990400e0ff63245f00632ceaff6010284784268d
:109914003583400f2528c0033c81838f3f00642c8e
:1099240046008010985765260100642421186500bc
:109934003c8184afde87400f00007ea0e2ff401c24
:10994400010005246c00bf8f6800be8f6400b78fd0
:109954006000b68f5c00b58f5800b48f5400b38f8d
:109964005000b28f4c00b18f4800b08f0800e00364
:109974007000bd27fb7e400f252000023c81828fb2
:1099840001000324120043100200422c040040147e
:1099940020474426fb7e400ff046c4262047442639
:1099a400fb7e400f3c8180afc2ff0010000000002e
:1099b4003c81828fbfff4010ffff42245836a4260b
:1099c400fb7e400f3c8182afbaff00100000000014
:1099d400985765829fffa224ff0042301200432c57
:1099e40056006010801002000a10227e0800400019
:1099f40000000000789a009d409b009d409b009dc4
:109a0400409b009d409b009d409b009d409b009d72
:109a1400b89a009d409b009d409b009d409b009deb
:109a2400409b009d409b009d089b009d409b009d8a
:109a3400309b009d409b009d549a009d2c47e4263a
:109a4400fb7e400f3c8180af9aff001000000000b5
:109a54002400a28ffb7e400fc04644242483400f81
:109a6400000000008685400f00000000ccff0010bd
:109a7400204744262800a28ffb7e400f80464424c2
:109a84001800be8fff030524575b400fe44bc42727
:109a94001c00a28fe44bc5273583400f9446442411
:109aa4002c00a28f3583400f9c464424bcff001039
:109ab400204744263000a28ffb7e400f08464424f2
:109ac4003400a28ffb7e400f144644243800a28f3a
:109ad400fb7e400f284644243c00a28ffb7e400faf
:109ae4003c4644244000a28ffb7e400f5046442451
:109af4004400a28ffb7e400f68464424a8ff001058
:109b0400204744261800be8fff030524aa40400fb7
:109b1400e44bc4271c00a28fe44bc5273583400fb8
:109b2400944644249eff001020474426165a400fb2
:109b3400000000009aff0010204744262000a28f56
:109b44003583400fd046442495ff00102047442617
:020000040000fa
:020000041d00dd
:109b5400c8ffbd273400bfaf3000beaf2c00b7af85
:109b64002800b6af2400b5af2000b4af1c00b3afdb
:109b74001800b2af1400b1af5e72400f1000b0af66
:109b84009b004010029d123c25884000f42e522672
:109b9400029d133c029d143c029d163c029d153c03
:109ba400029d173c9000308e43000012000000001c
:109bb4001000028e0400428c62002216ba030524af
:109bc4000f000392020002244d006214bb0305241b
:109bd4000c000292ffff4224ff0043300500632c77
:109be40050006010c70305240e00049201000324f2
:109bf4008b00831000000000082f632680100200f1
:109c04000a10627c2528000209f840002520200261
:109c14000e0002920600432c460060100000000073
:109c24000500422c240040140000000010001e8e89
:109c34000400c28f47002216bc0405240d000292c2
:109c440001004230130040540c0003920800c28ffc
:109c5400440040500c0003920e000492ffff832442
:109c64000400632c73006054080007960700832cdb
:109c74008300601005000324590083102530000080
:109c8400080007962528000209f840002520c00393
:109c94000c00039203000224070062100200072450
:109ca4009000262625280002bd55400f25202002bd
:109cb400bdff00109000308e8f8d400f000000001b
:109cc400000023922520400001006324000023a209
:109cd4003400bf8f3000be8f2c00b78f2800b68fa2
:109ce4002400b58f2000b48f1c00b38f1800b28fee
:109cf4001400b18f1000b08f918d400b3800bd2738
:109d0400ba85400f252040020c000292ffff422436
:109d1400ff0043300500632cb4ff60540e0004922e
:109d2400c7030524ba85400f2520400207000224fa
:109d34000e0002a2378d400f1000248eb8ff0010d1
:109d44000e000292ba85400f252040029dff0010ac
:109d54000f000392ba85400fa42e8426b8ff00108a
:109d64000d00029203000224d3ff621000000000e1
:109d740090003e8e3500c013560205249400228eb6
:109d84003900c253940020ae0000c28f900022ae6e
:109d94009800228e02000324ffff4224980022ae82
:109da4000f00c293320043140601052427001e1637
:109db40056020524a000228e280040100000c0afe7
:109dc40000005eaca0003eaea400228e010042243e
:109dd400a40022ae0300022472ff00100f00c2a3ed
:109de400040002240e0002a2a5ff00100800c28f86
:109df4003400bf8f3000be8f2c00b78f2800b68f81
:109e04002400b58f2000b48f1c00b38f1800b28fcc
:109e14001400b18f1000b08f0800e0033800bd2794
:109e2400358d400f1000248e0c00029272ff00103a
:109e3400ffff4224010006242528000209f84000ff
:109e44002520c00393ff00100c000392ba85400f35
:109e54001430a426d8ff0010a000228ea0003eae2d
:109e6400d9ff00109c003eaec9ff0010900020ae48
:109e7400ba85400f782cc426ccff001000000000e7
:109e8400f3040524ba85400f902ee4260800c28fff
:089e94007bff0010ecff062427
:020000040000fa
:020000041d00dd
:109e9c00c0ffbd272000b0af3c00bfaf3800b6af4d
:109eac003400b5af3000b4af2c00b3af2800b2af64
:109ebc002400b1af0d008004258000009080828fbb
:109ecc002a1082000a0040103c00bf8f998c400f72
:109edc000000000005004010258840003c00529016
:109eec00010002240c004212000000003c00bf8f55
:109efc00251000023800b68f3400b58f3000b48fb7
:109f0c002c00b38f2800b28f2400b18f2000b08fab
:109f1c000800e0034000bd275089400f2520200297
:109f2c00f3ff40103c00bf8f4000278e0002e23050
:109f3c00530040500800308e0c00228e5400509478
:109f4c00ebff00123c00bf8f1400228e500040101b
:109f5c008000e230500040102400248e4f008050ce
:109f6c008001e77c0300e2300200032489004310e7
:109f7c00000000001400228e0c00338e1800238e7b
:109f8c000002e7303c0062ae380063ae400064aec5
:109f9c004e00e0101c00748e54007096480075261c
:109fac000800022408001626ffffd6321000638e2c
:109fbc002a0024960c00659421104500b02f400f08
:109fcc000c0062a428002496b02f400f000082a63b
:109fdc00020082a6b02f400f2520c0022400238e41
:109fec00040082a6060080a6600063900200633025
:109ffc004f0060503c00638e3c0063924800228e00
:10a00c00e0000424f0006330c028497c63002892ef
:10a01c003a0064104002427c1c00a7272530c00285
:10a02c0011000524252060021e00a2a31d00a8a378
:10a03c00e52d400f1c00a9a3000060ae2510000008
:10a04c00340062a60a8d400f25206002a8ff401440
:10a05c003c00bf8f4000228e1000638e0002423005
:10a06c00230040100c0060a4540060a62000628ef7
:10a07c0025800000c418027c9cff0010200062aefa
:10a08c000000228e23800202adff0010ffff103271
:10a09c0096ff0010258000008001e77c1800262622
:10a0ac007e68400f1400252625204000f8ff401044
:10a0bc00240022ae40002292c0ff0324251043004e
:10a0cc00400022a2a7ff00104000278e0000228e25
:10a0dc000800308e25a8000023800202ffff1032fa
:10a0ec0008000226ffff4230b0ff001025b04000f0
:10a0fc000000228eddff0010080022ae0b9008013c
:10a10c001c00a7272530c002110005242520600261
:10a11c001e00a2a31d00b2a3e52d400f1c00a9a395
:10a12c004000228e000060aec5ff00108004427c0f
:10a13c003800678e253000001400a3af0c000524f6
:10a14c00001103241000a4271800a3a71000a7af28
:10a15c00b82f400f1a00a2a74000238e2710020030
:10a16c000002633011006010ffff46300800052428
:10a17c00b82f400f252080020800a48e2710020063
:10a18c00ffff4630b82f400f252800029aff001021
:10a19c00060082a6ac84400f00000000140022ae22
:10a1ac002400248e74ff00104000278e2528c00246
:10a1bc00b82f400f252080028fff0010060082a6ca
:020000040000fa
:020000041d00dd
:10a1cc00c0ffbd273c00bfaf3800b5af3400b4af03
:10a1dc003000b3af2c00b2af2800b1af4500c014b3
:10a1ec002400b0af2598a000020014244000828cfb
:10a1fc00360040102590a000258880003c00852466
:10a20c00817c400f252040003d00401025a8000017
:10a21c003f00438840004590410044903c004398e7
:10a22c001400a5a31500a4a31000a3af400022aef8
:10a23c001000b0270000438e25006054251000004c
:10a24c00252840028782400f252040001f00401027
:10a25c0025884000280042ae000807243c00462414
:10a26c0025280002a76e400f252040025300a0169f
:10a27c00010006242000428e2528400210004234a2
:10a28c00200042ae6878400f2520200210000010fc
:10a29c0001000224d480828f5b0040140080103cab
:10a2ac00019d053c25300000a415a5242a7a400ff9
:10a2bc002520000053004014d48082af029d053c41
:10a2cc002005a524e883400f252000002510000060
:10a2dc003c00bf8f3800b58f3400b48f3000b38f83
:10a2ec002c00b28f2800b18f2400b08f0800e0033f
:10a2fc004000bd2725988000bcff001001001424ed
:10a30c003c00358effff02242600a2124000308e46
:10a31c00ac84400f252000022100a2524000308e58
:10a32c000400001203000224630003925b006250dd
:10a33c001000a0af3c00229220004224ff004230cb
:10a34c001000422c460040543d0022923c00238ecb
:10a35c000400028e0800048e2610620024104400b3
:10a36c002500401401001524010007241000a62725
:10a37c001800a527252000025b70400f1800a3af22
:10a38c000200032442004310010003244408027c11
:10a39c00ceff431425800000a6ff00104000228e43
:10a3ac00ffff02241000a2af1400a2a70100152485
:10a3bc00251000029fff00101000b0277084400f82
:10a3cc00252040025e002396f2ff4224ffff42301c
:10a3dc002b186200beff605425100000adff001268
:10a3ec0025284002427d400f252020022710020024
:10a3fc00b7ff0010c21702000c00038edaff00102a
:10a40c00020015240080103ca05804267e76400fd4
:10a41c00580031960080043c8e84400fc858842428
:10a42c00230040101800a38f25284000a0580426b4
:10a43c000c0043ac040054a0050051a07f84400fd5
:10a44c00080053ac367c400fa05804262000438ee5
:10a45c0001000224080063349dff0010200043ae6d
:10a46c003e002396010004247f0042301000a4a774
:10a47c005e0004241300a2a31200a4a31400a3a73b
:10a48c004000228e1000b0276aff00100100152436
:10a49c004000228e67ff00101000b0271400a0a708
:10a4ac004000228e1000b02762ff0010010015241e
:10a4bc00029d053c5005a524e883400f2520000093
:10a4cc00367c400fa058042681ff00102510000098
:020000040000fa
:020000041d00dd
:10a4dc0050febd279401b0af648090879c01b2af51
:10a4ec002c000624259080004801a5272520000279
:10a4fc00ac01bfafa801b5afa401b4afa001b3af1d
:10a50c009801b1afbc37400f4801a0a34801a393f9
:10a51c00020002240e006210c000062425880000f0
:10a52c004f79400f25200002ac01bf8f251020026f
:10a53c00a801b58fa401b48fa001b38f9c01b28f79
:10a54c009801b18f9401b08f0800e003b001bd27d2
:10a55c0025280000bc37400f25200002c000032432
:10a56c00efff431425880000380106241000a527ae
:10a57c00bc37400f2520000225a040000400422ccf
:10a58c00e7ff401425880000029d023c1000a38fb9
:10a59c00f432428ce2ff6214000000000d8d400f7b
:10a5ac000000000025a840002e0040187080938ffa
:10a5bc0003000010000000002a00b1125c0073269a
:10a5cc004e85400f25202002fbff40100100312654
:10a5dc004200439440006330f7ff6010000000001d
:10a5ec005800639201006330f3ff6010000000001c
:10a5fc0056006396c418037cfdff6324fdff633093
:10a60c00edff60144c01a48f4000638eeaff8314ad
:10a61c00060006243c0045246a85400f6401a427eb
:10a62c00e5ff40140000000010005312252000022a
:10a63c005e74400f25280000ac01bf8f25880000f8
:10a64c0025102002a801b58fa401b48fa001b38fef
:10a65c009c01b28f9801b18f9401b08f0800e00378
:10a66c00b001bd27aeff401625880000580042926d
:10a67c000400423007004014fcff9426590042921b
:10a68c00010003240400627c5801a38f590042a2ec
:10a69c002c0043ae1400a227029d113c7c01a0affc
:10a6ac008001a0af8401a0af8801a0af8c01a0af46
:10a6bc007401a2af7801b4aff8063126029d153ca7
:10a6cc00029d133c95ff801a7401a68f350002245d
:10a6dc000000c4901a008210010003244c09a22629
:10a6ec008c0965260b0083500400428c0800422420
:10a6fc00fcff45540000438c0100c2900200422430
:10a70c002130c20023a082027401a6afedff00101d
:10a71c007801b4af7401a52709f840002520400248
:10a72c00090040187401a38f7801b48f21186200be
:10a73c0023a082027401a3afe2ff00107801b4af32
:10a74c00f4ff00102510200275ff4014258800002e
:10a75c007c01b18f02000324090023128001a28f17
:10a76c00050004240c002452540044962400438e0b
:10a77c006bff62542588000069ff00100000000088
:10a78c0058004392240042ae010002248410437c02
:10a79c0063ff0010580043a20900835058004392f5
:10a7ac002400438e5eff6254258800007401a527a7
:10a7bc003b4e400f2520400259ff001000000000c6
:10a7cc00240042ae010002248410437cf7ff0010e9
:04a7dc00580043a23c
:020000040000fa
:020000041d00dd
:10a7e000c8ffbd270f000524090004242800b2afcc
:10a7f0003400bfaf3000b4af2c00b3af2400b1af12
:10a80000ca84400f2000b0af01005230250040162e
:10a81000000000003400bf8f3000b48f2c00b38fd5
:10a820002800b28f2400b18f2000b08f0800e00311
:10a830003800bd272518830077006a540100e724fb
:10a84000010002243c0002a24800029602004230ad
:10a8500005004010e000032410006292f000423036
:10a860001d004314f1ff0524252820027f84400f9a
:10a870004c0004266000029600014230090040109e
:10a88000000000005800028e06004010000000008a
:10a890005c00078e2800258e1200048609f840000f
:10a8a00000010624ae8a400f09000424d9ff40109d
:10a8b000258840002c0022960800422c06004014f7
:10a8c000f2ff05242000228e4004427c0700405005
:10a8d0001c00348ef1ff052409000624b287400fc6
:10a8e00025202002efff001000000000b02f400fd5
:10a8f00004008496258040002c002296f6ff501418
:10a90000f2ff052406008296050040101800338ee1
:10a910002000228e00044230520040100011022418
:10a9200000008496b02f400ff8ff10260200849696
:10a93000b02f400f000082a69080898f020082a66f
:10a94000040090a6e3ff201928002b8e9480888fa6
:10a950002538000002000d3c01000c240f000a24e1
:10a960000000108d2c0000520100e7244000058eed
:10a970002418ad00280060500100e7246200049212
:10a980005400038e2a186400230060500100e7245d
:10a990002a000396200062540100e7243c00039241
:10a9a00023006c5028000e961b0060540100e72421
:10a9b00028000e9600008696251840022000c61139
:10a9c000252000000400a63002006e340b18c601da
:10a9d0002400068e05006651040084341200c01065
:10a9e0000800a6300100c054040063341c00068e29
:10a9f00090ffc050080063341000a5308dffa054b4
:10aa0000080063341800258e0c00a58c1100c55079
:10aa1000080084340100e724d1ffe914040008256c
:10aa2000adff0010f1ff0524f0ff001004006334b7
:10aa30000000869625180000e2ffc615252040027a
:10aa40002400068ee5ff661502008434e7ff00103f
:10aa50000400843478ff8a54251883007bff00109b
:10aa6000480002961800a2a71000638e0400829688
:10aa70000c00678e253000000c0005241000a42770
:10aa80001400a3af1000a7afb82f400f1a00a2a761
:10aa90002000238e27100200040063300a0060109b
:10aaa000ffff46302538c0002528800225300002ef
:10aab0008a50400f2520200299ff4010f6ff052400
:10aac00086ff00100900062425280002b82f400f39
:0caad00025208002f8ff001000000000ac
:020000040000fa
:020000041d00dd
:10aadc00d0ffbd272c00bfaf2800b5af2400b4af0a
:10aaec002000b3af1c00b2af1800b1af1900c010fa
:10aafc001400b0af1800a0102580000016008004d0
:10ab0c00a880828f2b10820013004010b880918f88
:10ab1c00802004000a88247e100020522c00bf8f55
:10ab2c004c00228e0c00401003000324760022926d
:10ab3c00130043102590a0000800032410004310bc
:10ab4c00000000007700239201000224560062509e
:10ab5c000800238e258000002c00bf8f25100002da
:10ab6c002800b58f2400b48f2000b38f1c00b28f47
:10ab7c001800b18f1400b08f0800e0033000bd271f
:10ab8c00d883400f25202002eeff4010259840006e
:10ab9c002b8046000800248e0b3050000400228ebf
:10abac00ffffd030211890002b186200330060108a
:10abbc0025a0000225308002ff87400f2528400287
:10abcc000800268e1000238e2130d4001700c310ed
:10abdc00080026ae740024962016047c3c00400429
:10abec00640025962b1066005b0040500400228efa
:10abfc002330c300ffffc6306a0022962b38a60014
:10ac0c000b30a7002b10c2004d00401000000000bc
:10ac1c006e002296421002002b30c2004800c01079
:10ac2c00000000003e00e050000884303e002296f8
:10ac3c0004004330c9ff60142c00bf8f01000324b3
:10ac4c008410627c847b400f3e0022a69880848f07
:10ac5c0080180400211864006210043cc018030022
:10ac6c00d34d8424190064001018000082190300cd
:10ac7c0021106200b8ff0010280022ae23a044006f
:10ac8c00ffff953225284002ff87400f2530a00298
:10ac9c000000248e2310140221905502080024aecb
:10acac00c4ff0010ffff54301000228eaaff621068
:10acbc002580000064003096a8ff00122c00bf8f86
:10accc006289400f25202002a3ff00102580000080
:10acdc003e00229620004230c3ff40142b10660029
:10acec000400278e0000288e23107002ffff4230d4
:10acfc002338e800433807002a10e200baff40145a
:10ad0c002b1066001a00a014000000003e002296d2
:10ad1c00010003244429627c8fff00103e0022a610
:10ad2c0007008014000000003e002286c0ff420491
:10ad3c003e0022960c00228ebdff62543e002296ed
:10ad4c0086ffa0502c00bf8f6289400f2520200267
:10ad5c0082ff00102c00bf8f0000278e23104300b1
:10ad6c002330c70021304600a3ff0010ffffc63080
:10ad7c006289400f25202002e5ff00103e0022963c
:020000040000fa
:020000041d00dd
:10ad8c00b0ffbd273c00b0af0400908c4800b3afbf
:10ad9c004400b2af4c00bfaf4000b1af2590800073
:10adac002c00a0af2800a0af3000a0af2000a0afb7
:10adbc001c00a0af2400a0af1400a0af1000a0afe7
:10adcc001800a0af029d133c9000118e1a002012a7
:10addc001c00a28f9400028e73002252940000aecd
:10adec000000228e900002ae9800028e0200032416
:10adfc00ffff4224980002ae0f002292660043141b
:10ae0c00060105241000228e5a0042122000a28f47
:10ae1c0055004010000020ae000051ac2000b1af36
:10ae2c002400a28f9000118e01004224e9ff20160d
:10ae3c002400a2af1c00a28f2800a58f2800b127e8
:10ae4c00900002ae2000a28f940002ae2400a28fcc
:10ae5c000800a010980002ae020007242530200242
:10ae6c00bd55400f252000022800a58ffbffa01424
:10ae7c0002000724029d133c9c00118e1a00201224
:10ae8c001000a28fa000028e59002252a00000ae2a
:10ae9c000000228e9c0002aea400028e030003244c
:10aeac00ffff4224a40002ae0f0022924c00435438
:10aebc00060105241000228e400042121400a28fbd
:10aecc003b004010000020ae000051ac1400b1afac
:10aedc001800a28f9c00118e01004224e9ff20165d
:10aeec001800a2af1000a28f2800a58f2800b12750
:10aefc009c0002ae1400a28fa00002ae1800a28f1c
:10af0c000800a010a40002ae030007242530200284
:10af1c00bd55400f252000022800a58ffbffa01473
:10af2c00030007240400428e4c00bf8fffff052452
:10af3c000400449402004394000040a6ffff8424c4
:10af4c008410037c0c0045ae4800b38f4400b28fd4
:10af5c004000b18f3c00b08f040044a4020043a415
:10af6c000800e0035000bd272000b1afacff00107b
:10af7c001c00b1af2c00a28f1f004010000020aeaf
:10af8c00000051ac2c00b1af3000a28f0100422464
:10af9c008dff00103000a2afba85400f782c6426cc
:10afac0099ff00101000228e8fff0010900000ae51
:10afbc001400b1afc6ff00101000b1af2c00a28f6f
:10afcc0010004010000020ae000051ac2c00b1afbe
:10afdc003000a28f01004224a7ff00103000a2af66
:10afec00ba85400f782c6426b3ff00101000228e17
:10affc00a9ff00109c0000ae2c00b1afe2ff0010c6
:10b00c002800b1af2c00b1aff1ff00102800b1af98
:020000040000fa
:020000041d00dd
:10b01c009480828fd0ffbd272c00bfaf2800b6af25
:10b02c002400b5af2000b4af1c00b3af1800b2af12
:10b03c001400b1af970040101000b0af0200a23066
:10b04c00259880002588a00025a0c00025a8e00038
:10b05c0029004010259000008f8d400f000000004b
:10b06c007c8083932a006014ffff6324918d400f32
:10b07c00252040002b0040129080848f0c008018fb
:10b08c009480828f0000438c2c00601004004224ba
:10b09c000400001025800000fcff438c2900605048
:10b0ac008c80848f01001026fbff041604004224c0
:10b0bc008f8d400fffff10247c8083932520400050
:10b0cc0001006324918d400f7c8083a32c00bf8fe3
:10b0dc00251000022800b68f2400b58f2000b48ff5
:10b0ec001c00b38f1800b28f1400b18f1000b08ffa
:10b0fc000800e0033000bd278f8d400f2590c00065
:10b10c007c808393d9ff601025a00000ffff63248f
:10b11c0025204000918d400f7c8083a3d7ff4016e3
:10b12c009080848fce71400f00000000e0ff401033
:10b13c0025904000d1ff00109080848f2580000066
:10b14c008c80848f640006240800828c09f84000ef
:10b15c0001000524d6ff401025b040009480828f5a
:10b16c00801810002086107c211043001200d0a6fd
:10b17c008f8d400f000056ac7c80839325204000bf
:10b18c0001006324918d400f7c8083a34000c28e0c
:10b19c000300032480002432046b627e2a00d2a6b2
:10b1ac002800d4a63c00d3a23d00c3a26200c3a2d7
:10b1bc00210080104000c2ae01000324444a627c8e
:10b1cc001000c0a64000c2ae0001223205004010a3
:10b1dc00010031324000c28e01000324c45a627c4b
:10b1ec004000c2ae17002012010002244800c39692
:10b1fc00010004244000c2928410837c4800c3a642
:10b20c002c00bf8f8420027c1c0042344000c2a260
:10b21c002400b58f251000022800b68f2000b48fb3
:10b22c001c00b38f1800b28f1400b18f1000b08fb8
:10b23c000800e0033000bd2784808297e2ff0010f5
:10b24c001000c2a6a2ff62162c00bf8fa1ffa01295
:10b25c00251000024000c28e0000a38e0442627ec4
:10b26c004000c2ae2c00bf8f251000021400c3aeec
:10b27c002400b58f2800b68f2000b48f1c00b38f2c
:10b28c001800b28f1400b18f1000b08f0800e003cb
:0cb29c003000bd278dff0010ffff1024c4
:020000040000fa
:020000041d00dd
:10b2a800b8ffbd273400b3af3000b2af2800b0af4d
:10b2b8004400bfaf7080908f4000b6af3c00b5af80
:10b2c8003800b4af2c00b1af259880003c8b400ffc
:10b2d8002590a0004018020021186200c018030041
:10b2e8002318620080180300218003024400028ea4
:10b2f8000f0040100000000009f8400025206002ff
:10b308000b004010258840001787400f252040007b
:10b318000200432c060060140100422458001492d5
:10b32800400094320a1014000500001025a04000c7
:10b33800108d400f252060022588400025a00000c0
:10b348001000a0af1400a0af1800a0af1c00a0af61
:10b358002000a0af2400a0a3140027262510200257
:10b368001000a3272000062401004224ffff448088
:10b37800f7ff8524050086100500a52c0300a014fe
:10b3880000000000000064a001006324f7ffe2143d
:10b39800010042241787400f1000a42738004010ee
:10b3a8002580400025b000001000b3277800152440
:10b3b80000006492d3ff82240200422c050040144e
:10b3c8000100d6268f89400f000000000100405080
:10b3d800000075a22a10d002f5ff40140100732660
:10b3e8001000a283200042349fff42241a00422cfe
:10b3f80003004014ffff1326780002241000a2a3c4
:10b408001000a227219853008f89400f00006492f2
:10b418000200401478000224000062a22500805631
:10b42800000020a20400428e020013262b105300b5
:10b4380037004014253000020000448e0c0002241e
:10b44800000082a0010090a01000a527ff87400ff0
:10b4580002008424251060024400bf8f4000b68f8c
:10b468003c00b58f3800b48f3400b38f3000b28ff2
:10b478002c00b18f2800b08f0800e0034800bd27da
:10b4880001008056000020a2251000004400bf8f54
:10b498004000b68f3c00b58f3800b48f3400b38fae
:10b4a8003000b28f2c00b18f2800b08f0800e00365
:10b4b8004800bd270400428e020013262b105300bb
:10b4c800130040140c0003240000428e25300002b3
:10b4d8001000a52702004424000043a0010050a04a
:10b4e800ff87400f010010262a1090020aa00202ce
:10b4f800253080021000a52725202002ff87400f55
:10b5080021a03402ffff80a2d3ff001025106002a3
:08b51800deff0010ffff02241a
:020000040000fa
:020000041d00dd
:10b52000d0ffbd274800828c2400b0af2580a0004a
:10b530002800b1af2c00bfaf258880001800a0a75d
:10b540001000a0af1400a52709f840002520000234
:10b55000250040041000a6272800228e2528000080
:10b5600009f84000252000021400a2970800432c8f
:10b570008600601080180200019d023c8cb54224b8
:10b580000a10437c080040000000000030b7009d16
:10b59000acb5009d5cb6009d8cb6009db8b6009d14
:10b5a000f8b6009dfcb5009d28b6009d5400228e83
:10b5b0001800a52709f84000252000020a004004d1
:10b5c00001000324680043101800a2876c004104a6
:10b5d000252800004c00228e1400a0af09f840007e
:10b5e00025200002010002242c00bf8f2800b18f0b
:10b5f0002400b08f0800e0033000bd275000228ee9
:10b600001000a68f2528000009f840002520000220
:10b61000f5ff4004010003245300431007000224f7
:10b620004d0000101400a2a75400228e1800a52778
:10b6300009f8400025200002ebff4004010003242c
:10b64000490043101800a2973800039624104300c5
:10b650002b100200e4ff0010231002005800228e7d
:10b660001000a78f380006962528000009f8400032
:10b6700025200002dcff4004010003243a004310af
:10b6800003000224340000101400a2a75000228ef0
:10b690001000a68f2528000009f840002520000290
:10b6a000d1ff4004010003242f00431004000224b2
:10b6b000290000101400a2a75400228e1800a5270c
:10b6c00009f8400025200002c7ff400401000324c0
:10b6d000250043101800a39738000296242062002a
:10b6e000c1ff8214ffff0224050002241600a3a755
:10b6f000190000101400a2a71600a69738000396a0
:10b700005800228e1000a78f2630c3002528000085
:10b7100009f8400025200002b3ff40040100032483
:10b7200011004310060002240b0000101400a2a711
:10b730005000228e1000a68f2528000009f8400036
:10b7400025200002a8ff4004010003240700431045
:10b750002c00bf8f1400a3a74c00228e1400a58fcd
:10b7600009f84000252000022c00bf8f01000224b0
:10b770002800b18f2400b08f0800e0033000bd27ff
:10b7800002000224f4ff00101400a2a796ff00108c
:04b79000f7ff022499
:020000040000fa
:020000041d00dd
:10b79400d8ffbd271000b0af1800908c2000b4afc4
:10b7a4001c00b3af1400b1af2400bfaf1800b2af98
:10b7b4004400929000000292460083942588800001
:10b7c40014005226040004240439827c82201200ce
:10b7d4000418827c0100633025a0a0002598e000b5
:10b7e4000c006010000002a24500249214000226fe
:10b7f4002118120280200400211044000400442473
:10b804002b18830094040424000044a453006014ff
:10b81400020040a421304602010000a2540060123c
:10b82400ffffc43000006292200043300600601025
:10b834001000433025180000010005248410a37c67
:10b84400010003a2100043300600601008004330da
:10b854000100039201000524c418a37c010003a283
:10b8640008004330060060100700433001000392d3
:10b87400010005240421a37c010003a20700433036
:10b884000400601000000000010003924439437c6e
:10b89400010003a2b02f400f00000000e480839752
:10b8a400020002a601006224ffff4230252040006e
:10b8b400b02f400fe48082a7040002a6b02f400fef
:10b8c40025200000060002a60200639220006014f6
:10b8d400010003240100629264000324090014a2fd
:10b8e4000a106200080002a23c00228e3800238e57
:10b8f4004000248e0a0000a60c0003ae100002ae25
:10b904006000829004004230340040502520000240
:10b914001000258e1800228e2400bf8f0c00a394e3
:10b92400211052002000b48f219043020c00b2a4d5
:10b934001c00b38f1c0022ae280024ae1800b28f66
:10b944001400b18f1000b08f0800e0032800bd2759
:10b954008473627cdfff0010060002a621304602d9
:10b96400040040a0ffffc430aeff6016010000a237
:10b97400b02f400f00000000e4808397020002a66d
:10b9840001006224ffff423025204000b02f400f09
:10b99400e48082a7040002a6b02f400f25200000f7
:10b9a400060002a664000224080002a2090014a2f0
:10b9b4003c00228e3800238e4000248e0a0000a60c
:10b9c4000c0003ae100002ae60008290040042300e
:10b9d400d0ff40541000258e2520000225300000a1
:10b9e400b82f400f252840024000248ec8ff0010c5
:04b9f4000a0002a69d
:020000040000fa
:020000041d00dd
:10b9f800d0ffbd272400b3af0080133c1800b0afc0
:10ba0800400170261c00b1af2c00bfaf2800b4afb6
:10ba18002000b2af53000416258800007400028e7f
:10ba28002590c0002588a0001400a0af0500401094
:10ba38001000a0af0080043c0500052409f8400070
:10ba4800500284240080053c1400a7271000a62774
:10ba5800f001a5249e47400f4001642625a0400020
:10ba68007400028e04004010060005240080043c87
:10ba780009f8400050028424ffff82260200422c6d
:10ba880041004014000000005e0080562801028e2c
:10ba98001400a38f0400628cc005447c5f008050b2
:10baa8002401028e0000638c0001043c2418640009
:10bab8001000043c24104400251062005700405434
:10bac8002401028e1801028e010042240200201275
:10bad800180102ae000020ae2800048eb800118eb6
:10bae80024000386bc000296248824020a88237e48
:10baf800fcff4524eeff42241000238e0800648cce
:10bb0800000060acbc0005a60e0085240c0062a4f1
:10bb1800140024ae847b400f180025ae1400a48fb7
:10bb28002000238e240022ae0000858c25106000a2
:10bb38000431027c080046348007a37c3d00601075
:10bb4800200026ae28004234200022ae0600401213
:10bb58002c00bf8f0000838c0400828c000043ae51
:10bb6800040042ae2c00bf8f251020022800b48f9d
:10bb78002400b38f2000b28f1c00b18f1800b08f43
:10bb88000800e0033000bd27020020120100022453
:10bb9800000022aeb800058e1100a0102c00bf8f47
:10bba8007400028e050040100080043c0500052446
:10bbb80009f8400050028424b800058e4b3c400f21
:10bbc800400164267400028e04004010060005241b
:10bbd8000080043c09f84000500284242c00bf8fe8
:10bbe80025880000251020022800b48f2400b38f78
:10bbf8002000b28f1c00b18f1800b08f0800e0033e
:10bc08003000bd2701004224e2ff2012280102aec5
:10bc1800f6ff0224dfff0010000022ae01004224dc
:10bc2800dcff2012240102aef5ff0224d9ff001028
:10bc3800000022ae0400a204480042341800423436
:10bc4800c2ff0010200022aec0ff0010200022ae6c
:020000040000fa
:020000041d00dd
:10bc58001800838cc8ffbd27030002243400bfaf3f
:10bc68003000b3af2c00b2af2800b1af7a00621039
:10bc78002400b0af6880828f258080005500401472
:10bc88002588a0002500a0105c0006240800828cee
:10bc9800000085940800438c25204000588082af1e
:10bca800ffff022409f86000648082a71b0040108f
:10bcb800708082af009d053c05000624c035a52490
:10bcc8006a7b400f0c0004240080043c80588424c4
:10bcd800858d400f5c8082af259840000c0022962d
:10bce8000800238e02010724253000002528400083
:10bcf80001000424628083a7fa7c400f608082a739
:10bd080025904000ffff02240c0042161000a627d1
:10bd1800648092a7a166400f000000003400bf8f26
:10bd2800251000003000b38f2c00b28f2800b18f8f
:10bd38002400b08f0800e0033800bd270500052463
:10bd48002533400f252040021000a2970002422c04
:10bd5800090040106280869700020224000206242f
:10bd68000500052425204002f71c400f1000a2a75b
:10bd7800470040106280869725380000010005249e
:10bd88004335400f25204002410040102530000077
:10bd980002000524f71c400f25204002029d063ca6
:10bda80025380000cc27c62400010524607a400ffe
:10bdb80025204002360040105c80828fd5ff40105d
:10bdc800648092a7d3ff6012000000000000029672
:10bdd8006c8082af1400038e0400258e1000048e40
:10bde8004010030021104300c0100200231043003c
:10bdf8007080838f801002004200869421106200b8
:10be08002a3805000a0003240a286700500045a4c0
:10be1800020005244e0045a40100c330e8030524b0
:10be2800580040a016006014520045a46880838f13
:10be38000100022401006324688083af3400bf8faf
:10be48003000b38f2c00b28f2800b18f2400b08f40
:10be58000800e0033800bd271000848c420083945a
:10be680001006330f5ff6010010002240100052481
:10be7800d75b400f1800a2aff0ff00101800a28f88
:10be8800d75b400f01000524e9ff00106880838f0d
:10be98002068400f25204002ffff0224a166400fc2
:0cbea800648082a79eff00103400bf8f52
:020000040000fa
:020000041d00dd
:10beb400a020047c0800e00302142400a020047cd9
:10bec4000800e00325108000a020047ca028057c45
:10bed400021425000800e003021c2400fcffa8242f
:10bee4001b000105010007348500a0102518c000bf
:10bef400ffffa82404000015000000000000839048
:10bf04000f00001021186600ffff08250600001529
:10bf14000100839000008890001a0300251868002f
:10bf24000700001021186600000089900200889024
:10bf3400001a0300251869002118680021186600fa
:10bf4400024c0300ffff6a306d00001021182a0123
:10bf5400110000001300c00001008230030089308a
:10bf64000f00201104000b34235869012540000000
:10bf740000008898ffff29250500201108000a34d5
:10bf8400ffff29250200201108004a2508004a2540
:10bf940004404801010007712328ab0021208b00d5
:10bfa4004219050040310300130060100000888c22
:10bfb4000400898c0100077108008a8c0100277134
:10bfc4000c008b8c0100477110008c8c0100677190
:10bfd40014008d8c0100877118008e8c0100a771ec
:10bfe4001c008f8c0100c771ffff63240100e771ff
:10bff400edff0010200084242328a6000219050068
:10c00400003103000b0060100000888c0400898c50
:10c014000100077108008a8c010027710c008b8cc9
:10c0240001004771ffff632401006771f5ff0010f1
:10c03400100084242328a600c2180500c030030081
:10c04400070060100000888c0400898c01000771cf
:10c05400ffff632401002771f9ff00100800842406
:10c064002328a60082180500803003000300601016
:10c074000000888c04008424010007712328a60092
:10c084000f00a0100100a6300400c014000000003e
:10c094000100888809000010024408000200a6304c
:10c0a4000400c01400000000000088880300001091
:10c0b4000246080002008888024208000100077155
:10c0c4001048000012400000211828012b58680075
:10c0d400020060110000000001006324024c030010
:10c0e400ffff6a3021182a01024c0300ffff6a3067
:10c0f40021182a010200401000000000a018037c4f
:0cc10400271060000800e003ffff42303d
:020000040000fa
:020000041d00dd
:10c110000400838cc8ffbd27030002243400bfaf96
:10c120003000b5af2c00b4af2800b3af2400b2afdd
:10c130002000b1af580062101c00b0af2580800015
:10c14000967a400f000084844800401425884000ff
:10c150004081868f0a00c014251000003400bf8f74
:10c160003000b58f2c00b48f2800b38f2400b28f1d
:10c170002000b18f1c00b08f0800e0033800bd27fd
:10c18000029d133c029d043c252820027c34672636
:10c19000e08884243583400f0080113c582522928a
:10c1a000a50003245e004314040003244081828f11
:10c1b0000900432ceaff60143400bf8f5825312654
:10c1c0000400348a0800328a029d043c0100349a3b
:10c1d0000500329a7c346726a0a0147ca090127cc3
:10c1e0000294320002a43400253040022528800247
:10c1f0003583400f448984244081828f0a0055266c
:10c200002b185500d6ff60143400bf8f2110510247
:10c21000090043905a0002244d0062140080073c3c
:10c220006125e7242530400225288002a23d400fe9
:10c2300025200002c9ff40044081858f2b10a502f4
:10c24000260040547c346226408180af2590000057
:10c25000029d043c7c346626252840023583400f2d
:10c260009c898424bdff00104081828f4081858f8e
:10c2700025304000000004860080023c58254224fe
:10c28000143e400f212845004081868f2130260230
:10c29000b0ff0010408186af0c00858c029d063ceb
:10c2a000029d043c7c34c624182684243583400f28
:10c2b000408180af3400bf8f251000003000b58f63
:10c2c0002c00b48f2800b38f2400b28f2000b18fd0
:10c2d0001c00b08f0800e0033800bd27f6ffa5243e
:10c2e000029d043c2328b2002538a002253000001e
:10c2f000788984243583400f1000a2af4081828f5b
:10c300002128350225202002f6ff422423905200e6
:10c31000b87b400f25304002cdff0010408192af26
:10c32000060043107c346526029d043c3583400f93
:10c330002889842489ff0010ffff0224029d043c09
:10c340003583400f0889842484ff0010ffff0224f6
:10c35000029d043c7c3465263583400f5c8984242f
:08c360007eff0010ffff022424
:020000040000fa
:020000041d00dd
:10c36800d0ffbd272000b2af1c00b1af1800b0af9e
:10c378002c00bfaf2800b4af2400b3af2590c00095
:10c38800258880007400c0142580a000252800009e
:10c3980025200002d488400f6c0006240800248e53
:10c3a80025a0000025980000780080103c00052694
:10c3b8007b4a400f000000000c00248e374c400fd1
:10c3c800180005261000248e374c400f1c00052647
:10c3d8001400248e374c400f200005261800248ea8
:10c3e800374c400f240005261c00248e374c400f84
:10c3f800280005262800228e08004010440002aebe
:10c4080000004394020003a602004390ffff622449
:10c418000400422c0b004014630003a23a004016ab
:10c42800251000002c00bf8f2800b48f2400b38f84
:10c438002000b28f1c00b18f1800b08f0800e003f5
:10c448003000bd270400238e2c0002262520400042
:10c4580003006888070067880b0066880f006588f6
:10c4680000006898040067980c00659808006698b2
:10c47800030048a8000048b8070047a8040047b8c8
:10c488000b0046a8080046b80f0045a8dc6c400f12
:10c498000c0045b8420002962400238e01000424b3
:10c4a8000463827c0410027c01006530480003a606
:10c4b8003d00a014420002a61800058e1c00048e40
:10c4c8002000038e0463027c040005ae080004ae5d
:10c4d8000c0003ae420002a64200029601000324ab
:10c4e8002400058e2800048e4429627ce7ff423030
:10c4f800c418627c420002a6100005ae140004ae07
:10c50800c8ff4012010002241000a48f6400032613
:10c51800670004aa000064b81400a493040064a08f
:10c528001500a493050064a01600a493060064a057
:10c538002c00bf8f540014ae580013a62800b48fe7
:10c548002400b38f2000b28f1c00b18f1800b08f69
:10c558000800e0033000bd27070006246400a52476
:10c56800de88400f1000a42725280000252000029f
:10c578006c0006245400148ed488400f580013967b
:10c588000800248e8aff80143c0005263c0000a287
:10c598000100a0a00200a0a00300a0a00400a0a089
:10c5a80085ff00100500a0a00400827ccaff0010cf
:04c5b800420002a695
:020000040000fa
:020000041d00dd
:10c5bc005443502f495020537461636b3a204865a3
:10c5cc006170206372656174696f6e206661696c5d
:10c5dc0065642c20747970653a2025640d0a00007e
:10c5ec005443502f495020537461636b3a204e656d
:10c5fc0074776f726b20636f6e66696775726174a6
:10c60c00696f6e20616c6c6f636174696f6e20660c
:10c61c0061696c65643a20256c750d0a0000000098
:10c62c005443502f495020537461636b3a2050612e
:10c63c00636b657420696e697469616c697a617485
:10c64c00696f6e206661696c65643a203078257874
:10c65c000d0a00005443502f495020537461636bf2
:10c66c003a2044656661756c7420466c6173682071
:10c67c004e6574776f726b20636f6e666967757247
:10c68c006174696f6e206c6f6164206661696c65a2
:10c69c00642025640d0a00005443502f4950205348
:10c6ac007461636b3a204e6574776f726b20636fa5
:10c6bc006e66696775726174696f6e20696e6974f4
:10c6cc0069616c697a6174696f6e206661696c6509
:10c6dc00643a2025640d0a005443502f49502053ce
:10c6ec007461636b3a204e6574776f726b20636f65
:10c6fc006e66696775726174696f6e3a20416c6918
:10c70c0061736573206e6f7420737570706f7274c3
:10c71c0065643a2025640d0a000000005443502f34
:10c72c00495020537461636b3a204e6574776f7275
:10c73c006b20636f6e66696775726174696f6e3ab0
:10c74c0020696e76616c6964204950206164647262
:10c75c006573733a2030782538780d0a0000000094
:10c76c0025732564000000005443502f495020537a
:10c77c007461636b3a20506f776572204d6f6465fe
:10c78c0020696e697469616c697a6174696f6e2075
:10c79c006661696c3a2025640d0a00005443502fe1
:10c7ac00495020537461636b3a2044796e616d6912
:10c7bc0063206d656d6f7279206973206c6f773aa9
:10c7cc0020256c750d0a00005443502f49502053fe
:10c7dc007461636b3a20496e697469616c697a6142
:10c7ec0074696f6e206661696c6564202564202d08
:10c7fc002041626f7274696e6721200d0a0000007f
:020000040000fa
:020000041d00dd
:10c80c003e008294c8ffbd272400b0af0100423027
:10c81c00258080003400bfaf3000b3af2c00b2af26
:10c82c002800b1af050040104c00848c74000296b7
:10c83c00000443304a006010000000000400801027
:10c84c0001000224770003925800621001001324a7
:10c85c007a0006967c00118e2430c5003800c0107a
:10c86c008000078e36002012010013243c00128633
:10c87c004800058e660060162520000274000396a1
:10c88c003e0002960000088ef3fd6330740003a690
:10c89c007400048e14000a8e62000c96ffff633045
:10c8ac004450027c01000924000242340008847cbc
:10c8bc00080008ae0c0008ae100008ae00206b306b
:10c8cc00ffff082472000ca61c000aae20000aae62
:10c8dc00380000ae340000ae540000ae5c0008ae70
:10c8ec00640009a66e0009a6600000a63e0002a620
:10c8fc00400000ae790000a202006015770004a28f
:10c90c00480000ae0040633001006050440000aeaf
:10c91c00870000a2760000a23600c010252040023d
:10c92c0025c820023400bf8f3000b38f2c00b28f8b
:10c93c002800b18f2400b08f080020033800bd27d9
:10c94c00252000023400bf8f3000b38f2c00b28f33
:10c95c002800b18f2400b08f507b400b3800bd27ce
:10c96c000700801001000324770006920500c354d1
:10c97c007a000696030042300c0040102598000007
:10c98c007a0006967c00118e2430c5001600c0106b
:10c99c008000078eb5ff201625980000259000001a
:10c9ac0025280000b5ff0010253000002000828ce7
:10c9bc0008004230210040104c0000ae7a00069670
:10c9cc007c00118e2430c5001900c0108000078e29
:10c9dc00a7ff20563c001286259000002528000059
:10c9ec00a4ff00102530000025900000a3ff0010cc
:10c9fc00252800003400bf8f3000b38f2c00b28f7d
:10ca0c002800b18f2400b08f0800e0033800bd2748
:10ca1c001800a7af1400a5af507b400f1000a6afb5
:10ca2c001000a68f1400a58fbbff00101800a78f55
:10ca3c00259000008fff0010252800009573400ff3
:0cca4c001000a5afddff00101000a58f4a
:020000040000fa
:020000041d00dd
:10ca5800b8ffbd273c00b0af4400bfaf4000b1af46
:10ca68000300c01425808000ff7f063cffffc6340a
:10ca78002700a4270418047c000095bc0f000000c0
:10ca88000020023c252082000c0080ac080080ac0d
:10ca98000000a38c4d0060104c00118e0100ec309a
:10caa8000801088e80010d2401000a240200e730e5
:10cab8001200001004000b244d006304feff022442
:10cac8000c00838c000040ac28006010140040acbf
:10cad8000400492400e0297d000062ac140069ac20
:10cae8000400a5240c0082ac0000a38c2500601073
:10caf800ffffc6242400c0500800828c0800028d65
:10cb08000c00098d370049500c0000ad0000498c1d
:10cb1800080009ad00e0697c080049ac04008011f8
:10cb280004004dac0400498c444a497d040049acda
:10cb38000500e010424f03000400498c0463497d5e
:10cb4800040049ac424f0300dbff2b150000000036
:10cb58000400438c8452437d040043ac0c00838c56
:10cb6800000040acdaff6014140040ac0c0082ac4a
:10cb7800080082ac0400a5240000a38cddff60142b
:10cb8800ffffc6240800828c100040100c0082248d
:10cb98000c01058e01000324080087240c00a6243c
:10cba800252000021400a3af1000a2afab38400f3d
:10cbb8000800a524598d400f252020022c00405044
:10cbc8000c01028e298c400f252020022510000020
:10cbd8004400bf8f4000b18f3c00b08f0800e003d5
:10cbe8004800bd27cbff4014080000ad0300022415
:10cbf8000801078e0800838c0c00858c1100655095
:10cc08000c0080ac0000658c0c00e68c080085ac3c
:10cc18000400652400e0a57c000060ac1100c01091
:10cc2800140060ac0000c3ac1400c5ac0c00e3ac4d
:10cc38000c00858c0800838cf3ff65540000658c1c
:10cc48000c0080ace2ff6010080080ac0c00e68ca1
:10cc58000400652400e0a57c000060acf1ffc0146e
:10cc6800140060ac0c00e3ace2ff00100800e3ac79
:10cc7800252020020800458c0400a524d68b400fef
:0ccc880000e0a57ccfff001000000000c1
:020000040000fa
:020000041d00dd
:10cc94002c0080049080878fe8ffbd271400bfaf6d
:10cca4002a1087002300401025180000998c400f9b
:10ccb40000000000200040101400bf8f1e00c010b0
:10ccc4001000a42c1c00801080280500019d033c4a
:10ccd400e4cc63240a28657c0800a000000000005e
:10cce40024cd009d80cd009d98cd009db0cd009dac
:10ccf400c4cd009dd8cd009de8cd009df8cd009d0c
:10cd040008ce009d1cce009d2cce009d88ce009d9b
:10cd14009cce009db0ce009d54cd009d68cd009d5d
:10cd24004000428c01000324040042388000427c0d
:10cd34000000c2a01400bf8f251060000800e003ab
:10cd44001800bd27251800000800e0032510600026
:10cd5400480042900100032401004230f5ff001016
:10cd64000000c2a048004294010003240004423899
:10cd74008002427cefff00100000c2a04000428c01
:10cd84000100032408004238c000427ce9ff00107f
:10cd94000000c2a04000428c01000324100042386d
:10cda4000001427ce3ff00100000c2a04000428c5e
:10cdb4000100032403004230deff00100000c2ac77
:10cdc4004000428c010003248002427cd9ff001001
:10cdd4000000c2a01000429401000324d5ff0010fb
:10cde4000000c2a43d00429001000324d1ff0010c2
:10cdf4000000c2a06200429001000324cdff001095
:10ce04000000c2a042004294010003240100423009
:10ce1400c8ff00100000c2a0630042900100032478
:10ce2400c4ff00100000c2a04000438c4400478ca3
:10ce3400480044941c0062301c0042380100422c1b
:10ce4400020045340b10a70004004534010087306c
:10ce54000b10a70002008430080045340b10a40016
:10ce6400100044348004657c0b108500c004637c8e
:10ce7400200044340b1083000000c2acadff00104e
:10ce8400010003244800428c01000324c028427c92
:10ce9400a8ff00100000c2a048004294010003242f
:10cea4004002427ca3ff00100000c2a04400428c58
:10ceb400010003242b1002009eff00100000c2a0fa
:020000040000fa
:020000041d00dd
:10cec4005443502f495020737461636b20696e6919
:10ced4007469616c697a6174696f6e206661696cea
:10cee400656420696e2025732e0d0a00496e7465f1
:10cef4007266616365202573206f6e20686f73749a
:10cf0400202573206177616974696e6720696e6991
:10cf14007469616c697a6174696f6e20696e202529
:10cf2400732e0d0a00000000496e74657266616319
:10cf3400652025732061737369676e6564204950a9
:10cf440020616464726573732025642e25642e2524
:10cf5400642e256420696e2025732e0d0a000000be
:10cf6400436f756c64206e6f74206f70656e20253e
:10cf74007320736572766572206f6e20706f7274a1
:10cf840020256420696e2025732e0d0a0000000000
:10cf94004c697374656e696e6720666f72202573c1
:10cfa40020636f6e6e656374696f6e206f6e2070a0
:10cfb4006f727420256420696e2025732e0d0a007b
:10cfc400257320636f6e6e656374696f6e2066727d
:10cfd4006f6d2025752e25752e25752e25752069d6
:10cfe4006e2025732e0d0a00257320636f6e6e6507
:10cff4006374696f6e2066726f6d20756e6b6e6ff1
:10d00400776e207065657220696e2025732e0d0a77
:10d0140000000000257320736f636b657420636cdc
:10d024006f736564207072652d656d7074697665c3
:10d034006c792062792073657276657220696e203e
:10d0440025732e0d0a000000257320736f636b6532
:10d054007420636c6f73656420627920636c696506
:10d064006e7420696e2025732e0d0a0025732073bb
:10d074006f636b657420636c6f73656420627920e1
:10d0840073657276657220696e2025732e0d0a0011
:10d094004661696c656420746f20737461727420d6
:10d0a40025732073657276657220696e2025732e50
:10d0b4000d0a0000556e6b6e6f776e207374617489
:10d0c4006520257520666f7220252073657276654c
:0cd0d4007220696e2025732e0d0a0000ea
:020000040000fa
:020000041d00dd
:10d0e000d8ffbd272400bfaf2000b3af1c00b2aff4
:10d0f0001800b1af270080101400b0af2500a010b9
:10d10000258080008f8d400f2590a000480003925d
:10d110003f006014f0ff5126918d400f2520400004
:10d120002400028e41004010f4ff458e2b1822028d
:10d13000210060502800068e009905002118330256
:10d14000470043500400438cf0ff42ae240011ae70
:10d150003000028e231045008f8d400f300002ae4c
:10d16000480003922520400001006324918d400f68
:10d17000480003a22400bf8f251060021c00b28f5c
:10d180002000b38f1800b18f1400b08f0800e003a7
:10d190002800bd27259800002400bf8f25106002bd
:10d1a0001c00b28f2000b38f1800b18f1400b08f15
:10d1b0000800e0032800bd272b18d1002000605490
:10d1c0000400c38c2b185100040060100000448c34
:10d1d0002b1824022a00601400990500f9ff80141e
:10d1e00025108000f8ff02248f8d400f380002ae1a
:10d1f0004800039225204000259800000100632488
:10d20000918d400f480003a2e4ff00102400bf8f5f
:10d21000ffff632425204000918d400f480003a2aa
:10d220002400028ec1ff4014f4ff458ef0ff40ae93
:10d2300000990500280011aec5ff0010240011aeb2
:10d24000001103002110c2001800221200990500ed
:10d250000000d1acf0ff40aebdff0010280011aec1
:10d260000000468c2800048e21186500f4ff43aeb0
:10d27000b6ff4414f0ff46aeb4ff0010280011ae14
:10d2800021183302140083500000878cf0ff44ae55
:10d290000400448c001904002118430006002352a6
:10d2a000f4ff438eaaff0010000051ac2118650066
:10d2b000a7ff00100400c3acf0ff478e2800068ec5
:10d2c00021206400040044aca1ffd114000047ac4d
:10d2d0009fff0010280002ae0400838cf0ff47aed1
:10d2e0000000448c21186500e9ffc414f4ff43ae2c
:08d2f000e7ff0010280011ae59
:020000040000fa
:020000041d00dd
:10d2f800d0ffbd272c00bfaf2800b6af2400b5afc4
:10d308002000b4af1c00b3af1800b2af1400b1af27
:10d318000200a0101000b0af0000a0ac7500801093
:10d328000080163c25808000bc58c4268e84400f9f
:10d3380025a8a0007100401025a04000100002960a
:10d34800020007242530000008004224ffff533064
:10d35800252860020f7a400f480004244b00401033
:10d36800258840001c00528c029d023c0c36422449
:10d37800080022ae080002240c0020ae000042aed5
:10d388000a00039608000296100006960c00058e07
:10d3980008004426040043a6ff87400f060042a663
:10d3a8002530000025286002b82f400f25204002b4
:10d3b8000400038e0000048e25380000020042a6f7
:10d3c800380026263c0023ae7e68400f3c00252608
:10d3d8002c004010400022ae1000238e00000a8e60
:10d3e8000400098e0c0062940800088e0c00078e59
:10d3f8001000068e1400058e1800048e211062029b
:10d4080008008aae0c0089ae100088ae140087ae02
:10d41800180086ae1c0085ae200084ae25380000ba
:10d4280025306002010005240c0062a4e52d400fa0
:10d43800252020020a8d400f2520200222004014ba
:10d44800fdff1024bc58c4267f84400f2528800285
:10d458009573400f252020022c00bf8f2510000255
:10d468002800b68f2400b58f2000b48f1c00b38f1e
:10d478001800b28f1400b18f1000b08f0800e003bd
:10d488003000bd27efff0010feff10242528800282
:10d498007f84400fbc58c4262c00bf8fffff102488
:10d4a800251000022800b68f2400b58f2000b48f05
:10d4b8001c00b38f1800b28f1400b18f1000b08f0a
:10d4c8000800e0033000bd27847b400f0000000007
:10d4d8000080043c040082ae252880027f84400f2f
:10d4e800b0588424dcffa01225800000daff001069
:10d4f8000000b4aed8ff0010fcff1024d6ff0010c7
:04d50800fbff1024f1
:020000040000fa
:020000041d00dd
:10d50c0068008004000000009080838fd0ffbd274e
:10d51c002c00bfaf2a1083002800b6af2400b5af93
:10d52c002000b4af1c00b3af1800b2af1400b1af01
:10d53c003c0040101000b0af998c400f0000000070
:10d54c0038004010258040002590a0002588c000a0
:10d55c003f00a0143c005490320080162598000027
:10d56c0025a800008f8d400f000000007c80839365
:10d57c005e006014ffff6324918d400f2520400056
:10d58c004a0020162a0016961b00c012000000004c
:10d59c008f8d400f000000007c808393252040007d
:10d5ac0001006324918d400f7c8083a34000028e88
:10d5bc003c0012a225306002448c027c400002ae7a
:10d5cc002528a0029d76400f252000020400605201
:10d5dc002a0016a6030040503c0014a22a0016a6ee
:10d5ec00010002244000038e01000424448c837c3f
:10d5fc000d000010400003aece71400f0000000083
:10d60c00e3ff401425b040008f8d400f0000000058
:10d61c007c8083932520400001006324918d400f72
:10d62c007c8083a3251000002c00bf8f2800b68fb0
:10d63c002400b58f2000b48f1c00b38f1800b28f5c
:10d64c001400b18f1000b08f0800e0033000bd272c
:10d65c00ffffa2240200422cf3ff405025100000d3
:10d66c00030080122598e000efff851625100000be
:10d67c002300601201000224baff421625a8000004
:10d68c000000628eb7ff4010252800002a7d400f55
:10d69c0025206002b3ff401425a84000e2ff0010d3
:10d6ac00251000000800e00325100000b8ff36121a
:10d6bc009080858f0b00a0189480828f2518000015
:10d6cc000000448c010063240400801004004224f8
:10d6dc002a008494ccff911000000000f9ff6554df
:10d6ec000000448caaff001025b020022520400029
:10d6fc00918d400f7c8083a3a1ff001000000000df
:08d70c0098ff001025a80000a1
:020000040000fa
:020000041d00dd
:10d714008880828fd8ffbd272400bfaf2000b4af1c
:10d724001c00b3af1800b2af1400b1af090040142d
:10d734001000b0af2400bf8f2000b48f1c00b38f43
:10d744001800b28f1400b18f1000b08f0800e003ee
:10d754002800bd278f8d400f258880007c8083930f
:10d7640066006014ffff6324918d400f2520400064
:10d774001400238e9080828f010012240490720082
:10d784002700401825a000009480838f8080140017
:10d794000a80707c1f000052010094262400138e1e
:10d7a4003c8b400f25206002180040040100032434
:10d7b4000418430024187200150060109080828fb2
:10d7c40012000486050080042a10820004004050e0
:10d7d4005800038e3051400f010005245800038e79
:10d7e4000b0060109080828f60000296002042300f
:10d7f400070040109080828f5c00078e1200048620
:10d804000020062409f86000252860029080828f99
:10d81400010094262a188202dcff60149480838f0e
:10d824001800248e02000324260083148880908f1d
:10d83400ffff102623000016888090af0d004018cb
:10d844009480858f801810000a18a37c010010268c
:10d854000500601025206000457a400f000000009c
:10d864009080828f9480858f2a180202f6ff6014bc
:10d87400801810008c80848f0c00828c09f8400082
:10d88400000000008080848f04008010948080afaa
:10d89400a78a400f00000000808080af2400bf8f63
:10d8a4002000b48f1c00b38f1800b28f1400b18f06
:10d8b4001000b08f8c8080af908080af0800e003b0
:10d8c4002800bd278f8d400f000000007c808393cb
:10d8d4002400bf8f2000b48f1c00b38f1800b28fb8
:10d8e4001400b18f1000b08f010063242520400084
:10d8f4002800bd27918d400b7c8083a32520400008
:10d90400918d400f7c8083a39aff00101400238e16
:020000040000fa
:020000041d00dd
:10d914000400a88cb0ffbd274400b7af3800b4aff3
:10d924002c00b1af4c00bfaf4800beaf4000b6af53
:10d934003c00b5af3400b3af3000b2af2800b0af95
:10d9440025b880002588a0004c0000050000b48c98
:10d954004408147c08003e8e10008a320000d28ce9
:10d964000400d68c0400401125a8c00325105602db
:10d9740001004054feffd5270800893201002055dc
:10d98400ffffb5261000308e0c00338e2528a00230
:10d99400ffff102621107002000040a00200022a9e
:10d9a4000b00401425105602360040140f00433279
:10d9b40023101501211045003300401c0a0064287f
:10d9c4000300a018020082322f004014000000005f
:10d9d4000b004011000000000000c28c0400c38c46
:10d9e400251043000600401021107002feff10268f
:10d9f400ffff47a03000032421107002000043a061
:10da04000400201120000324ffff102621107002bf
:10da1400000043a01000268e1000b4af2538c003c8
:10da2400ffffc6242330d00021287002975b400feb
:10da34002520e0020400e38e00016330040060103e
:10da44004c00bf8f0400238e2a2043000b10640077
:10da54004800be8f4400b78f4000b68f3c00b58f9e
:10da64003800b48f3400b38f3000b28f2c00b18fe4
:10da74002800b08f0800e0035000bd27b5ff001058
:10da8400010008240a006428020080105700622460
:10da940030006224bfffe3241a00632c13006010db
:10daa400200043349fff63241a00632c100060504d
:10dab400ffff1026252040005c00a7af5800a6af4a
:10dac4002400a8af2000a5af1c00a9afed8a400f29
:10dad4001800aaaf5c00a78f5800a68f2400a88f57
:10dae4002000a58f1c00a98f1800aa8fffff102605
:10daf40021187002000062a00291120000171600a3
:10db0400ffffa52425905200a4ff001002b11600c7
:020000040000fa
:020000041d00dd
:10db1400c8ffbd270040e2303000b5af3400bfafce
:10db24002c00b4af2800b3af2400b2af2000b1afd3
:10db34001c00b0af4300401425a8e0000080143c52
:10db4400cc569426259080002598c0003c00a5afb3
:10db54003c8b400f0400918e0019020023106200d8
:10db640080100200218822020000248e405e400fb3
:10db74003c00a58f600040102580400000004294c6
:10db8400020043300d006014c000433041006014b3
:10db9400030012243400bf8f251040023000b58fdb
:10dba4002c00b48f2800b38f2400b28f2000b18fd3
:10dbb4001c00b08f0800e0033800bd2702191500cf
:10dbc400000163300020a532000264341400868e04
:10dbd4000b1885008439027c25104300000002a63e
:10dbe4000100022404000526240024260c0006aead
:10dbf400336c400f160002a60800078e0000668ee4
:10dc0400108082271400a0af1000a2af0f00a5322d
:10dc14004137400f252040023400bf8f01001224f9
:10dc2400251040023000b58f2c00b48f2800b38f2c
:10dc34002400b28f2000b18f1c00b08f0800e003d5
:10dc44003800bd270000a78c0000c68c10808227f6
:10dc54001400a0af1000a2af4137400f0f00a5324f
:10dc64003400bf8f06001224f7ff03240a906200d9
:10dc7400251040023000b58f2c00b48f2800b38fdc
:10dc84002400b28f2000b18f1c00b08f0800e00385
:10dc94003800bd274800a38f080060104800a48ff7
:10dca4001000038e030083a8000083b814000392bd
:10dcb400040083a015000392050083a08000423075
:10dcc400b4ff40100200122414003126040013266d
:10dcd40025286002306d400f252020021400828e1a
:10dce4002528600225202002336c400f0c0002ae70
:10dcf400a9ff00103400bf8fa6ff0010feff1224fe
:020000040000fa
:020000041d00dd
:10dd0400c8ffbd272000b3af0080133ccc56732658
:10dd14001400b0af4400708e3000b7af2c00b6af23
:10dd24002800b5af2400b4af1c00b2af1800b1afe7
:10dd34003400bfaf25a0800025b8a00025b0c000e6
:10dd440025a8e0004800b18f3c0000124c00b28fbf
:10dd54002000028e08004230390040140100063cc5
:10dd64001800028e01000324000043a400080324c9
:10dd7400020043a406040324040043a44400401204
:10dd8400060057a40300438a0000439a0b0043a8eb
:10dd9400080043b8040043920c0043a005004392da
:10dda4000d0043a00300238a110056a80e0056b8a4
:10ddb4000000239a25204000150043a8120043b810
:10ddc40004002392160043a005002392170043a0e9
:10ddd4001b0055a86382400f180055b81000028e2e
:10dde4001c000324252080029888400f0c0043a4c3
:10ddf400253040000608072425282002a76e400f7e
:10de04002520000228004054280014ae3400bf8f9f
:10de1400251000003000b78f2c00b68f2800b58f76
:10de24002400b48f2000b38f1c00b28f1800b18f70
:10de34001400b08f0800e0033800bd270100063c41
:10de44000200c6241c000524f05e400f38000424a0
:10de5400eeff401025804000029d023c1c25422418
:10de6400080002ae1800028e010003240c0000ae6c
:10de7400440070ae000043a400080324020043a43d
:10de840006040324040043a4beff4016060057a45e
:10de94003c00838e400084960b0043a8080043b8de
:10dea400c0ff00100c0044a4000000ae25280002ae
:10deb400427d400f252080023400bf8f27100200ce
:10dec400c21702003000b78f2c00b68f2800b58f20
:10ded4002400b48f2000b38f1c00b28f1800b18fc0
:0cdee4001400b08f0800e0033800bd27d8
:020000040000fa
:020000041d00dd
:10def000d0ffbd272000b3af2c00bfaf2800b5afc7
:10df00002400b4af1c00b2af1800b1af1400b0af22
:10df10002e008004259800009080838f2a108300b3
:10df20002b0040102c00bf8f2a00c010251060026b
:10df3000998c400f0000000024004010258840000c
:10df40003000548c25a8a000510080122590c000fc
:10df500036002396259800001a0080120000000069
:10df60002400601025204002340022962b804202bb
:10df70000a205000258080002b2064002800805457
:10df8000258060002600001600000000f2ff40140b
:10df9000000000000000828e3a004010300022aee7
:10dfa0000c0044940800428c340024a6380022aeb1
:10dfb00004004012000000003000348ee8ff80169c
:10dfc000000000000c0060504000228e2c00bf8f2b
:10dfd000251060022800b58f2400b48f2000b38f75
:10dfe0001c00b28f1800b18f1400b08f0800e0033e
:10dff0003000bd274000228e0004427cf4ff4050d8
:10e000002c00bf8f8e84400f4c0024262528400012
:10e01000c369400f25202002edff00102c00bf8fa8
:10e020000800a0123800258e2520a002ff87400f8f
:10e030002530000236002396340022963800258ec3
:10e0400021a8b00223187000231050002390500222
:10e0500021981302ffff6330ffff42302128b000f8
:10e06000ffff5232ffff7332360023a6340022a690
:10e07000cfff4014380025ae0000828ec8ff401448
:10e08000300022ae340020a6c9ff0010380020aeb8
:10e090004000428c0004427c060040140000000056
:10e0a00036002396caff60142c00bf8fd2ff0010e9
:10e0b0004000228e8e84400f4c00242625284000ec
:10e0c000c369400f25202002a1ff00103000348ecc
:020000040000fa
:020000041d00dd
:10e0d000d8ffbd271400b0af0800908c1c00b2af71
:10e0e0000080023c0a001296605642241800b1af2c
:10e0f0002400bfaf258880002000b3af490002167e
:10e1000040004432c1bf033cc0ff628cc0ff638c3f
:10e110000006427c4006637c1a0060140100422421
:10e120001a008014100042340800533211004332a8
:10e1300033006214ffff64321000028e800143300e
:10e140001b006010010043300400027c1c008010a2
:10e15000444a027c2400bf8f00204234100002aeeb
:10e16000010002241a0022a61c0020a62000b38f62
:10e170001c00b28f1800b18f1400b08f0800e003ac
:10e180002800bd271d00801020004234ffff4330cf
:10e19000259040000a0003a6252000001000028ef2
:10e1a00080014330e9ff60540400027c01004330e9
:10e1b000e6ff601000000000e7ff80142400bf8f1e
:10e1c000040043321e006050020043322400bf8f1f
:10e1d00000104234100002ae010002241a0022a6f0
:10e1e0001c0020a62000b38f1c00b28f1800b18f36
:10e1f0001400b08f0800e0032800bd270800533248
:10e2000002000224020022a6fcff023cfcff0424c0
:10e21000180020ae958b400f1c0022aec6ff0010e8
:10e22000ffff6432f6ff8010080053322000032401
:10e23000200012240a0003a6d8ff001025200000a9
:10e240000d006010010052322400bf8f0080423464
:10e25000100002ae010002241a0022a61c0020a613
:10e260002000b38f1c00b28f1800b18f1400b08f44
:10e270000800e0032800bd27004043342400bf8f7e
:10e280000b107200100002ae010002241a0022a638
:10e290001c0020a62000b38f1c00b28f1800b18f85
:0ce2a0001400b08f0800e0032800bd2728
:020000040000fa
:020000041d00dd
:10e2ac00c8ffbd272400b4af4800b48f2000b3af23
:10e2bc000000f38c0000828e3000b7af2c00b6af9c
:10e2cc002800b5af1c00b2af1800b1af1400b0af4e
:10e2dc003400bfaf2588e0002580c00025b8a00021
:10e2ec004c00b58f4c00928c520062120000d68c00
:10e2fc000000628e0000e2ac0400638ec439037c23
:10e30c00040063ae0000838e17006250000080aee4
:10e31c000000438c000023ae000040ac0000048ed3
:10e32c000400432400e0637c3c008010140040aceb
:10e33c00000082ac140083ac000002ae0600a052b8
:10e34c000000228e0400428c0003427c2f004010ff
:10e35c00000000000000228e0000838eedff62544e
:10e36c000000438c000080aeebff4014000020ae98
:10e37c000400658e0800648e1000628e0c00638ea3
:10e38c000400c5ae0800c4ae0c00c3ae1000c2ae93
:10e39c00000060ae0000028e040060ae080060aeab
:10e3ac0021004010140060ae0400632600e0637c82
:10e3bc00000053ac140043ac000013ae0400c28e3a
:10e3cc0001000324c439627c0400c2ae0500a01213
:10e3dc003400bf8f0400c28e0003427c1900401031
:10e3ec00252040023000b78f2c00b68f2800b58f47
:10e3fc002400b48f2000b38f1c00b28f1800b18f93
:10e40c001400b08f0800e0033800bd27098c400fc2
:10e41c0025204002d0ff00100000228e000002ae2a
:10e42c00c6ff00100000e2ae000013aee3ff0010c8
:10e43c000000f3ae000080ae25100000aeff00100f
:10e44c000000e0ac3400bf8f3000b78f2c00b68fcb
:10e45c002800b58f2400b48f2000b38f1c00b28f1e
:10e46c001800b18f1400b08f098c400b3800bd27f9
:020000040000fa
:020000041d00dd
:10e47c0000e85d4100701a4000601b40e8febd27bb
:10e48c001401baaf02601a401001bbaf44781b7c78
:10e49c0000047b370c01baaf00609b4012100000e7
:10e4ac000401a2afd800bff7101800000001a3af01
:10e4bc00d000bdf712102000fc00a2afc800bbf7c3
:10e4cc0010182000f800a3afc000b9f712104000dc
:10e4dc00f400a2afb800b7f710184000f000a3afdb
:10e4ec00b000b5f710186000a800b3f7a000b2f7a1
:10e4fc00121060009800b1f79000b0f78800aff7e9
:10e50c008000aef77800adf77000acf76800abf7a1
:10e51c006000aaf75800a9f75000a8f74800a7f721
:10e52c004000a6f73800a5f73000a4f72800a3f7a1
:10e53c002000a2f71800a1f71000a0f7ec00a2af82
:10e54c00e800a3afb81c3f7c0801a3af00f842441d
:10e55c00e400a2af4986400f00000000e400a28f47
:10e56c0000f8c244fc00a58f0801a38f0401a28f00
:10e57c001308a000f800a58ff8fc617c0001a38fa4
:10e58c001108a000f400a58fd800bfd7d000bdd7cc
:10e59c001310a000f000a58fc800bbd7c000b9d7de
:10e5ac001110a000ec00a58fb800b7d7b000b5d7fc
:10e5bc001318a000e800a58fa800b3d7a000b2d70d
:10e5cc009800b1d79000b0d78800afd78000aed7f5
:10e5dc007800add77000acd76800abd76000aad775
:10e5ec005800a9d75000a8d74800a7d74000a6d7f5
:10e5fc003800a5d73000a4d72800a3d72000a2d775
:10e60c001800a1d71000a0d7130040001100600023
:10e61c001118a00000606041c00000000c01bb8f0d
:10e62c001401ba8f02609b401001bb8f00709a409e
:10e63c001801bd2700e8dd4100609b401800004236
:020000040000fa
:020000041d00dd
:10e64c0000e85d4100701a4000601b40e8febd27e9
:10e65c001401baaf02601a401001bbaf44781b7ca6
:10e66c0000047b370c01baaf00609b401210000015
:10e67c000401a2afd800bff7101800000001a3af2f
:10e68c00d000bdf712102000fc00a2afc800bbf7f1
:10e69c0010182000f800a3afc000b9f7121040000a
:10e6ac00f400a2afb800b7f710184000f000a3af09
:10e6bc00b000b5f710186000a800b3f7a000b2f7cf
:10e6cc00121060009800b1f79000b0f78800aff717
:10e6dc008000aef77800adf77000acf76800abf7d0
:10e6ec006000aaf75800a9f75000a8f74800a7f750
:10e6fc004000a6f73800a5f73000a4f72800a3f7d0
:10e70c002000a2f71800a1f71000a0f7ec00a2afb0
:10e71c00e800a3afb81c3f7c0801a3af00f842444b
:10e72c00e400a2afcd70400f00000000e400a28f07
:10e73c0000f8c244fc00a58f0801a38f0401a28f2e
:10e74c001308a000f800a58ff8fc617c0001a38fd2
:10e75c001108a000f400a58fd800bfd7d000bdd7fa
:10e76c001310a000f000a58fc800bbd7c000b9d70c
:10e77c001110a000ec00a58fb800b7d7b000b5d72a
:10e78c001318a000e800a58fa800b3d7a000b2d73b
:10e79c009800b1d79000b0d78800afd78000aed723
:10e7ac007800add77000acd76800abd76000aad7a3
:10e7bc005800a9d75000a8d74800a7d74000a6d723
:10e7cc003800a5d73000a4d72800a3d72000a2d7a3
:10e7dc001800a1d71000a0d7130040001100600052
:10e7ec001118a00000606041c00000000c01bb8f3c
:10e7fc001401ba8f02609b401001bb8f00709a40cd
:10e80c001801bd2700e8dd4100609b401800004264
:020000040000fa
:020000041d00dd
:10e81c0000e85d4100701a4000601b40e8febd2717
:10e82c001401baaf02601a401001bbaf44781b7cd4
:10e83c0000047b370c01baaf00609b401210000043
:10e84c000401a2afd800bff7101800000001a3af5d
:10e85c00d000bdf712102000fc00a2afc800bbf71f
:10e86c0010182000f800a3afc000b9f71210400038
:10e87c00f400a2afb800b7f710184000f000a3af37
:10e88c00b000b5f710186000a800b3f7a000b2f7fd
:10e89c00121060009800b1f79000b0f78800aff745
:10e8ac008000aef77800adf77000acf76800abf7fe
:10e8bc006000aaf75800a9f75000a8f74800a7f77e
:10e8cc004000a6f73800a5f73000a4f72800a3f7fe
:10e8dc002000a2f71800a1f71000a0f7ec00a2afdf
:10e8ec00e800a3afb81c3f7c0801a3af00f842447a
:10e8fc00e400a2af1641400f00000000e400a28f1c
:10e90c0000f8c244fc00a58f0801a38f0401a28f5c
:10e91c001308a000f800a58ff8fc617c0001a38f00
:10e92c001108a000f400a58fd800bfd7d000bdd728
:10e93c001310a000f000a58fc800bbd7c000b9d73a
:10e94c001110a000ec00a58fb800b7d7b000b5d758
:10e95c001318a000e800a58fa800b3d7a000b2d769
:10e96c009800b1d79000b0d78800afd78000aed751
:10e97c007800add77000acd76800abd76000aad7d1
:10e98c005800a9d75000a8d74800a7d74000a6d751
:10e99c003800a5d73000a4d72800a3d72000a2d7d1
:10e9ac001800a1d71000a0d7130040001100600080
:10e9bc001118a00000606041c00000000c01bb8f6a
:10e9cc001401ba8f02609b401001bb8f00709a40fb
:10e9dc001801bd2700e8dd4100609b401800004293
:020000040000fa
:020000041d00dd
:10e9ec0000e85d4100701a4000601b40e8febd2746
:10e9fc001401baaf02601a401001bbaf44781b7c03
:10ea0c0000047b370c01baaf00609b401210000071
:10ea1c000401a2afd800bff7101800000001a3af8b
:10ea2c00d000bdf712102000fc00a2afc800bbf74d
:10ea3c0010182000f800a3afc000b9f71210400066
:10ea4c00f400a2afb800b7f710184000f000a3af65
:10ea5c00b000b5f710186000a800b3f7a000b2f72b
:10ea6c00121060009800b1f79000b0f78800aff773
:10ea7c008000aef77800adf77000acf76800abf72c
:10ea8c006000aaf75800a9f75000a8f74800a7f7ac
:10ea9c004000a6f73800a5f73000a4f72800a3f72c
:10eaac002000a2f71800a1f71000a0f7ec00a2af0d
:10eabc00e800a3afb81c3f7c0801a3af00f84244a8
:10eacc00e400a2afd73b400f00000000e400a28f8f
:10eadc0000f8c244fc00a58f0801a38f0401a28f8b
:10eaec001308a000f800a58ff8fc617c0001a38f2f
:10eafc001108a000f400a58fd800bfd7d000bdd757
:10eb0c001310a000f000a58fc800bbd7c000b9d768
:10eb1c001110a000ec00a58fb800b7d7b000b5d786
:10eb2c001318a000e800a58fa800b3d7a000b2d797
:10eb3c009800b1d79000b0d78800afd78000aed77f
:10eb4c007800add77000acd76800abd76000aad7ff
:10eb5c005800a9d75000a8d74800a7d74000a6d77f
:10eb6c003800a5d73000a4d72800a3d72000a2d7ff
:10eb7c001800a1d71000a0d71300400011006000ae
:10eb8c001118a00000606041c00000000c01bb8f98
:10eb9c001401ba8f02609b401001bb8f00709a4029
:10ebac001801bd2700e8dd4100609b4018000042c1
:020000040000fa
:020000041d00dd
:10ebbc0000e85d4100701a4000601b40e8febd2774
:10ebcc001401baaf02601a401001bbaf44781b7c31
:10ebdc0000047b370c01baaf00609b4012100000a0
:10ebec000401a2afd800bff7101800000001a3afba
:10ebfc00d000bdf712102000fc00a2afc800bbf77c
:10ec0c0010182000f800a3afc000b9f71210400094
:10ec1c00f400a2afb800b7f710184000f000a3af93
:10ec2c00b000b5f710186000a800b3f7a000b2f759
:10ec3c00121060009800b1f79000b0f78800aff7a1
:10ec4c008000aef77800adf77000acf76800abf75a
:10ec5c006000aaf75800a9f75000a8f74800a7f7da
:10ec6c004000a6f73800a5f73000a4f72800a3f75a
:10ec7c002000a2f71800a1f71000a0f7ec00a2af3b
:10ec8c00e800a3afb81c3f7c0801a3af00f84244d6
:10ec9c00e400a2af518d400f00000000e400a28ff1
:10ecac0000f8c244fc00a58f0801a38f0401a28fb9
:10ecbc001308a000f800a58ff8fc617c0001a38f5d
:10eccc001108a000f400a58fd800bfd7d000bdd785
:10ecdc001310a000f000a58fc800bbd7c000b9d797
:10ecec001110a000ec00a58fb800b7d7b000b5d7b5
:10ecfc001318a000e800a58fa800b3d7a000b2d7c6
:10ed0c009800b1d79000b0d78800afd78000aed7ad
:10ed1c007800add77000acd76800abd76000aad72d
:10ed2c005800a9d75000a8d74800a7d74000a6d7ad
:10ed3c003800a5d73000a4d72800a3d72000a2d72d
:10ed4c001800a1d71000a0d71300400011006000dc
:10ed5c001118a00000606041c00000000c01bb8fc6
:10ed6c001401ba8f02609b401001bb8f00709a4057
:10ed7c001801bd2700e8dd4100609b4018000042ef
:020000040000fa
:020000041d00dd
:10ed8c0000e85d4100701a4000601b40e8febd27a2
:10ed9c001401baaf02601a401001bbaf44781b7c5f
:10edac0000047b370c01baaf00609b4012100000ce
:10edbc000401a2afd800bff7101800000001a3afe8
:10edcc00d000bdf712102000fc00a2afc800bbf7aa
:10eddc0010182000f800a3afc000b9f712104000c3
:10edec00f400a2afb800b7f710184000f000a3afc2
:10edfc00b000b5f710186000a800b3f7a000b2f788
:10ee0c00121060009800b1f79000b0f78800aff7cf
:10ee1c008000aef77800adf77000acf76800abf788
:10ee2c006000aaf75800a9f75000a8f74800a7f708
:10ee3c004000a6f73800a5f73000a4f72800a3f788
:10ee4c002000a2f71800a1f71000a0f7ec00a2af69
:10ee5c00e800a3afb81c3f7c0801a3af00f8424404
:10ee6c00e400a2af0b87400f00000000e400a28f6b
:10ee7c0000f8c244fc00a58f0801a38f0401a28fe7
:10ee8c001308a000f800a58ff8fc617c0001a38f8b
:10ee9c001108a000f400a58fd800bfd7d000bdd7b3
:10eeac001310a000f000a58fc800bbd7c000b9d7c5
:10eebc001110a000ec00a58fb800b7d7b000b5d7e3
:10eecc001318a000e800a58fa800b3d7a000b2d7f4
:10eedc009800b1d79000b0d78800afd78000aed7dc
:10eeec007800add77000acd76800abd76000aad75c
:10eefc005800a9d75000a8d74800a7d74000a6d7dc
:10ef0c003800a5d73000a4d72800a3d72000a2d75b
:10ef1c001800a1d71000a0d713004000110060000a
:10ef2c001118a00000606041c00000000c01bb8ff4
:10ef3c001401ba8f02609b401001bb8f00709a4085
:10ef4c001801bd2700e8dd4100609b40180000421d
:020000040000fa
:020000041d00dd
:10ef5c00d0ffbd272400b2af0080123c1c00b0af24
:10ef6c00145750260c00028e0800038e2c00bfafe5
:10ef7c002800b3af2b206200030080102000b1af3b
:10ef8c001800048e21186400231062005a004010ef
:10ef9c002c00bf8f82bf113c0080133c1022228eac
:10efac00000242303600401481bf023c0c00028e3d
:10efbc000800038e3b00435081bf023c0022238e8d
:10efcc0006000424060063303c0064104018020064
:10efdc00e44763268a19627c1000a3a71800048eec
:10efec00010042242b2044000a1004000c0002ae45
:10effc000022228e202223ae10000292ff0042300b
:10f00c00e6ff4010000000001800028e0c00038e7a
:10f01c000800048e2b2883000400a05023188300c2
:10f02c001800058e21208500231883001457448e68
:10f03c00daff8010000000000400058e1c00049212
:10f04c00ffff422423104300ff0083302200601096
:10f05c00000000001400038e2b104300cfff40145f
:10f06c00000000001457428e09f8400003000424ed
:10f07c001022228e00024230ccff401081bf023c95
:10f08c000800033c840043ac2c00bf8f2800b38fd6
:10f09c002400b28f2000b18f1c00b08f0800e00359
:10f0ac003000bd270800033c040143ac0800033cbe
:10f0bc00840043acf5ff00102c00bf8fe44764269e
:10f0cc00010065248a19837c8a21857c1000a3a702
:10f0dc00c2ff00101200a4a71400038eafff43144c
:10f0ec00000000001457428e09f84000030004246d
:10f0fc00dfff00100000000081bf023c0800033c51
:10f10c00040143ac2800b38f2400b28f2000b18fd0
:10f11c001c00b08f840043ac0800e0033000bd2716
:020000040000fa
:020000041d00dd
:10f12c0090ffbd276000b2af5800b0af25908000b3
:10f13c004700b0276400b3af6c00bfaf6800b4af3a
:10f14c005c00b1af0418107c2520a0004c00538e3d
:10f15c00000015be0f0000000020023c25800202ba
:10f16c002700b1270418117c0c0000ae080000ae7b
:10f17c00000035be0f0000000c01458e25882202d0
:10f18c000c0020ae080020ae0c0007260800062656
:10f19c00975a400f0800a52425a040000800038eb4
:10f1ac000c00028e220062500c0000ae0000628c3b
:10f1bc00080002ae0400628c4002427c36004050d3
:10f1cc000801448e0400628c01000424000060ac31
:10f1dc00c45a027c040062ac0400628c140060ac63
:10f1ec0084f7027c040062ac0400628cc4ff027cd5
:10f1fc00040062ac0400628cc439827c040062acf2
:10f20c000c00228e210040100400642400e0847c59
:10f21c00000043ac140044ac0c0023ae0c00028e76
:10f22c000800038ee2ff62540000628c0c0000aefa
:10f23c00e0ff6014080000ae0800228e0a004010a7
:10f24c000c0022260c01458e010003240c00a62480
:10f25c001400a3af1000a2af080027260800a524b5
:10f26c00ab38400f252040026c00bf8f2510800268
:10f27c006400b38f6800b48f6000b28f5c00b18ff4
:10f28c005800b08f0800e0037000bd270c0023aebf
:10f29c00c2ff0010080023ae000060ac140060ac8c
:10f2ac000c00858c0e00a0100400622400e0427c4f
:10f2bc000000a3ac1400a2ac0c0083ac0400648c62
:10f2cc00080060ac0003837cb5ff60540800038e1b
:10f2dc00098c400f25206002b1ff00100800038e3e
:0cf2ec000c0083acf5ff0010080083aca0
:020000040000fa
:020000041d00dd
:10f2f800d0ffbd272400b1af2c00bfaf2800b2afac
:10f308002000b0af1700a010258880007400828c00
:10f31800040040102580a0000500052409f84000dd
:10f3280014018424500032262000028e0000038e2f
:10f338002528000208004234200002ae25204002a1
:10f348006184400f25806000f8ff00562000028e7f
:10f358007400228e030040100600052409f84000be
:10f36800140124262200229604004230060040544c
:10f378007400228e20002292100042304500405036
:10f38800252020027400228e1400a0af1000a0af28
:10f39800040040101800a0af0500052409f840003b
:10f3a8001401242603000010500030266184400f09
:10f3b800000000005284400f25200002252840004c
:10f3c800faff40141000a4277400228e2c0040106d
:10f3d8000600052409f84000140124261000a28f15
:10f3e8000c0040507400228e1000458ce64d400ff2
:10f3f800252020021b00401003000324170043545b
:10f408003801228e3c01228e010042243c0122aeaa
:10f418007400228e030040100500052409f84000fe
:10f42800140124261000a5278671400f252000020c
:10f438007400228e030040100600052409f84000dd
:10f44800140124262c00bf8f2800b28f2400b18f0e
:10f458002000b08f0800e0033000bd2701004224df
:10f46800380122ae5284400f1000a4271000a28f4a
:10f47800deff40541000458ce6ff00107400228e19
:10f488001000a28fd9ff40541000458ce6ff0010f1
:10f498001000a52701000624635f400fffff052425
:10f4a8002c00bf8f2800b28f2400b18f2000b08fae
:08f4b8000800e0033000bd274d
:020000040000fa
:020000041d00dd
:10f4c000b0ffbd273400b0af1f00b0274800b5af74
:10f4d0004400b4af4000b3af3800b1af4c00bfaf91
:10f4e0003c00b2af25a880002588a0002598c00068
:10f4f00025a0e0000418107c000015be0f000000dd
:10f500007400828c0020033c258003020c0000aeb6
:10f5100004004010080000ae0500052409f8400072
:10f52000140184240401a58e080006260c00072679
:10f530000800a524975a400f252020027400a68eab
:10f540004b00c010259040000600052409f8c000bb
:10f550001401a426170060527400a68e0800118eb4
:10f560000a00201600000000120000107400a68e91
:10f570000080023c2520820009f8600225288002d4
:10f580000000318e0b0020527400a68e0400228ee3
:10f59000fcff43040000318e0400228e8002427c76
:10f5a000f3ff40140800248e00a0023cf2ff00107c
:10f5b000252082001500c0100500052409f8c000b0
:10f5c0001401a4267400a68e0800028e0c00038e7f
:10f5d000130043500c0000ae0000438c080003ae43
:10f5e0000001a58e0400432400e0637c0c00a48c81
:10f5f000080040ac000040ac19008010140040ac82
:10f60000000082ac140083ac0c00a2ac0800028e97
:10f610000c00038ef1ff43540000438c0c0000ae3d
:10f62000efff4014080000ae0300c01006000524e0
:10f6300009f8c0001401a4264c00bf8f2510400219
:10f640004800b58f4400b48f4000b38f3c00b28fa8
:10f650003800b18f3400b08f0800e0035000bd27a0
:10f660000800a2ac0c00a2ace9ff00100800028e5a
:10f67000e7ff60120800028ec4ff40142588400096
:08f68000d3ff00100c00038e03
:020000040000fa
:020000041d00dd
:10f68800e0ffbd270c00a22c1c00bfaf1800b1afd3
:10f69800620040101400b0af80100500019d053cc9
:10f6a800b8f6a5240a28a27c0800a00025888000b6
:10f6b80050f7009d88f7009dbcf7009d24f8009d39
:10f6c80024f8009df0f7009d24f8009d24f8009d83
:10f6d80024f8009d24f8009d24f8009de8f6009d7c
:10f6e8002580c000029d043c029d063c252800029e
:10f6f800b02dc624c09e84243583400f2c00a7afac
:10f708002c00a78f2530000225202002cc7a400f3c
:10f718002528e0002c00a78f029d043cdc9e842451
:10f728002180f000000000a23583400f2528e0006a
:10f738001c00bf8f251000001800b18f1400b08f77
:10f748000800e0032000bd27029d053c029d043c03
:10f75800b02da5243583400fa89e8424252020029f
:10f768003a72400f200005241c00bf8f25100000ae
:10f778001800b18f1400b08f0800e0032000bd27e7
:10f788000300e590029d043c029d073cb02de72450
:10f79800253000003583400f649e84241c00bf8ff1
:10f7a800251000001800b18f1400b08f0800e00386
:10f7b8002000bd270400e6900300e590029d043c6c
:10f7c800029d073cb02de7243583400f449e8424d6
:10f7d8001c00bf8f251000001800b18f1400b08fd7
:10f7e8000800e0032000bd270400e6900300e59030
:10f7f800029d043c029d073cb02de7243583400f51
:10f80800889e84241c00bf8f251000001800b18f2b
:10f818001400b08f0800e0032000bd27029d053cbe
:10f82800029d043cb02da5243583400fe49e84241a
:10f838001c00bf8f251000001800b18f1400b08f76
:08f848000800e0032000bd27c9
:020000040000fa
:020000041d00dd
:10f85000d8ffbd272400bfaf2000b4af1c00b3af5a
:10f860001800b2af1400b1af5800c0101000b0af14
:10f870004d00800425800000a880828f2b1082001c
:10f8800049004010b880918f802004000a88247eaf
:10f89000450020122518a0001c00228e2000258e75
:10f8a0002b20450053008010239045001800328e15
:10f8b0001400248e2390450223104400219042021c
:10f8c00001005226ffff5232400040122b804602b8
:10f8d0001800228e0b3050022120a6002b2044005d
:10f8e0002580c0000d00801025a0c0002398450091
:10f8f00001007326ffff733223a0d3004300601082
:10f90000ffff943225206000ff87400f2530600202
:10f910001400258e21185300200025ae040060102d
:10f9200025308002ff87400f252060002000258eb3
:10f930002128b400200025aeae6d400f2520200206
:10f940001a0040142400bf8f239050022a90120204
:10f950002a0040123e0022960400433014006054f6
:10f9600025100002010003248410627c847b400f78
:10f970003e0022a69880848f40180400211864005d
:10f98000c0180300211864006210043cc018030072
:10f99000d34d84241900640010180000821903005c
:10f9a00021106200280022ae2400bf8f2510000223
:10f9b0002000b48f1c00b38f1800b28f1400b18fd9
:10f9c0001000b08f0800e0032800bd272400bf8f7f
:10f9d00025800000251000022000b48f1c00b38f8a
:10f9e0001800b28f1400b18f1000b08f0800e00330
:10f9f0002800bd27b4ff0010ffff5232010003248e
:10fa0000c439627ce8ff00103e0022a6c8ff001047
:04fa10001400258e2b
:020000040000fa
:020000041d00dd
:10fa14001800838c030002244100621000000000df
:10fa2400d0808297d8ffbd272400bfaf2000b4af99
:10fa34001c00b3af1800b2af1400b1af0c004010fb
:10fa44001000b0af2400bf8f01004224d08082a7f1
:10fa54002000b48f010002241c00b38f1800b28f61
:10fa64001400b18f1000b08f0800e0032800bd27f8
:10fa74000800848c0080033c0080133c0080023c1e
:10fa8400a058712490585224c8587426a05860acc9
:10fa9400905840acc85860ae2580a000e08084af88
:10faa400d48080afdc8080af040020ae080020ae9c
:10fab4000c0020ae040080ae080080aed88080af79
:10fac400040040ae080040ae0c0040aecc8080afd5
:10fad4000400a010ffff06240000a28c12004014b2
:10fae400019d053c029d053c1022a524e883400f9e
:10faf40025200000a074400f000000002400bf8fe8
:10fb0400251000002000b48f1c00b38f1800b28fa2
:10fb14001400b18f1000b08f0800e0032800bd2747
:10fb24000800e00301000224253000006c8aa524ab
:10fb34006a7b400f030004241f004010dc8082af66
:10fb4400e480400f25202002e6ff4010fdff06243c
:10fb5400858d400f2520400219004010e080848fdd
:10fb64000000058e0800828c09f84000100006246d
:10fb740015004010d88082af958c400f252080025c
:10fb84000000028ed880928f090040102588000062
:10fb9400252840027f84400fc85864260000028e46
:10fba400010031262b102202f9ff401410005226c6
:10fbb400a4ff0010d0808297caff0010feff062425
:10fbc400c8ff0010fcff0624c6ff0010fbff06243c
:020000040000fa
:020000041d00dd
:10fbd400c8ffbd274800828c2000b0af2580a0005c
:10fbe4003000b4af2400b1af3400bfaf2c00b3afca
:10fbf4002800b2af258880001800a0a71000a0af8d
:10fc04001400a5272520000209f8400025a0c00003
:10fc1400180040041400b2972800228e0100132417
:10fc24001000a6272528000009f84000252000021e
:10fc3400350053525400228e1e004012020002244a
:10fc4400140042163400bf8f1600a6975800228e67
:10fc54001000a78f1800a6a71b00052409f8400070
:10fc640025200002040040043400bf8f0100423804
:10fc74000100422c3400bf8f3000b48f2c00b38fae
:10fc84002800b28f2400b18f2000b08f0800e00359
:10fc94003800bd27f7ff02243000b48f2c00b38f47
:10fca4002800b28f2400b18f2000b08f0800e00339
:10fcb4003800bd275000228e1000a68f1b0005249b
:10fcc40009f8400025200002ebff40043400bf8ff8
:10fcd40005005310010005244c00228e09f8400051
:10fce400252000023400bf8f010002243000b48fad
:10fcf4002c00b38f2800b28f2400b18f2000b08f66
:10fd04000800e0033800bd271800a52709f84000c3
:10fd140025200002d8ff40043400bf8ff2ff5210a8
:10fd24001800a297000283320500601410004230cc
:10fd340000089432130080520080423400a0423400
:10fd44001800a2a7020003241600a2a71400a3a768
:10fd54004c00228e1400a58f09f8400025200002d3
:10fd64003400bf8f010002243000b48f2c00b38f05
:10fd74002800b28f2400b18f2000b08f0800e00368
:0cfd84003800bd27efff00101800a2a7f8
:020000040000fa
:020000041d00dd
:10fd9000b480828fe0ffbd271c00bfaf1800b2af58
:10fda0001400b1af260040141000b0afb080828fb5
:10fdb00008004010259000001c00bf8f2510400255
:10fdc0001400b18f1800b28f1000b08f0800e0034c
:10fdd0002000bd271800828cf8ff40141c00bf8f44
:10fde0000800828c020003242580a0002588800062
:10fdf00006004010b48083af0500a050029d053c72
:10fe00000000a28c1a00401400000000029d053c76
:10fe1000e003a524e883400f252000001c00bf8fcd
:10fe200025900000251040021400b18f1800b28ff9
:10fe30001000b08fb48080af0800e0032000bd2721
:10fe400001000324dcff431425900000b080828f62
:10fe5000daff40181c00bf8f1800838cd7ff601496
:10fe60000100122401004224d3ff0010b08082afb1
:10fe70005a7d400f000000000800238e0000118e04
:10fe800004000996060008960800678c0400062402
:10fe90002528200225206000988082afac8083afa7
:10fea000a08089a709f8e0009e8088a71c00401068
:10feb000b88082af009d053c050006247802a52489
:10fec0000a0004246a7b400fa88091af1a004010fa
:10fed000a48082afb080828f0100122401004224ee
:10fee0008f8d400fb08082af25204000010002249a
:10fef000918d400f9c8082a31c00bf8f01000224c3
:10ff0000b08082afb48082af1400b18f2510400260
:10ff10001000b08f1800b28f0800e0032000bd274a
:10ff2000029d053c1004a524e883400f2520000015
:10ff3000a1ff0010b48080aff370400f00000000fc
:08ff40009dff0010b48080afaa
:020000040000fa
:020000041d00dd
:10ff4800c8ffbd273400bfaf3000b5af2c00b4af39
:10ff58002800b3af2400b2af2000b1af6000a010fa
:10ff68001c00b0af0000a38c07006050fbff1024fa
:10ff78004f0080103400bf8f42008294400042300e
:10ff88000b004014faff10243400bf8f2510000224
:10ff98003000b58f2c00b48f2800b38f2400b28fa7
:10ffa8002000b18f1c00b08f0800e0033800bd2787
:10ffb8000080143ccc5694262598e0002590c0007b
:10ffc8002580a0003c8b400f0400918e0019020090
:10ffd8002310620080100200218822020000248e73
:10ffe800405e400f252800023f00401025a8400031
:10fff80039006016040027261400272680001324e1
:020000041d01dc
:100008000000a296020043300e0060142580000014
:10001800400043300500601404002426800042306c
:1000280024002426140023260b20620005008710d4
:10003800040010240400a526306d400f1000a7af5f
:100048001000a78f2520a00225304002717e400fa6
:10005800252860020000228e3c00848e0c00238e2e
:100068002400428c3400bf8f3000b58f02104470da
:10007800eb51043c1f8584342c00b48f2800b38fc7
:100088002400b28f2000b18f190044001010000026
:10009800421102002b106200050003240a8062004e
:1000a800251000021c00b08f0800e0033800bd27af
:1000b800faff1024251000023000b58f2c00b48ff1
:1000c8002800b38f2400b28f2000b18f1c00b08f9e
:1000d8000800e0033800bd27c9ff001040001324c2
:1000e800a9ff0010fbff1024a7ff0010feff10243b
:020000040000fa
:020000041d01dc
:1000f80036008010000000003400a010000000004e
:10010800e0ffbd271800b2af0f00a524259080009e
:100118001400b1af1c00bfaf028905008f8d400fde
:100128001000b0af4800439222006014010031264d
:10013800918d400f252040002400428e0f00405032
:10014800faff02240400438c2b207100080080541d
:100158000000508c45000010232071002b287100ee
:100168001c00a01023207100251000020000508cf4
:10017800faff00560400038efaff02248f8d400f09
:10018800380042ae48004392252040000100632415
:10019800918d400f480043a21c00bf8f251000001e
:1001a8001800b28f1400b18f1000b08f0800e00360
:1001b8002000bd27ffff6324480043a2918d400f14
:1001c80025204000ddff00102400428e0800e003d7
:1001d800251000000300852c1d00a0540000048e8b
:1001e8001a0071102518200200110400040004ae42
:1001f80021800202040011ae3000438e3400428e8a
:10020800218823022b10510002004010300051ae0b
:10021800340051ae8f8d400f00000000480043921b
:100228002520400001006324918d400f480043a21f
:100238001c00bf8f100002261800b28f1400b18f67
:100248001000b08f0800e0032000bd270000048ed6
:1002580025886000000044ac2800438ee6ff7050fb
:10026800280042aee5ff00103000438e0300852cc5
:100278000700a010000000000000448c258040000a
:1002880025886000240044aef3ff0010251080008c
:10029800faff23520000448cd3ff00102580400051
:020000040000fa
:020000041d01dc
:1002a800b8ffbd273400b2af25908000252000009c
:1002b8004400bfaf4000b5af3c00b4af3800b3afa7
:1002c8003000b1af2598a0004e85400f2c00b0af8c
:1002d8000400508c029d063c14b8c62425286002f0
:1002e80025204002258840000800558caa89400f27
:1002f8000c00548c02461000003c037e003a027e3b
:10030800029d063cff00073228b8c624efff652689
:10031800110044261800a8af1400a3afaa89400f03
:100328001000a2af1100502402461500003ca37e25
:10033800003aa27e029d063cff00a73223287002e5
:100348002120500240b8c6241800a8af1400a3af5b
:10035800aa89400f1000a2af218050000246140065
:10036800003c837e003a827e029d063cff00873275
:10037800232870022120500258b8c6241800a8afbc
:100388001400a3afaa89400f1000a2af4100239226
:100398003c002792218050002000a3af4000229209
:1003a800029d063c212050021c00a2af3f00229271
:1003b8002328700270b8c6241800a2af3e0022920b
:1003c8001d00102621a050021400a2af3d00229269
:1003d80023a87002aa89400f1000a2af0886400f18
:1003e8002520200218004014029d073c029d073c6e
:1003f8000cb8e724029d063c2528a002252080028f
:10040800aa89400f9cb8c62421805000029d063c52
:100418002328700221205002aa89400facb8c624b4
:100428004400bf8f020002264000b58f3c00b48f05
:100438003800b38f3400b28f3000b18f2c00b08fea
:100448000800e0034800bd27eaff001008b8e724c9
:020000040000fa
:020000041d01dc
:10045800d8ffbd271800b1af0080113c2000b3af12
:100468001c00b2af2400bfaf1400b0af82bf123c73
:10047800145731260080133c1022428e010042306e
:10048800330040102400bf8f3022508e2800228e67
:100498003000238e2c00248e010042242b184300a8
:1004a8000a10030033008210000000002c00238e85
:1004b800f1ff6210000000002800248e0022438e05
:1004c800060006240600633037006610ff00053278
:1004d800e055632621208300000085a0280022ae75
:1004e80034002292ff004230e3ff40100000000079
:1004f8002800238e2c00228e2b20620035008014c9
:1005080000000000231062002000238edaff601034
:10051800000000002400258e3c002392ff00633079
:100528002f006014000000003800238ed2ff43140f
:10053800000000002000228e09f84000252000005d
:100548001022428e01004230cfff40142400bf8f9a
:1005580081bf023c0400033c2000b38f1c00b28f13
:100568001800b18f1400b08f840043ac0800e0037a
:100578002800bd272000238eccff6010000000005b
:100588002400258e2000228e09f840000100042452
:100598002800228e3000238e010042242b184300ad
:1005a800c2ff00100a1003002800238ee0556626bb
:1005b800003a107e401803000100642421208600c0
:1005c80021186600000065a0000090a0c3ff00107d
:1005d800000000003000248ecaff001021186400bb
:1005e8003800238e2b104300a3ff401400000000a6
:0805f800d0ff0010000000001c
:020000040000fa
:020000041d01dc
:10060000c8ffbd274800828c2000b0af2580a00025
:100610003000b4af2400b1af3400bfaf2c00b3af93
:100620002800b2af258880001800a0a71000a0af56
:100630001400a5272520000209f8400025a0c000cd
:10064000180040041400b2972800228e01001324e1
:100650001000a6272528000009f8400025200002e8
:10066000350053525400228e1e0040120200022414
:10067000140042163400bf8f1600a6975800228e31
:100680001000a78f1800a6a71200052409f8400043
:1006900025200002040040043400bf8f01004238ce
:1006a0000100422c3400bf8f3000b48f2c00b38f78
:1006b0002800b28f2400b18f2000b08f0800e00323
:1006c0003800bd27f7ff02243000b48f2c00b38f11
:1006d0002800b28f2400b18f2000b08f0800e00303
:1006e0003800bd275000228e1000a68f120005246e
:1006f00009f8400025200002ebff40043400bf8fc2
:1007000005005310010005244c00228e09f840001a
:10071000252000023400bf8f010002243000b48f76
:100720002c00b38f2800b28f2400b18f2000b08f2f
:100730000800e0033800bd271800a52709f840008d
:1007400025200002d8ff40043400bf8ff2ff521072
:1007500001009432020080121800a293004042343b
:10076000020003241600a2a71400a3a71800a2a742
:100770001400a58f4c00228e09f8400025200002ad
:100780003400bf8f010002243000b48f2c00b38fdf
:100790002800b28f2400b18f2000b08f0800e00342
:0407a0003800bd2739
:020000040000fa
:020000041d01dc
:1007a400c8ffbd271c00b3af5000b38f2000b4af07
:1007b4003400bfaffcff62260200422c3000beaf03
:1007c4002c00b7af2800b6af2400b5af1800b2af05
:1007d4001400b1af1000b0af060040144c00b48f49
:1007e4002000a22c450040102000c22c49004010db
:1007f400258000002588a0000100052425a8e0002c
:100804007373400f2590c0004600401025b8400087
:100814000400568c0200c296020043303a00601075
:10082400080042303d004014258000004384400ffe
:100834008400c426258040001a00401002001e24b3
:100844000f0043900100022439006214029d043c0d
:100854004800a38fff007332030002240d0003a29b
:10086400010003240c0013a2040011a6060012a622
:10087400080015ae0e0003a204006216100017aea5
:100884000200c296080042340200c2a625280002d3
:100894003484400f9000c426020002240f0002a2f8
:1008a40025f000008f8d400f000000000000c3926f
:1008b4002520400001006324918d400f0000c3a255
:1008c4000100805600009eae3400bf8f2510000248
:1008d4003000be8f2c00b78f2800b68f2400b58f50
:1008e4002000b48f1c00b38f1800b28f1400b18f96
:1008f4001000b08f0800e0033800bd2725800000f9
:10090400efff0010fbff1e2425800000e5ff001010
:10091400fcff1e24eaff0010faff1e24e1ff001072
:10092400f8ff1e2425800000e5ff0010ffff1e24b1
:1009340006010524ba85400f782c8424c5ff0010d5
:040944004800a38f35
:020000040000fa
:020000041d01dc
:10094800d8ffbd270f0005240f0004242400bfafe3
:100958002000b3af1c00b2af1800b1afca84400f7b
:100968001400b0af080040147880908f2400bf8f27
:100978002000b38f1c00b28f1800b18f1400b08f05
:100988000800e0032800bd27f8ff001202004230eb
:100998003b004010000000009e7b400f000000005c
:1009a800259860005a7d400f259040002530400072
:1009b8002520400225286002e11f400f253800004d
:1009c8000000128e259840001c0002ae0c00428eda
:1009d8002b004010258800000d0000102520400243
:1009e800010080501800448c0800438c23186302cf
:1009f8002b1864002e006010253040000c00428e39
:100a0800010031262b1022021d0040102520400233
:100a18006688400f252820020000439401006430b6
:100a2800f7ff80500c00428e80006430ecff805449
:100a38001400048e000165301a00a0140c00448cc8
:100a4800232064020200842cedff80540c00428ea7
:100a58002b0045902c0044902b20a40019008014f2
:100a68000c0053ac00016334e4ff0010000043a401
:100a7800d710400f252000024f79400f240004862c
:100a8800f271400f24000486b9ff40102400bf8f84
:100a980026000286f8ff401000000000f4ff001056
:100aa80000000000d6ff93500c00428e2530400015
:100ab800260005266a7f400f25200002d0ff00107f
:100ac8000c00428e0100a5242b0045a02520000221
:100ad800fc1d400f25284000c9ff00100c00428e65
:020000040000fa
:020000041d01dc
:100ae8006200a010000000000000a28c5f0040100f
:100af80000000000500080100000000042008394b5
:100b08004000633003006014faff02240800e00389
:100b180000000000ffffe7240400e22c550040100d
:100b2800029d033c029d023c40380700ec356324db
:100b3800f4354224c0ffbd272110e2002138e3002c
:100b48000080033c3800b7af3400b6af3000b5af13
:100b58002c00b4af2800b3af2400b2af2000b1af6f
:100b6800d056728c1c00b0af258880002580a0006c
:100b780025a0c0003c00bfaf000053943c8b400f41
:100b88000000f59400190200231062008010020092
:100b9800219042020000578e0000168e0000838ebe
:100ba8000c00e28e2520e00224b0c30208004014a5
:100bb80025800000220000103c00bf8f0c00e28e50
:100bc8002b1002021e0040103c00bf8f0000448e14
:100bd8006688400f25280002000043940100102673
:100be80001006430f5ff801024187300f4ffa35649
:100bf8000c00e28e0800438c0000848e24186400e8
:100c0800efff76540c00e28e252840002520400294
:100c1800a275400f1000a2af1000a28ffeff07249c
:100c28002530000008004524dd65400f25202002fe
:100c3800e3ff00100c00e28e0800e003faff022434
:100c4800251000003800b78f3400b68f3000b58ffc
:100c58002c00b48f2800b38f2400b28f2000b18fee
:100c68001c00b08f0800e0034000bd270800e00327
:0c0c7800fbff02240800e003f9ff022447
:020000040000fa
:020000041d01dc
:100c8400e0ffbd271400b1af0080113c5857312656
:100c94000400228e1000b0af1c00bfaf1800428cbd
:100ca4001800b2af09f840003400308e140022aeb0
:100cb4001400248e1000228e2800288e2c00298ee9
:100cc40023208200212888002b30a4002118c90089
:100cd400280025ae2c0023ae2200001200000000e4
:100ce40030002292010042241977400f300022a2e2
:100cf4003400308e0500001200800d3c0c00028e82
:100d0400320040100100122400800d3c6453ad25d4
:100d14002560a00125580000c0100b0021104b00d5
:100d2400801002002110a2011900439001006b25dc
:100d3400ff00633005006010010004240400838d6b
:100d4400190040a02e0064500800838d0500022481
:100d5400f1ff621524008c2530002292ffff42240b
:100d6400300022a28f8d400f000000002352400f5c
:100d740025804000252000021c00bf8f1800b28f80
:100d84001400b18f1000b08f918d400b2000bd274f
:100d94001400401000000000d559400f2000048ebc
:100da4001000028e040040503400308e09f84000d8
:100db4001400048e3400308ed4ff001200800d3ce9
:100dc4000c00028ed2ff40146453ad250400028e41
:100dd400180012a225200002190012a2ecff4050b4
:100de4001000028ea770400f000000000400028e65
:100df400ebff4050010000a2eaff00101000028e39
:100e0400252080010c0043accd58400f00000000a9
:080e1400cfff001005000224cd
:020000040000fa
:020000041d01dc
:100e1c00880002243f00a2108900a2281a0040106a
:100e2c00810002245400a2108200a2280500401068
:100e3c00800002245100a2500000e28c0800e00364
:100e4c0025100000820002243b00a2500000e28c1e
:100e5c0084000224f9ffa214000000000000e28cc0
:100e6c00040043240000428c2700c0100000e3acb7
:100e7c002016027c000082acc3170200040082ac76
:100e8c000800e00301000224a00002243600a25056
:100e9c000000e28ca100a228100040109000022457
:100eac00e6ffa214000000000000e28c07004224c0
:100ebc000410027c0000488c0400498c0800422479
:100ecc000000e2ac000088ac040089ac0100c0104a
:100edc00010002240800e00300000000c00002240e
:100eec000500a2500000e28cf0000224d3ffa214f3
:100efc00000000000000e28c040043240000e3ac7e
:100f0c00020000100000428cffff42302000001055
:100f1c00000082ac0000e28c040043240000428cf0
:100f2c000300c0100000e3acd2ff00102014027cc0
:100f3c00f6ff0010ff004230070042240410027c30
:100f4c000000488c0400498c080042240000e2acec
:100f5c00000088ac040089acdeffc0100100022444
:100f6c000800e00300000000040043240000e3ac90
:100f7c00c0ff00100000428c0000e28c04004324ef
:100f8c000000e3ac0000428cbbffc014000082ac3c
:080f9c00bbff0010040080ac53
:020000040000fa
:020000041d01dc
:100fa400e0ffbd271c00bfaf1800b1af08008010e0
:100fb4001400b0af1c00bf8fffff102425100002e7
:100fc4001800b18f1400b08f0800e0032000bd2783
:100fd4000080043c185484245e72400f2580a000d5
:100fe400f4ff401025884000080005321500a05485
:100ff400040042941400429428004010010002248a
:1010040024002296320040100100023cffff10240d
:101014008f8d400f00000000000023922520400027
:1010240001006324918d400f000023a21c00bf8f98
:10103400251000021800b18f1400b08f0800e003df
:101044002000bd27f2ff4014ffff10241400229655
:101054002a0040100100022424002296ecff4014d0
:101064000100023c01004224240022ae02000224ba
:101074002c0020a2240030262d0020a22e0020a225
:101084002f0020a2280031ae300022ae02002296aa
:10109400040042340a000010020022a6140022ae0a
:1010a400020002241c0020a2140030261d0020a2ed
:1010b4001e0020a21f0020a2180031ae200022ae84
:1010c4000400229601004224d1ff0010040022a64d
:1010d40001004224240022ae020002242c0020a29b
:1010e400240030262d0020a22e0020a22f0020a2b2
:1010f400280031aef2ff0010300022ae140022ae00
:10110400020002241c0020a2140030261d0020a28c
:101114001e0020a21f0020a2180031aedbff001029
:04112400200022aed7
:020000040000fa
:020000041d01dc
:10112800e8ffbd271000b0af1400bfaf9a7c400f96
:10113800258080002c0040101400bf8f0800068e08
:101148003a000396340004961000c28c25208300d0
:1011580006004530040043340a1065003800453065
:10116800200043340a10650001004330210060105c
:10117800100045300700a010080003240200473083
:10118800084005240b18a7000020673404004530e8
:101198000b18e500200045302b00a0140200473052
:1011a80001016334201e037c24186400000185308b
:1011b800252865001b00a05002000224010184308c
:1011c800010105241000c2ac200003a62a008510e6
:1011d8003c0000ae040002241a0002a60300022408
:1011e8001c0002a61400bf8f1000b08f0800e00397
:1011f8001800bd271b00a01002004330014107243e
:10120800012105240b28e3002518a00024186400f8
:101218000001853025286500e9ffa014010184300c
:1012280002000224020002a6fdff023c1c0002aede
:10123800180000ae1400bf8f1000b08ffdff04240b
:10124800958b400b1800bd2700106834040045300a
:10125800d3ffa0100b18070101096334d2ff001057
:10126800201e037c01110724010905240b28e30033
:10127800cdff00102518a0000f000524b477400ffb
:1012880025200002d8ff40101400bf8f040002245c
:101298001a0002a602000224d2ff00101c0002a6b7
:020000040000fa
:020000041d01dc
:1012a800d0ffbd272000b1af2588800064808487e7
:1012b8002400b2af2c00bfaf2800b3af1c00b0af02
:1012c800f271400f2590a000340040102c00bf8f11
:1012d8003729400f252020022580400005000224e0
:1012e8002100021206000224180002162c00bf8feb
:1012f80006001324580023920200023c01004224f5
:101308002000643009008010540022ae2000228e94
:10131800010004244429837c04004014580023a2bb
:101328008b8d400f00000000200022ae5800229252
:1013380001000324c439627c580022a225286002d7
:10134800c16f400f252040022c00bf8f25100002de
:101358002800b38f2400b28f2000b18f1c00b08ffb
:101368000800e0033000bd275600229613005010f5
:10137800f5ff4224fdff4230f4ff40142c00bf8fdc
:101388000c00228e2520200208001324ca7c400f5e
:10139800080022aeeaff0010252860020a00102487
:1013a800251000022800b38f2400b28f2000b18fcf
:1013b8001c00b08f0800e0033000bd275800228ec3
:1013c8000005032400054230caff43140400132417
:1013d800520023960400601408000224560022a636
:1013e800d6ff0010030013242c00228e013007249e
:1013f8001000a6271400a527252040021000a0af42
:101408003570400f1400a2af8d8d400f03001324d8
:10141800040022ae06000224c8ff0010560022a6cf
:020000040000fa
:020000041d01dc
:101428003800a010251080009480838fd8ffbd2736
:101438002400bfaf2000b3af1c00b2af1800b1af9b
:10144800070060101400b0af1200b084040000065a
:101458009080848f2a2004020900801480201000c4
:101468002400bf8f2000b38f1c00b28f1800b18feb
:101478001400b08f252040009573400b2800bd272d
:101488000a18647cf7ff65142400bf8f3400439466
:101498001e0060542000438c6000a3940100633058
:1014a80027006010259800005800b18c5c00b38cb0
:1014b8002800528c0c00a38c2400621025204000c8
:1014c8003e00a390ffff63249573400f3e00a3a046
:1014d8002b00201225386002252840022520000212
:1014e80025c820022400bf8f2000b38f1c00b28fb4
:1014f8001800b18f1400b08f0100062408002003e3
:101508002800bd279573400b000000002400bf8f02
:101518002000b38f1c00b28f1800b18f1400b08f59
:101528002800448c40006334340040a4200043acbd
:1015380001000624252840006878400b2800bd27b4
:1015480025880000dbff0010259000004000a38cd8
:101558001000448c00026330060060100c0080a468
:10156800540040a42000438cc418037cd8ff00100a
:10157800200043ac0000a38cfaff00100800a3acc5
:101588002400bf8f2000b38f1c00b28f1800b18fca
:0c1598001400b08f0800e0032800bd27fd
:020000040000fa
:020000041d01dc
:1015a400b8ffbd272c00b2af1000a4270080123c66
:1015b4004400bfaf3c00b6af3800b5af3400b4afa1
:1015c40025a8e0003000b3af2800b1af2598a000f3
:1015d4002588c0004000b7af958c400f2400b0af01
:1015e4007e76400fa05844260000b42afbff032453
:1015f400fcff02240a10740025a040000080163c61
:101604008e84400fa05844262700401025804000b7
:101614000400029201000324030043100200032487
:101624002b0043144400bf8f050004924e85400fe5
:101634000800178e0c00058e0000638e2e00a31484
:10164400252800023000a006030006240300258a92
:101654001400e38e0000259a030065a8000065b815
:1016640004002492040064a005002492050064a0f0
:10167400250040100000e0ae2528e002427d400f26
:1016840025204000200040040300062425280002f1
:101694007f84400fc858c4268e84400fa058442627
:1016a400dbff4014258040001000a38fa058422681
:1016b40025204000a05843ae1400a38f040043ac7f
:1016c4001800a38f367c400f080043ac4400bf8f42
:1016d4004000b78f3c00b68f3800b58f3400b48f0c
:1016e4003000b38f2c00b28f2800b18f2400b08f4c
:1016f4000800e0034800bd277f84400f1000a427a2
:10170400bfff00100000000025288002b287400fb0
:0c1714002520e002deff00102528000266
:020000040000fa
:020000041d01dc
:10172000d0ffbd272c00bfaf2400b5af2000b4af61
:101730001c00b3af1800b2af1400b1af1000b0afcf
:101740000d73400f2800b6afc28c400f019d153cb1
:10175000c88c400f0080143c029d133c0080123c5a
:10176000029d113c0080103cd984400f01001624da
:101770000126400f0000000010c1a526cd1a400f21
:10178000b8028426e0dc6526cd1a400fa802442664
:1017900058192526cd1a400f980204266210023ce3
:1017a000d34d42241900c202101000008219020019
:1017b0004011030023104300801002002110430059
:1017c000c01002002b00c2120300023c400d422454
:1017d0002e00c21200000000d984400f0100d6265e
:1017e0000126400f0000000010c1a526cd1a400fb1
:1017f000b8028426e0dc6526cd1a400fa8024426f4
:1018000058192526cd1a400f98020426eb51023ca8
:101810001f8542341900c202101000004219020054
:101820004010030021104300c010020021104300ab
:1018300080100200daffc2166210023cc58c400f15
:10184000000000006210023cd34d42241900c20285
:101850001010000082190200401103002310430001
:101860008010020021104300c0100200d7ffc216f2
:101870000300023cc28c400f000000000300023c49
:10188000400d4224d4ffc21600000000cb8c400f54
:0c18900000000000b4ff00100000000089
:020000040000fa
:020000041d01dc
:10189c00e8ffbd271000b0af1400bfaf9a7c400f1b
:1018ac0025808000370040101400bf8f2000029666
:1018bc000800068e3400059601004430220007967d
:1018cc002400089626000396310080140100c6906f
:1018dc001000423003000a240b0004240a204201a9
:1018ec0025108000254800002520000000086a30e3
:1018fc00050040510004633000020a310e004055cf
:10190c000a00052400046330070060502418a70067
:10191c0000010831040000512418a7000c00052414
:10192c000d00001025180000000165302700a010e4
:10193c0080006530120005240100c6302518c9004e
:10194c0024186400801803002520890024208600b8
:10195c00080066340b18c4002800048e0500805063
:10196c0002000224000082ac040085ac080083aca9
:10197c0002000224020002a6180000ae1c0000aef9
:10198c001400bf8f1000b08f0800e0031800bd27b3
:10199c00050004240020ea30010002240004e93090
:1019ac000b108a0003002011252000001000423487
:1019bc00010004240008ea30ccff40112548000047
:1019cc0020004234c9ff00104000c97c0a00a0145a
:1019dc001400052440006530d7ffa05422000524d4
:1019ec002000633006006054240005240400027caf
:1019fc00d9ff001000204234d7ff0010251800003a
:081a0c00d5ff001025180000b1
:020000040000fa
:020000041d01dc
:101a1400d8ffbd272400bfaf2000b3af1c00b2af76
:101a24001800b1af4f0080141400b0af0080133c15
:101a3400185470260800038e020002240d0062145c
:101a44002590000202000296010042300a00401074
:101a54002588a0002400bf8f251040022000b38fea
:101a64001c00b28f1800b18f1400b08f0800e0037f
:101a74002800bd272588a000a800062425280000ea
:101a8400d488400f25200002370020122400bf8f85
:101a94008f8d400f0000000025204000010002242b
:101aa400918d400f185462a20400228e0100032479
:101ab400020003a602000324080003ae8800038e7c
:101ac400100002ae0080023c4c5442240080053ccd
:101ad400010006240c0000a68400098e8c00078ee9
:101ae400254000009c54a5240f0046a00900601066
:101af400000040ac14004424000062ac0a008510cd
:101b040025184000251080000f0046a0f9ff60143e
:101b1400000040ac1400442425484000010008247f
:101b2400f8ff8514251840000080023c0400e724d7
:101b3400885442248c0007aec6ff0011880002ae10
:101b44002400bf8f25104002840009ae2000b38f0b
:101b54001c00b28f1800b18f1400b08f0800e0038e
:101b64002800bd272400bf8fffff12242510400248
:101b74002000b38f1c00b28f1800b18f1400b08ff7
:081b84000800e0032800bd2762
:020000040000fa
:020000041d01dc
:101b8c00c8ffbd273000b7af3400bfaf2c00b6afd5
:101b9c002800b5af2400b4af2000b3af1c00b2af27
:101bac001800b1af1400b0af5100a0184000d77ca2
:101bbc000100d3300400d4302588800025a8a00073
:101bcc002590000017000010029d163c7400228e18
:101bdc00030040100500052409f8400010012426dc
:101bec001000058e25386002010006240800a5248b
:101bfc009632400f2520200225b840007400228e1a
:101c0c00030040100600052409f8400010012426aa
:101c1c002200e0566c00228e010052262100b212e6
:101c2c0025b800002e0025966800228e2530000075
:101c3c00f2ffa524ffffa53009f84000380004246a
:101c4c001800401025804000040060121000428ce7
:101c5c001000439404006334100043a45886c32638
:101c6c00080003ae1b00e0160c0011aed7ff801667
:101c7c00000000ae1000058e25386002010006241d
:101c8c000800a5249632400f2520200225b84000dc
:101c9c00e2ffe052010052266c00228e09f840004f
:101cac00252000023400bf8f251040023000b78f72
:101cbc002c00b68f2800b58f2400b48f2000b38f72
:101ccc001c00b28f1800b18f1400b08f0800e00315
:101cdc003800bd270e0045944c00248ef0ffa53033
:101cec00c785400f2e0025a6e0ff00100000000065
:081cfc00ecff00102590000030
:020000040000fa
:020000041d01dc
:101d0400e0ffbd271400b1af0800918c1800b2affa
:101d14000080023c1c009294605642242610220249
:101d2400010003241000b0af1c00bfaf2580800069
:101d34002d0043120b8802001d00401202000224f1
:101d44000c00421200000000020082a4ffff023ccb
:101d5400180080ac1c0082ac1c00bf8f1800b28f2e
:101d64001400b18f1000b08fffff0424958b400b3b
:101d74002000bd279a7c400f00000000070040109f
:101d84001c00bf8f340002862f004004040002248c
:101d94001a0002a61c0000a61c00bf8f1800b28ff8
:101da4001400b18f1000b08f0800e0032000bd279d
:101db400008006340276400f25280000f7ff40100b
:101dc4001c00bf8f030002241a0002a60100022493
:101dd4001c0002a61800b28f1400b18f1000b08f3f
:101de4000800e0032000bd27b477400f2528000039
:101df400eaff40101c00bf8f847b400f00000000ee
:101e0400259040002000228e5a7d400f0000518c06
:101e140003000324021022726210113cd34d3126b8
:101e24001a0003a6020003241c0003a6e7034224ad
:101e340019005100101000008211020021105200fc
:101e4400d5ff00102c0002ae847b400f0000000080
:101e54002c00038e2b104300daff40141c00bf8fac
:101e6400ffff023c020012a6180000aebaff0010e9
:041e74001c0002ae9e
:020000040000fa
:020000041d01dc
:101e78000600a0500c01828c0b00a0a80800a0b896
:101e88000c00a0a00d00a0a00c01828c0800438cbf
:101e98000d00601401000224500000100000000032
:101ea8000400628c060043040000638c0400628c0a
:101eb800c002427c0c004010000000000000638c4f
:101ec80007006010000000000400628cc001427c22
:101ed800f3ff4010020002240800e00300000000a5
:101ee8000800e003010002240200e0100c00622454
:101ef8000000e2ac2538a000252060002560000025
:101f08002558000000a00e3c1d00e01000800d3c8c
:101f18000800898c04008a8c0400888c25102e0106
:101f280080024a7d25482d010b102a010054087da6
:101f38000b00e2a8024a08000800e2b80c00e8a07a
:101f48000d00e9a00300e28801008c250000e2985a
:101f58002538400001006b250400828cc001427cba
:101f6800fdff4014000000000400828c8007427cc2
:101f78000700401400000000e5ffe0140000848c16
:101f8800f5ffc01401006b250800e00325100000d0
:101f98000100c0540000cbac0500e01000000000b8
:101fa8000b00e0a80800e0b80c00e0a00d00e0a0dd
:101fb800f5ffa01000000000c7ff8b55fcff0224ae
:101fc8000400648c0100052425100000c45aa47c78
:101fd800040064ac0800e003000000000800e0030f
:041fe80000000000f5
:020000040000fa
:020000041d01dc
:101fec00d8ffbd271800b2af2400bfaf2000b4af9c
:101ffc001c00b3af1400b1af1000b0af4f00801095
:10200c002590a0000c00828c48004050ffff022459
:10201c001000838c45006050ffff02241400908c4c
:10202c00410000122588800009f84000252000029c
:10203c0045004010259840000f0044240418047cef
:10204c0023288200232805020418057cb0ffa22453
:10205c000004432c37006054fcff0224127d400f17
:10206c0002a1020025804000029d023cd0254224a2
:10207c005000092625180002200048240000478c37
:10208c000400468c0800458c0c00448c1000422443
:10209c00000067ac040066ac080065ac0c0064acd6
:1020ac00f6ff4814100063240400248e0000458cb5
:1020bc001000228e000065ac240009ae280009ae89
:1020cc003c0004ae540014ae500000ae2c0014ae14
:1020dc00300000ae340000ae380000ae400013ae4d
:1020ec008f8d400f440002ae0100032425204000d8
:1020fc00918d400f480003a22510000001004056ae
:10210c00000042ae2400bf8f251000022000b48fc7
:10211c001c00b38f1800b28f1400b18f1000b08f59
:10212c000800e0032800bd27ffff0224f3ff001086
:10213c0025800000f1ff00102580000025800000a4
:10214c00eeff0010ffff022425800000ebff0010c3
:04215c00feff02245c
:020000040000fa
:020000041d01dc
:102160005a00a01000000000580080140000000079
:10217000e0ffbd271400b1af0080113c1000b0afec
:102180000100022458573026380002a20000a28c19
:102190001c00bfaf1800b2af0c00438c040002aead
:1021a00009f860002590a000803002002120c200c4
:1021b000821f02002b3086002130c300c22e040093
:1021c00040390400401906002320e4002518a3002c
:1021d0002b38e4002318660023186700822f0400c0
:1021e00080180300eb0b063c00c2c6342538000003
:1021f000802004002528a300e11f400f0c0002ae40
:102200000400038e0400448e02004224300000a229
:102210000000638c200002aeff7f023cffff4234cf
:10222000080004ae25200000100000ae25280000a4
:102230001c0002aeffff0224280004ae019d043cf6
:10224000180002ae2c0005ae340000ae25280000b8
:1022500009f86000840c84240400028e1000438c72
:10226000040060100000000009f860001800048eef
:102270000400028e1c00048e1400428c09f84000f9
:10228000000000000400028e0400428c09f84000a7
:10229000000000000080043cb40006242528000053
:1022a000d488400f645384241c00bf8f0200022492
:1022b000585722ae1800b28f251000021400b18fbb
:1022c0001000b08f0800e0032000bd270800e003e5
:0422d000ffff0224e6
:020000040000fa
:020000041d01dc
:1022d400d8ffbd270200a2302000b4af1c00b3af6a
:1022e4001800b2af1000b0af2400bfaf1400b1affc
:1022f4002598a00025a080002580c000190040106a
:102304002590e000040000100001918c080022ae2a
:1023140043000016000000000800248e0c00228eea
:10232400faff82540000828c0c0020aef8ff801467
:10233400080020ae040000100401918e080022aeb3
:102344003b000016000000000800248e0c00228ec2
:10235400faff82540000828c0c0020aef8ff801437
:10236400080020ae010073321e0060122400bf8feb
:102374000801918e0800248e0c00228e0a008250df
:102384000c0020ae0000828c080022ae1c00001657
:10239400000000000800248e0c00228efaff8254f4
:1023a4000000828c0c0020aef8ff8014080020aee0
:1023b400040000100c01918e080022ae14000016d7
:1023c400000000000800248e0c00228efaff8254c4
:1023d4000000828c0c0020aef8ff8014080020aeb0
:1023e4002400bf8f2000b48f1c00b38f1800b28f5d
:1023f4001400b18f1000b08f0800e0032800bd273f
:1024040009f8000225284002e3ff00100800248e8a
:1024140009f8000225284002ebff00100800248e72
:1024240009f8000225284002bcff00100800248e91
:1024340009f8000225284002c4ff00100800248e79
:020000040000fa
:020000041d01dc
:10244400d8ffbd271000b0af0080103c400110261b
:102454002400bfaf2000b4af1c00b3af1800b2af6c
:102464001400b1af12000416251000002590c0001e
:102474002588a0004c00138e150040129800068e8b
:102484009480400f2520a0003f00c01425a04000e8
:102494009800058ea000028e2528250225105400e0
:1024a400980005ae2b00a014a00002ae0100022487
:1024b4002400bf8f2000b48f1c00b38f1800b28f8c
:1024c4001400b18f1000b08f0800e0032800bd276e
:1024d4002488c5009480400f2520200225a04000b8
:1024e4002d00c014259000009c00028e2788110046
:1024f400a000038e241022029c0002aea400048ecd
:102504002710140024186200248826022410440092
:102514002528800225206002a40002aea00003ae9c
:10252400ec8c400f980011ae25288002e68c400ff9
:10253400252060029800028eddff40500100022435
:102544009400048e5a8b400f01004532d8ff0010ce
:1025540001000224a400028e25206002271002003c
:1025640024a05400e68c400f2528800225288002f0
:10257400e98c400f25206002ac88400f9400048e43
:10258400cbff0010251040027081400f9400048e90
:10259400c0ff00109800058e7081400f9400048ed7
:0c25a40025904000d0ff00109800068e2b
:020000040000fa
:020000041d01dc
:1025b000d8ffbd271c00b3af1000b0af2800938c2c
:1025c0001800908c1400b1af0400628e0c00038ed2
:1025d00025888000020004962400bfaf2000b4af1d
:1025e0001800b2af100003ae0c0002ae25a0a00090
:1025f000b02f400f2590c00006000496b02f400f6a
:10260000020002a60800039203006014060002a65e
:1026100064000224080002a21000248e0000028e32
:102620000c008394801002003c0045302118a30068
:10263000060080120c0083a40a0000a660006392ca
:102640000400633031006010253000000b0040169c
:102650002400bf8f2000228e2000b48f020042345d
:10266000200022ae1c00b38f1800b28f1400b18f6f
:102670001000b08f0800e0032800bd271400248e4e
:10268000060082240300438800004398030083a8c7
:10269000000083b804004390040083a00500439029
:1026a000050083a02800238e3c0065240b18a3009e
:1026b0000300658800006598030045a8000045b840
:1026c00004006490040044a005006390050043a04a
:1026d0001000238e0c0062940e0042240c0062a4b1
:1026e0002000228e02004234200022ae2400bf8f40
:1026f0002000b48f1c00b38f1800b28f1400b18f6c
:102700001000b08f0800e0032800bd27b82f400f4d
:0c27100025200002cdff00100a0002a6e8
:020000040000fa
:020000041d01dc
:10271c001c008294e0ffbd271000b0af1c00bfafbf
:10272c001800b2af1400b1af10004010258080002b
:10273c00010003242b0043504000828c0200022431
:10274c00020082a4f7ff023c180080ac1c0082ac93
:10275c00f7ff04241c00bf8f1800b28f1400b18f38
:10276c001000b08f958b400b2000bd270800918c7a
:10277c001400228e1000428c37004050019d023c08
:10278c00400002ae847b400f3c0000ae2590400020
:10279c002000228e5a7d400f0000518c0100032432
:1027ac00021022726210113cd34d31261a0003a67e
:1027bc001c0003a6e703422419005100101000006e
:1027cc0082110200211052002c0002ae1c00bf8f9f
:1027dc001800b28f1400b18f1000b08f0800e00306
:1027ec002000bd2725288000029d043c09f84000ec
:1027fc0010f08424100040101c00bf8f18004004ff
:10280c0002000324847b400f000000002c00038e88
:10281c002b104300eeff40141c00bf8f020002245b
:10282c00020002a6feff023c180000ae1c0002ae25
:10283c00c8ff0010feff0424020002241a0002a6a6
:10284c001c0000a61800b28f1400b18f1000b08fbe
:10285c000800e0032000bd27c9ff001020b542246a
:10286c00180000ae1c0000a6020003a61e0002a663
:08287c00b8ff00102520400008
:020000040000fa
:020000041d01dc
:10288400d8ffbd272000b3af0080133c1400b0afc5
:10289400400170262400bfaf1c00b2af1800b1afd6
:1028a40043000416faff02242590c0002100a01062
:1028b4002588a0007400028e040040100080043caf
:1028c4000500052409f84000500284240080053cda
:1028d4005c02a5243e7f400f400164260080053c35
:1028e4006002a5240280400f400164267400028e19
:1028f400040040100080043c0600052409f8400050
:10290400500284241801078e1c01068e2001058eb6
:102914002401048e2801038e2c01028e000027aeb0
:10292400040026ae080025ae0c0024ae100023ae31
:10293400140022ae250040122400bf8f7400028ec2
:10294400040040100080043c0500052409f8400000
:10295400540284240080053c40016426547f400fc7
:102964007402a5243401048e5800028e7400038e70
:102974002110440005006010340102ae0080043cc4
:102984000600052409f86000540284243001068ef0
:102994003401058e3801048e3c01038e251000009d
:1029a400000046ae040045ae080044ae0c0043ae41
:1029b4002400bf8f2000b38f1c00b28f1800b18f8a
:1029c4001400b08f0800e0032800bd272510000084
:1029d4002000b38f1c00b28f1800b18f1400b08f89
:0829e4000800e0032800bd27f4
:020000040000fa
:020000041d01dc
:1029ec00d0ffbd272400b3af1800b0af2c00bfaf91
:1029fc002800b4af2000b2af1c00b1af2598a000e6
:102a0c000700a010258080000000a0a00100a0a05d
:102a1c000200a0a00300a0a00400a0a00500a0a09c
:102a2c002d00001201000224000011822a00201245
:102a3c00ff003132252020029889400f259000009c
:102a4c001d0040102c00bf8f010004920438947cb0
:102a5c009889400f047a347e16004010ffff8432b0
:102a6c00bc76400f00000000020004822118b20363
:102a7c003a000524060006242d0007242f008010a0
:102a8c00100062a003008510010052260a00871472
:102a9c002c00bf8f18004612030010260000118274
:102aac00ff0031329889400f25202002e7ff405467
:102abc00010004922c00bf8f251000002800b48f59
:102acc002400b38f2000b28f1c00b18f1800b08f80
:102adc000800e0033000bd272c00bf8f2800b48f06
:102aec002400b38f2000b28f1c00b18f1800b08f60
:102afc000800e0033000bd2725100000f6ff60122f
:102b0c001000a38f030063aa000063ba1400a39300
:102b1c00040063a21500a393050063a22c00bf8fd1
:102b2c002800b48f2400b38f2000b28f1c00b18f0b
:102b3c001800b08f0800e0033000bd270500423ab2
:082b4c00eeff00100100422c15
:020000040000fa
:020000041d01dc
:102b54005600a010251000000080083c00800b3cab
:102b640082bf0a3c145708250600092410000010ef
:102b7400e4476b252b3867000a18070027008311e8
:102b8400000000000022478d0600e7302f00e91006
:102b94008a61827c2130cb000000cca00100422459
:102ba400080003ad2b1845001c0060100000000055
:102bb4000022438d0c000c8d0800068d0600633046
:102bc4001800078debff69140100c3242b3867003c
:102bd4000a180700110083114060020021608c0074
:102be4000100879100008d9100224c8d003a07006e
:102bf4002538ed0006008c311c008911ff00ed30f2
:102c04002130cb00010042240000cda0080003ad18
:102c14002b184500e6ff6014000000000c00038d33
:102c24000800048d2b2883001900a0140000000064
:102c3400231883000300601081bf033c0800043c98
:102c4400080164ac0800e003000000004030060006
:102c54000100c7242138eb002130cb000000cca0b8
:102c64000000e0a0ceff0010010042244030060026
:102c74000100cc24023a07002130cb0021608b01f3
:102c84000000cda0000087a1c5ff00100100422470
:102c94001800058d2120850023188300e9ff6010aa
:102ca40081bf033ce6ff00100800043c0080083ca0
:082cb400daff00101457082597
:020000040000fa
:020000041d01dc
:102cbc001400828cd0ffbd272400b4af2000b3af2a
:102ccc001800b1af1400b0af2c00bfaf2800b5afe7
:102cdc001c00b2af258880002598a00009f84000a0
:102cec001000948c258040000c00228e2c0040108b
:102cfc002c00bf8f0800328e0000228e0218127238
:102d0c0021906200000055960100b5322f00a052b0
:102d1c002000228e0e00001025a800002b2002029d
:102d2c00231802022b10a2021c0040100a8064001f
:102d3c000800328e0000228e02181272219062005e
:102d4c0000004296010042301f004050ffffb53298
:102d5c001c00228e252840022530600225202002ee
:102d6c002180140209f840000100b526ebff405405
:102d7c000c00228e2c00bf8f251040022800b58f2e
:102d8c002400b48f2000b38f1c00b28f1800b18fb9
:102d9c001400b08f0800e0033000bd272c00bf8f5b
:102dac0025900000251040022800b58f2400b48f18
:102dbc002000b38f1c00b28f1800b18f1400b08f9d
:102dcc000800e0033000bd272000228e2530600271
:102ddc002528400209f84000252020022400228edc
:102dec002c00bf8f020055a601004224240022ae05
:102dfc002800b58f251040022400b48f2000b38f1b
:102e0c001c00b28f1800b18f1400b08f0800e003c3
:042e1c003000bd279e
:020000040000fa
:020000041d01dc
:102e2000d8ffbd271000b0af0080103c58571026c7
:102e3000300002922400bfaf2000b4af1c00b3af3b
:102e40001800b2af130040141400b1af3800039261
:102e5000010002240b006210000000002400bf8f5c
:102e600001001124251020022000b48f1c00b38f14
:102e70001800b28f1400b18f1000b08f0800e0036b
:102e80002800bd275c85400f2800a4aff3ff401049
:102e90002800a48fffff8224feff422c3000401048
:102ea000ffff92300500422e2d004010c0a01200fe
:102eb000211092020080133c80100200645373269c
:102ec000211062022000438c1a0083140100112497
:102ed00000004390170060100000000001004390c4
:102ee00014006014258800000c00438c040060541a
:102ef000300002920800438c0c0043ac3000029278
:102f00002120920280200400190040142120640234
:102f10007066400f219092028090120021987202f8
:102f200001000224180060a2010062a2190060a240
:102f300025880000ab82400f000000002400bf8ff6
:102f4000251020022000b48f1c00b38f1800b28f10
:102f50001400b18f1000b08f0800e0032800bd27d7
:102f6000ab82400f01001124f5ff00102400bf8f39
:102f7000cd58400f21909202e8ff0010809012007f
:020000040000fa
:020000041d01dc
:102f8000d0ffbd271c00b0af0080103c40011026d0
:102f90002c00bfaf2800b3af2400b2af0d00041661
:102fa0002000b1af20000292010042300a00401020
:102fb0002c00bf8f4400128e1000428e09f8400092
:102fc0001400048e1c00118e0100022408002252fd
:102fd0001800138e2c00bf8f2800b38f2400b28fef
:102fe0002000b18f1c00b08f0800e0033000bd2727
:102ff0001c00428e09f8400025206002f6ff5110a7
:103000002c00bf8f2000428e09f84000252060026e
:103010002200401425200002200002923c00068e6f
:103020008410227e0100c33019006014200002a227
:103030000200c6300f0002247800058e0a10060038
:1030400025304000d75a400f25200002847b400fd6
:10305000000000005a7d400f7c0002ae3a0003964b
:10306000900000ae02106270020003241c0003ae48
:103070006210033cd34d6324e7034224190043004c
:103080001010000082110200d2ff0010800002ae7a
:10309000c418227eedff0010200002a21059400f3c
:1030a0001000a2af1000a28f2c00bf8f2800b38f9a
:1030b00025304000ffff02241c0002ae2400b28f26
:1030c0002000b18f1c00b08f029d053cf429a5247f
:0c30d00025200000e883400b3000bd27e5
:020000040000fa
:020000041d01dc
:1030dc000100a0540000a0ac3900801000000000da
:1030ec0000008280360040100200093c25300000b0
:1030fc00254000002518000003000a24fe000b24c4
:10310c0006052925f8ffbd27ff0042302e00401090
:10311c00010084240400072d1300e010d0ff42248a
:10312c0005006010ff0042300b006a100000000028
:10313c000b004b502b10c9000a00472c0a00e01062
:10314c0001006324003206000438467cff00633023
:10315c00edff00100000828003004b142b10c900ff
:10316c0004004014003cc77c251000000800e0035c
:10317c000800bd2740100700003acc7c2110470006
:10318c00c010020080180c002110470021186c00a0
:10319c00401803008010020021104300213046002b
:1031ac002118a80301000825000066a0ff000831c3
:1031bc002530000025180000d3ff0010000082808d
:1031cc000800e0030100022403000324e7ff0315b9
:1031dc00251000000200033c060563242b18c300d5
:1031ec00e2ff6010003ac77c003cc47c4010040035
:1031fc0021104400c0100200801807002110440068
:10320c0021186700801002004018030021104300b1
:10321c00213046000300a6a3d4ffa0100100022415
:0c322c000000a38fd1ff00100000a3ac35
:020000040000fa
:020000041d01dc
:10323800d0808297c0ffbd273c00bfaf3800b5af34
:103248003400b4af3000b3af2c00b2af2800b1af38
:103258000a0040142400b0af3c00bf8f3800b58f7f
:103268003400b48f3000b38f2c00b28f2800b18f98
:103278002400b08f0800e0034000bd27259080009f
:103288000080133c1000a427958c400f1000518e2d
:103298007e76400fa05864260080143c8e84400f30
:1032a800a0586426140040102580400004000292b3
:1032b80001000324030043100200032418004354b0
:1032c8001800438e050004924e85400f0800158ea5
:1032d80020002052040002921d002212252800021c
:1032e8007f84400f1000a4278e84400fa0586426c6
:1032f800eeff4014258040001000a38fa0586226de
:1033080025204000a05863ae1400a38f040043acee
:103318001800a38f367c400f080043ac1800438e7a
:1033280002000224cdff62143c00bf8fd080829738
:10333800ffff4224ffff4230c7ff4014d08082a71e
:10334800a074400f00000000c4ff00103c00bf8fb5
:1033580004000292ffff42240200422c060040149f
:1033680003000624252800027f84400fc8588426bd
:10337800caff001000000000fbff0524b287400fc1
:0c3388002520a002f8ff001025280002fc
:020000040000fa
:020000041d01dc
:10339400d0ffbd272c00bfaf2800b2af2400b1afcf
:1033a4003a0080142000b0af0080103c60560292b6
:1033b4003600401060561026240002923400405417
:1033c400ffff11241c00028e060004961400428c98
:1033d40009f840002528000025904000ffff022442
:1033e4003c004252029d043c1400028e0080113cb9
:1033f400845631260800438cf505023c00e1423432
:10340400029d043c2528200210f0842409f8600061
:103414001000a2af1c00038e1400a2af1800a0afce
:103424001800628c1000a52709f8400025204002ee
:103434001e0042041c00028e1c00038e0c00028e2f
:103444002c00bf8f300003ae280002ae010003241d
:1034540002000224340012ae260002a6240003a2b5
:10346400251020022c0010ae540000a2380000ae3b
:103474003c0000ae400000a62800b28f2400b18fab
:103484002000b08f0800e0033000bd27ffff1124a7
:103494002c00bf8f251020022800b28f2400b18f8a
:1034a4002000b08f0800e0033000bd272520400233
:1034b4001c00428c09f84000ffff1124029d043ccb
:1034c400380305249385400f04308424f1ff001051
:1034d4002c00bf8f270305249385400f04308424d8
:0834e400ebff0010ffff1124b3
:020000040000fa
:020000041d01dc
:1034ec00d0ffbd272000b3af809804001c00b2af02
:1034fc001400b0af0080123c2180640240015226bf
:10350c0080811000218050022800b5af4c00158e30
:10351c002400b4af25a080001800b1af2c00bfafc1
:10352c006d8d400f2520a002a000118e2488510023
:10353c000e002016000000002198740280991300e0
:10354c00219853029400648e2c00bf8f2800b58ff5
:10355c002400b48f2000b38f1c00b28f1800b18fe1
:10356c001400b08fc088400b3000bd27a400048e1f
:10357c0002191100c011110025209100a40004ae05
:10358c009c00048e0004633000024230251043007e
:10359c0040191100251044000001633082211100f4
:1035ac002510430081008430c218110025104400fe
:1035bc007000633082201100251043000800843015
:1035cc0040181100060063302510440025104300fc
:1035dc009c0002ae25282002ec8c400f2520a00276
:1035ec0025282002e68c400f2520a002a800028e80
:1035fc00d2ff4050219874029c00048eac00058ec2
:10360c00219874028099130009f840002198530204
:10361c009400648e2c00bf8f2800b58f2400b48fcb
:10362c002000b38f1c00b28f1800b18f1400b08f24
:08363c00c088400b3000bd27df
:020000040000fa
:020000041d01dc
:10364400d8ffbd271800b2af1400b1af1000b0af5f
:103654002400bfaf2000b4af1c00b3af25808000ae
:10366400f28c400f2588a0004400401025900000f3
:10367400118c400f252000020000338e0400348e8c
:10368400858c400f25200002898c400f25200002e4
:10369400821013002b1082023c004010029d033c58
:1036a400202f6324060002240100052402000010d8
:1036b4000a000424020063241b006202f401400097
:1036c400121000002b108202040040100100a524f7
:1036d400f8ffa454000062940a0005248d8c400f66
:1036e400252000020800228e010042301200401002
:1036f400252000025d8c400f000000000800228e8f
:10370400020042301200401025200002658c400f58
:10371400000000002400bf8f251040022000b48f59
:103724001c00b38f1800b28f1400b18f1000b08f3b
:103734000800e0032800bd27618c400f0000000052
:103744000800228e02004230f0ff401425200002bf
:10375400698c400f000000002400bf8f2510400238
:103764002000b48f1c00b38f1800b28f1400b18fe7
:103774001000b08f0800e0032800bd27198c400f0b
:1037840025200002baff001003001224d3ff00100a
:043794000100052407
:020000040000fa
:020000041d01dc
:10379800c0ffbd272700aa273c00bfaf25588000df
:1037a80004180a7c000055bd0f0000000020023cf0
:1037b800255042010c0040ad3f00a010080040ad6c
:1037c8002548a0000b00a588080025993b00a050bb
:1037d800252840010d0026910c0022910032060098
:1037e8002530c2003400c01008004d250d0000101f
:1037f8000c004c250b006588080065981100a01086
:10380800000000000d0066900c0063900032060076
:103818002530c3000b00c010000000000c0040540d
:103828000800438d1000acaf2538a001b26c400fe2
:10383800252060010300238900002399edff60140f
:10384800254860001d004010252840010800438dd0
:10385800170060103c00bf8f0c00448d10008310cf
:103868000001668d0000648c080044ad0c00c58c16
:103878000400642400e0847c000060ac1500a01003
:10388800140060ac0000a3ac1400a4ac0c00c3ace2
:103898000800438d0c00448df3ff83540000648cb2
:1038a8000c0040adf1ff6014080040ad3c00bf8f34
:1038b8000800e0034000bd2725284001846b400f25
:1038c800252060013c00bf8f251000000800e003a0
:1038d8004000bd270800c3ac0c00c3acedff0010ce
:0438e8000800438d04
:020000040000fa
:020000041d01dc
:1038ec00d8ffbd271c00b3af2400bfaf2000b4af7e
:1038fc001800b2af1400b1af1000b0af4100a0106f
:10390c00259880001000a38c1400a28c0b0060146e
:10391c001800b18c3f00401400000000320012244b
:10392c003600201678001424c01014002310540004
:10393c00c210020012000010f6ff51241400742c67
:10394c00140004240a2074000200401425a08000f6
:10395c004210040029002016f6ff52249224023c47
:10396c00244942242b186200f0ff6014c01014008c
:10397c00c2881400c010110023105100f6ff51240e
:10398c00998d400fcccc103ccdcc1036190050008a
:10399c001018000002210300801804002118640094
:1039ac00801803002310430021105200998d400f02
:1039bc00100062ae190050002400bf8f180074aec6
:1039cc001800b28f2000b48f10800000028110000c
:1039dc00801810002180700080801000231050008f
:1039ec0021105100140062ae1400b18f1c00b38f73
:1039fc001000b08f0800e0032800bd27e0ff001086
:103a0c00f6ff31265f00112432001224dcff001077
:103a1c007800142404002012f6ff5224f6ff3126fd
:103a2c00d7ff0010780014245f001124d4ff00107d
:043a3c0078001424d6
:020000040000fa
:020000041d01dc
:103a40001800838c030002244a006210000000006a
:103a50008880828fe0ffbd271c00bfaf1800b1af88
:103a6000300040141400b0af0800828c2588a000fc
:103a700042004010258080003900a0101c00bf8f3c
:103a80008f8d400f0000000025204000010002241f
:103a9000918d400f7c8082a3019d053c2530000064
:103aa000e0a7a5246a7b400f090004242b004010e6
:103ab000808082af0800048e000025960800828c6a
:103ac00009f84000040006241e0040108880838fff
:103ad0000800068e0000259602002496010063244b
:103ae0008c8086af908085af848084a7888083afe8
:103af0008f8d400f948082af7c808393252040007f
:103b000001006324918d400f7c8083a30100022477
:103b10001c00bf8f1800b18f1400b08f0800e003a5
:103b20002000bd271c00bf8f01004224888082af87
:103b30001800b18f010002241400b08f0800e003c8
:103b40002000bd27029d053c25200000e883400f92
:103b5000e80ba524a78a400f8080848f1c00bf8fac
:103b6000251000001800b18f1400b08f0800e0038a
:103b70002000bd270800e00301000224029d053c4f
:103b8000c40ba524e883400f25200000e0ff0010af
:043b900025100000fc
:020000040000fa
:020000041d01dc
:103b94004a008004a880838fe0ffbd271c00bfafcc
:103ba4002b1883001800b2af1400b1af1000b0afef
:103bb4003c00601025100000b880908f801804002d
:103bc4000a80037e370000122588a000259080001b
:103bd4003c00062425280000d488400f252020021c
:103be4007700029201000324390043504000048e00
:103bf40060000796620005964800038e0000088e58
:103c04001800028e1400068e0400048e260025a6d9
:103c1400280023ae2000058e1c00038e240027a656
:103c24007600079223208800234846002b40650035
:103c34002c0027ae300029a622000011320024a651
:103c4400231045002318660021104300010042247c
:103c5400ffff4230252040021871400f340022a695
:103c6400fdffe4240300842c360022a60400801403
:103c7400030003240800e738010002240b1847005e
:103c84003e000496040065340100022400028630dc
:103c94000b18a60000048430080065340b18a40037
:103ca400380023ae1c00bf8f1800b28f1400b18ff0
:103cb4001000b08f0800e0032000bd270800e003d7
:103cc4002510000023106500e2ff0010ffff4230c2
:103cd4004400038e000022ae040024aec4ff001092
:043ce400140023aef7
:020000040000fa
:020000041d01dc
:103ce800d8ffbd272000b4af0080143c1858828e3e
:103cf8002400bfaf1c00b3af1800b2af1400b1afbf
:103d08003a0040141000b0af0080123c2058518e89
:103d1800030020160080133c0080113ce85831262f
:103d28001c58708e050000160100023c0080103cf3
:103d3800e8581026c0fd422421800202821f11008b
:103d4800020002240100625000e0317e821f100050
:103d5800020002240100625000e0107e1588400f26
:103d6800000000000000438c0400428c2b2023023a
:103d780004008014211062002b20220229008054a4
:103d88002b1811020080043c3401842400e0847c58
:103d98002b206400150080142b20030204008014db
:103da8002b2062002b200202180080142b206200b6
:103db8000f0080102400bf8f0080043c340184244d
:103dc8004227040005000524120085140400052478
:103dd80000a0043c2518640025104400205843ae78
:103de8001c5862ae2058428e185882ae2400bf8fed
:103df8002000b48f1c00b38f1800b28f1400b18f4d
:103e08001000b08f0800e0032800bd27eaff00106b
:103e180025100002efff85100080043cf1ff001020
:103e2800205842aee4ff601425182002deff00107f
:043e38002b20020237
:020000040000fa
:020000041d01dc
:103e3c00d0ffbd271400b1af0000d18c1c00b3af74
:103e4c002598c0004000a6932800b6af25b0a0006e
:103e5c00252820021800b2af2c00bfaf2400b5af4c
:103e6c002000b4af1000b0af4c6a400f2590e000ba
:103e7c0030004010252820023b00401225804000d5
:103e8c000e0004960800428c0c0003962528200294
:103e9c002110440023105100ffff42302b2043001f
:103eac000b1844002b10430225a8000019004010e9
:103ebc0025a00000252820022520c002ff87400fe6
:103ecc00253040020000108e21a8b20221283202b7
:103edc0021b0d20218000012ffffb532160080127a
:103eec000800118e25908002251020020e000496e9
:103efc000c0003962110440023105100ffff4230a8
:103f0c002b2043000b1844002b104302e9ff4014f4
:103f1c0025a0000017006054239043020000108e6f
:103f2c00060000122c00bf8f0800118eefff00104e
:103f3c002510200225a800002c00bf8f2510a00200
:103f4c00000065ae2800b68f2400b58f2000b48f1a
:103f5c001c00b38f1800b28f1400b18f1000b08ffb
:103f6c000800e0033000bd2725a80000f2ff001078
:103f7c0025282002ffff5432ceff00102590600050
:020000040000fa
:020000041d01dc
:103f8c00c0ffbd272c00b1af258880002520c000c4
:103f9c000400878c0000a28c3800b4afc2a70700c5
:103fac003400b3af3000b2af2800b0af3c00bfafad
:103fbc002580a0000400a38c0800b28c2000a2afc6
:103fcc000c00b38c3e0080120000c68c233006001f
:103fdc002b20060023380700080060042338e40077
:103fec004408027c050080162000a2af2000a28f9e
:103ffc00040043302a006010c000427cffff4226c0
:10400c002000a3271800a3af0a0003241400a3afb9
:10401c001000a2af1153400f25200002060080169d
:10402c002d0003242000a38f040064301e00801098
:10403c00080063302b000324ffff4224212062027e
:10404c00000083a01000068e2000a38f25384002ac
:10405c00ffffc6241000a3af2330c2002128620248
:10406c00975b400f252020020400238e0001633053
:10407c00040060103c00bf8f0400038e2a20430014
:10408c000b1064003800b48f3400b38f3000b28f43
:10409c002c00b18f2800b08f0800e0034000bd2732
:1040ac00d7ff001023104202e6ff6010200004240a
:1040bc00ffff422421186202e2ff0010000064a0fe
:1040cc00c8ff63044408027cc9ff00102000a28fc3
:020000040000fa
:020000041d01dc
:1040dc00c8ffbd272c00b1af2800b0af25888000e9
:1040ec002580a0002520a0003400bfafe786400f3c
:1040fc003000b2af2c00322625200002f386400f90
:10410c002000a2af1000a0af2538000034002626f6
:10411c0025284002252000025c81400f1c00a2af24
:10412c0059002292020042302f0040143000252604
:10413c0042000296200042300c004010040006247d
:10414c0059002292080043303000601438002526b4
:10415c0010004230280040501800a5273c002526ae
:10416c004e8b400f2520000204000624010005247c
:10417c004a78400f25200002252000020250072417
:10418c00253040023570400f252840023400228e25
:10419c002c00238e1c00a48f241862002000a28ff8
:1041ac002410440005006210040007241c00a627fc
:1041bc002000a527ba42400f25200002ca7c400fe0
:1041cc002520200225200002c16f400f0800052485
:1041dc003400bf8f3000b28f2c00b18f2800b08f0d
:1041ec000800e0033800bd27428b400f2520000259
:1041fc00d0ff001042000296252000024e8b400f8b
:10420c001800a0afd9ff001004000624488b400f03
:0c421c0025200002ceff00105900229265
:020000040000fa
:020000041d01dc
:104228000300c0142510e0000800e00300000000af
:10423800d0ffbd272000b3af2598c0000100062499
:104248001c00b2af1800b1af1400b0af2c00bfaf64
:104258002800b5af2400b4af2588a0004c6a400ff1
:104268002590e0003c004010258040000800438c69
:1042780025a000000e0004960c0002962118640088
:104288002318710003004010ffff63302b206200e9
:104298000a1844002b1063021300401025a80000e0
:1042a8002530000025286002b82f400f2520200265
:1042b800271002000100833223006014ffff423000
:1042c8000000108e21a09302ffff94320e0000120e
:1042d800219042020c00a0120800118e2598a0021d
:1042e800e4ff0010251820021d006014231063024b
:1042f8000000108e05000012ffff42320800118ee8
:10430800dcff001025182002ffff42320294120041
:1043180021904202007c427e2c00bf8f21904202f5
:1043280027901200ffff42322800b58f2400b48f77
:104338002000b38f1c00b28f1800b18f1400b08f0b
:104348000800e0033000bd27b02f400f25204000b3
:10435800dcff00100000108eecff0010251040025a
:0c436800ffff5530ceff001025986000cc
:020000040000fa
:020000041d01dc
:10437400460080049080868fe0ffbd271c00bfaffd
:104384002a1086001800b1af1400b0af39004010f5
:1043940025180000998c400f2580a000350040109e
:1043a400258840003300a01054000624252800006e
:1043b400d488400f252000023c00229201000324ef
:1043c400350043501400268e000000ae4000238eba
:1043d4003f0022920400268e0400643000002d8edb
:1043e4000100842c28002b962a002a962400298e6a
:1043f4005400288e010045302538800002008c349a
:104404000b3885012528e0002330cd0008006730f3
:1044140044000ba646000aa6480009ae4c0008a6b4
:104424004e0006a60300e014500005ae0400a434b8
:10443400500004ae020044300400801010006330c9
:104444005000048e08008434500004ae040060144c
:10445400040042305000038e10006334500003ae59
:1044640004004010010003245000028e2000423456
:10447400500002ae1c00bf8f251060001800b18fe1
:104484001400b08f0800e0032000bd2725180000a9
:104494000800e003251060001800258e1c00248eff
:1044a4002000238e040006ae140005ae240004aee2
:0c44b400340003aec5ff0010000002ae93
:020000040000fa
:020000041d01dc
:1044c000e0ffbd271400b0af1c00bfaf998c400fb8
:1044d0001800b1af2580400029000012251000000f
:1044e0004000028e00304230370040102588a00086
:1044f0004000028e448c027c000b437c0040443020
:10450000400002aeff006630020080143c0003a2af
:10451000240000ae0080423006004054480002965d
:1045200040000292180000ae3f004230400002a25c
:1045300048000296040042300500401000000000d0
:104540004000028e0400423001004054280000a6c2
:1045500010002016000000002c00058e0300a010a3
:10456000010002242400c210000000004000038e5d
:104570000100042401000224448c837c400003ae2b
:104580001c00bf8f1800b18f1400b08f0800e0032b
:104590002000bd27e082400f252000028e84400fbe
:1045a0004c00042625284000c369400f2520000246
:1045b0004000038e0100042401000224448c837c0b
:1045c000efff0010400003aefa78400f25200002f4
:1045d0004000028e448c027c000b437c004044303f
:1045e000400002aeff006630caff80143c0003a208
:1045f000c8ff0010240000ae9459400f252000028f
:08460000dbff00104000038ef7
:020000040000fa
:020000041d01dc
:10460800436f6d6d616e64733a0d0a00202061205e
:104618002d206e657720697020616464720d0a0030
:10462800202068202d207072696e742068656c7077
:104638000d0a000020206e202d206e657420696e02
:10464800666f0d0a00000000202070202d20706980
:104658006e6720676174657761790d0a0000000054
:10466800202072202d20736f667477617265207226
:10467800657365740d0a00004e6577204950204126
:104688006464726573733a200000000025730d0a94
:10469800000000005468697320666561747572656e
:1046a800206e6f742079657420696d706c656d6516
:1046b8006e7465642e000000526573657474696ecb
:1046c800672e2e2e200d0a004552524f523a205581
:1046d8006e6b6e6f776e20636f6d6d616e642027f1
:1046e8002563272e0d0a00004552524f523a204f9b
:1046f8006e6c792073696e676c652d6c6574746572
:104708007220636f6d6d616e647320737570706f66
:10471800727465642e0d0a0045454d242000000082
:10472800256300000d0a4572726f723a20636f6d3f
:104738006d616e6420746f6f206c6f6e670d0a3e3a
:04474800200000004d
:020000040000fa
:020000041d01dc
:10474c00e0ffbd271600a2301800b2af1c00bfafaf
:10475c001400b1af1000b0af2b00401025908000ba
:10476c001900c014ffffb0300080113ce44f31261b
:10477c005a0085941081838f1800229625280502f3
:10478c0001006324010042345a0085a4108183afd8
:10479c00180022a61400398e230020131c00bf8f92
:1047ac001800b28f1400b18f1000b08f0080043c41
:1047bc00253800000100062401000524f44f842450
:1047cc00080020032000bd278f8d400f0080113c76
:1047dc00e44f31265a0045961081868f1800239697
:1047ec00252805020100c624010063345a0045a6a1
:1047fc0025204000108186af918d400f180023a614
:10480c00e5ff00101400398e0d00c014ffffb0300e
:10481c005a0085941081828f2528050201004224bc
:10482c005a0085a4108182af1c00bf8f1800b28f74
:10483c001400b18f1000b08f0800e0032000bd27da
:10484c008f8d400f000000005a0045961081838f19
:10485c001c00bf8f252805025a0045a61400b18ff5
:10486c001800b28f1000b08f010063242520400087
:10487c002000bd27108183af918d400b00000000fc
:020000040000fa
:020000041d01dc
:10488c00e0ffbd271000b0af0080103c5857102639
:10489c001400038e3400028e1c00bfaf1800b2afa0
:1048ac001400b1af100003ae270040500400028e7c
:1048bc000c00438c240062040400028e0c00518c0a
:1048cc000400028e1400128e1800428c21885102b2
:1048dc0009f840002b9032021000048e2b2044006b
:1048ec0024008014252800002000038e2110620073
:1048fc002b184300211865002b204302280080143c
:10490c0000000000290072102b1822021c0011aeae
:10491c001c00028e040040540400028e010002248c
:10492c001c0002ae0400028e1c00048e1c00bf8f03
:10493c001800b28f1400b18f1000b08f1400598c76
:10494c00080020032000bd271400128eff7f113cad
:10495c001800428cffff313609f8400021885102c3
:10496c001000048e2b9032022b204400deff8010ae
:10497c0025280000ffff44242b1882002528600006
:10498c002000038e25108000211062002b1843009c
:10499c00211865002b204302daff80100000000074
:1049ac001c0002aedaff001000000000d7ff601000
:1049bc00000000001c0002aed5ff0010000000003b
:020000040000fa
:020000041d01dc
:1049cc000080033cd0ffbd27400163242c00bfaf07
:1049dc002800b1af2400b0af1000a0af1400a0a706
:1049ec0032008314faff02242588a0003400a010a2
:1049fc004c00908c060006241000a5276a85400ff9
:104a0c00252020022e0040101800a8270300228a1f
:104a1c0005002392040024920000229ac104073c52
:104a2c001d00a3a31800a2af1c00a4a31e00a9275d
:104a3c00ffff0224ff000324b71de72400000591ab
:104a4c000200001008000624021e02000100a4301f
:104a5c00c2190300ffffc62402008310401002009d
:104a6c0026104700f8ffc01442280500000005a1dd
:104a7c0001000825f1ff2815021e02000007437ce7
:104a8c001c00601488bf033c4820632401000424ec
:104a9c00c025427c04104400000062ac0080053448
:104aac00458c400f25200002251000002c00bf8fe4
:104abc002800b18f2400b08f0800e0033000bd2720
:104acc0025200002418c400f008005342520000277
:104adc0025300000598c400f253800002c00bf8f6a
:104aec00251000002800b18f2400b08f0800e003cf
:0c4afc003000bd27e5ff001058206324a7
:020000040000fa
:020000041d01dc
:104b0800d8ffbd271800b2afb480928f01000224ed
:104b18002400bfaf2000b4af1c00b3af1400b1af86
:104b2800090042121000b0af2400bf8f2000b48fdc
:104b38001c00b38f1800b28f1400b18f1000b08f13
:104b48000800e0032800bd27b080828ff6ff4018d8
:104b5800a880838f1400828c25988000020004248a
:104b6800b48084af140060100490520025880000bf
:104b7800b880828f808011000a80507c0b00005220
:104b8800010031263c8b400f4800048e01000424ac
:104b980004184400030040042418720014006054f0
:104ba8003e000296a880838f010031262b10230235
:104bb800f0ff4014b880828f1800638e0200022430
:104bc80017006210b080828f2400bf8f010002247a
:104bd8002000b48f1c00b38f1800b28f1400b18f5f
:104be8001000b08fb48082af0800e0032800bd2712
:104bf8003c00148e002006240400827c3e0002a69d
:104c0800252800004f68400f252000023e0002962c
:104c18000004947e0400827ee2ff00103e0002a69b
:104c2800ffff4224e8ff4014b08082aff370400fca
:0c4c380000000000bcff0010b48080af42
:020000040000fa
:020000041d01dc
:104c44000400828cc0ffbd273800beaf2800b4af7b
:104c54002000b2af1c00b1af3c00bfaf3400b7af0f
:104c64003000b6af2c00b5af2400b3af1800b0af1e
:104c74002588c0002590e0005400b48f0200410450
:104c84005800be8f010002241000908c0c00958cfb
:104c94000000d78f5000b38fffff10262118b002f9
:104ca400000060a001000924234053000200f732f1
:104cb400c3b714001000001e251032022c0020512e
:104cc4000000c28f3c00bf8f251000023800be8f49
:104cd4003400b78f3000b68f2c00b58f2800b48f06
:104ce4002400b38f2000b28f1c00b18f1800b08f46
:104cf4000800e0034000bd27070040142110130101
:104d04000600401c25202002ecff601a0000000071
:104d1400eaffe012000000002520200225284002be
:104d2400253080022538c0021400a8afd020400fdf
:104d3400ffff10261000a2af2118b0023000422459
:104d44002520200225284002000062a02530800290
:104d5400e11f400f2538c002ffff7326258840005d
:104d6400259060001400a88fd2ff00101000a98fb6
:0c4d74000421027cd3ff00100000c2af3d
:020000040000fa
:020000041d01dc
:104d8000e0ffbd271400b0af200090940800838c92
:104d90001800b1af25888000080004321c00bfafa6
:104da000220080101000628c0100443020008050ee
:104db0000060063201006290c232100040310600ed
:104dc000440024960100c634010047300004c53475
:104dd000220003242d0083100b30a7000200423074
:104de0000008c3340b306200040005240276400f33
:104df00025202002090040101c00bf8f0101103245
:104e00000101022428000212040002241a0022a632
:104e1000080002241c0022a61c00bf8f1800b18fbe
:104e20001400b08f0800e0032000bd2700600632a8
:104e30000400c0100001c3340001467c403306006a
:104e40000001c334005010320b30700000014230ba
:104e50000040c3340b306200252800000276400f6a
:104e600025202002edff40101c00bf8f040002240b
:104e70001a0022a60a0002241c0022a61400b08fe9
:104e80001800b18f0800e0032000bd2746002396dc
:104e90002016042420166330d1ff6414020042302f
:104ea000d2ff0010040005241a0022a606000224e6
:084eb000d9ff00101c0022a62e
:020000040000fa
:020000041d01dc
:104eb800020002244900821000000000d8ffbd272c
:104ec8001c00b0af2580c0002400bfaf2000b1afe8
:104ed800330000122530a0000000028e1c00401490
:104ee800258800002538000025280000e91b400f10
:104ef80001000424ffff03241c004310b880848fa2
:104f080080180200010006240a18837c7700659047
:104f1800480071ac1b00a6107400649405002012b0
:104f28000100052401000524446ba47c740064a4da
:104f3800010005248473a47c740064a42400bf8f3a
:104f48002000b18f1c00b08f0800e0032800bd27a7
:104f58001000a5af252000022a7d400f252800005b
:104f680025884000dfff40141000a68f2400bf8f63
:104f7800ffff02242000b18f1c00b08f0800e0035f
:104f88002800bd270000068e0463a47c740064a476
:104f9800e4ff2016440066ace6ff0010010005247b
:104fa8002538000025280000e91b400f01000424d3
:104fb800ffff0324e1ff4310b880848f80180200ac
:104fc8002400bf8f0a18837c2000b18f1c00b08f8b
:104fd800480060ac0800e0032800bd270800e00393
:044fe800ffff0224a1
:020000040000fa
:020000041d01dc
:104fec00d8ffbd272000b4af2400bfaf1c00b3af67
:104ffc001800b2af1400b1af1000b0af2400e01035
:10500c003800b48f020002242b00c21001000224cd
:10501c002000c214258000000c01908c0801918c9a
:10502c002598a0000800028e290040102590e00071
:10503c001700601225800000080000102530800247
:10504c00000082ac140083ac0c0022ae01001026d0
:10505c00110070122400bf8f253080021800052427
:10506c0009f8400201000424040043240900401004
:10507c0000e0637c0c00248e000040acf0ff801438
:10508c00140040ac0c0022aef0ff0010080022ae61
:10509c00258000002400bf8f251000022000b48f53
:1050ac001c00b38f1800b28f1400b18f1000b08f9a
:1050bc000800e0032800bd270401908c0001918cae
:1050cc002598a0000800028ed9ff40142590e0001e
:1050dc00253080021800052409f8e00001000424a2
:1050ec00ecff4050258000000800048e0c00058e5b
:1050fc000400832400e0637c000044ac140043ac47
:10510c00cbffa014080002aec9ff00100c0002aec9
:020000040000fa
:020000041d01dc
:10511c003c008010000000000000828c3900401020
:10512c00060003240800868c3400c3500400838cd2
:10513c000300a014821805007d01053c4078a324cf
:10514c00422802002128a3002b18a2002d00601475
:10515c00000000001b00a200f40140000100023c12
:10516c0012280000ffffa5242b10a20025004010e0
:10517c0082bf033c1022678c008008340600022496
:10518c00001ce730042268ac2800c21000000000ac
:10519c000022628c0400868c4410027c2510460090
:1051ac00002262ac0022628c0c00868c0600042467
:1051bc000400027c25104600002262ac402265ac43
:1051cc000022628c0600423010004410800004243f
:1051dc000080023c14574224300044ac00040424e8
:1051ec00180044ac00800234082262ac0100022496
:1051fc00182267ac0800e00300000000ccff601030
:10520c00000000000800e003251000000080023cb4
:10521c001457422440000424300044ac00020424ff
:10522c00180044acf0ff0010008002340022628ca5
:10523c0006004234002262acdaff001000000000cd
:020000040000fa
:020000041d01dc
:10524c001400828c3300401403000324d8ffbd27c4
:10525c002000b0af2400bfaf310082901b00431080
:10526c0025808000ffff43240200632c390060106e
:10527c00010008240c00838c1000848c3000638c9b
:10528c003200059636000696240048103400079626
:10529c001800a2271400a2af09f860001000a0affc
:1052ac0015004014020003241800a38f02000224ee
:1052bc0023006214029d043c030002242400bf8fcf
:1052cc002000b08f0800e0032800bd270c00828c62
:1052dc001800a3271000a3af3600869432008594e3
:1052ec002c00428c1000848c09f8400025380000fa
:1052fc00edff401002000324140002ae300003a2a4
:10530c00010002242400bf8f2000b08f0800e003ae
:10531c002800bd270800e003030002241800a8277a
:10532c001400a8af09f860001000a2afdeff401017
:10533c002518000025100000f2ff0010300003a219
:10534c00470105249385400f84298424dbff00103a
:10535c00feff0224029d043c3b010524a085400f66
:0c536c0084298424d5ff0010ffff0224d8
:020000040000fa
:020000041d01dc
:10537800e0ffbd271400b0af4c00908c1800b1af0f
:10538800258880001c00bfaf158c400f2520000227
:105398001d8c400f25200002258c400f252000027f
:1053a800dd8c400f25200002fdff401400000000a6
:1053b800198c400f25200002030000100000000097
:1053c800098c400f00000000558d400f2520000279
:1053d800fbff401425200002c0002326000075bcf6
:1053e8000f0000000020053c251865000c0060ac8b
:1053f800080060acd0002426000123ae000095bc54
:105408000f000000252085000c0080ac080080ac4f
:10541800e0002326040124ae000075bc0f00000044
:10542800251865000c0060ac080060acf00022266e
:10543800080123ae000055bc0f00000025104500f0
:105448000c0040ac080040ac252000020c0122ae44
:10545800ef8c400fef63052425200002d18b400f0d
:105468002528000025280000d68b400f25200002a3
:105478000d8c400f25200002118c400f25200002c2
:10548800252000021c00bf8f1800b18f1400b08fb8
:0c54980000060524538d400b2000bd27aa
:020000040000fa
:020000041d01dc
:1054a400760083900b00662c1400c01001000224c7
:1054b40004306200f002c7301000e0142510000030
:1054c400d8ffbd270c01c7302400bfaf2000b1af07
:1054d4000c00e0141c00b0af0004c6303700c05408
:1054e40025280000010002242400bf8f2000b18f72
:1054f4001c00b08f0800e0032800bd270800e0036b
:1055040000000000258080007400849440008430f2
:1055140022008010000000000000048e100004ae81
:105524000c0004ae1400a010080004ae0700001024
:105534001100112410006050760003920800048ebc
:105544001000038e0c0083507600039201000624a1
:10555400252820025106400f25200002f5ff4304b0
:10556400640003963e00039601000424c45a837c1d
:10557400ddff00103e0003a63e00049608006338d9
:105584000900062404000524c45a047c0a28c30024
:105594003e0004a6d4ff0010760005a2ebffa01481
:1055a400110011240800058e1000048ef2ffa410cf
:1055b40010001124e6ff0010010006240332400ffe
:0c55c4001000a2afc8ff00101000a28f62
:020000040000fa
:020000041d01dc
:1055d000d8ffbd272000b3af1800b1af1400b0afa3
:1055e0002400bfaf1c00b2af0e00a2900200112435
:1055f0002580a0001200511025988000030012247d
:1056000028005210010003241a00431066040524e8
:10561000029d043cba85400f302c842407000224ec
:105620000e0002a22400bf8f2000b38f1c00b28f97
:105630001800b18f1400b08f0800e0032800bd27c8
:10564000398d400f1000848cf7ff40142400bf8f69
:105650003e88400f1000648e0800038e0014020084
:105660002518620006000224080003aeedff0010ba
:105670000e0002a2398d400f1000848ceaff401406
:105680002400bf8f040006961000648e8019c57c2c
:105690001000a534cf82400f4020c67ce1ff0010ef
:1056a0000e0012a2398d400f1000848cdeff4014d2
:1056b0002400bf8f3e88400f1000648e04000596c2
:1056c000080002ae1000648e4020a67c8019a57ce4
:1056d0000100c634cf82400f1000a5340d000292a5
:1056e00006000324010042300b886200cdff001049
:0456f0000e0011a2f5
:020000040000fa
:020000041d01dc
:1056f400d0ffbd272400b2af2000b1af1c00b0af73
:105704002c00bfaf2800b3af0f00a2902580a000eb
:105714002588e00013004714259080002528000206
:10572400586b400f2520c0001a00021210000624f6
:10573400029d043c36050524ba85400f602c842460
:1057440002000224290022122c00bf8f2800b38fec
:105754002400b28f2000b18f1c00b08f0800e0033a
:105764003000bd27029d043c2a050524602c8424b6
:10577400ba85400f1000a6af1000a68f252800029e
:10578400586b400f2520c000eaff0216029d043c1e
:10579400100006242528000004000426d488400fa5
:1057a4000c0013928800428e17004010000000aed7
:1057b400000050ac880050ae8c00428e03000324dd
:1057c400010042248c0042ae01000224dcff631677
:1057d4000f0002a23b8d400f1000448e020042963f
:1057e400c418027cd6ff0010020042a61000448eaa
:1057f4002800b38f2400b28f2000b18f1c00b08f1b
:10580400378d400b3000bd27880050aeeaff0010f2
:04581400840050ae0e
:020000040000fa
:020000041d01dc
:10581800e8ffbd271000b0af0080103c1400bfaff8
:105828005857022630004390150060145857038ecd
:105838003800439001000224070062502400a7affb
:105848001400bf8fffff1024251000021000b08f36
:105858000800e0031800bd272000a6af1c00a5af74
:105868005c85400f1800a4af1800a48f1c00a58ffa
:105878002000a68ff2ff40102400a78f5857038ef0
:105888000200022408006210ffff1024ab82400fc0
:10589800000000001400bf8f251000021000b08f18
:1058a8000800e0031800bd27f8ffa0102b10a40083
:1058b800f6ff40140080033c2580000064536324f5
:1058c8000500082400006290060040101c808297a2
:1058d80001001026fbff081624006324ebff0010cc
:1058e800ffff10242320a400180060a00100482412
:1058f800ffff08310014020025805000ffff09391e
:10590800010002240a404900000062a42800a28f76
:10591800190060a0080065ac040062ac100066ac19
:10592800140067ac0c0064ac200070acd7ff00100a
:045938001c8088a7a0
:020000040000fa
:020000041d01dc
:10593c00e0ffbd271400b1af0800918c0080023c41
:10594c0060564224261022021000b0af1c00bfafdc
:10595c001800b2af258080009a7c400f0b880200a3
:10596c002b0040101c00bf8f340002960002433005
:10597c000f006010220002a6847b400f0000000084
:10598c002c00038e2b104300260040100200022432
:10599c00252000021c00bf8f1800b28f1400b18f9d
:1059ac001000b08f25280000b477400b2000bd27d5
:1059bc00847b400f00000000259040002000228ec8
:1059cc005a7d400f0400518c6210033c021022726d
:1059dc00d34d63240100052425200002e703422453
:1059ec001900430010100000821102002110520017
:1059fc00b477400f2c0002ae050040101c00bf8f86
:105a0c00050002241a0002a61c0000a61c00bf8f71
:105a1c001800b28f1400b18f1000b08f0800e00393
:105a2c002000bd27020002a6f9ff023c1c0002aeba
:105a3c00180000ae1c00bf8f1800b28f1400b18f7d
:105a4c001000b08ff9ff0424958b400b2000bd276c
:020000040000fa
:020000041d01dc
:105a5c00d8ffbd271800b1af1400b0af2400bfaf02
:105a6c002000b3af1c00b2af0e00a29002001124b4
:105a7c00130051102580a000030012242a0052109c
:105a8c0025988000010003241a0043109304052478
:105a9c00029d043cba85400f482c84240700022444
:105aac000e0002a22400bf8f2000b38f1c00b28f07
:105abc001800b18f1400b08f0800e0032800bd2738
:105acc00398d400f1000848cf7ff40142400bf8fd9
:105adc00060002240e0002a22400bf8f2000b38f08
:105aec001c00b28f1800b18f1400b08f0800e003b7
:105afc002800bd27398d400f1000848ceaff40141c
:105b0c002400bf8f04000696080007961000648ed0
:105b1c008019c57c1000a534d87f400f4020c67c6e
:105b2c00e0ff00100e0012a2398d400f1000848c83
:105b3c00ddff40142400bf8f040005960a00079671
:105b4c001000648e4020a67c8019a57c0100c63410
:105b5c00d87f400f1000a5340d00029206000324dc
:105b6c00010042300b886200ceff00100e0011a223
:020000040000fa
:020000041d01dc
:105b7c00d8ffbd271800b0af2580a0000100052478
:105b8c002000b2af2400bfaf1c00b1af7373400f45
:105b9c002590c000330040102520000225884000cd
:105bac009a6f400f0400508c1b004050feff1224d3
:105bbc00080040120e004390fcff64240300842c68
:105bcc0005008010ffff64240800438c000043aee6
:105bdc000e004390ffff64240400842c0e008014fc
:105bec00010012240700642c2000801005000424fe
:105bfc0019006410259000000600632c0600601448
:105c0c00030007240400268e252840009c00c6248f
:105c1c00bd55400f25200002090000122400bf8f43
:105c2c008f8d400f000000000000039225204000e3
:105c3c0001006324918d400f000003a22400bf8f4c
:105c4c00251040021c00b18f2000b28f1800b08fbd
:105c5c000800e0032800bd2704000324eeff001019
:105c6c000e0043a0f5ff0010ffff1224029d043c20
:105c7c00f3040524902e8424ba85400f1000a2afa3
:105c8c001000a28fecff1224dbff00100e004390db
:020000040000fa
:020000041d01dc
:105c9c003300a010b880828fd0ffbd272c00bfaf7f
:105cac002800b1af070040102400b0af3c00b08416
:105cbc0004000006a880838f2b18030206006014d2
:105ccc00801810002c00bf8f2800b18f2400b08fdb
:105cdc009573400b3000bd270a10437cfaff451426
:105cec002c00bf8f1000828c7a00a694030007242e
:105cfc001000429401000324080042300b18e2000b
:105d0c002430c3001800c010253800007c00b98c6a
:105d1c008000a78c2800918c4c00a28c150044505c
:105d2c002000828c1800a6af1400a7af9573400f0b
:105d3c001000b9af1800a68f1400a78f1000b98ff0
:105d4c001600201325282002252000022c00bf8fce
:105d5c002800b18f2400b08f080020033000bd272d
:105d6c009573400b0000000025c80000eaff0010ee
:105d7c00258800001000838c540080acc418027c71
:105d8c00480080ac6c0080ac600080ac000060ac63
:105d9c000c0060a4eaff0010200082ac2c00bf8f26
:105dac002800b18f2400b08f0800e0033000bd271d
:020000040000fa
:020000041d01dc
:105dbc000700a22c4400401000000000019d023c92
:105dcc0080280500ec5d42240a28457ce8ffbd27ad
:105ddc001000b0af1400bfaf0800a00025808000f9
:105dec00245e019d945e019d385e019d085e019dbf
:105dfc004c5e019d7c5e019d385e019d8f8d400f38
:105e0c0000000000000003922a006014ffff6324ce
:105e1c00918d400f25204000251000001400bf8fed
:105e2c001000b08f0800e0031800bd271400bf8fce
:105e3c00010002241000b08f0800e0031800bd27f9
:105e4c008f8d400f000000000000039225204000c1
:105e5c0001006324918d400f000003a21400bf8f3a
:105e6c00010002241000b08f0800e0031800bd27c9
:105e7c001400bf8f010002241000b08f000080ac12
:105e8c000800e0031800bd278f8d400f00000000b4
:105e9c0001000324000003a2918d400f2520400037
:105eac001400bf8f010002241000b08f0800e00323
:105ebc001800bd2725204000918d400f000003a243
:105ecc00d6ff0010010002240800e003251000009a
:020000040000fa
:020000041d01dc
:105edc00d8ffbd272000b3af0080133c1c00b2af2d
:105eec00cc5672260400458e2400bfaf1800b1af0b
:105efc002100a0101400b0afcc56628e1a0040588e
:105f0c000800448e2400b02425880000dcff028e9b
:105f1c00010031260e00401025204000d181400f99
:105f2c0000000000066d400f25200002066d400f9a
:105f3c00f0ff0426066d400fe0ff04260800448e97
:105f4c000c00828c09f84000dcff058edcff00aef3
:105f5c00cc56628e2a102202ecff40143c00102614
:105f6c000400458e0800448e0c00828c09f8400019
:105f7c0000000000040040ae0800458e0080043c88
:105f8c007a88400fec5684241c00448e0400801048
:105f9c00080040aea78a400f000000001c0040ae75
:105fac004400448e070080102400bf8f2000828c98
:105fbc00080042300900401000000000440040aed0
:105fcc002400bf8f2000b38f1c00b28f1800b18f3c
:105fdc001400b08f0800e0032800bd279573400f14
:0c5fec0000000000f6ff0010440040ae72
:020000040000fa
:020000041d01dc
:105ff8000c00828c0019427c80100200ecff4224c5
:10600800ff004230260040100100092414008424b7
:10601800213882002540e00002000a24ffff4224c4
:106028002118820023106400010086242b28880090
:106038001b008710ff0042301900a010000000006c
:10604800ffffc5901600a010000000000f00a95027
:106058002520c0001400aa100200432c1000601470
:1060680000000000010083902b2843000c00a014be
:106078000000000002006524231043002120850051
:10608800ff004230e5ff0010213882002310640031
:10609800010086242b288800e7ff8714ff00423080
:1060a8000800e003180202240300422cfcff4014fd
:1060b80000000000f8ffbd270100859004000324bc
:1060c8000000a0a70300a310180202240800e003a0
:1060d8000800bd2703008390020085900000a3a359
:1060e8000100a5a30000a397b505642c0400805403
:1060f8001802642cb4050324f4ff00102510600076
:0c6108000b184400f1ff0010251060008f
:020000040000fa
:020000041d01dc
:106114004100801000000000d8ffbd270800838cd8
:106124001800b1af0080113c605631262400bfaf87
:106134002000b3af1c00b2af1400b0af2d00711437
:10614400f5ff022402008384020002242900625421
:10615400f6ff02242700a010f7ff02242600c050f7
:106164002400bf8f1400228e22004050f7ff022427
:106174000000438c1f006050f7ff02240400438c8e
:106184001c006050f7ff02240800428c20004010dd
:106194002598c0001000a28c2590a0000500401096
:1061a4002580800025288000029d043c09f84000d9
:1061b40010f084240c00428e0000458e0400448eae
:1061c4000800438e010022a201000224020025a639
:1061d400100024ae0a0023a6020002a60100022435
:1061e400180002ae0100023c1c0002ae280013aeef
:1061f400010002242400bf8f2000b38f1c00b28f43
:106204001800b18f1400b08f0800e0032800bd27e8
:10621400f8ff0010f7ff02240800e003f5ff022452
:020000040000fa
:020000041d01dc
:10622400d8ffbd272400bfaf2000b4af1c00b3af1c
:106234001800b2af1400b1af0a00a0101000b0af44
:106244000000a38c08006010258000000700801067
:106254002400bf8f42008294400042300b0040145f
:106264000080133c258000002400bf8f251000020d
:106274002000b48f1c00b38f1800b28f1400b18fac
:106284001000b08f0800e0032800bd27cc56732609
:106294002588c0002580a0003c8b400f0400728e2e
:1062a40000190200231062008010020021904202b3
:1062b4000000448e165c400f25280002e9ff4010c0
:1062c40025a0400000004294c0004330e6ff605027
:1062d4002580000008002012800042301000838ec8
:1062e400030023aa000023ba14008392040023a20b
:1062f40015008392050023a2dbff40100100102447
:10630400140052260400912625282002306d400fe7
:10631400252040021400628e2528200225204002f8
:10632400336c400f0c0082aed0ff00102400bf8fee
:020000040000fa
:020000041d01dc
:106334003b00801000800a3c58574a253400458da4
:106344000c00888c3900a010000000000c00a28c06
:106354002518000025380000213043002b10c2000e
:106364002110470025480000120040142b3006017c
:106374001000c014000000000c00a28c1c00a68cad
:106384002548a000211062002b1843002138670023
:106394001600c010251840002528c0000c00a28c4f
:1063a400213043002b10c20021104700f0ff4010a1
:1063b4002b3006010c0020551c00268d23180301e8
:1063c400340044ad0c0083ac1c0085ac0c00848c00
:1063d4000c00a38c01000224231864000c00a3ac5d
:1063e4000800e00300000000252820011c0086ac02
:1063f4001c00a4ac1c00858c231803010c0083ac86
:10640400f7ffa010251000000c00848c0c00a38c56
:10641400231864000c00a3ac0800e0030000000093
:10642400251000000800e003000000000c0088ac08
:0c643400010002240800e003340044ad25
:020000040000fa
:020000041d01dc
:10644000e0ffbd271000b0af258080009400848c51
:106450001c00bfaf1800b2af7081400f1400b1af85
:10646000252800007e6e400f25200002c088400fc6
:106470009400048e5080828f0c0002561800048e07
:106480007081400f9400048ec088400f9400048ee9
:106490009c0000aea80000ae980000aea40000aec4
:1064a000a00000ae508080af1800048effff1124c2
:1064b000050091104400128e1800428e09f8400029
:1064c00000000000180011ae1400048effff11241c
:1064d00006009110029d063c0800428e09f840001b
:1064e00000000000140011ae029d063c2538000299
:1064f0002520000208ecc624b548400f0200052400
:106500002520000225300000635f400ffeff0524b8
:10651000029d063c2538000225200002d0e7c62453
:10652000b548400f010005241c00bf8f1c0000aec1
:10653000200000a61800b28f1400b18f1000b08f99
:086540000800e0032000bd2764
:020000040000fa
:020000041d01dc
:10654800d8ffbd272000b3af1c00b2af1800b1af11
:106558001400b0af2400bfaf7080908f25888000f2
:106568002590a0003c8b400f2598c00040180200e1
:1065780021186200c0180300231862008018030065
:106588002180030258000292010042301700401097
:106598002400bf8f1b0060565600029658000292d6
:1065a8004e0003964800048ed50042302000423445
:1065b800580002a2200000ae030080104c0003a681
:1065c8001564400f25280000180040122400bf8fd2
:1065d80058000292ee004230580002a24200229671
:1065e8000400027c420022a62400bf8f2000b38f43
:1065f8001c00b28f1800b18f1400b08f0800e003a0
:106608002800bd270900422ce5ff4054580002929b
:10661800253800000700062425282002be21400f47
:1066280025200002deff001058000292560000a646
:106638002000b38f1c00b28f1800b18f1400b08fe8
:086648000800e0032800bd2753
:020000040000fa
:020000041d01dc
:106650001800a38cd8ffbd274000828c1800b0af73
:10666000258080000c00648c1c00b1af2588a00040
:10667000000145302400bfaf2000b2af1a00a010c7
:106680001c0004ae4400058e1800a050140004ae97
:106690001000728c200042302800248e1000b2af0f
:1066a00018004010200012ae28000296050040108d
:1066b000240004ae48000296010042300500401458
:1066c0002400bf8f1c00228e00004294280002a6e6
:1066d0002400bf8f2000b28f1c00b18f1800b08f34
:1066e0000800e0032800bd27140004ae1000728cdf
:1066f000200042302800248e1000b2afeaff401480
:10670000200012aecd7e400f1000a527e6ff4014fa
:106710002800248ef0005232e0000224e2ff4212f0
:106720001000a38f1800028e040043104000028e58
:10673000180003aec439027c400002ae01000324fd
:106740008431627cd8ff0010400002aefbff0010d5
:046750004000028e75
:020000040000fa
:020000041d01dc
:10675400e8ffbd270080023c1400bfaf1000b0afbb
:10676400585742243000439010006054ffff8224a5
:10677400380043900100022407006210000000006a
:106784001400bf8f01001024251000021000b08fe8
:106794000800e0031800bd275c85400f1800a4af73
:1067a400f7ff40101800a48fffff8224feff422c45
:1067b40020004010ffff8a300500422d1d004010cc
:1067c400c0580a0021406a010080093c804008004a
:1067d40064532925214028012000028d0e008214d3
:1067e40001001024000002910b0040100000000082
:1067f40001000291130040140000000021506a01be
:1068040080500a0021482a01180020a1000020a17c
:10681400190020a125800000ab82400f0000000079
:106824001400bf8f251000021000b08f0800e00391
:106834001800bd27ab82400f01001024f9ff00109f
:106844001400bf8fa770400f25200001ebff00103c
:04685400010000a19e
:020000040000fa
:020000041d01dc
:10685800a8ffbd27252000005400bfaf5000b1afee
:106868004e85400f4c00b0af25204000db86400f1e
:1068780025884000029d033c4c3664244c36688cc5
:1068880004008394010007243400a6274000a527ac
:10689800252020023400a8af3800a3a7d23f400f1c
:1068a8004000a2af4300a2934000a5934200a793e3
:1068b8004100a693029d103cb4321026029d043c70
:1068c80090fb84241000a2af3583400f1400b0afb2
:1068d8004000a28f3c00a5271800a4271c00a2afe7
:1068e800efbe023c010042242400a0af2800a0af64
:1068f8002c00a0af3000a0af1800b1afbe34400fdd
:106908002000a2af0a004054029d043c029d043cb2
:10691800252800023583400fb0fb84245400bf8f24
:106928005000b18f4c00b08f0800e0035800bd271d
:1069380025300002252840003583400fc8fb8424f9
:106948005400bf8f5000b18f4c00b08f0800e00397
:046958005800bd27ff
:020000040000fa
:020000041d01dc
:10695c001c008294e0ffbd271800b1af0100112488
:10696c001400b0af1c00bfaf0e005110258080008a
:10697c00220040100200032413004310ffff023cce
:10698c001c0082ac1c00bf8f1800b18f1400b08f9c
:10699c00020083a4180080ac2000bd27958b400b0f
:1069ac00ffff04249a7c400f000000001e0040549e
:1069bc00340002961c00bf8f1800b18f1400b08fea
:1069cc000800e0032000bd279a7c400f0000000067
:1069dc00f9ff40101c00bf8f340002960300032403
:1069ec001a0003a6460002a61c0000a61800b18fd0
:1069fc001400b08f0800e0032000bd27b477400fcf
:106a0c0002000524ecff40101c00bf8f0200022482
:106a1c001c0011a61a0002a61800b18f1400b08f2a
:106a2c000800e0032000bd270300052425200002f8
:106a3c00b477400f440002a6dfff40101c00bf8f4c
:106a4c00020002241a0002a6daff00101c0002a6a3
:020000040000fa
:020000041d01dc
:106a5c000000a38c1400601025400000255000009d
:106a6c002560000000e08b7c0400628c070043046e
:106a7c00255060000e008010000000000800628ca1
:106a8c000b004b1000000000255060000000638cd0
:106a9c00f5ff6014000000002400801500000000c9
:106aac0029000055020002240800e0030100022422
:106abc000400628cc001427c1a00401400000000eb
:106acc000000698c0400628cc001427cfdff401404
:106adc0000000000000060ac0000e28c15004010cb
:106aec00140060ac0400682400e0087d000043ac96
:106afc00140048ac0000e3ac0400628c8007427cbc
:106b0c00efff4010251820010d00401101008c25cd
:106b1c00000049ad0500801425182001dcff001091
:106b2c000100082408008011020002240800e00380
:106b3c00251000000000e3acefff00100000c3ac18
:106b4c00f4ff00100000a9ac0800e00300000000f6
:020000040000fa
:020000041d01dc
:106b5c00e0ffbd27c21005001000b0af100042309e
:106b6c002580a0000200a5301400b1af1c00bfafff
:106b7c001800b2af4c00918c0700a01001004334f8
:106b8c000400c430090042340b1844000800c6301d
:106b9c00040062340b184600040004320291100009
:106bac000100852c040042321200072425104500f8
:106bbc001500052488bf063c0b28e400b240423483
:106bcc00252020020022c3ac1022c2ac2a8b400f1d
:106bdc00004010320c000524848a400f252020022e
:106bec0012000524308b400f25202002370005248d
:106bfc002d8c400f252020020f000524318c400fd6
:106c0c0025202002060000161c00bf8f1800b28f32
:106c1c001400b18f1000b08f0800e0032000bd27d6
:106c2c00358c400f25202002398c400f2520200266
:106c3c0001004532252020021c00bf8f1800b28fa6
:106c4c001400b18f1000b08f3d8c400b2000bd277d
:020000040000fa
:020000041d01dc
:106c5c00d8ffbd272000b2af1c00b1af1800b0aff9
:106c6c002590a0007080908f2400bfaf3c8b400f0c
:106c7c00258880004018020021186200c01803000b
:106c8c002318620080180300211803025800659035
:106c9c000100a230120040102400bf8f00104232bd
:106cac0014004014000852320e0040122000b28f23
:106cbc000001a57c25202002d75b400f0100a524f4
:106ccc00252020022400bf8f2000b28f1c00b18f22
:106cdc001800b08f0c000524c16f400b2800bd2795
:106cec002000b28f1c00b18f1800b08f0800e00399
:106cfc002800bd2725202002253000005259400fc6
:106d0c002528000001000224252020021000a2af3b
:106d1c0025380000253000005c81400f252800003c
:106d2c0025202002010005244a78400f0200062489
:106d3c00252020022400bf8f2000b28f1c00b18fb1
:106d4c001800b08f0b000524c16f400b2800bd2725
:020000040000fa
:020000041d01dc
:106d5c00d0ffbd272800b4af2400b3af2000b2afe2
:106d6c001c00b1af2c00bfaf1800b0af2590800055
:106d7c002598a00025880000029d143c01000524e4
:106d8c00f169400f1000a42701000324fbff4314fa
:106d9c001000a2930d0003242084027c1e00031219
:106dac000a0003241c00031208000324130003121e
:106dbc007f00032411000312ffff63262a1823020d
:106dcc00efff601001000524e0ff42245f00422c1d
:106ddc00ebff4010000000001000b0a3d54a400f9c
:106dec001000a427fdff40100100052421105102c2
:106dfc00000050a0e2ff001001003126e0ff2052fd
:106e0c000100052458368426fb7e400fffff3126f7
:106e1c00dbff001001000524029d043c219051026f
:106e2c00fb7e400f54368424000040a22c00bf8f00
:106e3c00251020022800b48f2400b38f2000b28fbd
:106e4c001c00b18f1800b08f0800e0033000bd2784
:020000040000fa
:020000041d01dc
:106e5c00c0ffbd272c00b3af5000b38f3800b6afc6
:106e6c003000b4af010073322800b2af2400b1afd0
:106e7c002000b0af3c00bfaf3400b5af2590800010
:106e8c0025b0a0002580c0002588e0000300601616
:106e9c002ba0c7001300805623a03002253000021f
:106eac002528c0028a7d400f252040020d00801647
:106ebc0023a03002258800023c00bf8f2510200241
:106ecc003800b68f3400b58f3000b48f2c00b38fe0
:106edc002800b28f2400b18f2000b08f0800e0038f
:106eec004000bd271100862e100002240b108602d4
:106efc0025304000200005241000a427d488400f22
:106f0c0025a880021000a22e0b0040100f00863224
:106f1c001000a5278a7d400f25204002e6ff601651
:106f2c00253000022528c0028a7d400f2520400212
:106f3c00e2ff00103c00bf8f100006241000a527b4
:106f4c008a7d400f25204002eeff0010f0ffb52691
:020000040000fa
:020000041d01dc
:106f5c00e0ffbd271c00bfaf1800b2af1400b1afeb
:106f6c00259080002588a0001000b0af3c8b400f0e
:106f7c007080908f4018020021186200c018030026
:106f8c002318620080180300218003021586400f2d
:106f9c00252040025800049201000324560002a64a
:106fac000400647c580004a2540011a642004296ce
:106fbc000400627c420042a64800028e1800401079
:106fcc00019d043cffff31260200312e06002016e5
:106fdc001c00bf8f1800b28f1400b18f1000b08f3f
:106fec000800e0032000bd27580002924e000396d3
:106ffc00010004244429827c4c0003a68b8d400f95
:10700c00580002a21c00bf8f200002ae1800b28fe5
:10701c001400b18f1000b08f0800e0032000bd27d2
:10702c00010005240262400f40758424e5ff4014e2
:10703c00480002ae029d053cf41ea524e883400fd7
:0c704c0025200000e0ff0010ffff3126af
:020000040000fa
:020000041d01dc
:107058001400828cd0ffbd272400b4af2000b3af4a
:107068001c00b2af2c00bfaf259080002800b5af40
:107078001800b1af1400b0af2598a00009f840007f
:107088001000948c0c00438e19006010258040007d
:1070980025a800000800518e0000428e25306002ad
:1070a80002281172252040022188a20000002296a1
:1070b8000100423007004010252820021c00428ea3
:1070c80009f840000000000014004050000022961b
:1070d8000c00438e218014020100b5262b280302e0
:1070e800232003022b10a302eaff40140a80850024
:1070f8002c00bf8f25880000251020022800b58f9e
:107108002400b48f2000b38f1c00b28f1800b18ff9
:107118001400b08f0800e0033000bd274408027c4b
:10712800000022a62c00bf8f251020022800b58f52
:107138002400b48f2000b38f1c00b28f1800b18fc9
:0c7148001400b08f0800e0033000bd27e9
:020000040000fa
:020000041d01dc
:107154001800838c030002243a006210000000002f
:10716400c480828fe0ffbd271c00bfaf1800b2af00
:107174001400b1af0a0040101000b0af0100422467
:10718400c48082af010002241c00bf8f1800b28f9c
:107194001400b18f1000b08f0800e0032000bd2759
:1071a400019d053c21000624b094a5246a7b400f70
:1071b4000600042425184000c08082aff2ff60104e
:1071c400251000000080123c958c400fbc584426ca
:1071d4000080043cb05884240080103c958c400fff
:1071e4000080113cc0541026505531262528000239
:1071f400bc5844267f84400f24001026fcff11163f
:10720400252800025a7d400f0000000040190200aa
:10721400231862008018030021186200c0180300bc
:107224006210023ce7036324d34d42241900620038
:10723400c480828f1018000082190300cfff001051
:0c724400bc8083af0800e00301000224be
:020000040000fa
:020000041d01dc
:107250001880848fe0ffbd271000b0afffff10241f
:107260001c00bfaf1800b2af040090101400b1af03
:10727000d559400f00000000188090af0080123cec
:10728000245842960c0040101881908f25880000e9
:107290002528000203000724020006244463400f4f
:1072a0002458442624584296010031262a102202ee
:1072b000f7ff40146c001026718d400f24585026a3
:1072c0000800048e090080100080033c0c00828cb2
:1072d00009f840001881858ffe8c400f0800048e4d
:1072e00015004004029d053c0080033c5c5862246c
:1072f0005c5860ac040040ac080040ac0c0040acf2
:10730000100040ac1c00bf8f080000ae0c0000aea7
:10731000245840a6040000ae1800b28f1400b18fac
:107320001000b08f188180aff48080aff88080affc
:107330000800e0032000bd278818a524e883400f3b
:0c73400025200000e9ff00100080033c45
:020000040000fa
:020000041d01dc
:10734c000d0a0d0a000000003d3d3d3d3d3d3d3d1b
:10735c003d3d3d3d3d3d3d3d3d3d3d3d3d3d3d3d51
:10736c003d3d3d3d3d3d3d3d3d3d3d3d3d3d3d3d41
:10737c003d3d3d3d3d3d3d3d3d3d3d3d3d3d3d3d31
:10738c003d3d3d0d0a0000003d3d3d3d3d3d3d3d3b
:10739c003d20202020456d62656464656420457441
:1073ac006865726e6574204d6f64756c652028413c
:1073bc00333035332920202020203d3d3d3d3d3dbf
:1073cc003d3d3d0d0a000000436f6d6d616e642004
:1073dc00696e746572666163652072756e6e696e36
:1073ec00672c2027682720666f722068656c702ccc
:1073fc002027722720666f722072657365742e0dbc
:10740c000a000000446961676e6f737469632061e0
:10741c006e6e6f756e63656d656e747320746f2020
:10742c0074686520636f6e736f6c65206172652084
:0c743c00656e61626c65642e0d0a000034
:020000040000fa
:020000041d01dc
:107448001c008294e8ffbd271000b0af1400bfaf46
:107458000d00401025808000010003241600431011
:1074680002000224020082a4f7ff023c1c0082ac46
:107478001400bf8f1000b08f180080ac1800bd2713
:10748800958b400bf7ff0424b477400f25280000a4
:10749800060040101400bf8f020002241a0002a642
:1074a800010002241c0002a61400bf8f1000b08f38
:1074b8000800e0031800bd279a7c400f0000000078
:1074c800faff40101400bf8f340002860800400401
:1074d800020002241c0000ae1400bf8f020002a6a6
:1074e800180000ae1000b08f0800e0031800bd2798
:1074f800847b400f000000002c00038e2b104300fb
:1075080004004010020002241a0002a6e6ff001040
:107518001c0000a6020002a6ffff023c1c0002aeef
:10752800180000ae1400bf8f1000b08fffff0424b6
:08753800958b400b1800bd27e4
:020000040000fa
:020000041d01dc
:10754000d0ffbd27029d023c1c00b0af258080000b
:10755000e4354424e435438c040082942800048eee
:107560002800b3af2400b2af2c00bfaf2000b1aff2
:107570002598a0001000a3af1400a2a79888400f80
:107580001400128e0c00401006000624252840022c
:10759000252040006a85400f258840000e004014d9
:1075a000060006241800058e110002240900a3908d
:1075b000140062102198b300251000002c00bf8f2a
:1075c0002800b38f2400b28f2000b18f1c00b08f31
:1075d0000800e0033000bd271000a5276a85400f92
:1075e00025202002f5ff4014251000001800058e0c
:1075f000110002240900a390f0ff6214251000007e
:107600002198b300b02f400f0200649600006496ea
:10761000b02f400f2588400062808497e7ff915487
:10762000251000006080839726106200e3ff0010a1
:047630000100422ce7
:020000040000fa
:020000041d01dc
:107634000000a28c0400a38cc0ffbd273800b3afa8
:107644003400b2af3000b1af2c00b0af3c00bfafdc
:10765400259080002580a0000800b38c2000a2aff4
:10766400030060040c00b18c4408027c2000a2af2b
:107674002000a2271800a2af080002241400a2af21
:107684001000b3af0400c78c0000c68c1153400f28
:10769400252000022000a38f100063300400601036
:1076a40030000424ffff422421182202000064a0b9
:1076b4002000a38f0800633004006010200004241d
:1076c400ffff422421182202000064a01000068e4d
:1076d4002000a38f25386002ffffc6241000a3af4b
:1076e4002330c20021282202975b400f252040024c
:1076f4000400438e00016330040060103c00bf8f1f
:107704000400038e2a2043000b1064003800b38f5a
:107714003400b28f3000b18f2c00b08f0800e0032a
:047724004000bd273d
:020000040000fa
:020000041d00dd
:10001000e0ffbd271400b1af0800918c0080023cc6
:1000200060564224261022021000b0af1c00bfaf61
:100030001800b2af258080009a7c400f0b88020028
:100040001d0040101c00bf8f340003962800028e54
:100050001e004010220003a6847b400f0000000019
:10006000259040002000228e5a7d400f0800518cc0
:100070006210033c02102272d34d63242528000035
:1000800025200002e703422419004300101000005d
:100090008211020021105200b477400f2c0002aef2
:1000a000050040101c00bf8f040002241a0002a6a5
:1000b0001c0000a61c00bf8f1800b28f1400b18f67
:1000c0001000b08f0800e0032000bd2701000524c8
:1000d000b477400f25200002f7ff40101c00bf8faf
:1000e000030002241a0002a61c0000a61800b28f0a
:1000f0001400b18f1000b08f0800e0032000bd276e
:020000040000fa
:020000041d01dc
:10772800e8ffbd271000b0af1400bfaf9a7c400f30
:10773800258080001e0040101400bf8f3400029680
:10774800200043301d006014040043302800028ede
:10775800060040500200022400100324000043ac3d
:10776800040040ac080040ac02000224020002a65b
:10777800f8ff023c1c0002ae180000ae1400bf8fd8
:107788001000b08ff8ff0424958b400b1800bd271c
:10779800b477400f25200002050040101400bf8f69
:1077a800050002241a0002a61c0000a61400bf8fc0
:1077b8001000b08f0800e0031800bd27080060140f
:1077c800000142302800028ee8ff405002000224e7
:1077d800000040ac040040ace3ff0010080040acdf
:1077e800ebff4010060005240f000524b477400f76
:1077f80025200002eeff40101400bf8f0200022473
:0c7808001a0002a6e9ff00101c0000a6f8
:020000040000fa
:020000041d01dc
:10781400d8ffbd271c00b1af4400918c1800b0af55
:10782400258080001c00228e1800848c2000b2afba
:107834002400bfaf1000a0af09f8400001001224db
:107844001e0052102400bf8f2000228e09f8400031
:107854001800048e1e004054200002928400028e00
:10786400010042301a004050200002921800048e99
:107874003400228e09f840001000a5271000a58fbf
:107884008800028e004004240100a53000800334e7
:107894000b1885008c00068e25284300880005ae51
:1078a400d75a400f2520000220000292900000ae1b
:1078b4000421427e200002a22400bf8f2000b28f48
:1078c4001c00b18f1800b08f0800e0032800bd270a
:1078d4000429027c847b400f200002a22400bf8f75
:1078e4007c0002ae900000ae2000b28f1c00b18f6d
:0c78f4001800b08f0800e0032800bd273a
:020000040000fa
:020000041d01dc
:10790000e0ffbd271800b2af1400b1af1000b0af58
:107910001c00bfaf258880002f4b400f2590a00092
:1079200018004010258040000000029601004330fe
:107930000a006050000002924408027c000002a687
:107940001c00bf8f251000021800b28f1400b18fe9
:107950001000b08f0800e0032000bd271c00bf8f7f
:107960001800b28f0408027c03004234000002a217
:107970001400b18f251000021000b08f0800e00342
:107980002000bd272400238e0c00228eedff621400
:107990001c00bf8f1800228eebff40502510000204
:1079a00009f8400025202002e6ff40101c00bf8f90
:1079b0000000439401006430060080102528400236
:1079c0000400037c000043a42400228effff422415
:1079d000240022ae2f4b400f25202002d9ff40105b
:0c79e0001c00bf8fd0ff0010258040006d
:020000040000fa
:020000041d01dc
:1079ec0038008010029d023ce0ffbd271400b0afb0
:1079fc001c00bfaf1800b1af000082802580800052
:107a0c000700401020000424ff004230f7ff4324fd
:107a1c00210044100500632c200060540100102646
:107a2c001787400f25200002211002022b1802029a
:107a3c000700601020000524ffff4490f7ff83240b
:107a4c001b0085100500632c1a006054ffff4224b4
:107a5c00231850000001712c0080073cff00022409
:107a6c000b1071006452e7242528000225304000d9
:107a7c002520e000ff87400f2588400021182202b6
:107a8c00000060a01c00bf8f1800b18f1400b08fd5
:107a9c000800e0032000bd27010010260000028230
:107aac00daff4014ff004230ddff00100000000040
:107abc00ffff4224e1ff5054ffff4490e5ff00100c
:0c7acc00231850000800e0037c36422420
:020000040000fa
:020000041d01dc
:107ad800d8ffbd272000b2af0080123c1800b0af1d
:107ae800400150261c00b1af2400bfaf2700041688
:107af800faff1124029d063c253800026006c624c0
:107b0800303d400f2528000025280000be3c400fce
:107b180025200002360011961d0020122400bf8f78
:107b28007400028e050040101000a0af0080043cd5
:107b38000500052409f84000500284241000a527f8
:107b48000280400f400144267400028e0400401059
:107b5800060005240080043c09f8400050028424f3
:107b68001000a28f2a1822020800605425880000fd
:107b7800380005960c00a050232822020400062491
:107b8800e346400f40014426258800002400bf8fab
:107b9800251020022000b28f1c00b18f1800b08f72
:107ba8000800e0032800bd27f4ffa0142588000082
:087bb800f7ff00102400bf8f4d
:020000040000fa
:020000041d01dc
:107bc000d8ffbd273800822c2000b3af1c00b2af15
:107bd0001400b0af2400bfaf1800b1af2598a000cb
:107be0002590c00002004014380010242580800039
:107bf0005480848f1d00712603001026f0ff31325f
:107c0000fcff1032320025260400828c2128050258
:107c100009f84000feffa53018004010251840006c
:107c20001800062625280000d488400f2520400093
:107c300025184000211050002f0044240418047c13
:107c40001a002626120046a4020085240400127c95
:107c5000010006240e0051a4040044acf8ff83acdc
:107c6000100046a4100062ac080045ac140065acde
:107c70000a006016200072ac2f0060a02400bf8fa5
:107c8000251060002000b38f1c00b28f1800b18f48
:107c90001400b08f0800e0032800bd2710008424e2
:087ca000f5ff0010180064acb0
:020000040000fa
:020000041d01dc
:107ca800360080100080033c0800868c60566324f0
:107cb8002600c314f5ff0224020082840100032475
:107cc8002a0043140000000018008394270062145f
:107cd800000000001a0082940300431004000324eb
:107ce8002200431400000000e0ffbd271c00bfafc6
:107cf8001800b2af1400b1af1000b0af30009290ce
:107d0800020002241b0042162588a0007963400f58
:107d18002580800007004204f7ff02240500521066
:107d2800010002240b0020122510000034000396e5
:107d3800000023a61c00bf8f1800b28f1400b18f5b
:107d48001000b08f0800e0032000bd270800e00302
:107d5800000000001c00bf8f1800b28f1400b18f04
:107d68001000b08f0800e0032000bd270800e003e2
:107d7800f6ff0224efff0010f7ff02240800e003db
:047d8800f5ff0224dd
:020000040000fa
:020000041d01dc
:107d8c00c8ffbd273000b3af2800b1af2400b0af9f
:107d9c003400bfaf2c00b2af2598c0002580800006
:107dac002588a0001400a0af1000a0af0600c010e2
:107dbc001800a0af7400828c03004010050005244d
:107dcc0009f840001401842403000010500012260e
:107ddc006184400f000000005284400f25204002b7
:107dec0025284000faff40141000a4271000601250
:107dfc00000000007400028e0d0040100000000016
:107e0c000600052409f84000140104265284400f92
:107e1c001000a42725204000401006240a00401022
:107e2c00252820027000028e09f840000000000096
:107e3c005284400f1000a427252040004010062437
:107e4c00f8ff4014252820023400bf8f3000b38f78
:107e5c002c00b28f2800b18f2400b08f0800e003f3
:047e6c003800bd27f6
:020000040000fa
:020000041d01dc
:107e700020008290e8ffbd271000b0af2000433003
:107e80001400bfaf11006010258080000800423050
:107e90001e004050200002924400028e1800048e02
:107ea000253000003800428c09f8400025280000e9
:107eb0001e00400403000224900002ae1400bf8f95
:107ec0001000b08f0800e0031800bd27847b400f2e
:107ed000000000007c00038e8000048e231043000d
:107ee0002b104400f5ff40140100032420000292ef
:107ef0004429627c200002a2ff0042300800423088
:107f0000e6ff40544400028e200002921400bf8f0e
:107f1000010003240421627c900000ae200002a234
:107f20001000b08f0800e0031800bd272000029267
:107f30000429027c847b400f200002a21400bf8f22
:107f40007c0002ae900000ae1000b08f0800e0038d
:047f50001800bd2731
:020000040000fa
:020000041d01dc
:107f5400c8ffbd272c00b0af4080040021200402dc
:107f64000080103c80200400505510263000b1af32
:107f74003400bfaf2588a0001c00a0af2000a0af34
:107f84002400a0af1000a0af1400a0af1800a0af51
:107f9400218004028e84400f252000022528400001
:107fa400140040101000a4272800438c0b0071100b
:107fb400000000007f84400f000000008e84400f0a
:107fc40025200002252840000a0040101000a427a4
:107fd4002800438cf7ff7114000000007f84400fd9
:107fe4001c00a427ebff001000000000b287400f24
:107ff400000000008e84400f1c00a42725204000b0
:1080040001000624f9ff4014f5ff05241000a28f97
:10801400030040101000a527aa71400f252000027c
:108024003400bf8f3000b18f2c00b08f0800e00304
:048034003800bd272c
:020000040000fa
:020000041d01dc
:108038005443502f495020537461636b3a2054695c
:10804800636b20726567697374726174696f6e20ff
:108058006661696c65643a2025640d0a00000000b9
:108068005443502f495020537461636b3a20496e32
:10807800697469616c697a6174696f6e20535953c8
:1080880020544d52206661696c65643a202564204d
:108098002d2041626f7274696e6721200d0a0000fd
:1080a8005443502f495020537461636b3a20496ef2
:1080b8007465726661636520496e697469616c698b
:1080c8007a6174696f6e206661696c65643a203004
:1080d800782578202d2041626f7274696e6721209f
:1080e8000d0a00005443502f495020537461636bac
:1080f8003a20496e697469616c697a6174696f6e56
:1081080020456e646564202d207375636365737301
:04811800200d0a002c
:020000040000fa
:020000041d01dc
:10811c0082bf043c08000624002286ac009406347e
:10812c00182286acd8000624402286ac81bf033cc2
:10813c000200063c040166ac0080053c0400063cd1
:10814c00040166ac1457a2240800063c040166ac7a
:10815c00200040ac280040ac2c0040ac340040a0c7
:10816c003c0040a0380040ac1457a0ac080040ac18
:10817c000c0040ac100040a01c0040a0140040ac0f
:10818c00400040ac0022858c060006240600a53079
:10819c000c00a61080000524300045ac000405241a
:1081ac00180045ac00800234082282ac0200023c6c
:1081bc00080162ac0400023c080162ac0800e00358
:1081cc000000000040000524300045ac00020524ee
:1081dc00180045ac00800234082282ac0200023c3c
:1081ec00080162ac0400023c080162ac0800e00328
:0481fc00000000007f
:020000040000fa
:020000041d01dc
:10820000840002242200a2500000e28c8500a228f3
:1082100010004010810002240800a2500000e28cef
:10822000820002242700a2500000e28c8000022479
:108230001000a214000000000000e28c040043249f
:108240000000e3ac0000428c000082ac150000107e
:10825000000046ac900002241a00a2500000e28cfc
:108260009100a22805004010880002240f00a250af
:108270000000e28c0800e00325100000a0000224aa
:10828000eeffa2500000e28ce9ff0010c0000224c3
:10829000040043240000e3ac0000428c000082ace8
:1082a000000046a40800e003010002240400432467
:1082b0000000e3ac0000428c000082acf9ff00102b
:1082c000000046a0040043240000e3ac0000428c00
:1082d000000082ac000046acc3370600f1ff00107e
:0482e000040046aca4
:020000040000fa
:020000041d01dc
:1082e4003300801000000000e0ffbd271800b2af8b
:1082f4001400b1af1000b0af1c00bfaf25808000e8
:108304002588c000e27c400f2590a0002200405048
:10831400010002242000205a251000000000478e8e
:108324001c00071204004826ffff05240700001064
:1083340025180000010063240c002352ffff0324ce
:10834400fcff078d1400075201000224f9ffe0141a
:1083540004000825272005000a286400010063247e
:10836400f8ff2356fcff078dffff03241200a31020
:108374001c00bf8f80280500212845020000b0acf6
:108384001800b28f1400b18f1000b08f0800e00302
:108394002000bd27010002241c00bf8f1800b28feb
:1083a4001400b18f1000b08f0800e0032000bd2737
:1083b4000800e00301000224f7ff0010251000006c
:020000040000fa
:020000041d01dc
:1083c400e0ffbd271800b1af1400b0af1c00bfaf71
:1083d4000e00a290010003242580a0000e0043108b
:1083e40025888000020003241e004310f2030524a4
:1083f400029d043cba85400fb82e84240700022451
:108404000e0002a21c00bf8f1800b18f1400b08fa1
:108414000800e0032000bd27398d400f1000848c34
:10842400f9ff40141c00bf8f1000248e0400069630
:10843400cf82400f060005960d000292020004242c
:1084440006000324010042300a1882000e0003a231
:108454001c00bf8f1800b18f1400b08f0800e00318
:108464002000bd27398d400f1000848ce6ff401496
:108474001c00bf8f3e88400f1000248e080002aeff
:10848400060002240e0002a21c00bf8f1800b18f48
:0c8494001400b08f0800e0032000bd279a
:020000040000fa
:020000041d01dc
:1084a0000200822c2c00401400000000e0ffbd27d9
:1084b0001800b2af0080123c1400b1afe44f522656
:1084c0002588a0000029040021204502080083948b
:1084d0000400888c1000b0af251823021c00bfaf29
:1084e0002580c00005000011080083a42538000085
:1084f0002530200209f8000103290500000122327d
:108500000400401000000000f880828f0100422427
:10851000f88082af0a000016251000021400428e77
:108520000f0040100080043c253800002530200258
:108530000100052409f84000f44f842401000224be
:108540001c00bf8f1800b28f1400b18f1000b08fc5
:108550000800e0032000bd270800e003251000000c
:108560001c00bf8f010002241800b28f1400b18fcd
:0c8570001000b08f0800e0032000bd27c1
:020000040000fa
:020000041d01dc
:10857c00a8ffbd270400a1af0800a2af0c00a3af59
:10858c001000a4af1400a5af1800a6af1c00a7af35
:10859c002000a8af2400a9af2800aaaf2c00abafd5
:1085ac003000acaf3400adaf3800aeaf3c00afaf75
:1085bc004000b8af4400b9af4800bfaf1240000054
:1085cc004c00a8af104000005000a8af029d1a3c10
:1085dc00802d5a2700000000006804400060054010
:1085ec0009f84003000000005000a88f11000001a2
:1085fc004c00a88f130000010400a18f0800a28f6b
:10860c000c00a38f1000a48f1400a58f1800a68f48
:10861c001c00a78f2000a88f2400a98f2800aa8fe8
:10862c002c00ab8f3000ac8f3400ad8f3800ae8f88
:10863c003c00af8f4000b88f4400b98f4800bf8f0b
:0c864c005800bd27c000000018000042cc
:020000040000fa
:020000041d01dc
:10865800d8ffbd271400b0af1000908c2000b3af36
:108668002400bfaf1c00b2af1800b1af2700001242
:108678002000b3902588a000190000100100733273
:108688007400228e030040100500052409f84000fc
:10869800100124260800058e4b3c400f252020029f
:1086a8007400228e030040100600052409f84000db
:1086b8001001242610000296240023860400048e4c
:1086c800040042300c0040100a20837c2000828c79
:1086d80025804002c418027c0c004012200082aca5
:1086e8000000128ee6ff6016000000ae240022860d
:1086f8000400048e0a20827c6c00228e09f8400057
:1087080025804002f7ff40560000128e2400bf8fdc
:108718002000b38f1c00b28f1800b18f1400b08fe7
:088728000800e0032800bd2752
:020000040000fa
:020000041d01dc
:108730004000828ce0ffbd278000033c00084730ea
:10874000000242301800b1af1400b0af1c00bfaf40
:10875000258080002588a0000b38670003004010aa
:10876000480004240400e734600004241000069646
:108770000200e7340f7a400f08000524160040106d
:10878000019d043c4000038e2814842400026330c1
:10879000080044ac150060140c0050ac1c00438c65
:1087a000080063240a0020523e0003921000049641
:1087b000000003ae080003ae212064000100032482
:1087c000040004ae3c0003a20c0002ae3e00039283
:1087d000010063243e0003a21c00bf8f1800b18f6c
:1087e0001400b08f0800e0032000bd271000438c68
:1087f00048004424000064ac010004242518000053
:08880000e8ff0010580044a439
:020000040000fa
:020000041d01dc
:10880800d0ffbd272000b0afe080908f2c00bfaf15
:108818002800b2af120000122400b1af1700801078
:108828000080123c251080002588a0000c00072439
:10883800252800021000a627905844261800a0af4b
:108848001000a0af1400a2afe275400f1800b1a34a
:108858000300401025804000100020160000000092
:108868002c00bf8f251000022800b28f2400b18f82
:108878002000b08f0800e0033000bd272c00bf8f18
:1088880025800000251000022800b28f2400b18f37
:108898002000b08f0800e0033000bd277e76400f2f
:1088a80090584426cc80828f905844260100422458
:1088b800cc8082af367c400f000000002c00bf8fb8
:1088c800251000022800b28f2400b18f2000b08f3d
:0888d8000800e0033000bd2799
:020000040000fa
:020000041d01dc
:1088e00072785f72656164793d25752072785f6189
:1088f0007661696c61626c653d257520696e202525
:10890000732e0d0a00000000436c6f736520636fc7
:10891000646520726563656976656420696e2025eb
:10892000732e0d0a00000000496e76616c696420a8
:10893000737461727420636f646520696e2025739f
:108940002e0d0a0069643d2575206c656e3d257508
:1089500020696e2025732e0d0a000000496e766195
:108960006c696420656e6420636f646520696e20a5
:1089700025732e0d0a000000436f7079696e672021
:10898000257520746f2025752066726f6d20257502
:1089900020696e2025732e0d0a00000072785f6139
:1089a0007661696c61626c653d257520696e202574
:0889b000732e0d0a0000000007
:020000040000fa
:020000041d01dc
:1089b800a8ffbd270400a1af0800a2af0c00a3af19
:1089c8001000a4af1400a5af1800a6af1c00a7aff5
:1089d8002000a8af2400a9af2800aaaf2c00abaf95
:1089e8003000acaf3400adaf3800aeaf3c00afaf35
:1089f8004000b8af4400b9af4800bfaf1240000014
:108a08004c00a8af104000005000a8af0068044018
:108a180000600540029d023c8432422409f840006f
:108a2800000000005000a88f110000014c00a88f22
:108a3800130000010400a18f0800a28f0c00a38f6f
:108a48001000a48f1400a58f1800a68f1c00a78ff4
:108a58002000a88f2400a98f2800aa8f2c00ab8f94
:108a68003000ac8f3400ad8f3800ae8f3c00af8f34
:108a78004000b88f4400b98f4800bf8f5800bd2709
:088a8800c000000018000042cc
:020000040000fa
:020000041d01dc
:108a9000a8ffbd270400a1af0800a2af0c00a3af40
:108aa0001000a4af1400a5af1800a6af1c00a7af1c
:108ab0002000a8af2400a9af2800aaaf2c00abafbc
:108ac0003000acaf3400adaf3800aeaf3c00afaf5c
:108ad0004000b8af4400b9af4800bfaf124000003b
:108ae0004c00a8af104000005000a8af0068044040
:108af00000600540029d023c9432422409f8400087
:108b0000000000005000a88f110000014c00a88f49
:108b1000130000010400a18f0800a28f0c00a38f96
:108b20001000a48f1400a58f1800a68f1c00a78f1b
:108b30002000a88f2400a98f2800aa8f2c00ab8fbb
:108b40003000ac8f3400ad8f3800ae8f3c00af8f5b
:108b50004000b88f4400b98f4800bf8f5800bd2730
:088b6000c000000018000042f3
:020000040000fa
:020000041d01dc
:108b6800e0ffbd271400b0af1c00bfaf1800b1afc5
:108b78000e00a290010003240e0043102580a000df
:108b8800020003242000431013040524029d043c22
:108b9800ba85400fcc2e8424070002240e0002a2be
:108ba8001c00bf8f1800b18f1400b08f0800e003bd
:108bb8002000bd2725888000398d400f1000848c47
:108bc800f8ff40141c00bf8f1000248e0800079681
:108bd80004000696d87f400f060005960d00029205
:108be8000200042406000324010042300a1882000f
:108bf8000e0003a21c00bf8f1800b18f1400b08fa5
:108c08000800e0032000bd27398d400f1000848c38
:108c1800e4ff40141c00bf8f060002240e0002a2cd
:108c28001c00bf8f1800b18f1400b08f0800e0033c
:048c38002000bd2734
:020000040000fa
:020000041d01dc
:108c3c003000a010000000000000a28c2d0040109d
:108c4c000000000029008010000000004200869403
:108c5c004000c6300300c014faff02240800e003f1
:108c6c0000000000e0ffbd270080023c1c00bfafed
:108c7c001800b2af1400b1af1000b0af258880005f
:108c8c002580a0003c8b400fd056528c001902005e
:108c9c002310620080100200219042020000448eda
:108cac00165c400f2528000214004010258040005f
:108cbc0025284000a275400f25204002feff072406
:108ccc002530000008000526dd65400f2520200218
:108cdc00251000001c00bf8f1800b28f1400b18f3c
:108cec001000b08f0800e0032000bd270800e0034f
:108cfc00faff02240800e003fbff0224f5ff00103a
:048d0c00ffff02243f
:020000040000fa
:020000041d01dc
:108d10005800a294d8ffbd272000b3af1c00b2af0b
:108d20001800b1af1400b0af2400bfaf029d103cdb
:108d3000140082ac029d133c029d023c2590a000d1
:108d400025888000100085ac180086ac1c0087ac1c
:108d500004c24224ac01102658017326f4ff1026e9
:108d600009f8400025202002fcff1356fcff028e6c
:108d700001000424d55f400f252840025000448e96
:108d8000060080504c00448e4400428e2000428ced
:108d900009f84000000000004c00448e060080509e
:108da000420042964400428e0c00428c09f840007a
:108db00000000000420042962400bf8f500040aee9
:108dc000bfbf42304c0040ae420042a62000b38fed
:108dd0001c00b28f1800b18f1400b08f0800e003a0
:048de0002800bd2783
:020000040000fa
:020000041d01dc
:108de400e0ffbd271c00bfaf1800b0af3000839078
:108df4000200022417006214258080001000848c75
:108e040026008050029d043c0c00028e1400058e46
:108e14003800428c09f840001000a6270100032402
:108e240008004350020002241300400403000324fa
:108e3400310004921600831025100000140000aec7
:108e4400300000a21c00bf8f1800b08f0800e003a0
:108e54002000bd27029d043c6c0105249385400f2e
:108e6400b02484241c00bf8f251000001800b08f8c
:108e74000800e0032000bd27029d043c7e01052478
:108e84009385400fb0248424ecff0010feff0224dd
:108e94001000a38fe9ff0010340003a6720105241b
:108ea400a085400fb0248424e6ff0010ffff0224b5
:020000040000fa
:020000041d01dc
:108eb4000080033c40016324040083142510000057
:108ec4009800838c03006014000000000800e00395
:108ed40000000000d8ffbd271000b0af258080003f
:108ee4002520a0002400bfaf2000b4af1c00b3af06
:108ef4001800b2af1400b1af9480400f2588a000d1
:108f04009400048e259040007081400f4c00138e15
:108f140025a040009c00028e27281100271812006b
:108f24002428a2009c0005aea400028e252840023d
:108f34002520600224186200a40003aee68c400fd2
:108f44000000000025284002e98c400f2520600223
:108f54009400048e5a8b400f252880022400bf8f72
:108f6400010002242000b48f1c00b38f1800b28fbc
:108f74001400b18f1000b08f0800e0032800bd2753
:020000040000fa
:020000041d01dc
:108f8400d8ffbd271800b2af259080002520a0008f
:108f94002000b4af1c00b3af1400b1af1000b0afe9
:108fa4002400bfaf2588a00025a0c0007e76400f16
:108fb4002598e0000a004014258040002400bf8f5b
:108fc400251000022000b48f1c00b38f1800b28f4c
:108fd4001400b18f1000b08f0800e0032800bd27f3
:108fe40025284002796a400f2520200214004010f1
:108ff40000000000030060120000000009f8600295
:1090040025204000367c400f252020020c00828e53
:109014002528400209f84000252080022400bf8f43
:10902400251000022000b48f1c00b38f1800b28feb
:109034001400b18f1000b08f0800e0032800bd2792
:10904400367c400f25202002dcff00102580000024
:020000040000fa
:020000041d01dc
:10905400e0ffbd271400b1af0080113c1000b0af99
:1090640025808000905824261800b2af1c00bfafa2
:109074007e76400f2590a0009058228e0500401463
:10908400000000001800001000000000160040104e
:1090940000000000fdff02560000428c08004390cf
:1090a4001100721000000000cc80838f1800405221
:1090b400ffff632401006324cc8083af080052a027
:1090c40001001024367c400f905824261c00bf8fca
:1090d400251000021800b28f1400b18f1000b08f59
:1090e4000800e0032000bd27367c400f905824265a
:1090f4001c00bf8f25800000251000021800b28fcd
:109104001400b18f1000b08f0800e0032000bd27c9
:10911400cc8083af080052a0eaff001001001024a5
:020000040000fa
:020000041d01dc
:10912400e0ffbd271400b0af1c00bfaf1800b1af03
:109134000e00a290010003241d0043102580a0000e
:1091440010004010fcff42240200422c0e0040504c
:10915400029d043c1000848c4076400f0800a52436
:10916400040040101c00bf8f050002240e0002a260
:109174001c00bf8f1800b18f1400b08f0800e003eb
:109184002000bd27029d043c30040524ba85400f0d
:10919400e02e8424070002240e0002a21c00bf8fcc
:1091a4001800b18f1400b08f0800e0032000bd2721
:1091b40025888000398d400f1000848cedff401409
:1091c4001c00bf8f0400069606000596ed7f400f35
:1091d4001000248e0e0002a21c00bf8f1800b18f55
:0c91e4001400b08f0800e0032000bd273d
:020000040000fa
:020000041d01dc
:1091f000e0ffbd271400b1af4400918c1000b0af68
:10920000258080001c00228e1800848c1800b2afcc
:109210001c00bfaf09f840000100122410005210da
:109220001c00bf8f2000228e09f840001800048e19
:1092300010004054200002928400028e010042304f
:109240000c004050200002922000028e0001427c5f
:109250001300521002000224900002ae1c00bf8fc7
:109260001800b28f1400b18f1000b08f0800e00317
:109270002000bd270429027c847b400f200002a22d
:109280001c00bf8f7c0002ae900000ae1800b28fb1
:109290001400b18f1000b08f0800e0032000bd273c
:1092a0001c00bf8f900000ae1800b28f1400b18f69
:0c92b0001000b08f0800e0032000bd2774
:020000040000fa
:020000041d01dc
:1092bc00e0ffbd271800b2af1400b1af1000b0af83
:1092cc000c00b28c7080908f1c00bfaf3c8b400f99
:1092dc002588a0004018020021186200c018030065
:1092ec0023186200fdff4226801803000200422c66
:1092fc000c004014211803020100042407004452fe
:10930c002c00648c1c00bf8f1800b28f1400b18f1e
:10931c001000b08f0800e0032000bd27faff80107a
:10932c001c00bf8f0400228e0600422cf5ff401457
:10933c00ffff02240000268e320002242c0063243e
:10934c000000c2a0040002240100c2a00300658832
:10935c000200c42406000224000065980500c5a87c
:10936c00000085b81c00bf8f1800b28f1400b18f9d
:0c937c001000b08f0800e0032000bd27a7
:020000040000fa
:020000041d01dc
:109388000d008290e0ffbd271800b1af1c00bfaff1
:109398001400b0af07004014258800001c00bf8fe0
:1093a800251020021400b08f1800b18f0800e003c8
:1093b8002000bd278f8d400f258080000c00039270
:1093c8001d006014ffff6324918d400f252040008d
:1093d8000000118e09002012000000000400028e17
:1093e80013002252040000ae0000228e000002aedc
:1093f8000800028effff4224080002ae8f8d400f46
:10940800000000000c0003922520400001006324a6
:10941800918d400f0c0003a21c00bf8f2510200265
:109428001400b08f1800b18f0800e0032000bd279a
:10943800efff0010000000ae0c0003a2918d400f5a
:0c94480025204000e3ff00100000118e02
:020000040000fa
:020000041d01dc
:109454001881828fe0ffbd271c00bfaf1800b1af99
:10946400090040101400b0af0080103c24581026ae
:109474001c00bf8f251000021800b18f1400b08f9c
:109484000800e0032000bd271e00a0100080023c5d
:109494002588a000029d053c245850248822a52438
:1094a40025200000245840ac108180affc8080afa0
:1094b400088180af008180af048180af040000aeda
:1094c4000c8180af080000ae0c0000ae100000aeae
:1094d400140000ae180000ae978d400f1c0000aec3
:1094e4001400228e01000324f48083afe0ff4014b3
:1094f400f08082af0f17400f25202002ddff4014bb
:109504001c00bf8f1c00bf8fffff02241800b18f07
:0c9514001400b08f0800e0032000bd2709
:020000040000fa
:020000041d01dc
:109520002f0080100080033c0800878c6056632465
:109530002700e314f5ff02240200828401000324c3
:109540002100431400000000180083941e006214e0
:10955000000000001a00829403004310040003245a
:1095600019004314000000003000829018004014dd
:10957000f7ff0224e8ffbd27010302241000b0af6b
:109580001400bfaf320085a4300082a4360086a448
:109590009354400f258080000f00400425184000a0
:1095a0000300042405006410251000001400bf8f80
:1095b0001000b08f0800e0031800bd27300000a2a3
:1095c000faff0010010002240800e003f6ff022465
:1095d0000800e00300000000f4ff0010f7ff022481
:0895e0000800e003f5ff02247e
:020000040000fa
:020000041d01dc
:1095e8000080063cd458ca8c2b004011251000007e
:1095f8002518400125380000254000000000658c32
:109608000800a4141000698c0200e050d458c9acba
:109618001000e9ac0800e00310006224f7ff001016
:10962800251820012b588500070060110000000054
:109638001b0040502540e00000004b8c2b28ab005d
:109648000b40e5000b106500f4ff2015253860007d
:1096580011004010000000000000438c1000458cf1
:10966800231864001100692c0700201510004724f6
:10967800000044acf0ff63242120e400100085ac16
:10968800000083ac2528800002004255100005ad7b
:10969800d458c5ac2510e0000800e0030000000025
:0896a800e9ff0010251060002d
:020000040000fa
:020000041d01dc
:1096b000e0ffbd271800b2af1400b1af1000b0af8b
:1096c0001c00bfaf7080908f2588a0003c8b400f9e
:1096d0000c00b28c4018020021186200c018030070
:1096e0002318620080180300040002240a004212ba
:1096f0002118030207000224070042120300042479
:10970000140044162510000054006594020004243f
:109710001100a4101c00bf8f0400228e0600422cf2
:1097200012004014240063240000268e3600022418
:109730000000c2a0040002240100c2a0030065884a
:109740000200c42406000224000065980500c5a894
:10975000000085b81c00bf8f1800b28f1400b18fb5
:109760001000b08f0800e0032000bd27f9ff0010b3
:04977000ffff0224d1
:020000040000fa
:020000041d01dc
:10977400c8ffbd273000b5af0080153c2000b1af55
:1097840025888000ec56a4262c00b4af2800b3af83
:109794002400b2af1c00b0af3400bfaf25a0a000be
:1097a4002598c0007e76400f2590e000ec56b08ee0
:1097b400090000560c00028e15000010ec56a42679
:1097c4000b0051500800028e0000108e1000005251
:1097d400ec56a4260c00028e253840022530600287
:1097e40025288002f6ff4014252020020800028e5e
:1097f4001000a2af0400028e09f84000000000002f
:109804000000108ef4ff00560c00028eec56a426c5
:109814003400bf8f3000b58f2c00b48f2800b38f75
:109824002400b28f2000b18f1c00b08f367c400b17
:049834003800bd2714
:020000040000fa
:020000041d01dc
:10983800d8ffbd271000b0af0080023c2580a000f3
:109848002000b4af1c00b3af1800b2af1400b1af22
:10985800259080002400bfaf2598c0003c8b400fa6
:10986800d056518c000003964000643011008014db
:109878000300142400210200232082008020040019
:109888002120240280006330140091241500601008
:1098980004000526306d400f252020020200142404
:1098a800253820022530600280000524717e400f93
:1098b800252000022538800210000626080005260b
:1098c800252040022400bf8f2000b48f1c00b38fd6
:1098d8001800b28f1400b18f1000b08fdd65400bf7
:1098e8002800bd27306d400f24008424ecff0010b1
:0498f8000100142433
:020000040000fa
:020000041d01dc
:1098fc005443502f495020537461636b3a202573a5
:10990c00204d414320696e697469616c697a617498
:10991c00696f6e206661696c65640d0a0000000059
:10992c005443502f495020537461636b3a20257374
:10993c00204d4143204f70656e206661696c6564f3
:10994c000d0a00005443502f495020537461636b2f
:10995c003a204d6f64756c65206e6f3a202564203b
:10996c00496e697469616c697a6174696f6e20669d
:10997c0061696c65640d0a005443502f49502053a3
:10998c007461636b3a202573204d414320657665e5
:10999c006e74206e6f74696669636174696f6e2092
:1099ac0073657474696e67206661696c65640d0a11
:0499bc0000000000a7
:020000040000fa
:020000041d01dc
:1099c000e0ffbd271000b0af0080103c58571026b4
:1099d0000400028e1c00bfaf1800b2af1800428c0a
:1099e0001400b1af09f8400025908000140002aec9
:1099f0001400118e1000028e238822021977400f66
:109a0000252020028f8d400f000000002800068ec8
:109a10002c00078e25204000212826022b88b1002b
:109a200021182702280005ae2c0003ae918d400faf
:109a300000000000cd58400f2520400206004014d1
:109a40001c00bf8f1800b28f1400b18f1000b08fb0
:109a50000800e0032000bd278f8d400f00000000ac
:109a60002352400f25804000252000021c00bf8f9c
:109a70001800b28f1400b18f1000b08f918d400b81
:049a80002000bd27de
:020000040000fa
:020000041d01dc
:109a840064808487e0ffbd271400b0afffff10247b
:109a94001c00bfaf040090101800b1af2068400f45
:109aa40000000000648090a77080908f1400001262
:109ab4006c80838f0d006018258800004800028e9a
:109ac400010031265c0010260400401025204000cf
:109ad4008e88400f000000006c80838f2a102302c0
:109ae400f7ff40544800028e7080908f5880848f16
:109af4000c00828c09f8400025280002708080af99
:109b04005880858f0080043c7a88400f80588424d4
:109b14005c80848f050080101c00bf8fa78a400fd3
:109b2400000000005c8080af1c00bf8f1800b18f64
:109b34001400b08f6c8080af0800e0032000bd27c4
:020000040000fa
:020000041d01dc
:109b4400d8ffbd271c00b2af0c00828c7880928fa6
:109b54002000b3af2400bfaf1800b1af1400b0af02
:109b64001f0040101c00538e258880000500001043
:109b7400258000000c00228e2b10020219004010d8
:109b84002400bf8f252800026688400f252020026c
:109b9400000043948100042481006330f5ff6414c1
:109ba400010010261400448e010080501800448cdb
:109bb4000800438c231863022b186400eeff6054e2
:109bc4000c00228e2400bf8f2000b38f1c00b28fa4
:109bd4001800b18f1400b08f0800e0032800bd27df
:109be4002400bf8f251000002000b38f1c00b28f0b
:109bf4001800b18f1400b08f0800e0032800bd27bf
:020000040000fa
:020000041d01dc
:109c0400130080049080838fe8ffbd271400bfaf4a
:109c14002a108300090040101000b0af998c400f47
:109c24000000000005004010258040003c004390e7
:109c340001000224080062500c00028e251000006e
:109c44001400bf8f1000b08f0800e0031800bd2778
:109c54000800e00325100000070040503e00029277
:109c64002000428c080042300c0040504000028e1c
:109c74000c0000ae3e0002923d0003922b10430004
:109c8400eeff401001000524cc61400f25200002a6
:109c9400ebff4010251000004000028e000242300d
:109ca400030040500400028ee5ff0010c0050224aa
:109cb4000800038e23104300e1ff0010ffff423031
:020000040000fa
:020000041d01dc
:109cc400e0ffbd271c00bfaf1800b1af2300801018
:109cd4001400b0af8f8d400f258880004800239278
:109ce40019006014ffff6324918d400f252040006c
:109cf4002400238e20006010251000000400658cd1
:109d04000000638c2b304500fcff60140b10a60090
:109d1400008102008f8d400f000000004800239254
:109d24002520400001006324918d400f480023a2a8
:109d34001c00bf8f251000021800b18f1400b08fd3
:109d44000800e0032000bd27480023a2918d400fa6
:109d540025204000e7ff00102400238e1c00bf8f45
:109d640025800000251000021800b18f1400b08f68
:109d74000800e0032000bd27e6ff00102580000056
:020000040000fa
:020000041d01dc
:109d8400d8ffbd271800b0af2400bfaf2000b2af8a
:109d94001c00b1af0300e014ffff10240400801086
:109da4002400bf8f0800c0140080033c2400bf8f30
:109db400251000022000b28f1c00b18f1800b08f54
:109dc4000800e0032800bd27258880006457648cc0
:109dd4002510c0002580e000190044002590a00053
:109de400e80306242538000012200000e11f400f7c
:109df40010280000252840001000b0af253840028c
:109e0400253020020656400f252000002580400002
:109e1400ffff0224e6ff02122400bf8f884b400f8d
:109e2400252000022400bf8f251000022000b28fdd
:109e34001c00b18f1800b08f0800e0032800bd2774
:020000040000fa
:020000041d01dc
:109e4400425954455f575249544520746f20256444
:109e5400206f6620256420696e2025732e0d0a006c
:109e6400425954455f524541442066726f6d202526
:109e740064206f6620256420696e2025732e0d0ae8
:109e840000000000425954455f504f4c4c206f660f
:109e940020256420666f7220256420696e20257356
:109ea4002e0d0a0056455253494f4e5f52454144c8
:109eb40020696e2025732e0d0a0000004543484f8b
:109ec400206f6620257520627974657320696e2081
:109ed40025732e0d0a00000025730d0a00000000f2
:109ee400556e7265636f676e69736564206d657323
:109ef4007361676520696e2025732e0d0a000000ca
:020000040000fa
:020000041d01dc
:109f040070ffbd278400b2af8000b1af7c00b0af5a
:109f14002588a000258080002590c0002528000009
:109f24004c0006242400a4278800b3af8c00bfafe4
:109f3400d488400f2598e000ffff02241000a2af50
:109f440002010224020000161400a2af7000b02720
:109f54001800b0af1c00b1af0200201225100000a1
:109f6400ffff22260c0021062000a2af0080023c45
:109f74004f000324dc5843acffff02248c00bf8f46
:109f84008800b38f8400b28f8000b18f7c00b08fc3
:109f94000800e0039000bd2701002056000000a245
:109fa40025306002252840021000a4272800b0af05
:109fb400f784400f2400b0aff1ff00108c00bf8f76
:020000040000fa
:020000041d01dc
:109fc4000d00829003004014000000000800e0032c
:109fd40000000000e8ffbd271000b0af1400bfafc1
:109fe4008f8d400f258080000c0003921e006014aa
:109ff400ffff6324918d400f252040000000028e56
:10a004000f004010000000000800038e0400058ebd
:10a0140005000010ffff632425206000ffff632478
:10a0240006004010000002aefbffa2540000428c68
:10a03400040000ae000000ae25206000080004ae5d
:10a044008f8d400f000000000c000392252040007b
:10a05400010063240c0003a21400bf8f1000b08f12
:10a06400918d400b1800bd270c0003a2918d400f69
:0ca0740025204000e2ff00100000028eda
:020000040000fa
:020000041d01dc
:10a08000e0ffbd271400b0af1c00bfaf1800b1af98
:10a0900009008004258000009080838f2a108300af
:10a0a000060040101c00bf8f998c400f000000007c
:10a0b00007004014258840001c00bf8f25100002b7
:10a0c0001800b18f1400b08f0800e0032000bd27f6
:10a0d0008f8d400f000000007c808393120060147d
:10a0e000ffff6324918d400f25204000457a400feb
:10a0f000252020028f8d400f010010247c80839347
:10a100002520400001006324918d400f7c8083a3b3
:10a110001c00bf8f251000021800b18f1400b08ff3
:10a120000800e0032000bd2725204000918d400f4e
:0ca130007c8083a3edff00100000000005
:020000040000fa
:020000041d01dc
:10a13c00e0ffbd271800b2af1400b1af1000b0aff4
:10a14c001c00bfaf76008390258080002588a0007e
:10a15c000a00622c170040102590c0000100022458
:10a16c00041062003c0343300b006014800042304a
:10a17c0011004010030031320200a2300e004014d6
:10a18c001c00bf8f1800b28f1400b18f1000b08f5d
:10a19c000800e0032000bd270000828c2530000061
:10a1ac0014000524100082ac0c0082ac5106400f48
:10a1bc00080082ac03003132050020122528400231
:10a1cc0074000296010003248452627c740002a67f
:10a1dc00252000021c00bf8f1800b28f1400b18f15
:0ca1ec001000b08f0332400b2000bd2794
:020000040000fa
:020000041d01dc
:10a1f800d8ffbd272000b1af2400bfaf1c00b0af0f
:10a20800050080102588a00042008294400042305a
:10a218000e004014000000001900e0142520200260
:10a22800a66a400f1000a6af258040000900401420
:10a238001000a68f2400bf8f251000022000b18fc8
:10a248001c00b08f0800e0032800bd27f9ffe014c8
:10a258002580800025200002e786400f1000a6af69
:10a268001000a68f2400bf8f2000b18f0000c2ac61
:10a27800251000021c00b08f0800e0032800bd274d
:10a288002528c000db76400f25200000e9ff401498
:10a2980025804000252020022400bf8f2000b18f98
:0ca2a8001c00b08fa66a400b2800bd27e8
:020000040000fa
:020000041d01dc
:10a2b40000800340c011637c010007242900671457
:10a2c40001800240402e437c0010804000188040f2
:10a2d4000028804000308040252000000080043c9d
:10a2e4000000834000508440c0000000020000428f
:10a2f40000408420ffff6320f9ff60140000000089
:10a30400c0bf043c7806843400308440c0bf053ca0
:10a314007006a524c0bf063cd006c624253800001c
:10a324001000a610ff01093c00e0293500288940ef
:10a33400000087400000a88c0400a98c0800aa8ca7
:10a344000010894000188a4000508840c000000076
:10a35400020000420c00a5200100e720f0ff0010dd
:0ca36400000000000800e0030000000002
:020000040000fa
:020000041d01dc
:10a370000000a28c0400a38cc0ffbd273800b3af3f
:10a380003400b2af3000b1af2c00b0af3c00bfaf73
:10a39000258880002580a0000800b28c2000a2af94
:10a3a000030060040c00b38c4408027c2000a2afc0
:10a3b0002000a2271800a2af0a0002241400a2afb6
:10a3c0001000b2af0400c78c0000c68c1153400fc0
:10a3d000252000021000068e2000a38f25384002a1
:10a3e000ffffc6241000a3af2330c2002128620261
:10a3f000975b400f252020020400238e000163306c
:10a40000040060103c00bf8f0400038e2a2043002c
:10a410000b1064003800b38f3400b28f3000b18f5e
:0ca420002c00b08f0800e0034000bd27b6
:020000040000fa
:020000041d01dc
:10a42c002b0080100080033c0800888c605663244d
:10a43c0025000315f5ff0224020082840100032489
:10a44c001e00431400000000180083941b006214cb
:10a45c00000000001a00829403004310040003243f
:10a46c0016004314000000003000829015004014c8
:10a47c0001000324e8ffbd272800a2931400bfaffe
:10a48c002b10020001004224300083a0320085a46e
:10a49c00310082a0340086a49354400f360087a468
:10a4ac0003004204f7ff0224030042380100422c4f
:10a4bc001400bf8f0800e0031800bd270800e0035c
:10a4cc00f6ff0224f7ff02240800e003000000005e
:08a4dc000800e003f5ff022473
:020000040000fa
:020000041d01dc
:10a4e400e0ffbd271400b1af0800918c0080023c4e
:10a4f4002800838c60564224261022021c00bfaf21
:10a504001800b2af1000b0af0b0060140b8802004b
:10a514001c00bf8f020002241800b28f1400b18ff8
:10a524001000b08f020082a4180080ac1c0080ac24
:10a534000800e0032000bd27847b400f25808000b5
:10a54400259040002000228e5a7d400f0000518c3f
:10a554001c00bf8f021022726210113cd34d3126b1
:10a56400020003241a0003a61c0000a6e7034224e9
:10a57400190051001400b18f101000008211020064
:10a58400211052002c0002ae1800b28f1000b08fc0
:08a594000800e0032000bd27d0
:020000040000fa
:020000041d01dc
:10a59c00d8ffbd271400b0af0000908c1800b1afed
:10a5ac002400bfaf2000b3af1c00b2af19000012e3
:10a5bc00258880000c00028e1600401025900000ab
:10a5cc00252840026688400f2520000225284000df
:10a5dc00252000025c88400f259840001000248e36
:10a5ec000400658e0c00828c09f840000100522694
:10a5fc003000062425280000d488400f2520600256
:10a60c000c00028e2b104202eeff40142528400253
:10a61c000000308e1000248e0c00828c09f8400053
:10a62c00252800022400bf8f000020ae260020a6a3
:10a63c002000b38f1c00b28f1800b18f1400b08fa4
:08a64c000800e0032800bd270f
:020000040000fa
:020000041d01dc
:10a654001c00a28c150044502b00a2901000828c88
:10a6640025004014251800001400828c1e0040545c
:10a67400010003240b00c010251000000900601025
:10a68400000000001000868c1d00c0140100062488
:10a6940004006610000000001400838c1200601493
:10a6a400010003240800e003000000002900a39037
:10a6b4002b1002002118620002006228edff4010f6
:10a6c4000000000004006224801002000a10827c52
:10a6d40005004054ff006330e4ff60501400828c96
:10a6e400e4ff0010000000001c00a4ac2900a3a09b
:10a6f4000800e00301000224fbff0010ff006330a8
:08a70400f9ff00102518000008
:020000040000fa
:020000041d01dc
:10a70c00e0ffbd271400b0af258080002c00848ca6
:10a71c001800b1af1c00bfaf040080102588a0004a
:10a72c0009000624b287400f020005241a002012eb
:10a73c002c0011ae1000248e1c00228e3c000692c0
:10a74c000c00839404004794010005240800422463
:10a75c00f8ff6324300004ae340003a6360007a6cd
:10a76c000600c510380002ae1c00bf8f1800b18f58
:10a77c001400b08f0800e0032000bd27252820021c
:10a78c00252000021c00bf8f1800b18f1400b08f61
:10a79c009459400b2000bd271c00bf8f300000ae29
:10a7ac00340000ae380000ae1800b18f1400b08f2a
:08a7bc000800e0032000bd27a6
:020000040000fa
:020000041d01dc
:10a7c4000080083c145708252c00038d28000b8dad
:10a7d4002700a0502558600022006b1025100000af
:10a7e40000800a3c2538800082bf0d3ce0554a2594
:10a7f4000b00001006000c248a31437d0100632401
:10a8040001004224000026a13000068d2b30660092
:10a814001300a2100a18060012006b100200e724ad
:10a824000022a68d0600c630f3ffcc142148820016
:10a83400403003008a49467d0100c6240100632498
:10a844000000e9a08a31467d010042240100e6a00f
:10a854003000068d2b306600efffa2140a180600a4
:10a86400255860002c000bad0800e0030000000038
:08a87400fcff0010251000009c
:020000040000fa
:020000041d01dc
:10a87c00d8ffbd271c00b3af0080133c40017326ea
:10a88c002400bfaf2000b4af1800b2af1400b1afba
:10a89c001000b0af1b006416faff02240300e01096
:10a8ac002580a000080002240000e2ac1400001275
:10a8bc000900d428080002240b10d400100040100a
:10a8cc0025a04000029d113c2590000008d63126a1
:10a8dc002520000225282002de88400f24000624b3
:10a8ec000c00228e4c00648e2800102609f84000c3
:10a8fc0001005226fcff02aef5ff92161000312625
:10a90c00251000002400bf8f2000b48f1c00b38fd3
:10a91c001800b28f1400b18f1000b08f0800e00344
:04a92c002800bd271b
:020000040000fa
:020000041d01dc
:10a930001900c0101000828c280040100000000098
:10a940001c00868c0800438c2b20c3000700805419
:10a950000000428c0e004494211864002b206600f5
:10a96000060080502b30a6000000428cf6ff4054b9
:10a970000800438c0800e003000000000600c054fb
:10a980000000428c2b186500030060540000428ccc
:10a990000800e00300000000060040540800438c5b
:10a9a0000e000010000000000c004010000000002d
:10a9b0000800438c2b20a300fbff80540000428c36
:10a9c0000e004494211864002b186500f6ff6054b3
:10a9d0000000428c0800e003000000000800e003d3
:04a9e0000000000073
:020000040000fa
:020000041d01dc
:10a9e4000000868c1700c5102510a0000b00c010b5
:10a9f400000000000000c38c0600a3140000000047
:10aa0400080000102518c0000700c2500000468c42
:10aa14002518c000fcff60540000668c0800e003a9
:10aa2400251000000000468c0400858c1200a21042
:10aa3400000066ac0800838cffff63240800e00379
:10aa4400080083ac0a00a010000000000400838cfe
:10aa54000e00a350040080ac0000a38c000083ac63
:10aa64000800838cffff63240800e003080083ac24
:10aa74000800e00300000000040083ac0800838c9d
:10aa8400ffff63240800e003080083ace9ff001023
:04aa9400000080ac92
:020000040000fa
:020000041d01dc
:10aa98002a008010000000000000828c270040106f
:10aaa80000000000e0ffbd271800b2af1400b1afee
:10aab8001c00bfaf1000b0af0d8d400f258880007f
:10aac8002590400002004228100040142580000014
:10aad8004e85400f25200002bb84400f25204000f2
:10aae80008004010010010260000238e0400458c49
:10aaf8000800448c26186500241864000a006010b9
:10ab08001c00bf8ff2ff5016000000001c00bf8f12
:10ab18001800b28f1400b18f1000b08f0100042408
:10ab2800fa76400b2000bd271800b28f1400b18fb1
:10ab38001000b08f0800e0032000bd270800e003e4
:04ab480025100000d4
:020000040000fa
:020000041d01dc
:10ab4c00f8ffbd270800acf70c00a38f0055627c02
:10ab5c0033044428150080100800a0d7001080444e
:10ab6c000010e04432602246100001450000000055
:10ab7c00029d043c0f006104182e84d4016024460d
:10ab8c000000244601002c46ff0342280e00401012
:10ab9c000800a1d70000a0f714006004029d023c3d
:10abac000800a0af0c00a0af0800a0d70800e0037d
:10abbc000800bd270800a1d7000024460100244648
:10abcc00f1ff0010010021463c11204640082046b0
:10abdc00f5ff04450800a1f7029d023c202e40d44d
:10abec0001082046f0ff00100800a0f7fdff001040
:04abfc00102e40d403
:020000040000fa
:020000041d01dc
:10ac000086bf033c000060ac000160ac000260ac99
:10ac1000000360ac000460ac000560ac000660acf2
:10ac200099aa033c80bf023c55666324300040acc7
:10ac3000300043ac6655033caa996334300043ac02
:10ac40000000438c01000424e8ffbd27446b037c13
:10ac5000000043ac0b000324701443ac0200032437
:10ac6000481643ac0000438c080005241400bfaf15
:10ac7000446b837c000043ac3333033c33336324a5
:10ac800005000424300043acd88a400f00000000c7
:10ac900004000524d88a400f252000001400bf8f2f
:10aca0000080053402000424d88a400b1800bd2718
:020000040000fa
:020000041d01dc
:10acb000e8ffbd271000b0af1400bfaf9a7c400f73
:10acc00025808000160040101400bf8f0800028eff
:10acd000340004961000428c0100433013006010d1
:10ace000080045300700a010251800004000437cf4
:10acf0000400423002004010401b03000010633487
:10ad000024188300040002241a0002a6030002246f
:10ad1000220003a63c0000ae1c0002a61400bf8f58
:10ad20001000b08f0800e0031800bd27f5ffa01049
:10ad300025180000001083300200423000208430cb
:10ad40000b188200040002241a0002a60300022449
:10ad5000220003a63c0000aef0ff00101c0002a67b
:020000040000fa
:020000041d01dc
:10ad60000000838c1e0065100000000024006010ad
:10ad7000000000000000628c0600a2140000000029
:10ad80000800001025106000070065500000a68c28
:10ad900025106000fcff40540000438c0800e003d5
:10ada000000000000000a68c0400838c06006510e3
:10adb000000046ac0800838c2510a000ffff632430
:10adc0000800e003080083ac0800838c040082ac18
:10add0002510a000ffff63240800e003080083acf7
:10ade0000700a010000000000400828c0600a250a2
:10adf000040080ac0000a28ceeff0010000082acca
:10ae00000800e00325100000eaff0010000080acfd
:020000040000fa
:020000041d01dc
:10ae10000800a28c2100401000000000d8ffbd27d0
:10ae20002000b1af1c00b0af2400bfaf0400438cc2
:10ae3000010006244c00918cc4ffc37c040043ac89
:10ae40000c00a28c0c00a8240800a7240400438c4a
:10ae50002580800084f7c37c040043ac0401858c0a
:10ae60001400a0af1000a8af0c00a624ab38400f10
:10ae70000800a524578d400f2520200209004050ce
:10ae80000401028e252020022400bf8f2000b18ff4
:10ae90001c00b08f218c400b2800bd270800e00368
:10aea00000000000252020020800458c0400a52495
:10aeb000d18b400f00e0a57cf3ff0010252020027d
:020000040000fa
:020000041d01dc
:10aec000e0ffbd271c00bfaf1800b1af998c400f49
:10aed0001400b0af1f004010258040003c0043909c
:10aee0000100022407006210258800001c00bf8fab
:10aef000251020021400b08f1800b18f0800e00365
:10af00002000bd275089400f25200002f8ff401087
:10af10001c00bf8f0800048e0400118e23882402b9
:10af2000ffff22322b10c200010040542588c000d0
:10af3000ffff3132eeff20121c00bf8fff87400f52
:10af4000253020020800028e21105100e7ff00107a
:10af5000080002ae1c00bf8f2588000025102002cb
:10af60001400b08f1800b18f0800e0032000bd2747
:020000040000fa
:020000041d01dc
:10af7000d8ffbd272000b1af0080113cc802228e4f
:10af80001c00b0af2400bfaf0e0040102580800031
:10af90005783400f000000001000a427e884400ff2
:10afa0001000a2af0f0042241000a58f0418027ced
:10afb000f288400f252040000c0040102400bf8f75
:10afc000c80220ae01000052010010240f0010261c
:10afd0000418107c090000160080023c0c000324b9
:10afe000dc5843ac251000002400bf8f2000b18f37
:10aff0001c00b08f0800e0032800bd270400022ecb
:10b00000040003240b8062007a65400f25200002b3
:10b01000f5ff4054fcff50acf4ff00102400bf8f3c
:020000040000fa
:020000041d01dc
:10b020000400a28c0600422c260040140000000000
:10b030000000a58c0100a2900300433021006014a1
:10b040000400432c1f00601400000000580083908f
:10b0500004006330030060100200a6240800e0032f
:10b06000020042240300c388380082240100072420
:10b070000000c3983b0083a8000043b859008290a9
:10b08000c418e27c590082a00100a2900800432c61
:10b09000f2ff60140600a6240300c3883c0082244b
:10b0a0000000c3983f0083a8000043b85900829075
:10b0b0000421e27c590082a00100a2900800e00374
:0cb0c000020042240800e003ffff02240d
:020000040000fa
:020000041d01dc
:10b0cc000d00829003004014000000000800e00313
:10b0dc0000000000e0ffbd271400b0af2580800009
:10b0ec001800b1af1c00bfaf8f8d400f2588a0009a
:10b0fc000c00039215006014ffff6324918d400f28
:10b10c00252040000400028e15004010000020aee7
:10b11c00000051ac040011ae0800028e0100422464
:10b12c008f8d400f080002ae0c00039225204000ca
:10b13c00010063240c0003a21c00bf8f1800b18f08
:10b14c001400b08f918d400b2000bd270c0003a282
:10b15c00918d400f25204000ebff00100400028e63
:0cb16c00040011aeecff0010000011ae5a
:020000040000fa
:020000041d01dc
:10b1780025008014010006240080023c605643909c
:10b1880023006610605643241800a48c1e0080100b
:10b198001c0064ac1000a48c0400a88c2000a994a6
:10b1a8002400a78c240060a014008594605646a053
:10b1b80002000224040062a4029d023c10f0422412
:10b1c800060069a4080060a40c0068ac140064ac14
:10b1d800180062ac0600a010200067ac160084942a
:10b1e8005c0065a4251060000800e0035e0064a40c
:10b1f80016008494004102245c0062a45e0064a4ea
:10b208000800e003251060000800e003ffff0224a7
:08b218000800e0036056422427
:020000040000fa
:020000041d01dc
:10b22000e0ffbd271400b0af2580a0000100052479
:10b230001c00bfaf7373400f1800b1af2000401067
:10b24000252000029a6f400f0400508c0b00401024
:10b25000feff11240e0043900600632c16006010c0
:10b260009c000626900006260200072425284000a0
:10b27000bd55400f2520000225880000090000125e
:10b280001c00bf8f8f8d400f000000000000039254
:10b290002520400001006324918d400f000003a28f
:10b2a0001c00bf8f251020021400b08f1800b18f32
:10b2b0000800e0032000bd27ecff00100300072476
:08b2c000f7ff0010ffff11244d
:020000040000fa
:020000041d01dc
:10b2c8002700a1041000a88f0001828c0800438c7d
:10b2d8000c00448c1b0064500c0040ac0000648cd3
:10b2e800080044ac0034060000e0a47c8001c634a9
:10b2f800422f050004000224080064ac040066ac78
:10b308000600a254000060ac0400628c0100042412
:10b318008452827c040062ac000060ac0000028da4
:10b328000c004010140060ac0400642400e0847c2d
:10b33800000043ac140044ac251000000800e003f2
:10b34800000003ade7ff6014080040ac0800e0030c
:10b3580003000224000003ad0800e0030000e3ac92
:08b368000800e003feff0224cf
:020000040000fa
:020000041d01dc
:10b37000d8ffbd272000b3af1c00b2af1800b1af9b
:10b380001400b0af2400bfaf259080000f0080a054
:10b3900025888000258000000f00132400002492df
:10b3a000ed8a400f01003126ff00423001000326e4
:10b3b000ffff22a20a004010ff006330f7ff731462
:10b3c000258060002400bf8f2000b38f1c00b28f47
:10b3d0001800b18f1400b08f0800e0032800bd27cb
:10b3e000200004242118500201001026ff00023220
:10b3f0000f00422cfbff4014000064a02400bf8f0c
:10b400002000b38f1c00b28f1800b18f1400b08fd2
:08b410000800e0032800bd273d
:020000040000fa
:020000041d01dc
:10b418000d00829003004014000000000800e003c3
:10b4280000000000e8ffbd271000b0af1400bfaf58
:10b438008f8d400f258080000c0003921900601446
:10b44800ffff6324918d400f252040000000028eed
:10b45800100040101400bf8f0800038e0400058ef2
:10b4680005000010ffff632425206000ffff632410
:10b4780006004010000002aefbffa2540000428c00
:10b48800040000ae000000ae25206000080004aef5
:10b498001400bf8f0d0000a21000b08f0800e00359
:10b4a8001800bd270c0003a2918d400f25204000f5
:08b4b800e7ff00100000028e06
:020000040000fa
:020000041d01dc
:10b4c0000d008290e0ffbd271800b1af1c00bfaf98
:10b4d0001400b0af07004014258800001c00bf8f87
:10b4e000251020021400b08f1800b18f0800e0036f
:10b4f0002000bd27258080008f8d400f2588a0006b
:10b500000c00039213006014ffff6324918d400f21
:10b510002520400025200002796a400f25282002be
:10b520008f8d400f258840000c000392252040009d
:10b5300001006324918d400f0c0003a21c00bf8ffb
:10b54000251020021400b08f1800b18f0800e0030e
:10b550002000bd270c0003a2918d400f2520400044
:08b56000edff001025200002a0
:020000040000fa
:020000041d01dc
:10b56800250080049080838fe8ffbd271400bfafbb
:10b578002a1083001b0040101000b0af998c400fb8
:10b588000000000017004010258040003c00429059
:10b598000100032414004354251000004000038eca
:10b5a8000300633010006054251000001400a2103e
:10b5b800020003240c00a31425100000ac84400fe3
:10b5c8002520c00008004050251000004000038ed0
:10b5d800140002ae010002240442437c0200001061
:10b5e800400003ae251000001400bf8f1000b08f7c
:10b5f8000800e0031800bd270800e003251000003c
:08b60800f2ff0010ffff022415
:020000040000fa
:020000041d01dc
:10b61000190080049080868fe8ffbd271400bfaf1b
:10b620002a1086001000401025180000998c400f49
:10b63000000000000d0040101400bf8f0500a05056
:10b640004000438c4200a394400063300d0060141e
:10b650004000438c240040ac01000424448c837cd3
:10b66000400043ac010003241400bf8f251060008c
:10b670000800e0031800bd27251800000800e003bb
:10b680002510600048004494240045ac448c037ca1
:10b6900000048430f0ff8014400043ac3f0044902d
:10b6a00002008430edff801401000424c418037ce0
:08b6b000eaff0010400043ac6a
:020000040000fa
:020000041d01dc
:10b6b8001800828c1400878c1c00868c2000838cd8
:10b6c80023284700660088942b48c3001f002011d8
:10b6d800ffffa530231043002318c700211843009b
:10b6e80001006324ffff63302318a300ffff6330ca
:10b6f8000d00a3102b3003010900c0102510000015
:10b708006c00829442280500231868002b30a200a0
:10b718000b10a6002a18430003006014251000002f
:10b728000800e00300000000e8ffbd270100062430
:10b738001400bfaf5106400f100005241400bf8f3e
:10b74800010002240800e0031800bd272318c300e5
:08b75800e5ff0010ffff633064
:020000040000fa
:020000041d01dc
:10b76000d8ffbd271c00b1af2588a0002f000524fd
:10b770002000b2af1800b0af2400bfaf258080001a
:10b780007885400f2590c0000f0040105c00052414
:10b7900001005024029d053c1000b2af2538200264
:10b7a000253000020015a524e883400f2520000065
:10b7b0002400bf8f2000b28f1c00b18f1800b08f03
:10b7c0000800e0032800bd277885400f25200002ef
:10b7d000efff4014029d053c1000b2af2538200257
:10b7e000253000020015a524e883400f2520000025
:10b7f0002400bf8f2000b28f1c00b18f1800b08fc3
:08b800000800e0032800bd2749
:020000040000fa
:020000041d01dc
:10b8080055500000444f574e000000000d0a4e6589
:10b8180074776f726b20496e666f3a0d0a000000ec
:10b8280049502020202020203a2025752e25752ecd
:10b8380025752e25750d0a004d61736b202020207b
:10b848003a2025752e25752e25752e25750d0a008d
:10b8580047617465776179203a2025752e25752e04
:10b8680025752e25750d0a004d41432020202020e6
:10b878003a20253032583a253032583a2530325855
:10b888003a253032583a253032583a253032580d58
:10b898000a0000004c696e6b202020203a20257396
:08b8a8000d0a00000d0a00006a
:020000040000fa
:020000041d01dc
:10b8b000e0ffbd271800b1af4400918c1400b0af79
:10b8c000258080001c00228e1800848c1c00bfafd5
:10b8d00009f8400000000000010003240e0043109e
:10b8e0001c00bf8f2000228e09f840001800048e33
:10b8f0000d004014840006263c00228e1800048ea1
:10b9000009f8400025280000070040040400022434
:10b91000900002ae1c00bf8f1800b18f1400b08fd2
:10b920000800e0032000bd27200002920429027cc9
:10b93000847b400f200002a21c00bf8f7c0002ae5f
:10b94000900000ae1800b18f1400b08f0800e00323
:04b950002000bd27ef
:020000040000fa
:020000041d01dc
:10b95400e0ffbd271800b1af0080113c4001232651
:10b964001c00bfaf1400b0af17008314faff022409
:10b97400029d063c2580a000253880006006c62470
:10b98400303d400f252800000c00005225280002fd
:10b994001000028e11004010251000020400001057
:10b9a4000000428c0e0060101c00bf8f0000428c0f
:10b9b400fcff40541000438c25280002be3c400f7d
:10b9c40040012426010002241c00bf8f1800b18fff
:10b9d4001400b08f0800e0032000bd271c00bf8fb7
:10b9e400f5ff02241800b18f1400b08f0800e003a3
:04b9f4002000bd274b
:020000040000fa
:020000041d01dc
:10b9f800e8ffbd270100a5301000b0af1400bfafad
:10ba08001400a0144c00908c1d8c400f25200002bf
:10ba1800258c400f252000020d8c400f25200002a8
:10ba2800118c400f25200002158c400f25200002a4
:10ba3800dd8c400f25200002fdff40142520000268
:10ba48001400bf8f1000b08fef630524ef8c400bfc
:10ba58001800bd271d8c400f25200002e08c400fe8
:10ba680025200002fdff401400000000e38c400f79
:10ba780025200002e4ff401000000000e38c400f86
:10ba880025200002f9ff401400000000deff00102e
:04ba980000000000aa
:020000040000fa
:020000041d01dc
:10ba9c002600c01000000000e0ffbd271400b0af6e
:10baac001400908c1c00bfaf1800b1af0900a0109f
:10babc00060002260300a3880000a398030003aa33
:10bacc00000003ba0400a390040003a20500a39095
:10badc00050003a20300c388258880002520e00010
:10baec000000c398030043a8000043b80400c390af
:10bafc00040043a00500c390b02f400f050043a0e5
:10bb0c001000248e1c00bf8f0c0002a60c00839426
:10bb1c00010002241800b18f0e0063241400b08fb2
:10bb2c000c0083a40800e0032000bd270800e003fc
:04bb3c0025100000d0
:020000040000fa
:020000041d01dc
:10bb4000e0ffbd271400b1af7880918f1c00bfaf1c
:10bb50001800b2af1a0020121000b0af1200a014eb
:10bb600000000000170080102510000001000524cf
:10bb70002590c000e481400f258080001000401017
:10bb80000100032442000496c418647c130043128d
:10bb9000420004a6020003240a004352080030ae0b
:10bba000090000101c00bf8f060080102510000047
:10bbb0004200829440004230edff40140100052411
:10bbc000251000001c00bf8f1800b28f1400b18f29
:10bbd0001000b08f0800e0032000bd27f9ff00101f
:04bbe000040030ae7f
:020000040000fa
:020000041d01dc
:10bbe400756c033cc8ffbd27286e63241800a3afff
:10bbf4006c2903242800b2af2000b0af3400bfafdb
:10bc04003000b4af2c00b3af2400b1af2590800056
:10bc14002510e0001c00a3a71e00a0a30200c01072
:10bc24001800b0272580c0000400b18c0800b38c34
:10bc3400030040140000b48c1787400f2520000235
:10bc4400020020062b1822020b1023021000b4afae
:10bc5400253860022528000225204002975b400f0a
:10bc6400253040003400bf8f3000b48f2c00b38fd8
:10bc74002800b28f2400b18f2000b08f0800e003a9
:04bc84003800bd27a0
:020000040000fa
:020000041d01dc
:10bc88000800878c20008394220085941000e28ca1
:10bc9800080069300030a830253040000400067cd8
:10bca8000a10c90025304000c418067c0a10c800d4
:10bcb80025304000006068300421067c0a10c80066
:10bcc80025304000001868304429067c0a10c80056
:10bcd8000001a830005066302530c80025404000db
:10bce8004408087c0a1006018000a530002863304b
:10bcf8002800868c25186500252840008410057cbe
:10bd08000a10a3001000e2ac0000c2ac020002243a
:10bd1800020082a4180080ac0800e0031c0080ac7c
:020000040000fa
:020000041d01dc
:10bd2800e8ffbd271000b0af1400bfaf9a7c400fea
:10bd380025808000160040101400bf8f340006963e
:10bd48002000c2300d00405422000596847b400f2d
:10bd5800000000002c00038e2b1043000f00401041
:10bd680002000224252000021400bf8f1000b08fab
:10bd780001000524b477400b1800bd2725200002d8
:10bd88001400bf8f1000b08f4400400b1800bd276f
:10bd98001000b08f0800e0031800bd27020002a6bb
:10bda800f8ff023c1c0002ae180000ae1400bf8f62
:10bdb8001000b08ff8ff0424958b400b1800bd27a6
:020000040000fa
:020000041d01dc
:10bdc8001d008004a880838fe8ffbd271400bfaf43
:10bdd8002b1883001000b0af13006010251000006e
:10bde800b880908f802004000a80047e0f00001223
:10bdf8001400bf8f74000296800043301000601456
:10be080025200002010003248452627c740002a6eb
:10be1800010005242955400f252000020800405440
:10be280025200002010002241400bf8f1000b08feb
:10be38000800e0031800bd270800e00325100000f3
:10be4800253000004f68400f010005241400bf8f03
:10be5800010002241000b08f0800e0031800bd277d
:020000040000fa
:020000041d01dc
:10be68001d008010000000000f008590feffa32435
:10be78000200632c03006014251000000800e00392
:10be880000000000e0ffbd271c00bfaf0e0082903d
:10be98000600422c0b004010030003240200032478
:10bea8000a00a310251080001000a4af029d043cd6
:10beb80013050524ba85400f7c2e84240300001046
:10bec8001000a28f0600a314251080001c00bf8f4d
:10bed8000800e0032000bd270800e003251000004b
:10bee8001000a4af029d043c17050524ba85400f35
:0cbef8007c2e8424f5ff00101000a28fa7
:020000040000fa
:020000041d01dc
:10bf0400d8ffbd272000b3af0080133c1800b1afa9
:10bf140025888000805864261c00b2af1400b0af9e
:10bf24002400bfaf7e76400f2590a0008058708e0d
:10bf3400090000560c00028e11000010805864267f
:10bf4400090051500400028e0000108e0c000052b3
:10bf5400805864260c00028e25284002f8ff401405
:10bf6400252020020400028e09f840000800068ef5
:10bf74000000108ef8ff00560c00028e80586426d4
:10bf84002400bf8f2000b38f1c00b28f1800b18f24
:0cbf94001400b08f367c400b2800bd2745
:020000040000fa
:020000041d01dc
:10bfa00012008004253800009080828fe8ffbd27b2
:10bfb0002a108200090040101400bfaf998c400f76
:10bfc0000000000005004010251840003c0044908f
:10bfd0000100022407008210000000001400bf8f3f
:10bfe0002510e0000800e0031800bd270800e0036a
:10bff0002510e0005089400f25206000f7ff401019
:10c00000253840000000648c0200c010251080001c
:10c010000800628c212845002b20a400efff8054eb
:10c02000253800000400628c2b104500ebff4054c3
:0cc0300025380000e9ff0010080065ac96
:020000040000fa
:020000041d01dc
:10c03c00e8ffbd271000b0af1400bfaf9a7c400fd3
:10c04c00258080000d0040101400bf8f3400029634
:10c05c00040043300c006050200003962800048e2e
:10c06c00140080148000437c02000224020002a60b
:10c07c00180000ae1c0000ae1400bf8f1000b08f73
:10c08c000800e0031800bd27f5ff60502800048e5f
:10c09c0001000524b477400f25200002f7ff401063
:10c0ac001400bf8f020002241a0002a6f2ff001037
:10c0bc001c0000a604006534100042300b18a200ce
:08c0cc00e9ff0010000083ac45
:020000040000fa
:020000041d01dc
:10c0d4002300a010000000000000a28c20004010eb
:10c0e400000000001e00c01000000000d8ffbd27a3
:10c0f4002000b2af1c00b1af1800b0af2400bfaf36
:10c104002590e0002588c000bb84400f2580a00056
:10c114000d004050faff02244200439400106330a3
:10c12400030060100010433207006050f8ff02243f
:10c134001000a0af25384002253020022528000237
:10c14400c536400f252040002400bf8f2000b28f49
:10c154001c00b18f1800b08f0800e0032800bd2731
:08c164000800e003fbff0224c8
:020000040000fa
:020000041d01dc
:10c16c002100a010000000000000a28c1e00401056
:10c17c0000000000130080100000000042008894b2
:10c18c0040000a3103004015faff02240800e003c6
:10c19c0000000000e0ffbd270c00e0101c00bfaf4a
:10c1ac000010083112000015010007241000a6af82
:10c1bc00c536400f040086241c00bf8f0800e00326
:10c1cc002000bd270800e003faff02248958400f25
:10c1dc000000000002000324ffff04240b20620077
:10c1ec00f5ff0010251080000800e003fbff02247f
:08c1fc00f1ff0010f8ff02241e
:020000040000fa
:020000041d01dc
:10c204007480828f88ffbd277400bfaf7000b1af08
:10c214000600401c6c00b0af7400bf8f7000b18f7b
:10c224006c00b08f0800e0037800bd277880918f00
:10c23400258080001000a527dd50400f24002486af
:10c24400060040501800038e5800a38f1000028e81
:10c254000d006250240024861800038e020002247c
:10c26400eeff62147400bf8f7480828fffff42243c
:10c27400e9ff4014748082af887e400f252020029d
:10c28400e5ff0010788080af5989400f0100052434
:08c29400f2ff00101800038ef8
:020000040000fa
:020000041d01dc
:10c29c000080053c5857a5243400a38c0b0060107b
:10c2ac0000000000070064141c00628c13000010d6
:10c2bc0000000000070082501c00828c25184000f2
:10c2cc001c00628cfbff4014000000000800e0031f
:10c2dc0025100000060040501c0062ac0c00868c3f
:10c2ec000c00458c2128a6000c0045ac1c0062ac4f
:10c2fc00251000000800e0031c0080ac0600405034
:10c30c001c00638c0c00678c0c00468c2130c70021
:10c31c000c0046ac1c00638c010002243400a3ac5e
:08c32c000800e0031c0080acd6
:020000040000fa
:020000041d01dc
:10c3340082bf033c1022648c0080023c14574224c8
:10c344000e008430400044ac1022648c0e00843013
:10c3540014008010000000001022648c020084305d
:10c364000700801002000424142264ac1022648ca0
:10c37400010084300700805081bf033c3022648c6c
:10c384001022648c01008430fcff80140000000043
:10c3940081bf033c0200043c840064ac0400043c00
:10c3a400840064ac2000438c050060100000000091
:10c3b4002400458c2000598c08002003020004242a
:08c3c4000800e0030000000086
:020000040000fa
:020000041d01dc
:10c3cc00b880838fe8ffbd271400bfaf1200601048
:10c3dc001000b0afa880878f0f00e0102580000000
:10c3ec00801010000a10627c253000000200052429
:10c3fc002520400005004010010010264f68400f1a
:10c40c0000000000a880878fb880838f2b10070254
:10c41c00f4ff401480101000ac80848f0c00828cd0
:10c42c0009f8400025286000a480848fb88080af74
:10c43c0004008010a88080afa78a400f0000000085
:10c44c00a48080af1400bf8f1000b08f0800e003f1
:04c45c001800bd27e0
:020000040000fa
:020000041d01dc
:10c4600011008004a880838fe8ffbd271400bfafb0
:10c470002b1883000900601025100000b880838ffe
:10c48000802004000a20647c040080100100032442
:10c49000770085900600a3504c00838c1400bf8f5a
:10c4a0000800e0031800bd270800e0032510000085
:10c4b000fbff60101400bf8f7600839003000524fb
:10c4c0000300651008000524f5ff65140000000056
:10c4d0000400828c0000838c23104300ffff422461
:10c4e000d883400fffff46302310c200ebff00103f
:04c4f000ffff4230d8
:020000040000fa
:020000041d01dc
:10c4f40099aa033c80bf023c55666324300040acdb
:10c50400300043ac6655033caa996334300043ac15
:10c514000000438c010004240463037c000043ac4a
:10c5240001100324400043ac03000324500043ac37
:10c53400ff01033cff016324600043acff010324bb
:10c54400700043ac1f30033c3d3f6324800043ac88
:10c554008300033c01006324900043ac5000033c7f
:10c56400a00043ac0000438c0463837c000043ac14
:10c574003333033c33336324300043ac0800e0031b
:04c5840000000000b3
:020000040000fa
:020000041d01dc
:10c58800e0ffbd271800b1af1c00bfaf1400b0af6b
:10c598001600a0102588c0002580a0007373400fe6
:10c5a8000100052412004050ffff0224020020125f
:10c5b800080050ac000020ae8f8d400f0400518c55
:10c5c800252040000000229201004224918d400f56
:10c5d800000022a21c00bf8f251000021800b18f96
:10c5e8001400b08f0800e0032000bd27fdff0224df
:10c5f80001002056000022ae1c00bf8f251000004d
:10c608001800b18f1400b08f0800e0032000bd2788
:020000040000fa
:020000041d01dc
:10c618000000a28c0b0040540400a38c1e000010e4
:10c62800000000000800838c0000c2ac040082ac4b
:10c638000000a28c0100632413004010080083aca2
:10c648000400a38c120062500400a0ac0000438ccc
:10c658000000a3ac0800a38c0400868cffff6324b1
:10c668000800a3acefffc014000040ac0800838ca6
:10c67800000082ac040082ac0000a28c010063249c
:10c68800efff4014080083ac0800e003000000003e
:10c69800f0ff00100000a0ac0800e003000000005c
:020000040000fa
:020000041d01dc
:10c6a8000000a28c0b0040540400a38c1e00001054
:10c6b800000000000800838c0000c2ac040082acbb
:10c6c8000000a28c0100632413004010080083ac12
:10c6d8000400a38c120062500400a0ac0000438c3c
:10c6e8000000a3ac0800a38c0400868cffff632421
:10c6f8000800a3acefffc014000040ac0800838c16
:10c70800000082ac040082ac0000a28c010063240b
:10c71800efff4014080083ac0800e00300000000ad
:10c72800f0ff00100000a0ac0800e00300000000cb
:020000040000fa
:020000041d01dc
:10c73800e8ffbd271400bfaf998d400f000000002f
:10c748009080868f9480898fffff423000c04234ea
:10c7580000400724ffff08340d00c0181400bf8fe5
:10c7680025182001252000000000658c0100842484
:10c778000400a010040063242a00a5940600a21057
:10c7880000000000f9ffc4540000658c1400bf8f3e
:10c798000800e0031800bd270300485000c0023419
:10c7a80001004224ffff4230ffffe724eaffe014c4
:10c7b8001400bf8f251000000800e0031800bd27f3
:020000040000fa
:020000041d01dc
:10c7c800210080049080838fe8ffbd271400bfaf4d
:10c7d8002a108300130040101000b0af998c400f4e
:10c7e800000000000f004010258040003000428cff
:10c7f8000400401000000000360002960b004014b0
:10c808001400bf8f8e84400f4c000426252840005a
:10c81800c369400f252000023000028e0600401434
:10c828001400bf8f251000001400bf8f1000b08fb8
:10c838000800e0031800bd27360002961000b08fec
:10c848000800e0031800bd270800e00325100000d9
:020000040000fa
:020000041d01dc
:10c85800e8ffbd271400bfaf998d400f000000000e
:10c86800a880868fb880898fffff423000c042348d
:10c8780000400724ffff08340d00c0101400bf8fcc
:10c8880025182001252000000000658c0100842463
:10c898000400a010040063246200a5940600a210fe
:10c8a80000000000f9ffc4540000658c1400bf8f1d
:10c8b8000800e0031800bd270300485000c00234f8
:10c8c80001004224ffff4230ffffe724eaffe014a3
:10c8d8001400bf8f251000000800e0031800bd27d2
:020000040000fa
:020000041d01dc
:10c8e800c0ffbd270004023ca5ff03243c00bfafe6
:10c8f8003800b1af3400b0af1000a3a32588800082
:10c908001400a2ab000084841100a2bb2580a00003
:10c918001800a2ab1000a52709000624b72a400f6b
:10c928001500a2bb00002486a010107c2000a527bb
:10c938000214220004000624b72a400f2000a2afe8
:10c94800000024861000a5275a00022401000624ae
:10c95800b72a400f1000a2a33c00bf8f251000008b
:10c968003800b18f3400b08f0800e0034000bd27c5
:020000040000fa
:020000041d01dc
:10c97800e8ffbd271400bfaf150080101000b0af4e
:10c988000800838c020002241100621425808000b4
:10c9980002008294010042300e00405025800000c1
:10c9a8008f8d400f00000000000003920e006014fd
:10c9b800ffff6324918d400f252040001400bf8f96
:10c9c800251000021000b08f0800e0031800bd27f2
:10c9d800258000001400bf8f251000021000b08fc2
:10c9e8000800e0031800bd27000003a2918d400f46
:0cc9f80025204000f8ff00101400bf8f45
:020000040000fa
:020000041d01dc
:10ca04000080023ccc5642240c00438c0600601883
:10ca1400040005241800868c0500c510ffff63245c
:10ca2400150060100c0043ac0800e0030000000097
:10ca340010004390fcff6010000000001000848c84
:10ca4400e8ffbd271000b0af1400bfaf3c8b400f10
:10ca54000400508c001902002310620080100200b0
:10ca640021200202060080101400bf8f1000b08f36
:10ca7400bc80400b1800bd27b757400b00000000d6
:0cca84001000b08f0800e0031800bd2770
:020000040000fa
:020000041d01dc
:10ca90000c00a7af0c00a38f0800a6af25108000e4
:10caa00002450300ff0705310e00a0140800a48f03
:10cab000029d033c00088644f02860d40008e74447
:10cac00000080524020820460000064400006744d0
:10cad0002520c0000055e67c0200c0102518e000ab
:10cae000c1ffc524c2370400401803002518c30045
:10caf00040200400000044ac00a0637c2000043c03
:10cb000025188300ccfba52400080831040043aca1
:0ccb1000080045ac0800e0030c0048ac35
:020000040000fa
:020000041d01dc
:10cb1c000004c2281300401402fcc328029d023cee
:10cb2c00f83240d401fcc2240004432806006014ef
:10cb3c00026320460263204602f8c2240004442803
:10cb4c00ff0303240a10640025200000ff03422485
:10cb5c0000008444002d02000000e5440800e003be
:10cb6c0002602046f8ff60102510c000029d033cb7
:10cb7c00003360d4c903c22402fc4328f2ff6010c6
:10cb8c00026320469207c22402fc442802fc0324c0
:0ccb9c0002632046ecff00100b10640048
:020000040000fa
:020000041d01dc
:10cba800e0ffbd271400b0af0080103c1858028e7b
:10cbb8001800b1af1c00bfaf0800401025888000e6
:10cbc800110020061858028e0080033c1c58638c04
:10cbd80023186200110000102b1871003a4f400f03
:10cbe800000000001858028ef5ff401400000000f5
:10cbf800ffff02241c00bf8f1800b18f1400b08ff4
:10cc08000800e0032000bd270080033c2058638c07
:10cc180023201100231843002b186400f4ff60142c
:0ccc280021885100f3ff0010185811aed5
:020000040000fa
:020000041d01dc
:10cc3400e8ffbd271400bfaf00606241c0000000e0
:10cc44003d71400f000000008ebf023c0000458c87
:10cc54000300032480bf043c0429657c000045ac28
:10cc64000000458c0410657c000045ac0000828cfb
:10cc74000429627c000082acc174400f00000000f3
:10cc8400d387400f000000002387400f00000000fe
:10cc9400006b400f00000000d973400f000000003b
:10cca400e274400f00000000206062411400bf8f56
:08ccb4000800e0031800bd2791
:020000040000fa
:020000041d01dc
:10ccbc000800828ce8ffbd271000b0af1400438c35
:10cccc000a004694258080000000628c2528800094
:10ccdc00029d043c1400bfaf09f8400010f08424fe
:10ccec000900401401000324040002243c0000ae9f
:10ccfc001a0002a61c0002a61400bf8f1000b08ff1
:10cd0c000800e0031800bd27fbff431002000324ba
:10cd1c00180000ae1c0000a6020003a6f6ff41049a
:10cd2c001e0002a61400bf8f1000b08f25204000fb
:08cd3c00958b400b1800bd2788
:020000040000fa
:020000041d01dc
:10cd4400e8ffbd271000b0af1400bfaf9a7c400fbe
:10cd540025808000100040101400bf8f340002961c
:10cd6400080042300f004010020002240012062482
:10cd7400252800000276400f2520000206004010fe
:10cd84001400bf8f040002241a0002a60a00022421
:10cd94001c0002a61400bf8f1000b08f0800e0032f
:10cda4001800bd27020002a6faff023c1c0002aed6
:10cdb400180000ae1400bf8f1000b08ffaff0424d7
:08cdc400958b400b1800bd2700
:020000040000fa
:020000041d01dc
:10cdcc00e8ffbd271400bfaf130080101000b0aff8
:10cddc000000829410004010258080000c00828c92
:10cdec00020003240d004354258000001000a01401
:10cdfc000400848c09008050258000000800838c7e
:10ce0c00060062542580000002008294010042302a
:10ce1c00030040141400bf8f258000001400bf8f46
:10ce2c00251000021000b08f0800e0031800bd2789
:10ce3c005e72400f00000000f9ff40141400bf8f19
:08ce4c00f7ff00102580000033
:020000040000fa
:020000041d01dc
:10ce54002000828c010042301d00401400000000bc
:10ce64005480868fe0ffbd271400b0af0c00d98c2e
:10ce74001000908c1800b1af1c00bfaf2588800053
:10ce84000d00001225282002100003962528000218
:10ce94002520c00001006230f9ff40140000108e0c
:10cea40009f82003000000005480868ff6ff001666
:10ceb4000c00d98c252820021c00bf8f1800b18fcc
:10cec4001400b08f2520c000080020032000bd27d7
:08ced4000800e003000000006b
:020000040000fa
:020000041d01dc
:10cedc00e0ffbd27401004001400b0af2110440047
:10ceec00258080000080043c801002005055842472
:10cefc001800b1af212082001c00bfaf7f84400f0f
:10cf0c002588c0000f0020121c00bf8f0080043c3d
:10cf1c0000811000e44f84242120900008008294aa
:10cf2c000400838c0100423405006010080082a4c8
:10cf3c00253800000100062409f8600003291000c0
:10cf4c001c00bf8f010002241800b18f1400b08f99
:08cf5c000800e0032000bd27de
:020000040000fa
:020000041d01dc
:10cf6400d8ffbd272400bfaf4760400f2000b0affb
:10cf74000100023c252800001000a42700c242340e
:10cf84001000a2af1400a0af1800a0af4754400f88
:10cf94001c00a0af019d043c019d103c3583400f53
:10cfa4004c7384243583400f54730426019d043c40
:10cfb4003583400f947384243583400f54730426bf
:10cfc400019d043c3583400fd4738424019d043cab
:10cfd4003583400f107484242400bf8f2000b08f49
:08cfe4000800e0032800bd274e
:020000040000fa
:020000041d01dc
:10cfec00e8ffbd271000b0af1400bfaf9a7c400f14
:10cffc00258080000e0040101400bf8f3400029674
:10d00c00080042300d0040100012062425280000b4
:10d01c000276400f25200002050040101400bf8f3f
:10d02c00020002241a0002a61c0000a61400bf8fe6
:10d03c001000b08f0800e0031800bd270200022486
:10d04c00020002a6faff023c1c0002ae180000ae61
:10d05c001400bf8f1000b08ffaff0424958b400b87
:04d06c001800bd27c4
:020000040000fa
:020000041d01dc
:10d07000e8ffbd271000b0af1400bfaf9a7c400f8f
:10d08000258080000e0040101400bf8f34000296ef
:10d0900000f042300d004010060005240900052470
:10d0a000b477400f25200002050040101400bf8f08
:10d0b000030002241a0002a61c0000a61400bf8f61
:10d0c0001000b08f0800e0031800bd27b477400fb0
:10d0d00025200002faff40101400bf8f0500022433
:10d0e0001a0002a61c0000a61000b08f0800e00382
:04d0f0001800bd2740
:020000040000fa
:020000041d01dc
:10d0f400e0ffbd271c00bfaf1800b1af1900a0109e
:10d104001400b0af2588a0007373400f01000524fc
:10d1140016004010252820020400508c914d400f29
:10d124001000048e2588400002000296020042345a
:10d134008f8d400f020002a60000039225204000bc
:10d1440001006324918d400f000003a21c00bf8fd7
:10d15400251020021400b08f1800b18f0800e003de
:10d164002000bd27f9ff0010f9ff1124f7ff00107c
:04d17400ffff112484
:020000040000fa
:020000041d01dc
:10d178001e0080049080838fe8ffbd272a18830053
:10d18800170060101400bfaf998c400f251880005d
:10d19800140040101400bf8f2c00448c1100801024
:10d1a8002530a0001000878c1c00848c0c00e594ae
:10d1b800040088941400bf8f08008424f8ffa52475
:10d1c800340045a4380044ac300047ac360048a4cd
:10d1d8002528000025206000bc37400b1800bd271b
:10d1e8001400bf8f0800e0031800bd270800e00303
:04d1f8000000000033
:020000040000fa
:020000041d01dc
:10d1fc00130080049080878fe8ffbd271400bfaf19
:10d20c002a1087000a00401025180000998c400f46
:10d21c0000000000070040101400bf8f0600c05033
:10d22c00251060003c0044900800a4100100042468
:10d23c001400bf8f251060000800e0031800bd2704
:10d24c00251800000800e00325106000f9ffa41465
:10d25c001400bf8f400044900000c58c01000324d3
:10d26c001f00843060008434180045acf0ff0010bf
:04d27c00400044a08a
:020000040000fa
:020000041d01dc
:10d28000d480848fe8ffbd27040080101400bfaf56
:10d290005288400f00000000d48080afe080858f6e
:10d2a0000080043c7a88400f905884240080043c1d
:10d2b000a0588424cc8080af066d400f0000000091
:10d2c000dc80848f05008010d880858fa78a400f6e
:10d2d00000000000dc8080afd880858f0500a010a2
:10d2e000e080848f0c00828c09f840000000000070
:10d2f000d88080af1400bf8fe08080af0800e003cb
:04d300001800bd272d
:020000040000fa
:020000041d01dc
:10d3040080bf023c2006438cf0ffbd270c00bfaf5a
:10d3140000606541c000000000e0637c0000a5af30
:10d3240000400424200643ac0f000324040644ac4c
:10d33400040643ac99aa033c55666324080640ac32
:10d34400080644ac100640ac100643ac6655033cda
:10d35400aa996334100643ac00800334080643ac36
:10d364000000a28f00608240c00000000c00bf8f4c
:10d3740081bf023c80000324180143ac0800e00391
:04d384001000bd27b1
:020000040000fa
:020000041d01dc
:10d38800029d023c2408428cd0ffbd27029d053c2b
:10d398002c00bfaf2800b0afac34a5242520000076
:10d3a80009f840000080103c70581026080002aeb2
:10d3b800029d023c901442241400a2af01000224f2
:10d3c8001800a2af029d023c000242241000a527cb
:10d3d8001c00a2af252000000a0002242000a2aff2
:10d3e8001565400f2400a0afac7f400f040002aecb
:10d3f8002c00bf8f2800b08f0800e0033000bd2745
:020000040000fa
:020000041d01dc
:10d408000800828ce8ffbd271000b0af1400438ce1
:10d418001000468c258080000400628c252880003e
:10d42800029d043c1400bfaf09f8400010f08424aa
:10d438000a004004020003240400401404000224eb
:10d448001a0002a6050002241c0002a61400bf8fc1
:10d458001000b08f0800e0031800bd27180000aec8
:10d468001c0000a6020003a61e0002a61400bf8f1f
:10d478001000b08f25204000958b400b1800bd2769
:020000040000fa
:020000041d01dc
:10d48800e8ffbd271000b0af1400bfaf9a7c400f73
:10d49800258080000d0040101400bf8f34000296d4
:10d4a800001042300c00401025280000b477400fcf
:10d4b80025200002050040101400bf8f020002243e
:10d4c8001a0002a61c0000a61400bf8f1000b08f1f
:10d4d8000800e0031800bd2702000224020002a68b
:10d4e800fbff023c1c0002ae180000ae1400bf8f08
:10d4f8001000b08ffbff0424958b400b1800bd274c
:020000040000fa
:020000041d01dc
:10d508000080033c400163241b00831425100000a5
:10d5180020008390040063301700601000000000b2
:10d528004400828ce8ffbd271000b0af1000428c89
:10d53800258080001400848c1400bfaf09f84000d7
:10d54800000000009000038e029d023c302f422410
:10d55800801803000a10437c09f8400025200002c7
:10d56800200002921400bf8f1000b08f0001427c8f
:10d578000800e0031800bd270800e00300000000d1
:020000040000fa
:020000041d01dc
:10d588000080033c4001632419008314faff02243d
:10d598001c00838c020002241700621400000000a3
:10d5a8001300a010251000004c00848ce0ffbd275c
:10d5b8001800b0af1c00bfaf2580a000e185400f68
:10d5c8001000a2af030003241c00bf8f080003aea5
:10d5d800010003240c0003aedc0503241000a28f15
:10d5e800100003ae1800b08f0800e0032000bd272c
:10d5f8000800e003000000000800e003feff02242a
:020000040000fa
:020000041d01dc
:10d6080046524d54584f4b20000000003c35029db7
:10d6180046524d52584f4b20000000003435029db1
:10d628005258425546434e5400000000d829029de6
:10d6380052584f56464c4f57000000002c35029d5b
:10d648004643534552524f52000000002435029d74
:10d65800414c474e45525220000000001c35029da7
:10d6680053434f4c46524d20000000001435029d94
:10d678004d434f4c46524d20000000000c35029d92
:020000040000fa
:020000041d01dc
:10d688000000a294e0ffbd271800b1af400043306e
:10d698001400b0af1c00bfaf2580a0000b006010c5
:10d6a8002588800004000526306d400f040084247e
:10d6b800252800020000248e1c00bf8f1800b18f9f
:10d6c8001400b08f5c88400b2000bd27140023266f
:10d6d800800042302400842404000526306d400f69
:10d6e8000b206200252800020000248e1c00bf8f3a
:10d6f8001800b18f1400b08f5c88400b2000bd2744
:020000040000fa
:020000041d01dc
:10d708001d00801000000000e0ffbd271800b2af28
:10d718001000b0af029d123c029d103c1400b1af46
:10d728001c00bfaf258880000c281026242852260c
:10d73800080010260400028e252020020500401053
:10d74800252840000a88400f0000000004004050cf
:10d758000000028ef7ff12160800102625100000a0
:10d768001c00bf8f1800b28f1400b18f1000b08f4b
:10d778000800e0032000bd270800e0032510000092
:020000040000fa
:020000041d01dc
:10d788000400a38cd8ffbd272510a0002000b3af4c
:10d798001c00b2af1800b1af1400b0af2400bfaf87
:10d7a800259880002528e000252040002588e000f5
:10d7b80009f860002590c00009004010258040004d
:10d7c800040040122530200225284002ff87400f20
:10d7d8002520400025280002336c400f25206002d8
:10d7e8002400bf8f251000022000b38f1c00b28fc9
:10d7f8001800b18f1400b08f0800e0032800bd277f
:020000040000fa
:020000041d01dc
:10d808000800828ce8ffbd27010103241000b0af97
:10d818001400bfaf300083a402004294320085a4f4
:10d82800340086a4360082a49354400f25808000db
:10d83800060040041400bf8f030042382b1002007a
:10d848001000b08f0800e0031800bd270200022472
:10d85800020002a6f7ff023c1c0002ae180000ae50
:10d86800958b400ff7ff04241400bf8f251000008c
:0cd878001000b08f0800e0031800bd276e
:020000040000fa
:020000041d01dc
:10d88400e0ffbd271c00bfaf5e72400f0000000028
:10d894000c0040101c00bf8f140043940f00601450
:10d8a40014004424240043940800601424004424f5
:10d8b400a800062425280000d488400f2520400015
:10d8c4001c00bf8f0800e0032000bd27632b400f1e
:10d8d4001000a2aff6ff00101000a28f632b400fc0
:10d8e4001000a2af1000a28f24004394f1ff601037
:0cd8f400a8000624f5ff001024004424c6
:020000040000fa
:020000041d01dc
:10d90000e0ffbd271800b1af1400b0af1c00bfafdf
:10d9100025808000f88c400f2588a000070040106b
:10d92000251800001c00bf8f251060001800b18f63
:10d930001400b08f0800e0032000bd27060020126d
:10d9400000000000818c400f252000026f8d400fe9
:10d9500025200002000022ae758c400f2520000219
:10d960001c00bf8f01000324251060001800b18f38
:0cd970001400b08f0800e0032000bd2769
:020000040000fa
:020000041d01dc
:10d97c00e8ffbd271400bfaf1000b0af1600801039
:10d98c00548080af0400828c3800052409f84000d4
:10d99c00258080000a004010252000020c00038e18
:10d9ac0009f86000252840001400bf8f548090af08
:10d9bc00010002241000b08f0800e0031800bd27fe
:10d9cc005480828f1400bf8f1000b08f2b10020078
:10d9dc000800e0031800bd271400bf8f25100000bd
:0cd9ec001000b08f0800e0031800bd27f9
:020000040000fa
:020000041d01dc
:10d9f800e0ffbd271400b0af0d0090901c00bfaf32
:10da0800070000161800b1af1c00bf8f25100002d8
:10da18001800b18f1400b08f0800e0032000bd2764
:10da28008f8d400f258880000c0023920a00601417
:10da3800ffff6324918d400f252040001c00bf8ffd
:10da480025800000251000021800b18f1400b08f47
:10da58000800e0032000bd270c0023a2918d400f91
:0cda680025204000e9ff00101c00bf8fcb
:020000040000fa
:020000041d01dc
:10da74000500a010240085ac4800829400044230c4
:10da8400090040503f0082900e00c01000000000ca
:10da94003c008590010003240c00a3102510000015
:10daa4000800e0030000000002004230f6ff4014ca
:10dab400000000004000828cc418027cf4ffc014f3
:10dac400400082ac0800e003251000004000839071
:10dad4000000c58c010002241f0063306000633421
:0cdae400180085ac0800e003400083a09f
:020000040000fa
:020000041d01dc
:10daf000021204004700432c03006014ff0084302e
:10db0000e0ff4224ff0042304700832c03006014f2
:10db10003a00432ce0ff8424ff008430110060545d
:10db2000d0ff4224c9ff4224ff0042303a00832c38
:10db300007006054d0ff8424c9ff8424ff00843090
:10db400000110200251044000800e003ff004230ed
:10db5000ff00843000110200251044000800e0039b
:0cdb6000ff004230f1ff0010ff004230d7
:020000040000fa
:020000041d01dc
:10db6c001c00a010000000000000a88c190000117f
:10db7c00000000000080023c245846941500c010a0
:10db8c001881828f050000102518000006008250b5
:10db9c00420045940f0066106c004224fbff801479
:10dbac0001006324420045944000a530f9ffa01009
:10dbbc00000000000400458c0800478c2628050155
:10dbcc002428a700f3ffa014000000000800e003c5
:0cdbdc00000000000800e003251000001d
:020000040000fa
:020000041d01dc
:10dbe800090080100080023c1481828f060040509a
:10dbf8000080023c420043944000633012006054ad
:10dc0800620043900080023c245845940c00a01008
:10dc18001881828f25200000420043944000633021
:10dc28000500601001008424620043900100633005
:10dc38000800601400000000f7ff85146c004224ff
:10dc48000800e0032510000001006330eeff60507b
:0cdc58000080023c0800e0030000000017
:020000040000fa
:020000041d01dc
:10dc64000080053c5857a5243400a28c0a004010bb
:10dc74000000000008008010000000000c00438c2d
:10dc84002b18640008006014000000000c00438c92
:10dc9400232064000c0044ac1400a28c1000a2ac3d
:10dca4000800e003000000000c00438c0c0040acb2
:10dcb4001c00428cf8ff401023208300f6ff8010e4
:10dcc400000000000c00438c2b186400f6ff601465
:0cdcd40000000000edff00100000000048
:020000040000fa
:020000041d01dc
:10dce0000400838c0300022403006210251000004e
:10dcf0000800e00300000000e0ffbd270c00858c59
:10dd00001400b0af029d063c25808000029d043cbb
:10dd10001800b1afc432c6240080113c1c00bfaf54
:10dd20003583400f18268424cc022426aa40400fb5
:10dd30008c22052400000486cc022526df8a400fb1
:10dd4000253040001c00bf8f251000001800b18f47
:0cdd50001400b08f0800e0032000bd2785
:020000040000fa
:020000041d01dc
:10dd5c000800e003000000002518e003009d043ccf
:10dd6c00902d842416008010000000000000858c8b
:10dd7c001300a010040084240000868c040084246a
:10dd8c0000008b8404008424029d0c3cd02f8c2535
:10dd9c0080580b0021606c0100008c8d09f880010b
:10ddac00000000002520400003008424fcff062412
:10ddbc002420c4000000858cecffa014000000009f
:0cddcc0025f860000800e00300000000e3
:020000040000fa
:020000041d01dc
:10ddd8001c00c010ffffc8240000a3800100a72476
:10dde800010082240e006010000083a02130a600ec
:10ddf800060000102128a8000100e724ffffe480a6
:10de080009008010ffff64a0251060002340a700d0
:10de1800f9ffc714010043240800e00300000000d4
:10de28002518400025108000fbff00112120680004
:10de380001006324feff8314ffff60a00800e003d5
:0cde48000a1082000800e0032510800092
:020000040000fa
:020000041d01dc
:10de540020000524000082800d004510f7ff4324b4
:10de64000500632c0a0060142b0003240a004310ed
:10de74002d00032403004314252800000100052479
:10de84000100842425100000070000100a00072464
:10de9400f0ff001001008424f9ff00102528000081
:10dea400010084242310430000008380d0ff6324f6
:10deb4000a00662cfaffc054021047700100a050fb
:0cdec400231002000800e0030000000032
:020000040000fa
:020000041d01dc
:10ded0000800828ce8ffbd27010303241000b0afc7
:10dee0001400bfaf300083a402004294320085a426
:10def000258080009354400f360082a40600400421
:10df00001400bf8f030042382b1002001000b08fa6
:10df10000800e0031800bd2702000224020002a648
:10df2000f7ff023c1c0002ae180000ae958b400fbc
:10df3000f7ff04241400bf8f251000001000b08fdd
:08df40000800e0031800bd27f2
:020000040000fa
:020000041d01dc
:10df48000080023c40014224080044140000000004
:10df58000200e010200003240000e3ac0300a0103e
:10df68002000c62c0300c0502c004b8c0800e00396
:10df78002510000030004a8c3400498c3800488c49
:10df88003c00478c4000468c4400448c4800438c3d
:10df9800200002240000abac0400aaac0800a9ac25
:10dfa8000c00a8ac1000a7ac1400a6ac1800a4acd8
:08dfb8000800e0031c00a3ac0b
:020000040000fa
:020000041d01dc
:10dfc0000400848ce8ffbd271400bfaf2400858cbb
:10dfd0000900a0100080033ccc5663241400628c1e
:10dfe0000800a58c3400638c231045002b104300df
:10dff0000900401000000000e264400f1400842477
:10e000001400bf8ffcff43240a1802002510600093
:10e010000800e0031800bd27e264400f24008424b8
:10e020001400bf8ffcff43240a1802002510600073
:08e030000800e0031800bd2701
:020000040000fa
:020000041d01dc
:10e03800740087940010e7300500e0104800838cd6
:10e0480003006010010002240800e0030000000043
:10e05800e8ffbd271000b0af44008624258080006b
:10e06800400085242b3807001400bfaf7e68400f9e
:10e07800252060000a004010480002ae7400039694
:10e0880001000424010002240463837c740003a6b5
:10e098001400bf8f1000b08f0800e0031800bd27e0
:08e0a800fbff00102510000031
:020000040000fa
:020000041d01dc
:10e0b000e8ffbd271000b0af2580800000008494e9
:10e0c0001400bfafb02f400f000000000200049604
:10e0d000b02f400f000002a60400048ead2f400fa9
:10e0e000020002a60800048ead2f400f040002ae0d
:10e0f0000e000496b02f400f080002ae10000496e8
:10e10000b02f400f0e0002a612000496b02f400f51
:10e11000100002a61400bf8f120002a61000b08fdc
:08e120000800e0031800bd2710
:020000040000fa
:020000041d01dc
:10e12800040002241600c210020002241200c210c9
:10e1380000000000030002240f00a21000000000ed
:10e14800420082942400888c2800878c1800868cd2
:10e158001c00858c2000838cf8ff42300463027c0d
:10e16800100088ac140087ac040086ac080085acad
:10e178000c0083ac420082a40800e0030000000009
:10e1880001000224efffa214420082940400a27c42
:08e198000800e003420082a42c
:020000040000fa
:020000041d01dc
:10e1a0001000a88c2000a78ce0ffbd270c00039571
:10e1b0001400b0af0800e73425808000f2ff63242c
:10e1c0000080043c1800b1af1c00bfaf2588c00020
:10e1d0002000a7ac5c5584240c0003a57f84400f6d
:10e1e0002800b0ac050020161c00bf8f1800b18fae
:10e1f0001400b08f0800e0032000bd272520000296
:10e200001800b18f1400b08f0100062410000524ff
:08e21000d351400b2000bd2793
:020000040000fa
:020000041d01dc
:10e21800e8ffbd271000b0af1400bfaf9a7c400fd5
:10e22800258080001300401009000524340006965c
:10e2380022000396fffdc230002064300002c6347d
:10e248000b10c400fffe463000106330000142345a
:10e258000b3043000276400f2520000206004010d4
:10e268001400bf8f040002241a0002a6080002242a
:10e278001c0002a61400bf8f1000b08f0800e00336
:04e288001800bd2796
:020000040000fa
:020000041d01dc
:10e28c000400a28c0600422c180040140000000070
:10e29c000000a58c0100a2900400432c1300601414
:10e2ac0000000000580083900400633003006010ed
:10e2bc000200a6240800e003020042240300c388e5
:10e2cc00300082240000c398330083a8000043b8b8
:10e2dc0059008290010003244408627c590082a0fa
:10e2ec000100a2900800e003020042240800e003b1
:04e2fc00ffff0224fa
:020000040000fa
:020000041d01dc
:10e300001a00c0102520c000e0ffbd271c00bfafd1
:10e310001800b2af1400b1af1000b0af2588a00054
:10e320001787400f2580c0004100522c2000248e0a
:10e33000400003240b1852002528000225306000fd
:10e34000ff87400f259060002000228e2190520010
:10e35000000040a21c00bf8f1800b28f1400b18fc4
:10e360001000b08f0800e0032000bd270800e00384
:04e3700000000000a9
:020000040000fa
:020000041d01dc
:10e374001200a0500000828c0000a28c0800401003
:10e38400000000000000468c0400838c060062102c
:10e394000000a6ac0800838cffff6324080083ac54
:10e3a4000800e003000000000800838c040085ac32
:10e3b400ffff63240800e003080083acf8ff40106b
:10e3c400000000000400838c04004350040080ac6f
:10e3d4000000438cefff0010000083acedff001041
:04e3e400000080ac09
:020000040000fa
:020000041d01dc
:10e3e800e8ffbd271000b0af1400bfaf3c0083901a
:10e3f8000100022406006210258080001400bf8fef
:10e408000c0000ae1000b08f0800e0031800bd2714
:10e418000c00848cfaff80101400bf8f2000828cbf
:10e4280008004230f7ff40540c0000ae9573400fcf
:10e43800000000003e0002920c0000aeffff4224e4
:10e448003e0002a21400bf8f1000b08f0800e00346
:04e458001800bd27c4
:020000040000fa
:020000041d00dd
:100110000010a230080040140002a53002000224a2
:10012000020082a4fbff023c180080ac1c0082ace1
:10013000958b400bfbff04240900a014020002244d
:100140002000c630020082a40b00c014180080ac4e
:10015000f8ff023c1c0082ac958b400bf8ff042496
:10016000020082a4f9ff023c180080ac1c0082aca3
:10017000958b400bf9ff04240800e0031c0080acc1
:020000040000fa
:020000041d00dd
:100190004400828ce8ffbd271000b0af4000428cc5
:1001a000258080001800848c1400bfaf2538000023
:1001b0008400062609f840002528000006004004b7
:1001c0001400bf8f01000224900002ae1000b08f17
:1001d0000800e0031800bd27200002920429027cd9
:1001e000847b400f200002a21400bf8f7c0002ae6f
:1001f000900000ae1000b08f0800e0031800bd278b
:020000040000fa
:020000041d01dc
:10e45c000400a28c0600422c17004014000000009f
:10e46c000000a38c04000224010065901200a21489
:10e47c0000000000580085900400a5300300a01097
:10e48c00060002240800e0030000000002006324e0
:10e49c00030066883400852400006698370086a83f
:10e4ac000000a6b859008390010005248410a37cb9
:10e4bc000800e003590083a00800e003ffff0224da
:020000040000fa
:020000041d01dc
:10e4cc0013008004251800009080828fe8ffbd2780
:10e4dc002a1082000a0040101400bfaf998c400f24
:10e4ec000000000006004010251840003c0044903d
:10e4fc000100022408008210000000002518000012
:10e50c001400bf8f251060000800e0031800bd2721
:10e51c000800e003251060005089400f25206000a2
:10e52c00f7ff405025180000f5ff00100800638c21
:020000040000fa
:020000041d01dc
:10e53c00e0ffbd271400b0af1c00bfaf1800b1af97
:10e54c0011008004258000009080838f2a108300a6
:10e55c000e0040101c00bf8f998c400f0000000073
:10e56c0009004010258840003000428c01004054c6
:10e57c00360030968e84400f4c002426252840000f
:10e58c00c369400f252020021c00bf8f25100002fc
:10e59c001800b18f1400b08f0800e0032000bd27d5
:020000040000fa
:020000041d01dc
:10e5ac00e0ffbd271400b0af0080103c1c00bfafd3
:10e5bc001800b1af8f8d400f58571026258840009a
:10e5cc000400028e1800428c09f840000000000084
:10e5dc001000038e2800068e2c00078e2318430093
:10e5ec0025202002218866002b182302918d400fd4
:10e5fc00218067001c00bf8f251020022518000207
:10e60c001800b18f1400b08f0800e0032000bd2764
:020000040000fa
:020000041d01dc
:10e61c00170080100080073cd458e28cf0ff862451
:10e62c00150040102540e000f0ff838c0000458c65
:10e63c0021488300070049141000a5241000428cc7
:10e64c0021186500f0ff83ac000082ac0800e003e9
:10e65c00d458e6ac213845000300c71421186500d6
:10e66c000800e003000043ac000082acd45806adb7
:10e67c000800e00300000000fcff0010000080ac6c
:020000040000fa
:020000041d01dc
:10e68c00180080100080033c0800858c60566324c1
:10e69c001000a314f5ff022402008384020002245c
:10e6ac000e006214000000000a00c050f7ff0224a4
:10e6bc0001000224020082a404000224180082ac8f
:10e6cc000100023c1c0082ac280086ac0800e00370
:10e6dc00010002240800e003000000000800e00331
:0ce6ec00f6ff02240800e003f5ff022402
:020000040000fa
:020000041d01dc
:10e6f800180080100080033c0800858c6056632455
:10e708001000a314f5ff02240200828402000324ef
:10e718000e004314000000000900c010010003248b
:10e72800180082ac0100023c1c0082ac280086acb8
:10e73800200087a4020083a40800e003010002244b
:10e74800f7ff02240800e003000000000800e003cf
:0ce75800f6ff02240800e003f5ff022495
:020000040000fa
:020000041d01dc
:10e76400e0ffbd271400b0af2580a0000100052400
:10e774001c00bfaf7373400f1800b1af0d004050c1
:10e78400ffff10240800438c03007014fdff1024c5
:10e79400080040ac258000008f8d400f0400518c90
:10e7a400252040000000229201004224918d400f58
:10e7b400000022a21c00bf8f251000021800b18f98
:0ce7c4001400b08f0800e0032000bd2707
:020000040000fa
:020000041d01dc
:10e7d000e0ffbd271800b1af258880001400b0af5e
:10e7e0002520a0002580a0001c00bfafee85400fb3
:10e7f000252820020a0040506400198e2800058e4a
:10e80000240004866c00038e241045000a20447cfa
:10e810001000828c09f86000000040ac6400198e82
:10e820005c00048e252820021c00bf8f1800b18fc9
:0ce830001400b08f080020032000bd275a
:020000040000fa
:020000041d01dc
:10e83c00e0ffbd271400b0af280003244004f07c97
:10e84c00140002241800b1af0b1070002588a00032
:10e85c002128a600212845002530e000ffffa53027
:10e86c001c00bfaff05e400f258040000700401039
:10e87c001c00bf8f060020121800b18f1800438cab
:10e88c00218070001c0050ac1c00bf8f1800b18f91
:0ce89c001400b08f0800e0032000bd272e
:020000040000fa
:020000041d01dc
:10e8a8001800a010000000000080023cd456428ce2
:10e8b8001200401025408000d8ffbd270080043c8e
:10e8c8002548c0002518a0001000a627100007241e
:10e8d80025284000ec5684242400bfaf1000a0afc8
:10e8e8001400a3af1800a9afe275400f1c00a8af31
:10e8f8002400bf8f0800e0032800bd270800e003bc
:0ce90800000000000800e00325100000e3
:020000040000fa
:020000041d01dc
:10e91400e8ffbd271000b0af1400bfaffa78400f76
:10e92400258080004000028e25200002448c027c59
:10e93400e082400f400002ae2c00048e03008010e1
:10e9440009000624b287400fefff05241200028657
:10e954008c80848f25280002801802009480828f86
:10e964000c00998c1400bf8f1000b08f211043004d
:0ce97400000040ac080020031800bd2784
:020000040000fa
:020000041d01dc
:10e980001600c01000000000140080049080888fe2
:10e99000e8ffbd271400bfaf2a1888000c006010e4
:10e9a00025100000998c400f000000000900401065
:10e9b0001400bf8f5800438c0a00605425100000db
:10e9c000580046ac5c0047ac600045a42510c00070
:10e9d0001400bf8f0800e0031800bd270800e00303
:0ce9e000251000000800e0031800bd270f
:020000040000fa
:020000041d01dc
:10e9ec004000839442008794600086946200859472
:10e9fc002118670021186600261865009880858ffd
:10ea0c00e8ffbd27720083a482280500500085ac66
:10ea1c00780080a0010006241400bfaf5106400fff
:10ea2c0002000524040040101400bf8f040040189d
:10ea3c00010002241400bf8f0800e0031800bd275a
:0cea4c00ffff02240800e0031800bd27b3
:020000040000fa
:020000041d01dc
:10ea58001600800425100000a880838f2b188300df
:10ea680012006010b880838f802004000a20647c24
:10ea78000e008010000000001c00838c2000858c94
:10ea88002b1065000b004050231065001800828c85
:10ea98001400848c231045002318640021104300bf
:10eaa800010042240800e003ffff42300800e003b1
:0ceab800000000000800e003ffff4230f7
:020000040000fa
:020000041d01dc
:10eac40018008010000000002400838ce8ffbd279c
:10ead4001000b0af1400bfaf0e006010258080009e
:10eae4003000838c0b00601424000624d488400f6b
:10eaf400252800004400028e09f840004000048ede
:10eb0400251000001400bf8f1000b08f0800e00330
:10eb14001800bd27f9ff0324380003aef9ff0010e5
:0ceb2400f9ff02240800e003f7ff0224c0
:020000040000fa
:020000041d01dc
:10eb3000d0ffbd272400b1af2000b0af2588a000d2
:10eb400025808000040005242c00bfaf2800b2af50
:10eb50008481400f2590c00000000486ffff4632ec
:10eb6000b72a400f25282002000004861000a527a0
:10eb70005a00022401000624b72a400f1000a2a365
:10eb80002c00bf8f251000002800b28f2400b18f09
:0ceb90002000b08f0800e0033000bd271b
:020000040000fa
:020000041d01dc
:10eb9c00200003240b20a5000b180500022c0400f8
:10ebac000400a01402120500100063342528800014
:10ebbc000212050004004014022102000800633414
:10ebcc002510a000022102000400805482100400d1
:10ebdc0004006334252040008210040004004054db
:10ebec004210020002006334251080004210020023
:0cebfc00010042380800e003251043002f
:020000040000fa
:020000041d01dc
:10ec0800e0ffbd271800b1af258880001400b0af21
:10ec18002520a0002580a0001c00bfafee85400f76
:10ec28002528200208004010401006242800058ee0
:10ec3800240004867000038e241045000a20447cba
:10ec480009f86000feff05246400198e5c00048e3c
:10ec5800252820021c00bf8f1800b18f1400b08f28
:08ec6800080020032000bd2775
:020000040000fa
:020000041d01dc
:10ec7000e0ffbd271800b2af259080001c00bfaf99
:10ec80001400b1af5a7d400f1000b0af4c00519648
:10ec90002580400040801000ffff3126998d400ff5
:10eca000028822721b005000f40100021080000054
:10ecb00021801102847b400f000050ae1c00bf8fea
:10ecc000040042ae1400b18f1800b28f1000b08f54
:08ecd0000800e0032000bd274d
:020000040000fa
:020000041d01dc
:10ecd8006880828fe8ffbd271400bfaf0500401c85
:10ece8001000b0af1400bf8f1000b08f0800e00311
:10ecf8001800bd27258080001000848c01000624a0
:10ed08005259400f010005241800038e0200022406
:10ed1800f5ff62141400bf8f6880828fffff4224c2
:10ed2800f0ff4014688082afa166400f0000000029
:08ed3800ecff0010588080afd1
:020000040000fa
:020000041d01dc
:10ed40003c008284e8ffbd271000b0af0c00032414
:10ed500025808000ac80848f1400bfaf760003a2b2
:10ed600080180200b880828f1400058e0c00868cfb
:10ed70002110430009f8c000000040acac80848f33
:10ed80000c00828c09f840000000058eac80848f56
:10ed9000252800021400bf8f1000b08f0c00998c42
:08eda000080020031800bd2744
:020000040000fa
:020000041d01dc
:10eda8000e00a01000000000feff82242600422c66
:10edb8000a004010000000000080023c002104000e
:10edc800e44f4224211044000000438c05006010e9
:10edd8000000000003006510000000000800e003c8
:10ede800251000000500c010000045ac0081838f8d
:10edf8002b20c300201e037c0b3064000c0046a4ab
:08ee08000800e0030a0046a423
:020000040000fa
:020000041d01dc
:10ee10001c81828fe8ffbd270b0040101400bfaf9c
:10ee20006b79400f000000001c81868f25380000a0
:10ee300025204000e11f400f252860001400bf8fef
:10ee40000800e0031800bd272f86400f01000424ae
:10ee50006b79400f1c8182af1c81868f25380000a2
:10ee600025204000e11f400f252860001400bf8fbf
:08ee70000800e0031800bd27b3
:020000040000fa
:020000041d01dc
:10ee78001c81828fe8ffbd270b0040101400bfaf34
:10ee88006b79400f000000001c81868f2538000038
:10ee980025204000e11f400f252860001400bf8f87
:10eea8000800e0031800bd272f86400f0100042446
:10eeb8006b79400f1c8182af1c81868f253800003a
:10eec80025204000e11f400f252860001400bf8f57
:08eed8000800e0031800bd274b
:020000040000fa
:020000041d01dc
:10eee0002b18a4000e006010251080002120a60021
:10eef0002b1844000b006050212046000600c01073
:10ef000021184600ffff842400008580ffff632452
:10ef1000fcff4314000065a00800e00300000000af
:10ef200021204600fcffc010251840000100a52448
:10ef3000ffffa68001006324fcff6414ffff66a0ae
:08ef40000800e00300000000de
:020000040000fa
:020000041d01dc
:10ef4800160080100080033c0800848c60566324ff
:10ef580010008314f5ff0224c1bf033cc0ff628c7c
:10ef6800c0ff638c200006240006427c4006637cb8
:10ef780010000424010042240500a0100b20c30047
:10ef8800251044000000a2ac0800e0032510000092
:10ef9800251000000800e003000000000800e0035e
:04efa800f5ff02244b
:020000040000fa
:020000041d01dc
:10efac000800838ce8ffbd271000b0af1000628c06
:10efbc001400bfaf0100052406004730040046349e
:10efcc000a10c70038004730200046340a10c7002a
:10efdc00100062acb477400f258080000600401012
:10efec001400bf8f040002241a0002a601000224a0
:10effc001c0002a61400bf8f1000b08f0800e003a5
:04f00c001800bd2704
:020000040000fa
:020000041d01dc
:10f0100078b1019db416029d8c24029d4c29029d5d
:10f02000a00d029d9433019d88f6019db81c029da0
:10f03000e41c029d9cf7019d1c10029d1461019d22
:10f0400048fc019d48ef019de4f6019d8ce6019d81
:10f05000f8e6019d40f7019de00f029d8c19029d8d
:10f060002095019da87c019d2c27029d6824029d6e
:04f07000101d029dd0
:020000040000fa
:020000041d01dc
:10f074000400a28c0900422c140040143d00032417
:10f084000000a58c3c0082240000a3a007000324f8
:10f094000100a3a0010003240200a3a00b2044004c
:10f0a400030086880300a324090002240000869834
:10f0b4000600a6a8000066b804008590040065a0b8
:10f0c400050084900800e003050064a00800e00344
:04f0d400ffff022414
:020000040000fa
:020000041d01dc
:10f0d800e0ffbd271400b0af0d0090901c00bfaf3b
:10f0e800070000161800b1af1c00bf8f25100002e2
:10f0f8001800b18f1400b08f0800e0032000bd276e
:10f108008f8d400f258880000c0023922520400019
:10f1180001006324918d400f0c0023a21c00bf8fb7
:10f12800251000021800b18f1400b08f0800e0030a
:04f138002000bd27cf
:020000040000fa
:020000041d01dc
:10f13c00e8ffbd271400bfaf998c400f0000000002
:10f14c0004004010251800003c0044900500851078
:10f15c00010005241400bf8f251060000800e00397
:10f16c001800bd27fbff8514251800004000458cb6
:10f17c000300a730f8ffe0141400bf8f0000c38c0d
:10f18c000442857c400045ac140043acf1ff0010f8
:04f19c000100032447
:020000040000fa
:020000041d01dc
:10f1a0000080023c245845940e00a0101881838fe3
:10f1b00042006294400042300c0040141481828f5f
:10f1c00005000010252000004200629440004230fb
:10f1d000060040141481828f01008424faff8514f4
:10f1e0006c006324251800001481828f03004010f6
:10f1f000000000000800e003000000000800e00339
:04f20000148183af43
:020000040000fa
:020000041d01dc
:10f204000000a58c0001023c7f0042241300a210e0
:10f21400000000000080023c245846940c00c010fa
:10f224001881828f0400438c0a00a31000000000a0
:10f2340004000010251800000400448c0500a410ec
:10f244000000000001006324fbff66146c004224ec
:10f25400251000000800e003000000000800e0039f
:04f2640025108000f1
:020000040000fa
:020000041d01dc
:10f26800e8ffbd271000b0af1400bfaf7963400faf
:10f2780025808000060040041400bf8f0200423839
:10f288002b1002001000b08f0800e0031800bd2703
:10f2980002000224020002a6f7ff023c1c0002ae94
:10f2a800180000ae958b400ff7ff04241400bf8fa1
:10f2b800251000001000b08f0800e0031800bd27db
:020000040000fa
:020000041d01dc
:10f2c800e8ffbd271000b0af1400bfaf9a7c400f15
:10f2d80025808000090040101400bf8f2800038e8d
:10f2e800090060543400049602000224020002a6b9
:10f2f800180000ae1c0000ae1400bf8f1000b08fc5
:10f308000800e0031800bd278000827c0400453413
:10f31800100084300b10a400f3ff0010000062ac52
:020000040000fa
:020000041d01dc
:10f3280090ffbd276800b0af258080006480848787
:10f338001000a5276c00bfafdd50400f3400a0af10
:10f34800580002923400a38f4800048e4d004230ca
:10f3580032004234280003ae09000324560003a6f5
:10f3680003008010580002a21564400f25280000f1
:10f378006c00bf8f6800b08f0800e0037000bd27e5
:020000040000fa
:020000041d01dc
:10f38800e8ffbd271000b0af1400bfaf1383400fd4
:10f39800258080000a0040101400bf8f0400038eef
:10f3a80007006050251000004200039608006330f3
:10f3b800060060541000038e251000001400bf8f53
:10f3c8001000b08f0800e0031800bd27fcff601490
:10f3d8001400bf8f1400028ef9ff00102b100200da
:020000040000fa
:020000041d01dc
:10f3e8000200022414008210010004242510e00009
:10f3f800e8ffbd272538c0002530a0001400bfafa6
:10f40800072c400f25284000ffff03240700431066
:10f418009480848f80180200010005240a18837cd8
:10f428004000648c448ca47c400064ac1400bf8f02
:10f438000800e0031800bd270800e003ffff0224ce
:020000040000fa
:020000041d01dc
:10f4480025108000040003244227040003008310d1
:10f45800251840000800e003000000000418037ca1
:10f46800233043000f00a5242128c50002290500e8
:10f478000700a01000000000002905002128a300b3
:10f48800000075bc10006324fdff65140000000037
:10f498000f0000000020033c0800e0032510430093
:020000040000fa
:020000041d01dc
:10f4a80012008010000000000000878c0f00e010a0
:10f4b800000000000080023c245846940b00c01055
:10f4c8001881828f25200000420043944000633059
:10f4d80004006010010084240400438c0600e3103b
:10f4e80000000000f8ff86146c0042240200a010ff
:10f4f800251000001481828f0800e003000000003e
:020000040000fa
:020000041d01dc
:10f508005000838c14006010000000004400828cbe
:10f51800e0ffbd271c00bfaf3000428c09f8400057
:10f52800252060000a0041041c00bf8f029d053c95
:10f53800029d043cac110624942fa524fc1b8424b2
:10f54800d86d400f1000a2af1000a28f1c00bf8f13
:10f558000800e0032000bd270800e003f2ff0224b2
:020000040000fa
:020000041d01dc
:10f568001c81828fe8ffbd270a0040101400bfaf3e
:10f57800168d400f000000001c81838f1400bf8f80
:10f588001800bd271b004300f40160000800e003d9
:10f59800121000002f86400f01000424168d400f22
:10f5a8001c8182af1c81838f1400bf8f1800bd2778
:10f5b8001b004300f40160000800e0031210000083
:020000040000fa
:020000041d01dc
:10f5c800f8ffbd270400bfaf006802400008033cf5
:10f5d8002510430000688240c000000081bf033c42
:10f5e80001000424c40064ac2510000000488240d7
:10f5f800c0000000ffff022400588240c000000045
:10f6080000680240c4de027c00688240c00000003e
:10f618000400bf8fc80064ac0800e0030800bd27e1
:020000040000fa
:020000041d01dc
:10f628001000828ce0ffbd271800b1af2b88c20004
:10f638000a3051001c00bfaf0c00c0101400b0af5e
:10f64800258080001400848cff87400f2588c00027
:10f658001400028e1000068e211051002388d1005c
:10f66800140002ae100011ae000040a01c00bf8fb5
:10f678001800b18f1400b08f0800e0032000bd27e8
:020000040000fa
:020000041d01dc
:10f68800140080100080023c0800838c60564224dd
:10f6980010006214000000000c00828ce8ffbd27f7
:10f6a8001000b0af1c00428c258080001000848cb4
:10f6b8001400bfaf09f8400000000000000000a2dd
:10f6c8001400bf8f020000a61000b08f0800e003ee
:0cf6d8001800bd270800e003000000003f
:020000040000fa
:020000041d01dc
:10f6e400140080100080033c0800858c605663245d
:10f6f4000e00a314f5ff02240200838402000224f6
:10f704000a006254f6ff022401000224020082a4cb
:10f7140003000224180082ac0100023c1c0082aced
:10f72400280086ac0800e003010002240800e0037e
:0cf73400000000000800e003f5ff0224c4
:020000040000fa
:020000041d01dc
:10f74000140080100080033c0800868c60566324ff
:10f750000e00c314f5ff0224020083840200022479
:10f760000a006254f6ff022401000224020082a46f
:10f7700006000224180082ac0100023c1c0082ac8e
:10f78000280085ac0800e003010002240800e00323
:0cf79000000000000800e003f5ff022468
:020000040000fa
:020000041d01dc
:10f79c00140080100080033c0800858c60566324a4
:10f7ac000e00a314f5ff0224e8ffbd27020002247b
:10f7bc001400bfaf020082a4f4ff023c1c0082ac18
:10f7cc00180080ac958b400ff4ff04241400bf8ffd
:10f7dc00251000000800e0031800bd270800e00316
:0cf7ec00000000000800e003f5ff02240c
:020000040000fa
:020000041d01dc
:10f7f800e8ffbd271000b0af1400bfaf9a7c400fe0
:10f808002580800005004054340002961400bf8f04
:10f818001000b08f0800e0031800bd27040005247d
:10f8280025200002b477400f220002a6f8ff4010fe
:10f838001400bf8f070002241a0002a61c0000a6ad
:0cf848001000b08f0800e0031800bd277e
:020000040000fa
:020000041d01dc
:10f85400e8ffbd271000b0af1400bfaf9a7c400f83
:10f864002580800005004054340002961400bf8fa8
:10f874001000b08f0800e0031800bd270500052420
:10f8840025200002b477400f200002a6f8ff4010a4
:10f894001400bf8f060002241a0002a61c0000a652
:0cf8a4001000b08f0800e0031800bd2722
:020000040000fa
:020000041d01dc
:10f8b000e8ffbd271000b0af1400bfaf9a7c400f27
:10f8c0002580800005004054340002961400bf8f4c
:10f8d0001000b08f0800e0031800bd2706000524c3
:10f8e00025200002b477400f260002a6f8ff401042
:10f8f0001400bf8f050002241a0002a61c0000a6f7
:0cf900001000b08f0800e0031800bd27c5
:020000040000fa
:020000041d01dc
:10f90c00e8ffbd271000b0af1400bfaf9a7c400fca
:10f91c002580800005004054340002961400bf8fef
:10f92c001000b08f0800e0031800bd270a00052462
:10f93c0025200002b477400f240002a6f8ff4010e7
:10f94c001400bf8f040002241a0002a61c0000a69b
:0cf95c001000b08f0800e0031800bd2769
:020000040000fa
:020000041d01dc
:10f96800e8ffbd27010005241400bfaf7373400fe3
:10f978001000b0af0d00401025804000632b400ff1
:10f98800252040008f8d400f0400108e2520400058
:10f998000000029201004224000002a21400bf8f5e
:10f9a8001000b08f918d400b1800bd271400bf8f39
:0cf9b8001000b08f0800e0031800bd270d
:020000040000fa
:020000041d01dc
:10f9c400000082948439027c251045000800c01090
:10f9d400000082a40300c2880000c298100082ac18
:10f9e4000400c290140082a00500c290150082a0f9
:10f9f4000080023ce056428c01000324160083a4dc
:10fa04000400e0100c0082ac04008524336c400b2d
:0cfa14002520e0000800e00300000000d6
:020000040000fa
:020000041d01dc
:10fa2000e0ffbd271400b0af25808000240084844f
:10fa30001800b1afffff1124040091101c00bfafec
:10fa40002068400f00000000240011a60c00048e66
:10fa50000500805025200002a78a400f000000000a
:10fa60000c0000ae252000021c00bf8f1800b18fd3
:0cfa70001400b08f6769400b2000bd2718
:020000040000fa
:020000041d01dc
:10fa7c00130080049080868fe8ffbd271400bfaf71
:10fa8c002a1086000a00401025180000998c400f9f
:10fa9c000000000006004010010004244000438ccc
:10faac00280045a4448c837c400043ac0100032413
:10fabc001400bf8f251060000800e0031800bd275c
:0cfacc00251800000800e0032510600071
:020000040000fa
:020000041d01dc
:10fad8001300a010212885001c81023cc59d4234da
:10fae8000031020040180200211866002118620047
:10faf800c031020001008424003a02002118660087
:10fb0800ffff8690001602002118670021104300ad
:10fb1800f3ff85142610c2000800e003000000006f
:0cfb28001c81023c0800e003c59d423433
:020000040000fa
:020000041d01dc
:10fb340012008010000000004200839440006330f3
:10fb440003006014251000000800e003000000001a
:10fb54000000a58cffff02240a00a2100000000090
:10fb64000800838c0400848c2710030025104400b3
:10fb7400261045000800e0030100422c0800e003c1
:0cfb8400251000000800e003010002242e
:020000040000fa
:020000041d01dc
:10fb900050696e67696e672025642e25642e256482
:10fba0002e256420696e2025732e2e2e0d0a00004e
:10fbb00050696e6720737563636565646564206969
:10fbc0006e2025732e0d0a0050696e6720666169ec
:10fbd0006c6564207769746820636f64652025759f
:0cfbe00020696e2025732e0d0a00000025
:020000040000fa
:020000041d01dc
:10fbec00000082801300401000000000e0ffbd27e1
:10fbfc001800b0af1c00bfaf25808000010010269c
:10fc0c001000a2a301000524d54a400f1000a42720
:10fc1c00fdff40100100052400000282f8ff401493
:10fc2c00010010261c00bf8f1800b08f0800e003e5
:0cfc3c002000bd270800e00300000000cd
:020000040000fa
:020000041d01dc
:10fc4800130080100080033c0800858c60566324f4
:10fc58000d00a314f5ff022402008384020002248d
:10fc680009006254f6ff022401000224020082a463
:10fc780005000224180082ac0100023c1c0082ac82
:10fc88000800e003010002240800e003000000006f
:08fc98000800e003f5ff02245f
:020000040000fa
:020000041d01dc
:10fca000401001006833029db861009ddc1a029d7e
:10fcb000f434029d2021029d802f019de00e029dc3
:10fcc0009c1e029d08d5019dcc49019dfc34029dde
:10fcd00054b9019df8b9009dd87a019d8428019df1
:10fce00088d5019d7ca8019d48df019d4424019d8c
:08fcf000b48e019dbc29029da8
:020000040000fa
:020000041d01dc
:10fcf8001300a010000000000c01828c0800468c44
:10fd08000e00c010253800000000c38c04006014e9
:10fd1800000000000a0000100000a7ac25188000b1
:10fd28000400c28c0000648c25306000c001427c55
:10fd38000100422cf9ff80142138e2000000a7ac32
:08fd48000800e0032510000093
:020000040000fa
:020000041d01dc
:10fd50001300a010000000000401828c0800468cf3
:10fd60000e00c010253800000000c38c0400601491
:10fd7000000000000a0000100000a7ac2518800059
:10fd80000400c28c0000648c25306000c001427cfd
:10fd90000100422cf9ff80142138e2000000a7acda
:08fda0000800e003251000003b
:020000040000fa
:020000041d01dc
:10fda8000000c2940100433011006010800042300e
:10fdb800e8ffbd271400bfaf040040141000b0af27
:10fdc8000000a294ffff42240000a2a40000848c3b
:10fdd8002580c0005c88400f2528c000260000a6aa
:10fde8001400bf8f1000b08f0800e0031800bd2773
:08fdf8000800e0030000000018
:020000040000fa
:020000041d01dc
:10fe0000e8ffbd272000073c1000b0af0600e72444
:10fe10002580800004000624140005241400bfafd0
:10fe20000f7a400f7800042407004010019d033c26
:10fe3000010004249c5c6324080043ac0c0050ac1b
:10fe4000700044a4580044a41400bf8f1000b08f69
:08fe50000800e0031800bd27c3
:020000040000fa
:020000041d01dc
:10fe5800e0ffbd271400b0af258080002520a0005a
:10fe6800252800021800b1af1c00bfaf306d400f4d
:10fe78002588c00006004010251800000c00228ebe
:10fe88002528000209f8400025202002010003244b
:10fe98001c00bf8f251060001800b18f1400b08fb0
:08fea8000800e0032000bd2763
:020000040000fa
:020000041d01dc
:10feb00081bf033c00100424040007245476023c54
:10fec000080064ac00040624480167ac0004053c4b
:10fed000103242240400073c880366ac2520400011
:10fee000880367ac880365aca80366acd80365ac2f
:10fef000100062ac1000628cfeff44140000000091
:08ff00000800e003000000000e
:020000040000fa
:020000041d01dc
:10ff0800029d063c25100000f82dc624401802006a
:10ff180021186600000067800300e0540000858c0b
:10ff28000800e00301006290010042240000a8805c
:10ff380004000715ff004230010062900100a5246b
:10ff4800000085ac0b00432cf1ff60144018020040
:08ff58000800e00300000000b6
:020000040000fa
:020000041d01dc
:10ff6000e0ffbd271800b2af1000b0af2590c00071
:10ff700025808000ff00a5301c00bfaf1400b1af8a
:10ff80006d8c400f2588e000ff004532718c400fda
:10ff90002520000225282002252000021c00bf8ffa
:10ffa0001800b28f1400b18f1000b08f1b82400b6d
:04ffb0002000bd2749
:020000040000fa
:020000041d01dc
:10ffb400e0ffbd271800b1af1400b0af2588c00022
:10ffc400258080001c00bfaf6d8c400fff00a53062
:10ffd400ff002532718c400f25200002758c400fe4
:10ffe40025200002798c400f252000021c00bf8fc1
:10fff400040002241800b18f1400b08f0800e0033d
:020000041d02db
:040004002000bd27f4
:020000040000fa
:020000041d02db
:100008001200a010000000000c01828c0800468c31
:100018000d00c010253800000000c38c04006014d7
:1000280000000000090000100000a7ac251880009f
:100038000400c28c0000648c25306000c001427c42
:10004800faff80142138e2000000a7ac0800e003a2
:04005800251000006f
:020000040000fa
:020000041d02db
:10005c000400a28c0600422c10004014000000008a
:10006c000000a38c04000224010064900b00821495
:10007c000000000002006490060002241300a4a0fb
:10008c00030064901200a4a0040064901100a4a0ca
:10009c00050063900800e0031000a3a00800e00333
:0400ac00ffff02242c
:020000040000fa
:020000041d02db
:1000b0000400a28c0600422c100040140000000036
:1000c0000000a38c04000224010064900b00821441
:1000d0000000000002006490060002241700a4a0a3
:1000e000030064901600a4a0040064901500a4a06e
:1000f000050063900800e0031400a3a00800e003db
:04010000ffff0224d7
:020000040000fa
:020000041d02db
:100104000400a28c0600422c1000401400000000e1
:100114000000a38c04000224010064900b008214ec
:100124000000000002006490060002241b00a4a04a
:10013400030064901a00a4a0040064901900a4a011
:10014400050063900800e0031800a3a00800e00382
:04015400ffff022483
:020000040000fa
:020000041d02db
:1001580002000000c47b009d04ca019d030000004a
:1001680014fa009d3832019d060000005471019d6b
:100178008004029d09000000403a019d14d7009dab
:100188000a00000090fd009d084b019d0c00000036
:1001980058bc009dd8ec019d0f000000e08d009d2b
:0401a80004c2019def
:020000040000fa
:020000041d02db
:1001ac000000043ce8ffbd270000842403008010fd
:1001bc001400bfaf09f8800000000000000084307c
:1001cc000000a530019d083c2017082509f8000106
:1001dc00000000000000023c00004224030040101c
:1001ec000000000009f8400000000000f9ff0010ba
:0401fc0000000000ff
:020000040000fa
:020000041d02db
:1002000003000000e42f029d060000000000000033
:10021000020000008020029d09000000a434029d1d
:100220000a0000009c34029d0c000000f42f029d87
:100230000f000000e82b029d2000000000000000dd
:10024000010000008002008040100000cc26029dca
:020000040000fa
:020000041d02db
:1002500000290400c21904000040a5304211040026
:10026000040063302518650008004230802904002e
:10027000251043004020a530c01804002528a20006
:100280008003633080100400251865002000423090
:10029000251043004008847c0800e00325108200fc
:020000040000fa
:020000041d02db
:1002a0000400a28c0500422c0f004014029d043c67
:1002b0000000a28ccc288324cc2885900100649077
:1002c0000200639037000624000046a003000624c5
:1002d000010046a0020045a0030044a0040043a082
:1002e0000800e003050002240800e003ffff0224e9
:020000040000fa
:020000041d02db
:1002f0000000828c1000401000000000e8ffbd27c5
:100300001000b0af258080001400bfafd181400f36
:1003100025204000f167400f24000426f167400fbc
:1003200014000426040004261400bf8f1000b08fb0
:10033000f167400b1800bd270800e0030000000033
:020000040000fa
:020000041d02db
:10034000e0ffbd271800b1af258880002520a00060
:100350001c00bfaf1400b0af1787400f2580a0006e
:1003600025284000b67e400f252000020c00238e79
:100370001c00bf8f1800b18f1b004300f401600008
:100380001400b08f2000bd270800e003101000000b
:020000040000fa
:020000041d02db
:10039000e0ffbd271c00bfaf1800b1af1400b0af25
:1003a000040080ac000080ac080080ac2580800098
:1003b0008f8d400f0100112425204000918d400faa
:1003c0000c0011a21c00bf8f0d0011a2010002241d
:1003d0001800b18f1400b08f0800e0032000bd2783
:020000040000fa
:020000041d02db
:1003e000544350204e554c4c2064796e616d6963c6
:1003f00020616c6c6f636174696f6e2068616e64fc
:100400006c652f696e69742064617461000000007e
:10041000205443502044796e616d696320616c6c97
:100420006f636174696f6e206661696c656400005a
:020000040000fa
:020000041d02db
:100430000e00800425100000a880838f2b188300f5
:100440000a006010b880838f802004000a20647c3a
:10045000060080100000000076008490fdff8324d9
:100460000300632c03006010010002240800e00375
:1004700000000000080082380800e0030100422c60
:020000040000fa
:020000041d02db
:10048000c480828fe8ffbd27050040181400bfaf6d
:100490001800848c0200032404008350ffff4224d0
:1004a0001400bf8f0800e0031800bd27fcff4014b4
:1004b000c48082afc080848ffaff80101400bf8f89
:1004c000a78a400f00000000f5ff0010c08080af39
:020000040000fa
:020000041d02db
:1004d000e0ffbd271800b1af1400b0af1c00bfafe4
:1004e00025888000040000102580a0000c00028eea
:1004f00009f8400000000000e264400f25202002bf
:1005000025284000f9ff4014252000021c00bf8f61
:100510001800b18f1400b08f0800e0032000bd2741
:020000040000fa
:020000041d02db
:10052000495076343a204661696c656420746f20c6
:10053000726567697374657220415250206e6f74e2
:10054000696669636174696f6e21200d0a0000009d
:10055000495076343a2041525020656e7472696574
:100560007320706f6f6c20656d707479210d0a00b7
:020000040000fa
:020000041d02db
:1005700011008010000000000300a0100000000027
:100580000000a28c040082ac0300c0100000000038
:100590000000c28c080082ac0400e050420082944b
:1005a0000000e28c0c0082ac420082941000a39305
:1005b0000463627c420082a40800e00300000000a3
:020000040000fa
:020000041d02db
:1005c000d8ffbd272000b1af258880002400bfaf31
:1005d0001c00b0af00607041c0000000238a400fd3
:1005e0000000000025202002b688400f1000a2afb6
:1005f000ca88400f010004322400bf8f1000a28f70
:100600002000b18f1c00b08f0800e0032800bd2738
:020000040000fa
:020000041d02db
:10061000a028057cd8ffbd27022c2500a5ff0224b9
:100620002400bfaf1000a2a3000084841400a5ab77
:10063000a010067c1100a5bb021422001800a2ab7a
:100640001000a52709000624b72a400f1500a2bbf9
:100650002400bf8f251000000800e0032800bd27fc
:020000040000fa
:020000041d02db
:10066000e8ffbd272800a28c1000b0af2580a000b5
:100670002400a584242082007000038e0a20857c3b
:100680001400bfaf4010062409f8600001000524e3
:100690003001028e1400bf8f01004224300102aeef
:0c06a0001000b08f0800e0031800bd2718
:020000040000fa
:020000041d02db
:1006ac0001000224980282ac00000000000000004f
:1006bc00000000000000000000000000000000002e
:1006cc00000000000000000000000000000000001e
:1006dc00000000000000000000000000000000000e
:0c06ec00000000000800e0030000000017
:020000040000fa
:020000041d02db
:1006f8000400a28c0300422c0e00401401000324c5
:100708000000a28c010046900a00c31402000324d2
:1007180002004290050043140800a2ac58008290e1
:100728000400423003004014000000000800e00309
:0c073800030002240800e003ffff02247d
:020000040000fa
:020000041d02db
:100744000c00878c0f00e0100000838c0800888c5c
:1007540025280000000062940100a52425304000f3
:1007640001004230050040100400067c000066a42d
:100774002400828cffff4224240082acf5ffa714de
:0c078400211868000800e00300000000dd
:020000040000fa
:020000041d02db
:100790000800801000000000020002240b00a210dc
:1007a000010003240500a310251000000800e00349
:1007b000000000000800e0032510000042008294c1
:1007c000100042380800e0030001427c420082949d
:0c07d000080042380800e003c000427c32
:020000040000fa
:020000041d02db
:1007dc004554484d4143000041333035334100000e
:1007ec0031302e302e302e33370000003235352e7e
:1007fc003235352e3235352e3000000031302e306a
:10080c002e302e3100000000302e302e302e3000d5
:08081c0066756c6c0000000021
:020000040000fa
:020000041d02db
:10082400141a019dcc34029d84d8019dbc19029deb
:10083400549b009da40f019df4d0019d68f9019d76
:10084400d020029d88c5019d64e7019dec19029d9d
:100854001c1a029d4c1a029d7c5b019d20b2019dd5
:08086400ac1a029d7c1a029df2
:020000040000fa
:020000041d02db
:10086c00b00285a4000000000000000000000000a1
:10087c00000000000000000000000000000000006c
:10088c00000000000000000000000000000000005c
:10089c00000000000000000000000000000000004c
:0808ac000800e0030000000059
:020000040000fa
:020000041d02db
:1008b4000400a28c0300422c0d0040140000000030
:1008c4000000a48c35000224000082a00100022450
:1008d400010082a00c00a38c030005240300022461
:1008e400090066380a18a6000800e003020083a085
:0808f4000800e003ffff0224ed
:020000040000fa
:020000041d02db
:1008fc000400a28c0600422c0d00401400000000e5
:10090c000000a38c040002240100649008008214ef
:10091c0002006324030066880c00a4240600022451
:10092c00000066980f00a6a80800e003000086b837
:08093c000800e003ffff0224a4
:020000040000fa
:020000041d02db
:1009440035000000f806029d010000005ce4019df2
:10095400030000008ce2019d0600000020b0019d10
:1009640036000000fc08029d330000005c00029d7c
:100974003a000000b000029d3b0000000401029d0b
:08098400ff000000dc35029dbc
:020000040000fa
:020000041d02db
:10098c00e8ffbd271000b0af2580800000008494e4
:10099c001400bfafb02f400f0000000002000496ff
:1009ac00b02f400f000002a606000496b02f400f97
:1009bc00020002a61400bf8f060002a61000b08f22
:0809cc000800e0031800bd273c
:020000040000fa
:020000041d02db
:1009d400e8ffbd271000b0af0280a6701400bfafbf
:1009e4003e40400f25280002060040102518400014
:1009f4002530000225280000d488400f252040001f
:100a0400251840001400bf8f251060001000b08f1f
:080a14000800e0031800bd27f3
:020000040000fa
:020000041d02db
:100a1c00e8ffbd271000b0af1400bfafbb84400f80
:100a2c002580a000090040101400bf8f42004394a1
:100a3c0000106330060060501000b08f2000038e51
:100a4c00c005637c0a1003001400bf8f1000b08f28
:080a5c000800e0031800bd27ab
:020000040000fa
:020000041d02db
:100a64000080023ce44f42240c81848f08004394ac
:100a74001400598c01008424020063340c8184af77
:100a840007002013080043a40080043c253800001c
:100a9400020006240100052408002003f44f8424e6
:080aa4000800e003000000005f
:020000040000fa
:020000041d02db
:100aac00e8ffbd271000b0af0080103c585710264f
:100abc00310005920800048e1400bfaf5a8b400f12
:100acc000000000030000292040040141400bf8f9c
:100adc0001000224380002a21400bf8f1000b08f56
:080aec000800e0031800bd271b
:020000040000fa
:020000041d02db
:100af4008000a3280e006014251000008200a328a3
:100b040003006014830003240900a3140000000000
:100b14000000c28c070042240410027c0800432415
:100b24000000c3ac000040d401000224000080f4a3
:080b34000800e00300000000ce
:020000040000fa
:020000041d02db
:100b3c00e0ffbd271800b1af1400b0af2588c0008e
:100b4c00258080001c00bfaf6d8c400fff00a530ce
:100b5c0025200002718c400fff0025322520000259
:100b6c001c00bf8f1800b18f1400b08fab81400bed
:040b7c002000bd2771
:020000040000fa
:020000041d02db
:100b8000e8ffbd271000b0af1400bfaf0300001096
:100b90004c009024b287400f000000008e84400f6c
:100ba000252000022520400009000624f9ff4014fa
:100bb000efff05241400bf8f1000b08f0800e00382
:040bc0001800bd2735
:020000040000fa
:020000041d02db
:100bc400554450204e554c4c2064796e616d6963d8
:100bd40020616c6c6f636174696f6e2068616e6410
:100be4006c6500005544502044796e616d69632042
:100bf400616c6c6f636174696f6e206661696c65aa
:040c04006400000088
:020000040000fa
:020000041d02db
:100c080006000000000000000000000000000000d6
:100c1800000000000a0000000000000000000000c2
:100c280000000000000000000000000000000000bc
:100c380000000000000000000000000000000000ac
:040c4800090000009f
:020000040000fa
:020000041d02db
:100c4c000e008010000000004200839440006530cc
:100c5c000300a014251000000800e00300000000b1
:100c6c006200849001008430fbff801000000000c3
:100c7c00001062380800e0030003427c0800e00327
:040c8c00251000002f
:020000040000fa
:020000041d02db
:100c9000e8ffbd271400bfafe987400f0000000048
:100ca000fdff401482bf033c010004241022628c2b
:100cb0004002427cfdff4410000000001022628cc4
:100cc0000002427cfdff40101400bf8f0800e003cb
:040cd0001800bd2724
:020000040000fa
:020000041d02db
:100cd400e0febd272401a2272401a5af2801a6af69
:100ce4002c01a7af25308000253840001000a42730
:100cf400000105241c01bfafc167400f1001a2af62
:100d0400fb7e400f1000a4271c01bf8f0800e003e6
:040d14002001bd27d6
:020000040000fa
:020000041d02db
:100d180000606041c000000099aa033c80bf023c0b
:100d280055666324300040ac300043ac6655033c44
:100d3800aa996334300043ac80bf023c010003240d
:100d4800581243ac80bf023c5012428c4883400b7f
:040d58000000000097
:020000040000fa
:020000041d02db
:100d5c000080023c1858438ce8ffbd271000b0af50
:100d6c001400bfaf03006014258040003a4f400fc1
:100d7c00000000000080023c1c58438c1400bf8f04
:100d8c001858028e1000b08f1800bd270800e00321
:040d9c0023106200be
:020000040000fa
:020000041d02db
:100da0000080023c605642240b00821400000000c8
:100db0002400829008004010029d193c3c0082945f
:100dc000a0293927801002000ac8227f0080043c35
:100dd00008002003845684240800e003000000007b
:020000040000fa
:020000041d02db
:100de000e8ffbd2700800634252800001000b0afc2
:100df0001400bfaf0276400f258080000500401030
:100e00001400bf8f010002241a0002a61c0000a6d5
:100e10001400bf8f1000b08f0800e0031800bd273a
:020000040000fa
:020000041d02db
:100e2000e8ffbd271000b0af1400bfaf9a7c400fa1
:100e300025808000040040141400bf8f1000b08f84
:100e40000800e0031800bd2734000696220005962e
:100e5000252000021000b08f4400400b1800bd2771
:020000040000fa
:020000041d02db
:100e6000e8ffbd27010005241000b0af1400bfaf9c
:100e7000b477400f25808000060040101400bf8f1b
:100e8000040002241a0002a6090002241c0002a683
:100e90001400bf8f1000b08f0800e0031800bd27ba
:020000040000fa
:020000041d02db
:100ea000e8ffbd27090005241000b0af1400bfaf54
:100eb000b477400f25808000060040101400bf8fdb
:100ec000040002241a0002a6070002241c0002a645
:100ed0001400bf8f1000b08f0800e0031800bd277a
:020000040000fa
:020000041d02db
:100ee000401002240c008214000000000080023c2c
:100ef000400142242000439001006430060080102d
:100f00000200643004008014010004244408837c3f
:100f10000800e003200043a00800e003ffff0224d4
:020000040000fa
:020000041d02db
:100f2000e8ffbd272510a0001000b0af0400052485
:100f3000258080001400bfafb67e400f2520400002
:100f40000c00038e1400bf8f1000b08f1b004300f5
:100f5000f40160001800bd270800e0031010000035
:020000040000fa
:020000041d02db
:100f60000800838c0c00828c2b2862000500a050a6
:100f70000400858c23104300ffff42240800e00397
:100f8000ffff42300000848c231062002328a4005d
:100f9000ffffa324231062000800e003ffff42309c
:020000040000fa
:020000041d02db
:100fa000e0febd272801a2272801a6af2c01a7af8c
:100fb0002530a0001000a42725384000000105249a
:100fc0001c01bfafc167400f1001a2affb7e400ff5
:100fd0001000a4271c01bf8f0800e0032001bd27db
:020000040000fa
:020000041d02db
:100fe0000c0080100080033c0800868c605663244f
:100ff0000600c314f5ff02240400a0102510000011
:101000003c00838c0800e0030000a3ac0800e00370
:0c101000000000000800e003f5ff0224cf
:020000040000fa
:020000041d02db
:10101c000c0080100080033c0800848c6056632414
:10102c0006008314f5ff02240400c01025100000f4
:10103c00020083940800e0030000c3ac0800e00346
:0c104c00000000000800e003f5ff022493
:020000040000fa
:020000041d02db
:10105800e8ffbd27252800001000b0af1400bfaf7f
:10106800b477400f25808000050040101400bf8f22
:10107800010002241a0002a61c0000a61400bf8f5b
:0c1088001000b08f0800e0031800bd2726
:020000040000fa
:020000041d02db
:10109400e8ffbd27010005241000b0af1400bfaf66
:1010a400b477400f25808000050040101400bf8fe6
:1010b400010002241a0002a61c0000a61400bf8f1f
:0c10c4001000b08f0800e0031800bd27ea
:020000040000fa
:020000041d02db
:1010d0000400828c070040100000a0ac000045ac6a
:1010e0000800828c040085ac010042240800e00363
:1010f000080082ac0800828c040085ac000085ac3e
:0c110000010042240800e003080082ac5b
:020000040000fa
:020000041d02db
:10110c000000828c09004010000000000400838c59
:10111c0008006250040080ac0000438c000083acdb
:10112c000800838cffff6324080083ac0800e003f5
:0c113c0000000000faff0010000080ac72
:020000040000fa
:020000041d02db
:101148000000828c09004010000000000400838c1d
:1011580008006250040080ac0000438c000083ac9f
:101168000800838cffff6324080083ac0800e003b9
:0c11780000000000faff0010000080ac36
:020000040000fa
:020000041d02db
:101184000400828c070040100000a0ac000045acb5
:101194000800828c040085ac010042240800e003ae
:1011a400080082ac0800828c040085ac000085ac89
:0c11b400010042240800e003080082aca7
:020000040000fa
:020000041d02db
:1011c0000a008010000000001000838c09006010ed
:1011d000251000000c0064940000638cfdff601477
:1011e000211044000800e003ffff42300800e00344
:0c11f000251000000800e00300000000d3
:020000040000fa
:020000041d02db
:1011fc000400828c070040100000a0ac000045ac3d
:10120c000800828c040085ac010042240800e00335
:10121c00080082ac0800828c040085ac000085ac10
:0c122c00010042240800e003080082ac2e
:020000040000fa
:020000041d02db
:101238000000828c09004010000000000400838c2c
:1012480008006250040080ac0000438c000083acae
:101258000800838cffff6324080083ac0800e003c8
:0c12680000000000faff0010000080ac45
:020000040000fa
:020000041d02db
:101274000c00800425100000a880838f2b188300a5
:1012840008006010b880838f802004000a20647cea
:1012940004008010000000003e0082940800e00377
:0c12a4008002427c0800e0030000000013
:020000040000fa
:020000041d02db
:1012b0000c00801000000000420083944000633066
:1012c00003006014251000000800e0030000000087
:1012d0000800828c0400838c271002000800e003c1
:0c12e000251043000800e003251000006a
:020000040000fa
:020000041d02db
:1012ec000c0080100000000042008394400063302a
:1012fc0003006014251000000800e003000000004b
:10130c0062008290010042300a2002000800e003d3
:0c131c00251080000800e00325100000f0
:020000040000fa
:020000041d02db
:10132800001104000080043ce44f84242120820042
:1013380008008294271805000001a53024184300ee
:101348000400a010080083a4f880838fffff6324a3
:0c135800f88083af0800e00300000000f4
:020000040000fa
:020000041d02db
:10136400e8ffbd271000b0af0080103c7058102675
:10137400029d023c0800048e3408428c1400bfaf66
:1013840009f84000000000000400048e1400bf8f20
:0c1394001000b08fe608400b1800bd27c9
:020000040000fa
:020000041d02db
:1013a0000000848c03008104251000000800e00385
:1013b00000000000e8ffbd271400bfafea72400f35
:1013c00000000000ffff032401004350251000002f
:0c13d0001400bf8f0800e0031800bd27c8
:020000040000fa
:020000041d02db
:1013dc00e0ffbd271800b0af1000a6af258080003d
:1013ec001c00bfafa615400f1000a6270400038eeb
:1013fc001c00bf8fffff0424100063300b10830010
:0c140c001800b08f0800e0032000bd278e
:020000040000fa
:020000041d02db
:101418000800c0102510800020000324231866004f
:101428000600601c0620c500252000000610c50027
:10143800252880000800e0032518a0000610c20037
:1014480004286500faff0010251045000800c010a8
:101458002510800020000424232086000600805cdc
:101468000418c200251800000428c20025106000d6
:101478000800e0032518a0000428c5000610820013
:08148800faff00102528a20064
:020000040000fa
:020000041d02db
:10149000dc07029de407029d00000000ec07029dae
:1014a000f807029d0808029d0808029d1408029d85
:1014b0001c08029d00000000a0fc019d000000002f
:0814c000000000000000000024
:020000040000fa
:020000041d02db
:1014c8000b00a010000000000900c0100000000080
:1014d80007008004000000009080828f2a18820094
:1014e8000300601000000000b06b400b000000001b
:0814f8000800e00325100000cc
:020000040000fa
:020000041d02db
:10150000544350495020537461636b204173736599
:1015100072743a20696e2066696c653a2025732cd6
:101520002066756e633a2025732c206c696e653acf
:081530002025642c200d0a00a7
:020000040000fa
:020000041d02db
:101538000080023c245843942b1883000800601054
:1015480025100000c0100400231044008010020081
:10155800231044001881848f80100200211082001b
:081568000800e0030000000090
:020000040000fa
:020000041d02db
:10157000e8ffbd271000b0af0080103c5857102680
:101580000800048e1400bfaf7081400f380000a225
:101590001400bf8f310002a2010002241000b08f9e
:0815a0000800e0031800bd275c
:020000040000fa
:020000041d02db
:1015a800251800000a00c310000000002110830065
:1015b800010063242138a30000004290ffffe79058
:1015c800f8ff4710231047000800e0030000000060
:0815d8000800e00325100000eb
:020000040000fa
:020000041d02db
:1015e000e8ffbd271400bfaf1000b0af1c00a5afcf
:1015f0001787400f258080001c00a58f2520000242
:10160000e888400f010046241400bf8f1000b08fff
:081610000800e0031800bd27eb
:020000040000fa
:020000041d02db
:1016180099aa033c80bf023c55666324300040ac65
:10162800300043ac6655033caa996334300043aca0
:1016380001000324581243ac5012428cffff0010e3
:04164800000000009e
:020000040000fa
:020000041d02db
:10164c002538a000029d053ce8ffbd272530800011
:10165c00ec26a5241400bfafe883400f2520000022
:10166c004480828ffeff40141400bf8f0800e003fb
:04167c001800bd276e
:020000040000fa
:020000041d02db
:101680002538a000029d053ce8ffbd2725308000dd
:101690000c27a5241400bfafe883400f25200000cd
:1016a0004880828ffeff40141400bf8f0800e003c3
:0416b0001800bd273a
:020000040000fa
:020000041d02db
:1016b4000080023c605642240800821400000000ae
:1016c4000400a38c1000a28c02000524040085a44d
:1016d4000c0083ac140082ac240080a00800e0035a
:0416e4000000000002
:020000040000fa
:020000041d02db
:1016e8002538a000029d053ce8ffbd272530800075
:1016f800d424a5241400bfafe883400f25200000a0
:101708004c80828ffeff40141400bf8f0800e00356
:041718001800bd27d1
:020000040000fa
:020000041d02db
:10171c00031905000900601000190300f0070224ea
:10172c00140082acf00763302510a0000418027c72
:10173c00180083ac0800e003000000000800e00380
:04174c00ffff022475
:020000040000fa
:020000041d02db
:101750000000a290200382a00100a290210382a099
:101760000200a290100382a00300a290110382a0a5
:101770000400a290000382a00500a2900800e003ec
:04178000010382a03f
:020000040000fa
:020000041d02db
:10178400200382900000a2a0210382900100a2a065
:10179400100382900200a2a0110382900300a2a071
:1017a400000382900400a2a0010382900800e003d9
:0417b4000500a2a0ea
:020000040000fa
:020000041d02db
:1017b8000800a28c09004010000000000400a38c5f
:1017c8008002637c0400601000a0033c0080033c9e
:1017d8000800e00325104300251043000800e0033b
:0417e80000000000fd
:020000040000fa
:020000041d02db
:1017ec000a00801000000000420083944000633027
:1017fc0003006014251000000800e0030000000046
:10180c005e0082940800e003ecff42240800e00331
:04181c002510000093
:020000040000fa
:020000041d02db
:101820000a008010000000004200839440006330f2
:1018300003006014251000000800e0030000000011
:101840006000828c0800e0030004427c0800e00392
:04185000251000005f
:020000040000fa
:020000041d02db
:101854000a008010000000004200839440006330be
:1018640003006014251000000800e00300000000dd
:101874006000828c0800e0030004427c0800e0035e
:04188400251000002b
:020000040000fa
:020000041d02db
:101888005443502f495020537461636b3a20486584
:1018980061702044656c657465206661696c2120ff
:1018a8004e6f207472616365206578697374730d77
:0418b8000a00000022
:020000040000fa
:020000041d02db
:1018bc000080023c6457428ce8ffbd27e8030624f5
:1018cc0019008200253800001400bfaf1220000060
:1018dc00e11f400f102800001400bf8f0800e00328
:0418ec001800bd27fc
:020000040000fa
:020000041d02db
:1018f000f8ffbd270400bfaf006802400008033caa
:101900002510430000688240c00000000400bf8f23
:1019100081bf023c01000324c40043ac0800e00383
:041920000800bd27d7
:020000040000fa
:020000041d02db
:1019240081bf023c010003244000448c440043acca
:101934002c81828f05004010010084303081858f16
:101944002c81998f08002003000000000800e003a8
:04195400000000008f
:020000040000fa
:020000041d02db
:101958000800868c0c00858c029d073c029d043c87
:10196800e8ffbd277034e7241400bfaf3583400f6c
:10197800d01f84241400bf8fffff02240800e00357
:041988001800bd275f
:020000040000fa
:020000041d02db
:10198c00080080100080033c0800868c605663249d
:10199c000500c314f5ff02243c0085ac0800e003ed
:1019ac0025100000f5ff02240800e00300000000f1
:020000040000fa
:020000041d02db
:1019bc0009008010020003240800828c06004314e6
:1019cc000000000002008394ffff04240100633038
:1019dc000800e0030a1083000800e003ffff022464
:020000040000fa
:020000041d02db
:1019ec00d8ffbd27010002241800a2af3800a28f37
:1019fc001000a7af1400a2af2400bfafe941400f05
:101a0c00253800002400bf8f0800e0032800bd2704
:020000040000fa
:020000041d02db
:101a1c00d8ffbd27020002241800a2af3c00a28f01
:101a2c002400bfaf1400a2af3800a28fe941400fd1
:101a3c001000a2af2400bf8f0800e0032800bd27d0
:020000040000fa
:020000041d02db
:101a4c00d8ffbd27030002241800a2af3800a28fd4
:101a5c001000a7af1400a2af2400bfafe941400fa4
:101a6c00253800002400bf8f0800e0032800bd27a4
:020000040000fa
:020000041d02db
:101a7c00d8ffbd27040002241800a2af3800a28fa3
:101a8c001000a7af1400a2af2400bfafe941400f74
:101a9c00253800002400bf8f0800e0032800bd2774
:020000040000fa
:020000041d02db
:101aac00d8ffbd27050002241800a2af3c00a28f6e
:101abc002400bfaf1400a2af3800a28fe941400f41
:101acc001000a2af2400bf8f0800e0032800bd2740
:020000040000fa
:020000041d02db
:101adc000080023c400142240500821400000000fa
:101aec0020008290010042300300401400000000ee
:101afc000800e003000000001059400b000000003b
:020000040000fa
:020000041d02db
:101b0c000c00858c240080ac0700a0100000828c97
:101b1c000800848c2518000001006324000040a4f8
:101b2c00fdff6514211044000800e00300000000d4
:020000040000fa
:020000041d02db
:101b3c0009008010000000004200839440006330d4
:101b4c0003006014251000000800e00300000000f2
:101b5c000800e0030400828c0800e003251000005c
:020000040000fa
:020000041d02db
:101b6c0009008010000000004200839440006330a4
:101b7c0003006014251000000800e00300000000c2
:101b8c000800e0030c00828c0800e0032510000024
:020000040000fa
:020000041d02db
:101b9c000900801000000000420083944000633074
:101bac0003006014251000000800e0030000000092
:101bbc000800e0030400828c0800e00325100000fc
:020000040000fa
:020000041d02db
:101bcc000900801000000000420083944000633044
:101bdc0003006014251000000800e0030000000062
:101bec000800e0030800828c0800e00325100000c8
:020000040000fa
:020000041d02db
:101bfc007372632f636f6e6669672f6c69627261b3
:101c0c0072792f74637069702f7372632f746370a1
:101c1c0069705f6d616e616765722e630000000014
:020000040000fa
:020000041d02db
:101c2c0081bf023c80000324940043ac2481828f4a
:101c3c0005004010000000002881848f2481998fba
:101c4c0008002003000000000800e0030000000072
:020000040000fa
:020000041d02db
:101c5c000000828008004010000000002510800069
:101c6c000100422400004380feff60540100422426
:101c7c000800e003231044000800e00325100000d6
:020000040000fa
:020000041d02db
:101c8c00029d053ce8ffbd279434a5241400bfaf8a
:101c9c005848400f252000001400bf8f0080033ce3
:0c1cac00705862ac0800e0031800bd276f
:020000040000fa
:020000041d02db
:101cb800070080100080033c0800858c6056632470
:101cc8000400a314ffff02240800e003020082843a
:0c1cd800ffff02240800e00300000000f1
:020000040000fa
:020000041d02db
:101ce400070080100080033c0800858c6056632444
:101cf4000400a314f5ff02240800e0031e008284fc
:0c1d0400f5ff02240800e00300000000ce
:020000040000fa
:020000041d02db
:101d1000e8ffbd271400bfaf7963400f000000004b
:101d200003004204f7ff0224020042380100422c63
:0c1d30001400bf8f0800e0031800bd275e
:020000040000fa
:020000041d02db
:101d3c001a0099940300222f0600401080101900fd
:101d4c00029d193c443339270ac8227f080020031e
:0c1d5c00000000005a8a400b000000004c
:020000040000fa
:020000041d02db
:101d68001a0099940300222f0600401080101900d1
:101d7800029d193c503339270ac8227f08002003e6
:0c1d8800000000005a8a400b0000000020
:020000040000fa
:020000041d02db
:101d94001a0099940800222f0600401080101900a0
:101da400029d193c6c2739270ac8227f08002003aa
:0c1db400000000005a8a400b00000000f4
:020000040000fa
:020000041d02db
:101dc0001a0099940600222f060040108010190076
:101dd000029d193c182c39270ac8227f08002003cd
:0c1de000000000005a8a400b00000000c8
:020000040000fa
:020000041d02db
:101dec001a0099940300222f06004010801019004d
:101dfc00029d193c5c3339270ac8227f0800200356
:0c1e0c00000000005a8a400b000000009b
:020000040000fa
:020000041d02db
:101e18001a0099940500222f06004010801019001e
:101e2800029d193c682e39270ac8227f0800200322
:0c1e3800000000005a8a400b000000006f
:020000040000fa
:020000041d02db
:101e44001c0099940b00222f0600401080101900ea
:101e5400029d193c701e39270ac8227f08002003fe
:0c1e6400000000005a8a400b0000000043
:020000040000fa
:020000041d02db
:101e7000acef019d2811019db0ac019dbccc019d32
:101e800008d4019d804d019da00e029d18e2019d88
:0c1e9000600e029d44cd019d88bc019da8
:020000040000fa
:020000041d02db
:101e9c000080023c40014224060082140000000035
:101eac002000829001004330020060104408027c44
:0c1ebc00200082a00800e00300000000ed
:020000040000fa
:020000041d02db
:101ec8000100a0542e0085a00800998c030020135f
:101ed8002f0080a0080020030c00858c029d053c83
:0c1ee800ac27a524e883400b2520000057
:020000040000fa
:020000041d02db
:101ef400444843503a204661696c656420746f20fd
:101f04007265676973746572204950763420666916
:0c1f14006c74657221200d0a00000000b2
:020000040000fa
:020000041d02db
:101f20000800c01000000000060080049080838f2d
:101f30002a10830003004010000000004f7c400b7b
:0c1f4000000000000800e0032510000075
:020000040000fa
:020000041d02db
:101f4c00f8ffbd270400bfaf006802400008033c47
:101f5c002510430000688240c00000000400bf8fc1
:0c1f6c002c8180af0800e0030800bd27b6
:020000040000fa
:020000041d02db
:101f78000080033c145763242800648c2c00628c76
:101f88002b2882000300a010000000003000638ca2
:0c1f9800212064000800e00323108200f8
:020000040000fa
:020000041d02db
:101fa4000080033c145763240c00628c0800648c8a
:101fb4002b2882000300a010000000001800638c8e
:0c1fc400212083000800e00323108200ad
:020000040000fa
:020000041d02db
:101fd000536572766963696e6720257320636f6e3f
:101fe0006e656374696f6e206f6e20706f727420ff
:0c1ff000257520696e2025732e0d0a0057
:020000040000fa
:020000041d02db
:101ffc000800c010251080002130860025188000b4
:10200c000100a524ffffa79001006324fcff6614c8
:0c201c00ffff67a00800e00300000000c8
:020000040000fa
:020000041d02db
:10202800000082800000a38003004314ff00633097
:102038000400405401008424ff0042300800e003fb
:0c20480023104300f6ff00100100a52447
:020000040000fa
:020000041d02db
:102054000080043c0058822401000324080043ac9f
:102064000080033ce8586324005883ac0100033c1f
:0c207400c0fd63240800e003040043ac3e
:020000040000fa
:020000041d02db
:102080000500000001000000b00400003c0000005a
:1020900002000000320000004b00000001000000c0
:0820a000030000000100000034
:020000040000fa
:020000041d02db
:1020a80000000000002088bf000000004100000080
:1020b800002c029d000000002408029dac34029d03
:0820c80000000000340100805b
:020000040000fa
:020000041d02db
:1020d000e8ffbd271400bfaf7373400f2528000031
:1020e00002004050ffff02240c00428c1400bf8ffe
:0820f0000800e0031800bd2701
:020000040000fa
:020000041d02db
:1020f800e8ffbd271000b0af1400bfaf818c400fc0
:1021080025808000252000021400bf8f1000b08faa
:082118006f8d400b1800bd277c
:020000040000fa
:020000041d02db
:102120000080033c4001632405008314ffff022468
:102130002000839001006330010060541c00828cf9
:082140000800e00300000000ac
:020000040000fa
:020000041d02db
:1021480007008010000000000080023cd456468c36
:102158000300c0100080053c967f400bec56a52478
:082168000800e003251000004f
:020000040000fa
:020000041d02db
:102170000000a29401004330050060100400027cbe
:102180000000a2a42400828cffff4224240082ac21
:082190000800e003000000005c
:020000040000fa
:020000041d02db
:102198000c00838c2b18a30005006010251000008c
:1021a8000800828c0000838c0220a270211083001a
:0821b8000800e0030000000034
:020000040000fa
:020000041d02db
:1021c00005008010000000000000838c0100022444
:1021d00003006210000000000800e003251000006a
:0821e000fb47400b000000006a
:020000040000fa
:020000041d02db
:1021e800e8ffbd271000b0af1400bfaf3481400f27
:1021f80025808000252000021400bf8f1000b08fba
:08220800066d400b1800bd2714
:020000040000fa
:020000041d02db
:102210004950763420496e69743a204661696c658c
:102220006420746f20696e6974616c697a653a2004
:08223000256421200d0a0000c5
:020000040000fa
:020000041d02db
:1022380007008010e080868f0500c010029d073cd3
:102248000080053c2c28e724e163400b9058a52426
:082258000800e003251000005e
:020000040000fa
:020000041d02db
:102260000700801000000000420083943c0084249a
:10227000400062300a2002000800e00325108000c0
:082280000800e0032510000036
:020000040000fa
:020000041d02db
:102288005443502f495020537461636b3a20496e70
:10229800697469616c697a6174696f6e20537461dd
:0822a80072746564200d0a0048
:020000040000fa
:020000041d02db
:1022b000421104000029020081bf023cc0004224f8
:1022c000010003242110450004188300080043acda
:0822d0000800e003000000001b
:020000040000fa
:020000041d02db
:1022d800421104000029020081bf023cc0004224d0
:1022e800010003242110450004188300040043acb6
:0822f8000800e00300000000f3
:020000040000fa
:020000041d02db
:10230000421104000029020081bf023c4000422427
:10231000010003242110450004188300040043ac8d
:082320000800e00300000000ca
:020000040000fa
:020000041d02db
:102328000700801000000000f8ffbd270400bfafc1
:10233800206062410400bf8f0800e0030800bd2749
:082348000800e00300000000a2
:020000040000fa
:020000041d02db
:102350000700c01025108000202c057c213086004d
:102360002518800001006324feff6614ffff65a0ae
:082370000800e003000000007a
:020000040000fa
:020000041d02db
:10237800e8ffbd271000b0af1400bfaf7677400f5d
:10238800258080001400bf8f251000021000b08f38
:082398000800e0031800bd2756
:020000040000fa
:020000041d02db
:1023a000ff00a530213086000500861025100000b2
:1023b000ffffc390ffffc224fbff651425304000e0
:0823c0000800e003000000002a
:020000040000fa
:020000041d02db
:1023c8000080033cd458668c0500c014251000001a
:1023d800d45864ac100080ac000085ac0100022425
:0823e8000800e0030000000002
:020000040000fa
:020000041d02db
:1023f000000000000000f03f000000000000e03f8f
:102400000000000000005043000000000000b03f4a
:08241000000000000000204064
:020000040000fa
:020000041d02db
:10241800e8ffbd271000b0af1400bfaf1089400f10
:10242800258080001400bf8f251000021000b08f97
:082438000800e0031800bd27b5
:020000040000fa
:020000041d02db
:1024400002000010251080002510c0000100a52406
:10245000ffffa38001004624fbff6014ffffc3a021
:082460000800e0030000000089
:020000040000fa
:020000041d02db
:10246800e0ffbd27010002241000a2af1c00bfaf8f
:102478000b69400f000000001c00bf8f0800e0033c
:042488002000bd274c
:020000040000fa
:020000041d02db
:10248c000080023c605643240400831400000000ca
:10249c00040080a4605640a0140080ac0800e00347
:0424ac00000000002c
:020000040000fa
:020000041d02db
:1024b0005f4452565f5048595f534d495472616ea4
:1024c0007366657257616974436f6d706c6574658e
:0424d0000000000008
:020000040000fa
:020000041d02db
:1024d400644d49494d204173736572743a202573e4
:1024e4002c20696e206c696e653a2025642c200dc1
:0424f4000a000000da
:020000040000fa
:020000041d02db
:1024f8000400a38c03006014ffff02240800e0031b
:10250800000000000000a38c000062a00800e003a7
:042518000100022498
:020000040000fa
:020000041d02db
:10251c000080023c1057428c030044502000438c36
:10252c009573400b00000000c418037c0800e00306
:04253c00200043ac8c
:020000040000fa
:020000041d02db
:102540000c00828c05004010000000002000428c2e
:10255000080042380800e003c000427c0800e003a5
:042560002510000042
:020000040000fa
:020000041d02db
:10256400060080049080838f2a10830003004010ab
:10257400000000003051400b000000000800e003a0
:04258400251000001e
:020000040000fa
:020000041d02db
:10258800e8ffbd27010006241400bfaf5106400f25
:10259800100005241400bf8f0100422c0800e0033e
:0425a8001800bd2733
:020000040000fa
:020000041d02db
:1025ac0006008010000000002c00828c3000838c10
:1025bc00231043000800e003001102000800e003b0
:0425cc0025100000d6
:020000040000fa
:020000041d02db
:1025d000c4ea019df800019dd409029de0d0009d50
:1025e000482a029dc49c019dac25029d642a029d3f
:0425f000802a029d9e
:020000040000fa
:020000041d02db
:1025f40006008010251000004400828c0300401067
:10260400000000000800e0030400428c0800e0031e
:0426140000000000c2
:020000040000fa
:020000041d02db
:10261800496e697469616c697a6564202573206301
:102628006f6e6e656374696f6e20696e2025732ef8
:042638000d0a000087
:020000040000fa
:020000041d02db
:10263c00200083349fff63241a00632c0300601472
:10264c0001000224d0ff84240a00822c0800e0033d
:04265c00000000007a
:020000040000fa
:020000041d02db
:10266000d0ff83240a00632c0400601401000224bc
:10267000200084349fff82240600422c0800e003df
:042680000000000056
:020000040000fa
:020000041d02db
:102684000080043cd858828c954c033c2d7f6324f5
:102694000210437001004224d85882ac0800e003c1
:0426a40042140200da
:020000040000fa
:020000041d02db
:1026a800e0ffbd272c00a7af2c00a7271c00bfaf59
:1026b800c167400f1000a7af1c00bf8f0800e003e0
:0426c8002000bd270a
:020000040000fa
:020000041d02db
:1026cc000800000608000400000001000200f401ec
:1026dc0037420000002088bf10f0019da820029d09
:020000040000fa
:020000041d02db
:1026ec0050485920436f6e643a2025732c20696e34
:1026fc00206c696e653a2025642c200d0a000000c0
:020000040000fa
:020000041d02db
:10270c00504859204173736572743a2025732c20fc
:10271c00696e206c696e653a2025642c200d0a00c8
:020000040000fa
:020000041d02db
:10272c00e0ffbd271000a0af1c00bfaf0b69400f2e
:10273c00000000001c00bf8f0800e0032000bd2734
:020000040000fa
:020000041d02db
:10274c004452565f504859206f7065726174696fbe
:10275c006e206572726f723a2025640d0a000000bb
:020000040000fa
:020000041d02db
:10276c00bc34029d2877019d70d0019d0cf9019d10
:10277c00b0f8019d54f8019df8f7019d9c18019d3e
:020000040000fa
:020000041d02db
:10278c00010000000200000008000000040000002e
:10279c00100000002000000040000000800000003d
:020000040000fa
:020000041d02db
:1027ac005061636b65742041636b3a206f72706883
:1027bc00616e207061636b657421200d0a0000004e
:020000040000fa
:020000041d02db
:1027cc00000102240300c210010006240800e003eb
:1027dc0000000000010005242861400b0c000424bb
:020000040000fa
:020000041d02db
:1027ec00000102240300c210010006240800e003cb
:1027fc0000000000010005242861400b0f00042498
:020000040000fa
:020000041d02db
:10280c000000000000000000010000006c2f029d81
:10281c0002000000742f029d03000000782f029d1f
:020000040000fa
:020000041d02db
:10282c00080082900400401000000000cc80828fd1
:10283c00ffff4224cc8082af0800e00300000000c0
:020000040000fa
:020000041d02db
:10284c000080023c24584224030044140000000081
:10285c000800e003f480828f0800e003ffff0224ed
:020000040000fa
:020000041d02db
:10286c000608020000000100000803000000000040
:10287c00ffff040000000000ffff05000000000047
:020000040000fa
:020000041d02db
:10288c004219040081bf023c00190300c00042241d
:10289c000a10437c061082000800e003010042305d
:020000040000fa
:020000041d02db
:1028ac00f8ffbd270400bfaf00606241c00000000c
:1028bc000400bf8f010042300800e0030800bd2770
:020000040000fa
:020000041d02db
:1028d000000000000000f03f000000000000244065
:1028e0000000000000005043000000000000144001
:1028f000000000000000e043000000000000e0c312
:10290000000000f0ffff1f34000000000000f0078f
:020000040000fa
:020000041d02db
:1029100000008c90ffffc624010084240000aca0be
:10292000fbffc0140100a5240800e003251080006f
:020000040000fa
:020000041d02db
:10293000bc2f029dc8f5019df018029d6434029dd4
:0c29400000000000f02a029d982d029d6e
:020000040000fa
:020000041d02db
:10294c000080033c6056632402008314ffff0224c2
:0c295c00040082840800e003000000007a
:020000040000fa
:020000041d02db
:1029680002000224020082a4f7ff023c180080ac97
:0c2978001c0082ac958b400bf7ff042480
:020000040000fa
:020000041d02db
:102984005f4452565f5048595f534d495472616ecb
:0c29940073666572537461727400000079
:020000040000fa
:020000041d02db
:1029a000b434029d181e029dec1d029dc01d029da7
:0c29b000941d029d681d029d3c1d029daf
:020000040000fa
:020000041d02db
:1029bc000080033c400163240200831425100000b6
:0c29cc009c00828c0800e003000000006a
:020000040000fa
:020000041d02db
:1029d800e8ffbd271400bfaf558d400f0000000071
:0c29e8001400bf8f0800e0031800bd279a
:020000040000fa
:020000041d02db
:1029f4004452562050485920696e697420666169b2
:0c2a04006c65643a2025640d0a00000097
:020000040000fa
:020000041d02db
:102a1000002a0500007fa530007f0224340282ac2a
:0c2a2000380285ac0800e0030000000054
:020000040000fa
:020000041d02db
:102a2c00b408029db096019da002029dbc92019d2e
:0c2a3c00a8b2009d74f0019df824029dda
:020000040000fa
:020000041d02db
:102a480004008010000000002c00828c0800e003c5
:0c2a5800001102000800e003251000003f
:020000040000fa
:020000041d02db
:102a640004008010000000003400828c0800e003a1
:0c2a7400001102000800e0032510000023
:020000040000fa
:020000041d02db
:102a800004008010000000003800828c0800e00381
:0c2a9000380080ac0800e003f7ff0224cf
:020000040000fa
:020000041d02db
:102a9c00040080100000000010000624d488400bb5
:0c2aac00252800000800e00300000000e6
:020000040000fa
:020000041d02db
:102ab80040100400211044000080043c80100200f3
:0c2ac800505584248e84400b2120820095
:020000040000fa
:020000041d02db
:102ad400756e6b0065746800776c616e00000000b1
:0c2ae400707070006733616470000000c7
:020000040000fa
:020000041d02db
:102af000f8ffbd270400bfaf00588440c0000000ad
:0c2b00000400bf8f0800e0030800bd27a0
:020000040000fa
:020000041d02db
:102b0c0086bf023c002204003800422421104400fd
:0c2b1c00000045ac0800e00300000000d1
:020000040000fa
:020000041d02db
:102b280086bf023c002204003400422421104400e5
:0c2b3800000045ac0800e00300000000b5
:020000040000fa
:020000041d02db
:102b440086bf023c002204003c00422421104400c1
:0c2b5400000045ac0800e0030000000099
:020000040000fa
:020000041d02db
:102b600086bf023c002204001400422421104400cd
:0c2b7000000045ac0800e003000000007d
:020000040000fa
:020000041d02db
:102b7c00e8ffbd271400bfafb72a400fffffc630d8
:0c2b8c001400bf8f0800e0031800bd27f4
:020000040000fa
:020000041d02db
:102b9800bfff83241a00632c0200601025108000f8
:0c2ba800200082340800e0030000000060
:020000040000fa
:020000041d02db
:102bb4009fff83241a00632c0200601025108000fc
:0c2bc4005f0082300800e0030000000009
:020000040000fa
:020000041d02db
:102bd0000000200201020006000000000b080000b7
:082be0000100000000000000ec
:020000040000fa
:020000041d02db
:102be80001000000050000000000000005000000d2
:082bf8000100000001000000d3
:020000040000fa
:020000041d02db
:102c00000006019dd4fb009d3833029d00000000aa
:082c10000000000000000000bc
:020000040000fa
:020000041d02db
:102c18005810029d88d4019d1000009d200e029d31
:082c28003c59019d28bd019dee
:020000040000fa
:020000041d02db
:102c30004d49494d5f50726f636573735f526561b3
:082c40006445787400000000f7
:020000040000fa
:020000041d02db
:102c48004d49494d5f50726f636573735f57726981
:082c580074654578740000006a
:020000040000fa
:020000041d02db
:102c60005f4452565f4d49494d5f52656c656173d3
:082c7000654f704463707400ad
:020000040000fa
:020000041d02db
:102c78005f4452565f4d49494d5f4f704c697374bc
:082c880052656d6f76650000d6
:020000040000fa
:020000041d02db
:102c90002510c0006000d98c2530a00025288000b8
:082ca000080020035c00448cd5
:020000040000fa
:020000041d02db
:102ca8007f00a5307f000224240282ac280285ac74
:082cb8000800e0030000000029
:020000040000fa
:020000041d02db
:102cc0007f00a5307f000224340282ac380285ac3c
:082cd0000800e0030000000011
:020000040000fa
:020000041d02db
:102cd8000300c3880800a28c0000c3982610430094
:082ce8000800e0032b100200bc
:020000040000fa
:020000041d02db
:102cf00003008010000000000800e00358008294e8
:082d00000800e003ffff0224bc
:020000040000fa
:020000041d02db
:102d080003008010000000000000a28c0c0082acc0
:082d18000800e00300000000c8
:020000040000fa
:020000041d02db
:102d200003008010000000000000a28c100082aca4
:082d30000800e00300000000b0
:020000040000fa
:020000041d02db
:102d380003008010000000000000a28c140082ac88
:082d48000800e0030000000098
:020000040000fa
:020000041d02db
:102d5000208186af25308000029d043c01000724bd
:082d60006167400b4c34842430
:020000040000fa
:020000041d02db
:102d68000300a014000000000800e00300000000b9
:082d7800ac88400b00000000d4
:020000040000fa
:020000041d02db
:102d8000f8ffbd270400bfaf00680240007002409a
:082d9000ffff0010000000002d
:020000040000fa
:020000041d02db
:102d9800f8ffbd270400bfaf004802400400bf8f02
:082da8000800e0030800bd274c
:020000040000fa
:020000041d02db
:102db0006c776461715f70726f636573735f6d656b
:082dc0007373616765000000f8
:020000040000fa
:020000041d02db
:102dc800485454500000000054454c4e45540000ef
:082dd8004c574441510000007a
:020000040000fa
:020000041d02db
:102de00000601a40bfff1b3cffff7b3724d05b0312
:082df00000609a401800004247
:020000040000fa
:020000041d02db
:102df80068076c094c836a9074a07ac00080688860
:082e080000846c8200810000cf
:020000040000fa
:020000041d02db
:102e1000000000000000f0bf000000000000304390
:082e2000000000000000f03f7b
:020000040000fa
:020000041d02db
:102e2800ffffc6240000a0a0fdffc0140100a524d8
:082e38000800e00325108000f2
:020000040000fa
:020000041d02db
:102e400002000224020082a4180080ac0800e00303
:042e50001c0080ac36
:020000040000fa
:020000041d02db
:102e5400029d053c253080004c27a524e883400bc7
:042e64002520000025
:020000040000fa
:020000041d02db
:102e6800d0e0009d1c27019d5c69019d041d019d0a
:042e7800441e029d55
:020000040000fa
:020000041d02db
:102e7c005f4452565f4d49494d5f4765744f7044ee
:042e8c0063707400fb
:020000040000fa
:020000041d02db
:102e90005f4452565f4d49494d5f4f70526573759f
:042ea0006c7400004e
:020000040000fa
:020000041d02db
:102ea4005f4452565f4d49494d5f5265706f72746d
:042eb4004f7000005b
:020000040000fa
:020000041d02db
:102eb8004d49494d5f50726f636573735f52656129
:042ec80064000000a2
:020000040000fa
:020000041d02db
:102ecc004d49494d5f50726f636573735f577269fb
:042edc007465000019
:020000040000fa
:020000041d02db
:102ee0004d49494d5f50726f636573735f53636102
:042ef0006e00000070
:020000040000fa
:020000041d02db
:102ef4005f4452565f4d49494d5f50726f6365732d
:042f0400734f700097
:020000040000fa
:020000041d02db
:102f0800c483019d688b019d2491019dd055019d2d
:042f18005c5a019d61
:020000040000fa
:020000041d02db
:102f1c000400060008000a000e0014001c00280023
:042f2c00300032003f
:020000040000fa
:020000041d02db
:102f30009001009df091019d707e019db0b8019db2
:042f40001478019d63
:020000040000fa
:020000041d02db
:102f44002000828c8228050084f8a27c0800e0031b
:042f5400200082ac2b
:020000040000fa
:020000041d02db
:102f58003000828c8228050084f8a27c0800e003f7
:042f6800300082ac07
:020000040000fa
:020000041d02db
:102f6c0066756c6c000000006c6f7700646f776e98
:042f7c000000000051
:020000040000fa
:020000041d02db
:102f80002510a0002530000025288000d351400bdb
:042f900025204000b8
:020000040000fa
:020000041d02db
:102f94005f5443504950537461636b5061636b6574
:042fa40074547800e9
:020000040000fa
:020000041d02db
:102fa800d42a029dd82a029ddc2a029de42a029d89
:042fb800e82a029d64
:020000040000fa
:020000041d02db
:102fbc002c818227000044ac040045ac0800e003df
:042fcc000000000001
:020000040000fa
:020000041d02db
:102fd000282e029d1029029d5cdd019d5cdd019d76
:042fe0005cdd019d16
:020000040000fa
:020000041d02db
:102fe4000a000000000000000000000000000000d3
:020000040000fa
:020000041d02db
:102ff400000000000a00000044000000430000003c
:020000040000fa
:020000041d02db
:103004004452565f4554485048595f4f70656e00ae
:020000040000fa
:020000041d02db
:103014004452565f4d49494d5f5461736b730000d0
:020000040000fa
:020000041d02db
:1030240001000224080082ac0800e0030000000054
:020000040000fa
:020000041d02db
:1030340000800234080282ac0800e00300000000b3
:020000040000fa
:020000041d02db
:1030440000800234040282ac0800e00300000000a7
:020000040000fa
:020000041d02db
:1030540000800234040082ac0800e0030000000099
:020000040000fa
:020000041d02db
:1030640000800234080082ac0800e0030000000085
:020000040000fa
:020000041d02db
:1030740000020224040082ac0800e0030000000007
:020000040000fa
:020000041d02db
:1030840000020224080082ac0800e00300000000f3
:020000040000fa
:020000041d02db
:1030940000010224040082ac0800e00300000000e8
:020000040000fa
:020000041d02db
:1030a40000010224080082ac0800e00300000000d4
:020000040000fa
:020000041d02db
:1030b40040028294046aa27c0800e003400282a4d5
:020000040000fa
:020000041d02db
:1030c400400282940418a27c0800e003400282a417
:020000040000fa
:020000041d02db
:1030d40000080224680282ac0800e003000000003b
:020000040000fa
:020000041d02db
:1030e40060028294c45a027c0800e003600282a455
:020000040000fa
:020000041d02db
:1030f400600282940442a27c0800e003600282a47d
:020000040000fa
:020000041d02db
:10310400ffc0a530a40085ac0800e0030000000067
:020000040000fa
:020000041d02db
:10311400ffc0a530a80085ac0800e0030000000053
:020000040000fa
:020000041d02db
:10312400002c0500080085ac0800e0030000000046
:020000040000fa
:020000041d02db
:1031340008000224080282ac0800e003000000003a
:020000040000fa
:020000041d02db
:1031440004000224080282ac0800e003000000002e
:020000040000fa
:020000041d02db
:1031540080000224080082ac0800e00300000000a4
:020000040000fa
:020000041d02db
:10316400480086ac580087ac0800e003000000006b
:020000040000fa
:020000041d02db
:1031740002000224880282ac0800e0030000000080
:020000040000fa
:020000041d02db
:1031840002000224840282ac0800e0030000000074
:020000040000fa
:020000041d02db
:1031940001000224880282ac0800e0030000000061
:020000040000fa
:020000041d02db
:1031a40001000224840282ac0800e0030000000055
:020000040000fa
:020000041d02db
:1031b400a00282940462a27c0800e003a00282a41c
:020000040000fa
:020000041d02db
:1031c400a00282940420a27c0800e003a00282a44e
:020000040000fa
:020000041d02db
:1031d40004000224d80282ac0800e00300000000ce
:020000040000fa
:020000041d02db
:1031e40002000224980282ac0800e0030000000000
:020000040000fa
:020000041d02db
:1031f40002000224940282ac0800e00300000000f4
:020000040000fa
:020000041d02db
:1032040001000224940282ac0800e00300000000e4
:020000040000fa
:020000041d02db
:1032140000800234880282ac0800e0030000000051
:020000040000fa
:020000041d02db
:1032240000800234840282ac0800e0030000000045
:020000040000fa
:020000041d02db
:10323400800282948428a27c0800e003800282a495
:020000040000fa
:020000041d02db
:103244000300c2880000c2980800e0030800a2ac92
:020000040000fa
:020000041d02db
:10325400040080ac000080ac0800e003080080acef
:020000040000fa
:020000041d02db
:103264009480828f802004000800e0030a10447ccc
:020000040000fa
:020000041d02db
:10327400e8ffbd271400bfaf608b400f00000000c3
:020000040000fa
:020000041d02db
:10328400e8ffbd271400bfaf608b400f00000000b3
:020000040000fa
:020000041d02db
:10329400e8ffbd271400bfaf608b400f00000000a3
:020000040000fa
:020000041d02db
:1032a40074637069705f7365727665720000000004
:020000040000fa
:020000041d02db
:1032b40070696e675f67617465776179000000000b
:020000040000fa
:020000041d02db
:1032c40074656c6e65745f7461736b7300000000e9
:020000040000fa
:020000041d02db
:1032d400494e4600696e66004e414e006e616e00b6
:1032e400494e4600696e66004e414e006e616e00a6
:020000040000fa
:020000041d02db
:1032f800000000000000e07f000000000000600304
:020000040000fa
:020000041d02db
:0c33080000800534c38a400b020004243e
:020000040000fa
:020000041d02db
:0c33140000800534ca8a400b020004242b
:020000040000fa
:020000041d02db
:0c33200004000524c38a400b2520000097
:020000040000fa
:020000041d02db
:0c332c0004000524d18a400b252000007d
:020000040000fa
:020000041d02db
:0c3338002600023c0800e003a02542240f
:020000040000fa
:020000041d02db
:0c334400e00d029de4a4019d4874019d71
:020000040000fa
:020000041d02db
:0c335000c434029deccf019d402e029d74
:020000040000fa
:020000041d02db
:0c335c009410029d3cc0019dc8f2019d30
:020000040000fa
:020000041d02db
:0c3368005049433332494e54000000002d
:020000040000fa
:020000041d02db
:0c337400e000828c0800e003c001427cf5
:020000040000fa
:020000041d02db
:0c338000e000828c0800e0038001427c29
:020000040000fa
:020000041d02db
:0c338c00e000828c0800e0034001427c5d
:020000040000fa
:020000041d02db
:0c339800d40085ac0800e0030000000039
:020000040000fa
:020000041d02db
:0c33a400c80085ac0800e0030000000039
:020000040000fa
:020000041d02db
:0c33b000c40085ac0800e0030000000031
:020000040000fa
:020000041d02db
:0c33bc00d40085ac0800e0030000000015
:020000040000fa
:020000041d02db
:0c33c8000000828c0800e003c003427c7f
:020000040000fa
:020000041d02db
:0c33d400d00282900800e00301004230ab
:020000040000fa
:020000041d02db
:0c33e000d00282900800e0038000427cd4
:020000040000fa
:020000041d02db
:0c33ec002000a48c0a88400b2528c0009b
:020000040000fa
:020000041d02db
:0c33f8000000998c080020030000000079
:020000040000fa
:020000041d02db
:0c3404000400998c080020030000000068
:020000040000fa
:020000041d02db
:0c3410000800998c080020030000000058
:020000040000fa
:020000041d02db
:0c341c000c00998c080020030000000048
:020000040000fa
:020000041d02db
:0c342800010006247328400b25288000ba
:020000040000fa
:020000041d02db
:0c3434000080023c0800e0032458429491
:020000040000fa
:020000041d02db
:0c3440002c0082240800e0030a100400a5
:020000040000fa
:020000041d02db
:0c344c002081998f080020032528000033
:020000040000fa
:020000041d02db
:0c3458000080023c0800e0036457428c36
:020000040000fa
:020000041d02db
:0c346400f505023c0800e00300e14234e2
:020000040000fa
:020000041d02db
:0c347000687474705f7461736b7300000b
:020000040000fa
:020000041d02db
:0c347c006c776461715f7461736b7300a6
:020000040000fa
:020000041d02db
:0c348800286e696c29000000250000007f
:020000040000fa
:020000041d02db
:083494003029029d0000000038
:020000040000fa
:020000041d02db
:08349c000a000000000200021a
:020000040000fa
:020000041d02db
:0834a4000a0000020000000014
:020000040000fa
:020000041d02db
:0834ac0000000000002088bfb1
:020000040000fa
:020000041d02db
:0834b4000800e0030000000025
:020000040000fa
:020000041d02db
:0834bc002584400b0000000014
:020000040000fa
:020000041d02db
:0834c4002584400b000000000c
:020000040000fa
:020000041d02db
:0834cc000800e003000000000d
:020000040000fa
:020000041d02db
:0834d4000800e0030000000005
:020000040000fa
:020000041d02db
:0834dc000800e00300000000fd
:020000040000fa
:020000041d02db
:0834e400f58c400b0000000014
:020000040000fa
:020000041d02db
:0834ec007d8c400b0000000084
:020000040000fa
:020000041d02db
:0834f4000800e00300000000e5
:020000040000fa
:020000041d02db
:0834fc000800e00301000224b6
:020000040000fa
:020000041d02db
:083504000004a3000000000018
:020000040000fa
:020000041d02db
:08350c006b8d400b0000000074
:020000040000fa
:020000041d02db
:08351400698d400b000000006e
:020000040000fa
:020000041d02db
:08351c00678d400b0000000068
:020000040000fa
:020000041d02db
:08352400658d400b0000000062
:020000040000fa
:020000041d02db
:08352c00638d400b000000005c
:020000040000fa
:020000041d02db
:08353400618d400b0000000056
:020000040000fa
:020000041d02db
:08353c005f8d400b0000000050
:020000040000fa
:020000041d02db
:083544003b4d400b2520000067
:020000040000fa
:020000041d02db
:08354c000800e003500285a411
:020000040000fa
:020000041d02db
:083554000800e003e200829090
:020000040000fa
:020000041d02db
:08355c000800e0032000828c4e
:020000040000fa
:020000041d02db
:083564000800e0033000828c36
:020000040000fa
:020000041d02db
:08356c000800e003b20085a095
:020000040000fa
:020000041d02db
:083574000800e003b00085a08f
:020000040000fa
:020000041d02db
:08357c000800e0031001829435
:020000040000fa
:020000041d02db
:083584000800e00340018294fd
:020000040000fa
:020000041d02db
:08358c000800e0030001829435
:020000040000fa
:020000041d02db
:083594000800e00350018294dd
:020000040000fa
:020000041d02db
:08359c000800e00360018294c5
:020000040000fa
:020000041d02db
:0835a4000800e00320018294fd
:020000040000fa
:020000041d02db
:0835ac000800e00330018294e5
:020000040000fa
:020000041d02db
:0835b4000800e003d000828c46
:020000040000fa
:020000041d02db
:0835bc000800e003c002829444
:020000040000fa
:020000041d02db
:0835c4000800e003548080af11
:020000040000fa
:020000041d02db
:0835cc000800e003f8ff0224ef
:020000040000fa
:020000041d02db
:0835d4000800e00308000224d6
:020000040000fa
:020000041d02db
:0835dc000800e00325100000c7
:020000040000fa
:020000041d02db
:0835e400ffffffffffff0000e5
:020000040000fa
:020000041d02db
:0835ec00400080000000000017
:020000040000fa
:020000041d02db
:0835f40040008000c00000004f
:020000040000fa
:020000041d02db
:0835fc00fa7c400b02000724d9
:020000040000fa
:020000041d02db
:083604000167400b000000000b
:020000040000fa
:020000041d02db
:08360c009573400b0000000063
:020000040000fa
:020000041d02db
:08361400e480400b00000000ff
:020000040000fa
:020000041d02db
:08361c000800e0032510000086
:020000040000fa
:020000041d02db
:083624000800e0031481828f0d
:020000040000fa
:020000041d02db
:08362c000800e003ec80828f2e
:020000040000fa
:020000041d02db
:083634000800e003e880828f2a
:020000040000fa
:020000041d02db
:08363c002b8a400b0000000086
:020000040000fa
:020000041d02db
:08364400ca88400b00000000e1
:020000040000fa
:020000041d02db
:08364c00020000000001000073
:020000040000fa
:020000041d02db
:083654000d0a00000820080027
:020000040000fa
:020000041d02db
:08365c00fb7e400b2520a000bd
:020000040000fa
:020000041d02db
:08366400a189400b00000000e9
:020000040000fa
:020000041d02db
:08366c000800e003000000006b
:020000040000fa
:020000041d02db
:083674000800e0030000000063
:020000040000fa
:020000041d02db
:0428cc0001030600fe
:020000040000fa
:020000041d02db
:0432f400638253633b
:020000040000fa
:020000041d02db
:04367c000000000c3e
:00000001FF
