:020000040000fa
:020000041fc01b
:100000000300001000000000f0f3060000000000f4
:100010000600f00f0000000000601a40c0045a7f84
:100020000500401300000000029d1a3c68595a2741
:10003000080040030000000008801d3cf8ffbd27b9
:1000400000801c3cf07f9c27026009402058200162
:1000500007000a248449497d02608940c0000000ed
:1000600000e0dc41ffff4a25faff401500000000d8
:1000700002608b40c0000000029d083cdc61082546
:1000800009f8000100000000029d083cd8c60825c0
:1000900009f80001000000000080083c3400082539
:1000a0000080093c400129250300001000000000e9
:1000b000000000ad040008252b080901fcff2014f6
:1000c00000000000c0bf083c7005082509f80001c9
:1000d00000000000029d083c5006082509f80001b8
:1000e0000000000081bf093c00000a3c30024a25a4
:1000f000e0072aad0000093c00002925010020117d
:100100000000000000488040ffff0a2400588a4099
:100110004000083c00600a4025500a0100608a4007
:10012000009d093c00002925c0000000017889409d
:100130000000093c0100292500000a2444492a7dc9
:1001400001608a408000093c0068894000800840c6
:100150008005097d404c0900006008405800013cc2
:100160002440010100010a3c2540480100240a3cca
:1001700025404801254028010060884000010a3cd4
:1001800000f8ca44c0000000029d083ce461082554
:1001900009f800010000000000600840bfff013cba
:1001a000ffff2134244001010060884000008430ba
:1001b0000000a530029d083c302c082508000001f5
:0401c000000000003b
:020000040000fa
:020000041fc01b
:10038000029d1a3c105e5a2708004003000000003e
:020000040000fa
:020000041fc01b
:1004b0000080094000000a2400000b2400000d24e5
:1004c00000000e240080013c244021012500001181
:1004d00001800940000000003800013c2440210157
:1004e000c24408000f0000110000000001000825b0
:1004f0000700013c2460210102640c0001008c25ee
:100500002550800101000b2404580b0104500a01fe
:10051000c001013c24402101824508000600082555
:1005200004500a01001c2831824208000d0000110d
:10053000000000000100082580032f31c2790f0060
:100540000100ef252568e00101000e2404700e0172
:1005500004680d0100e02831424308000600082528
:1005600004680d010800e003000000000000000026
:100570000080084007000924244828010200293986
:1005800004002011000000000800e003000000004b
:10059000000000002518e003c5ff11040000000062
:1005a00000600840feff0924244828010400293582
:1005b00000608940c000000000d0804000e0804022
:1005c000c0000000009d043c000084240100801451
:1005d000009d043c0400401121288a0021208b004a
:1005e000feff8514fcff88bc0080043c00008424ce
:1005f000010080140080043c0400a01121288d001b
:1006000021208e00feff8514fcff89bc0f00000036
:100610000080013c10002aac0080013c1c002dac85
:100620000080013c14002bac0080013c20002eac6b
:100630000080013c18002cac0080013c24002fac51
:1006400000608840c0000000008009400700293594
:10065000070029390300293500808940c0000000c7
:1006600025f860000800e003000000000000000022
:020000040000fa
:020000041d00dd
:10000000029d1a3c74af5a2708004003000000000c
:020000040000fa
:020000041d00dd
:10010000029d1a3c9cae5a270800400300000000e4
:020000040000fa
:020000041d00dd
:10018000029d1a3c38ab5a270800400300000000cb
:020000040000fa
:020000041d00dd
:100200002240400b000000009640400b0000000020
:100210000a41400b000000007e41400b000000003e
:10022000f241400b000000006642400b000000005d
:100230000000023c00004224070040100000023c85
:100240000000422405004050029d023c3f00007027
:100250000800e00300000000029d023cec3742244d
:10026000030040100000000009f8400000000000fa
:080270000800e003000000009b
:020000040000fa
:020000041fc01b
:10067000000000d01f00c0001f00c400000000d216
:100680001f00c8001f00cc00000000f01700c000d1
:100690001700c400000000f21700c8001700cc00cb
:1006a000000000c01f0080001f008400000000c286
:1006b0001f0088001f008c00000000e01700800071
:1006c00017008400000000e21700880017008c006b
:020000040000fa
:020000041fc01b
:1004800000f89b40c0000000029d1b3cec377b271e
:10049000020060130000000000c09b4000f81b40f9
:0c04a000c00000001f000042000000002f
:020000040000fa
:020000041fc01b
:04ffc000fffffffe42
:020000040000fa
:020000041fc01b
:04ffc40098b1f9fff8
:020000040000fa
:020000041fc01b
:04ffc80039ff745f2a
:020000040000fa
:020000041fc01b
:04ffcc00d3f7ffff69
:020000040000fa
:020000041fc01b
:04ffdc00ffffffff25
:020000040000fa
:020000041fc01b
:04fff000ffff00000f
:020000040000fa
:020000041d00dd
:1002780090ffbd270f0005240a0004244800b0aff2
:100288006c00bfaf6800beaf6400b7af6000b6af28
:100298005c00b5af5800b4af5400b3af5000b2af74
:1002a8007f8f400f4c00b1af2580400001004230e5
:1002b800100040546210113c020010324700001632
:1002c800a880838f6c00bf8f6800be8f6400b78fd3
:1002d8006000b68f5c00b58f5800b48f5400b38fa0
:1002e8005000b28f4c00b18f4800b08f0800e00377
:1002f8007000bd27009d123c04000010d34d31262c
:100308000a0006247e92400f252080029095400f17
:100318000a000424e8ff401025a040002c00959610
:100328001400a22ef6ff4014f2ff05241c00968e3e
:100338000c00c28e0019427c0500432cf1ff6014aa
:100348000a000624801002002a10a202edff4014c1
:1003580002001e3c2000828e24f05e00e9ffc017d8
:10036800f1ff05241800938e000242301000632626
:10037800d80040142800a3af1000628e0c00638ed2
:100388002520a0021c00a2af000602241800a3af7b
:100398000935400f2000a2a7253000000c000524d5
:1003a8001800a4271135400f2200a2a72000838e31
:1003b8002710020004006330b6016014ffff4630c6
:1003c8002528a0021135400f2520c002c100401089
:1003d800f6ff0524cbff00100a000624b9ff6010c1
:1003e8006210123c2588000025800000009d133c07
:1003f800d34d5226b880828f808010000a80507cae
:100408001f0000120b000224760004921c008210c8
:10041800c000023c3c00148e2410820229004010c7
:100428003e000296c005947e040043302900601403
:1004380010001524080042302f004014000000006e
:1004480076000392050002245400621000000000a8
:100458003300a0160100863a3e000296020043309f
:1004680036006014004042300400401003000224ab
:10047800760003925700621000000000a880838f66
:1004880001003126208e117c2b102302d9ff401445
:10049800258020026c00bf8f6800be8f6400b78f74
:1004a8006000b68f5c00b58f5800b48f5400b38fce
:1004b8005000b28f4c00b18f4800b08f0800e003a5
:1004c8007000bd2725a8000004004330d9ff601044
:1004d80025a00000dc85400f000000002800038ee6
:1004e80023104300d3ff40043e0002960800423028
:1004f800d3ff401010001524dc85400f00000000d9
:100508002c00038e23104300cdff40040500022475
:10051800760003921d016210100015240100863a2e
:100528002528a002750b400f252000023e000296e8
:1005380002004330ccff601000404230dc85400fa1
:10054800000000002400038e23104300ccff420467
:10055800a880838f760005920a00a22c54014010cf
:10056800801005007c0563260a10627c08004000a4
:1005780000000000b80a009d2c0a009d740a009d26
:10058800f809009d4006009db80a009dd009009d0d
:10059800b80a009db80a009d4006009ddc85400f02
:1005a800000000003000038e23104300a8ff400421
:1005b8000100062414000524750b400f25200002b5
:1005c80025280000f237400f25200002acff00105c
:1005d800a880838fdc85400f000000002400038e74
:1005e80023104300a6ff4004a880838f790003925c
:1005f800840002921c0262101000052425200002cb
:10060800750b400f02000624dc85400f01003126df
:10061800700004969880858fa880838f022085704b
:10062800190092001020000082210400211082008d
:1006380094ff0010240002ae780002920500432cbb
:10064800da006010000000005000038e0100422410
:10065800ff00423025a00000110005241000048e80
:100668000c00068e40180300780002a223108600b2
:100678002b208600500003ae06008010ffff42309a
:100688000400038e0000048e231864002110430028
:10069800ffff4230640004965400038e100006ae3b
:1006a800253000002318620021104400540003aed6
:1006b800640002a6750b400f252000026fff801210
:1006c80025280000f237400f252000026cff00109b
:1006d800a880838f6782400f2520c0021c008e8e61
:1006e8000c00cb8e0200cd9500196b7dff006b319d
:1006f8003602a01180580b000e0067960c00629617
:100708000000cf95a880868f2138e2002138e701c4
:100718002638ed002d02c010ffffe73028008c8e30
:10072800b8808a8f251000002528000025b8000011
:10073800080000100b0008241400831100000000ba
:100748000100a524202e057c2b18a6002c00601083
:100758002510a000801002000a10427df9ff4050c9
:100768000100a52476004490f6ff88500100a524d6
:10077800770043900200632cf2ff60500100a5242b
:100788004800438cecff6014000000001800801043
:1007980072004394ebffe3140100a5240000c48d0c
:1007a8006000438ce7ff8314000000004000448c85
:1007b8000c00638ee4ff8314202e057c01000324c3
:1007c800770043a02800a38fed02601048004cacce
:1007d800740043941000648e010005240463a37c14
:1007e800440044ac740043a41800001025b840002d
:1007f800d3ffa3510ab85700d2ff00100100a52467
:10080800f201e012010003240c00628e7700e3a2db
:100818004000e2ae2800a28f070040104800ecae6e
:100828007400e2961000638e010004240463827c45
:100838004400e3ae7400e2a60000e28e7200e7a670
:100848006000efa66200eda61000e2ae1000848ef4
:100858003e00e3960d00d3920c0082940040653070
:100868000800c88e23104b000c0082a40400a010be
:100878000400c98e02006330990060107900e0a27c
:100888007400e3967600e2920442037cb4014010bf
:100898007400e3a601000424890144500400623274
:1008a8001400b5262358ab02ffff6b31ecff6a2515
:1008b800ffff4a3101006c3286008015256840012f
:1008c80002006432030080101c00f58e0100ab2585
:1008d800ffff6d312000e48e2b28a402cc01a05428
:1008e80023a895001800e58e1400e68e23a8a4021c
:1008f8002320a60023a89500ffffb5325800eb8ef1
:10090800c601a01123582b01cb01a0520400733259
:10091800e90160052b207501080080140600643287
:100928002a207501040080142328ad022a28ab0070
:10093800c101a0540400733206006432cb01801454
:10094800100064327a0080100a00442cca0080101b
:10095800802002006c0945260a20a47c080080003b
:1009680000000000800c009d800c009d540e009d2e
:100978006c0b009d6c0b009d6c0b009d6c0b009d1f
:10098800800c009d6c0b009d280b009ddc85400fa2
:10099800000000003000038e23104300dffe4204f5
:1009a8001000152403ff001001000624aa01801678
:1009b8000100062414000524750b400f25200002b1
:1009c80040ff001025280000780002920500432c03
:1009d800f6ff60100000000001004224ff004230d2
:1009e8005000038e25a000001cff001010000524f5
:1009f800780002920500432cf8ff6054010042245d
:100a08000400032410ff8016760003a201000624c8
:100a180011000524750b400f2520000298fe0010d8
:100a2800a880838f780002920400432c69016054e7
:100a3800010042249880848f0500022425a000002c
:100a4800401904002318640080180300211864006a
:100a5800c0180300190072000200052410180000d5
:100a680082190300fdfe00100019030078000292ad
:100a78000300432c5c0160503e00039601004224b1
:100a8800ff0042305000038e25a00000f3fe001046
:100a9800120005242538c0002528c0022530a002f0
:100aa800a858400f2520800248fe001000000000d2
:100ab80073fea012a880838f990380160100062474
:100ac8002528a002750b400f252000026cfe00109f
:100ad800a880838fedff6b2579ff0010ffff6d3134
:100ae8003000a9af2c00a8afdc85400f2800abafc1
:100af8007000e3969880848f3000a98f2c00a88f0f
:100b0800021864702800ab8f1900710010180000db
:100b1800821903002110620059ff00102400e2ae80
:100b28005400e28e01004224c4000211252800006e
:100b38007a00e6962430de00f1fdc010020005249c
:100b48007c00e28eeffd40500a0006242800858ec6
:100b58008000e78e09f840003c00e486e8fd0010bc
:100b6800020005245400e78e2570e0001000e68e90
:100b78000800e58e2320a600060081042310070143
:100b88000400e28e0000ef8e23104f002120820027
:100b980023100701231044000d0040580c00e48e78
:100ba8007400e48e04000e240402843068018e145c
:100bb8000100042467014454253000000100ee249c
:100bc800444a437c5400eeae7400e3a60c00e48e65
:100bd8002318c4002b10c4006301401023186e00b2
:100be8000000e68e0400e28e231046002130020148
:100bf8002118c300030060182b1043008d0140101a
:100c0800dc0502243800e28ecb0140543c00aaaf38
:100c18007d0185503e00e2965400e78e0e00c29694
:100c28006e00e3962b186200010060546e00e2a685
:100c38006400e49621184800231867000700801410
:100c4800ffff6330060060507600e2923e00e296b5
:100c5800010004248431827c3e00e2a67600e29200
:100c680004000424610144106400e3a60600032480
:100c7800450243100000000020007332acff6016ec
:100c8800f8ff43240200632ca9ff60140600032424
:100c9800a8ff43507a00e6963a0040110000000091
:100ca8000c00c28e1c00e58e1800e48e0019427cf0
:100cb80080100200e301601921184b012a30a302b9
:100cc8000500c0102130a3002350ab02ffff4a31ba
:100cd80021184b012130a3002110c2022b308600bd
:100ce800ec02c0102400a2af2398850001007326ef
:100cf80023986b02d40260064000a3afffff733253
:100d0800010016242128ab00253860022400a627fc
:100d1800252080021000b6af2800aaaf3c00adaf76
:100d28003800acaf3400a9af3000a8afad57400fc2
:100d38002c00abaf2800aa8f1400e58e2400a6274c
:100d4800233853011000b6afffffe730252080029b
:100d5800ad57400f25a840002110a202ffff4230e6
:100d68002800aa8f2c00ab8f3000a88f3400a98fe1
:100d78003800ac8f3c00ad8f4000a38f7f024251fa
:100d88005c00e28e1100a011000000007600e292e3
:100d9800fdff42240300422c040040543e00e2962a
:100da8001c00e28e2000e2ae3e00e29610004330c6
:100db8000902601401000624010003240421627c56
:100dc80008004430410280103e00e2a659ff8051dd
:100dd8007a00e6965800e38e2148a90101006324b1
:100de80054ff69547a00e6963e00e4967600e29253
:100df800010005248452a47c030005245800e3aeb6
:100e08000004de37890245103e00e4a60400432ca6
:100e180082016014040003246902431005000324be
:100e280088004354010006242520e00225300000f4
:100e3800750b400f1000052425280000f237400fdd
:100e48002520e0023bff00107a00e6965400e78e6a
:100e5800dd0007152570e000030002247600e2a2f9
:100e680042ff001000011e24010005242520000275
:100e7800475d400f3c00148e3e000296010003249b
:100e88000004947e0400627c001006243e0002a642
:100e9800252800005871400f2520000278fd805653
:100ea800a880838f3e0002960a000324760003a2de
:100eb8000400027c3e0002a671fd0010a880838f0a
:100ec8001bff401410006b320400601102007332e3
:100ed8005400f58e7d0015555400e8ae15ff60529c
:100ee8007a00e6960e00c296010029255800e9ae60
:100ef8006e00e2a66400e2a6ae60400f2520c002a4
:100f08003c00e38e000f637c890060106a00e2a653
:100f1800010062382b1002007400e39601000624d9
:100f2800c47b437c770060117400e3a6100005249d
:100f3800750b400f2520e0023e00e29603000324d3
:100f480000404230950040147600e3a23e00e2964d
:100f580000011e244408027cf5fe00103e00e2a6b3
:100f680004006232b4ff401410006232480040149a
:100f780002007332b1ff6012252800000100292504
:100f88005800e9aeae60400f2520c0023c00e38e59
:100f9800000f637c530060106a00e2a6010062380b
:100fa8002b1002007400e3960100062412000524a9
:100fb800c47b437c7400e3a6750b400f2520e00238
:100fc80002000224dafe00107600e2a2ccfc001037
:100fd800f1ff05245000038eff00423025a00000d9
:100fe8009efd001002000524010063306ffe6014ae
:100ff80000000000490080160100062402000524b4
:10100800750b400f252000021dfd0010a880838f5e
:10101800ffffb52639fe0010ffffb53247fe60110d
:1010280006006432030060052a20750143fe80141f
:101038000600643204007332befe60567a00e696fb
:101048000100062410000524750b400f2520e0023e
:10105800b8fe00107a00e69601004224ff004230f4
:101068005000038e7dfd0010140005240400733227
:1010780072ff6012252800003e00e296010003245a
:1010880000081e24444a627c6cff00103e00e2a661
:101098002520e0025400e8ae25300000750b400f13
:1010a8000400052425280000f237400f2520e0021f
:1010b800a0fe00107a00e6962120ab01deff8058e2
:1010c800040073321dfe001006006432010006247d
:1010d80004000524750b400f2520e00294fe001043
:1010e8005400f5ae0400e38e0000e58e40200200b7
:1010f800212082002310650043180400a9ff001076
:101108002a10430012000524750b400f2520e00229
:101118000200022486fe00107600e2a201004224aa
:10112800ff0042305000038e4cfd001025a0000047
:101138000400e38e0000e58e40200200212082009a
:10114800231065004318040073ff00102a104300a1
:101158002530000010000524750b400f2520e00203
:1011680074fe00107a00e696211803010700601843
:10117800000000000400e28e0000e78e2310470004
:101188002b1043002b004010dc050224a0fec410e5
:10119800000000009cfe00103800e28edc85400f45
:1011a800000000007000e3969880848f0218647035
:1011b8001900710010180000821903002110620044
:1011c80062ff00102400e2ae5400e8ae01000624dd
:1011d800040005242520e002750b400f2800a7af66
:1011e8002800a78f52fe00105400e7ae6f00075189
:1011f8007400e29620007332a7fe6012000000001f
:101208004cfe00107a00e696000143305e00605400
:101218005400e78e004042306e0140543c00aaafb3
:101228003e00e2965400e78e4408027c7bfe0010e4
:101238003e00e2a63400e2ae4000aaaf3c00a3aff5
:101248003800abaf3400adaf3000acaf2c00a9af65
:10125800dc85400f2800a8af9880858f3400e68e83
:10126800e8030e243e00ef960230c5700c00e48eb1
:101278003c00a38f1000e58e44290f7c3e00efa6aa
:10128800211883002b38a4000c00e3ae2520600051
:101298002800a88f2c00a98f3000ac8f3400ad8fa8
:1012a8003800ab8f4000aa8f1b00ce00f401c001ac
:1012b800123000002110c2001901e0143800e2ae1b
:1012c8002b10a300240140545400e78e0400e28e42
:1012d8002b3062000700c0542b18a2000000e48ed7
:1012e80023204400231864000c00e3ae252060008e
:1012f8002b18a200060060547600e2920000e38eec
:10130800231043002328a2001000e5ae7600e292e5
:10131800030003240500431008000324040043507d
:101328000400de373afe00100800e58e0400de37c0
:1013380037fe00100800e58e3800abaf3400adafc3
:101348003000acaf2c00a9afdc85400f2800a8af57
:101358003800e38e2800a88f2c00a98f23104300a3
:101368003000ac8f3400ad8f3800ab8fa60041043d
:101378003c00aa8f0800e58e25fe00100c00e48ec4
:1013880032fd001025b8400025fe07550e00c29614
:101398007400e3960400633021fe60500e00c2968c
:1013a800fdfe42301dfe00103e00e2a60400423061
:1013b80091ff4050200073323c00aaaf3800abaf19
:1013c8003400adaf3000acaf2c00a9afdc85400fc6
:1013d8002800a8af9880858f88130324e803042485
:1013e80002186570050005247600e5a22800a88f7c
:1013f8002c00a98f3000ac8f3400ad8f3800ab8f34
:101408003c00aa8f1b006400f40180001218000041
:101418002110620077ff00103000e2ae02000324c2
:1014280007ff4314090002247600e2a20100062403
:1014380011000524750b400f2520e002bdfd0010aa
:101448007a00e69623104b00ffff633021b0c202fa
:101458002b1075002400b6af020040102598a0029a
:1014680025986000ffff73322110b3002b10820013
:101478004900401001000224231085000100562471
:10148800ffffc33201000a24253860002400a62784
:10149800252080021000aaaf3800adaf3400acaff1
:1014a8003000a9af2c00a8afad57400f2800a3af5c
:1014b8002800a38f1400e58e01000a242318630274
:1014c800ffff67301000aaaf2400a627252080025e
:1014d800ad57400f25a840001400e38e2c00a88fbc
:1014e8003000a98f3400ac8f3800ad8f2110a202d4
:1014f80023b07602ffff42302118760021fe6216e3
:10150800000000007600e2925800e48e1c00e3ae72
:10151800fdff4224212064020300422c02004010f7
:101528005800e4ae0002de375c00e28effff0624be
:1015380014fe4610239853006800e5962128b3004e
:10154800f500a0045c00f3ae0efe601e21208500ad
:101558001800e28e211865002b2843005800e4aedd
:101568000600a0101c00e3ae1400e48e2310440013
:1015780027100200211862001c00e3aeffff0224be
:1015880000fe00105c00e2ae6afd07557a00e696a0
:101598002afe0010252800001000a2af253860029e
:1015a8002400a627252080023400adaf3000acaf60
:1015b8002c00a9afad57400f2800a8af1c00e38e40
:1015c8003400ad8f3000ac8f211873002c00a98f28
:1015d800caff00102800a88f100005242520e0026b
:1015e8003400adaf3000acaf2c00a9af750b400f85
:1015f8002800a8af2800a88f2c00a98f3000ac8f36
:10160800f2fd00103400ad8f3400e28e00fa04348d
:101618003c00aaaf4018020001fa02342b10620005
:101628000b2062003400e4ae3800abaf3400adaf3d
:101638003000acaf2c00a9afdc85400f2800a8af64
:101648009880848f3400e38ee80306241000e58e2a
:10165800021864700c00e48e5400e78e2800a88fee
:101668002370a4002338ee002b28a4005400e7ae12
:101678002c00a98f3000ac8f3400ad8f3800ab8fb1
:101688003c00aa8f1b006600f401c000121800007d
:10169800211062000600a0103800e2ae0400e28ebd
:1016a8000000e38e231043002338e2005400e7ae25
:1016b8003e00e296010003240800e58ec439627cee
:1016c8001000e4ae52fd00103e00e2a6c418627c91
:1016d8003400adaf3000acaf2c00a9af2800a8afe4
:1016e800dc85400f3e00e2a69880858f64000324c5
:1016f800e8030424021865703400ad8f3000ac8f05
:101708002c00a98f2800a88f1b006400f40180001a
:101718001218000021106200acfd00102c00e2ae8f
:101728000400e28e0000e68e233046002130a60039
:101738002b38c300e7fee0502b3062005400e78ee0
:10174800233066001000e3ae2138e6005400e7ae0f
:10175800dffe0010252860000400e28e23286500c3
:101768002138e5002b2862005400e7aee7fea014fc
:101778001000e3aed9fe001025286000ffff042406
:101788005a0044102b2862016800e4965a00a01001
:10179800212082002b2883000700a0546800eaa6b5
:1017a8002b106200040040546800eaa623208b0036
:1017b800ffff8a306800eaa672fd00105c00ebaefd
:1017c8005400e28e98fd0211060002241cfe00104f
:1017d8007600e2a23800abaf3400adaf3000acaf5a
:1017e8002c00a9afdc85400f2800a8af7000e39655
:1017f8009880858fe80304243c00aa8f021865703e
:101808003800ab8f3400ad8f3000ac8f2c00a98f1f
:101818002800a88f1b006400f40180001218000043
:10182800211062007efe00102400e2ae7400e296f1
:10183800080003240001423001fe40107600e3a2b4
:10184800bcfc00107a00e6961400e28effff6625c5
:1018580025384001231082002310c200010004240f
:101868001000a4af2400a6272128a200252080026a
:101878003c00adaf3800acaf3400a9af3000a8af22
:101888002c00abafad57400f2800aaaf35fd0010b4
:101898002800aa8f01000224253840012128ab0026
:1018a8001000a2af2400a627252080024000a3af85
:1018b8003c00adaf3800acaf3400a9af3000a8afe2
:1018c8002c00aaafad57400f2800abaf4000a38f44
:1018d8003c00ad8f3800ac8f3400a98f3000a88f42
:1018e8002c00aa8f25fd00102800ab8f5c00ebae02
:1018f80024fd00106800eaa62b18830021fd601063
:101908002b208b001ffd80142310620121504201ff
:101918001cfd00106800eaa61afd00105c00e6ae87
:10192800780002925000038e2528a002010042246c
:0c193800ff00423049fb001025a0000019
:020000040000fa
:020000041d00dd
:10194400d0ffbd272000b5af5800828c5400958c81
:101954004c00868c5000888c2618a2026ad7023c60
:1019640078a442342c00beaf2110c2000000be8c0b
:101974005800868c2418680021105e002618660022
:10198400211862000400b98c421e2300c7e8023cff
:10199400211803012670150156b742342470c3017f
:1019a4002110c200211059002670d5012170c201f6
:1019b4000800aa8c02752e002024023c21706e00bf
:1019c40026680301db7042242468ae012110a202c0
:1019d40021104a002668a8012168a2011000b1afb5
:1019e400c26b2d000c00b18cbdc1023c2168cd013d
:1019f40026486e00eece423424482d012110020107
:101a040021105100264823011000ac8c21482201ea
:101a1400824a29007cf5023c2148a9012638cd01df
:101a2400af0f4224211082012438e9002118430019
:101a34002638ee001800b3af2138e3001400b38c4d
:101a4400423e27008747033c213827012610a9017d
:101a54002ac66334241047002118630221186e003b
:101a640026104d001800ae8c2110430002152200f0
:101a740030a8033c2110e2002658270113466324b2
:101a84002118c3012458620121686d002658690198
:101a94002800b7af21586d011c00b78cc25b2b0026
:101aa40046fd033c21584b002630e2000195633487
:101ab4002118e3022430cb00214869002630c700f6
:101ac4002000b88c2130c900823226008069093c8c
:101ad4002130660126184b00d8982935214809037e
:101ae4002418660021382701261862002400a98cd6
:101af40021186700421e2300448b073c1c00b4af2e
:101b04002118c30026a06601aff7e7342138270166
:101b140024a083022110e20026a08b020c00b0afa7
:101b240021a082022800b08c02a53400ffff023cf1
:101b340021a074002678c300b15b42242478f40108
:101b44002110020221104b002678e6012c00ab8cf8
:101b54002178e201c27b2f005c89023c2400b6afed
:101b640021788f0226b07400bed74234211062015e
:101b740024b0cf022130460026b0c3021400b2af15
:101b840021b0c6023000b28c82b23600906b023ca7
:101b940021b0f60126388f0222114224211042027c
:101ba4002438f600211843002638f4003400ad8ca4
:101bb4002138e300423e270098fd033c2138c70248
:101bc4002610f60193716324241047002118a30101
:101bd4002118740026104f003800b48c21104300e3
:101be4000215220079a6063c2110e2002618c7023d
:101bf4008e43c624241862002130860226187600fb
:101c04002130cf003c00af8c21286600c22b250078
:101c1400b449033c212845002630e200210863240e
:101c24002118e3012430c50021b076002630c70016
:101c34002130d600823226002130a6001ef6163c42
:101c44002618a6006225d62621b036032418620081
:101c54002138c7022618650021186700c21e230018
:101c64002118c30040c0073c26b0c30040b3e7348a
:101c74002138c70124b0c5022110e20026b0c602f3
:101c840021b0c202c2b5360021b076005e26073c00
:101c940026107600515ae7242138670124104600a3
:101ca4002128e5002610430021104500821422005b
:101cb4002110c202b6e9073c2628c202aac7e734ab
:101cc4002138c7032428a3002130e6002628b600c3
:101cd4002128a600022b2500212845002fd6063cea
:101ce400263845005d10c624213066022438f600eb
:101cf4002118c3002638e2002138e300c23e270041
:101d04002138a7004402063c2618a7005314c62411
:101d1400213006022418620021b0d600261865007e
:101d240021187600c21d23002118e300a1d8163c17
:101d34002630e30081e6d63621b0f6012430c50012
:101d44002110c2022630c7002130c200823426008e
:101d540021306600d3e7163c26106600c8fbd63651
:101d640021b09601241047002128c5022610430003
:101d740021104500021322002110c200e121163c6b
:101d84002628c200e6cdd63621b036012428a30089
:101d94002138c7022628a6002128a700c22e250024
:101da4002128450037c3073c26b04500d607e72461
:101db4002138870224b0c6022118e30026b0c202eb
:101dc40021b0c302c2b5360021b0b600d5f4033c3d
:101dd4002638b600870d6324211823022438e20034
:101de400213066002638e5002138e600823c2700d1
:101df4002138c7025a45063c2618c702ed14c624ea
:101e040021300603241865002110c200261876002c
:101e140021186200021b23002118e300e3a9063cf9
:101e24002610e30005e9c6342130a601241056002b
:101e34002128c5002610470021104500c2162200a3
:101e440021106200effc063c26286200f8a3c63489
:101e5400213046012428a70021b0d6002628a3005b
:101e64002128b600c22d2500212845006f67163ca5
:101e740026304500d902d62621b0f6022430c3000c
:101e84002138c7022630c2002130c7008234260020
:101e94002130a6002a8d163c2638a6008a4cd62668
:101ea4000000a7af21b056022438e2002638e5002e
:101eb4002118c3022118e300faff073c4239e72442
:101ec400213867022110e2000000a78f021b2300c3
:101ed4002118c3002638e300211047007187163cff
:101ee4000217220081f6d636211062002638c3007c
:101ef40021b016032638e2002128c5022128e50076
:101f04009d6d163c422d25002261d62621284500d0
:101f14002638620021b076012638e5002130c60259
:101f24002130e600e5fd163c023426000c38d626a6
:101f34002130a6002638450021b096022118c3029c
:101f44002638e6002138e300bea4163c423a2700b6
:101f540044ead6362138c7002618a60021b0360335
:101f6400261867002110c20221106200de4b163cc5
:101f740002172200a9cfd6362110e2002618c70086
:101f840021b09601261862002128c5022128650087
:101f9400bbf6033c422d2500604b632421284500f9
:101fa40026b0e2002118e3022130660026b0c50203
:101fb40021b0c602bfbe033c02b4360070bc633419
:101fc40021b0b600263045002118030221386700ed
:101fd4002630d6002130c7009b28073c4232260019
:101fe400c67ee7242130c6022618b6002138a70190
:101ff400261866002110e20021106200a1ea033cc9
:1020040002172200fa2763242110c2002638c602d0
:102014002118c303212865002638e2002138e50091
:10202400efd4053c423d27008530a52421384700e4
:102034002618c2002128250221b0b6002618670000
:10204400211876008804053c021c2300051da524e4
:102054002118e30026b047002128c5012130a6003d
:1020640026b0c30221b0c602d4d9053c42b2360020
:1020740039d0a53421b076002630e300212825018b
:102084002110a2002630d6002130c200dbe6023c3b
:1020940002372600e59942342130c602262876000c
:1020a40021104202213847002628a6002128a70033
:1020b400a21f023c422d2500f87c42242128c500a1
:1020c4002638c6022110e201211843002638e50013
:1020d4002138e300acc4023c023c2700655642248c
:1020e4002138a7002618c5002110420121b056004e
:1020f4002618670021187600421a230029f4163c9a
:102104002118e300271005004422d6262510430099
:1021140021f0d60321f0c6032610470021105e00eb
:10212400821622002a43063c2110620027b00700d1
:1021340097ffc63421b8e60225b0c20226b0c30216
:102144002128e5022128c502822d250094ab163ce6
:102154002128450027300300a723d62621a0960274
:102164002530c5002630c200213887022138c70037
:10217400423c270093fc143c2138a700273002007e
:1021840039a09436219874022530c7002630c50042
:10219400211863022118c300c21a23005b65133c93
:1021a4002118e30027300500c359732621905302f8
:1021b4002530c3002630c700211042022110c2007e
:1021c400821622000c8f123c211062002730070077
:1021d40092cc52362530c200219032022128450289
:1021e4002688c30021882502828d3100efff063c3a
:1021f40021885100272803007df4c6342528b10026
:10220400213006022138c7002680a200218007025f
:10221400428430008485063c218030022728020055
:10222400d15dc6242528b000213026032118c3001f
:1022340026c8b10021c82303c2ca3900a86f033cd1
:1022440021c81902273811004f7e63242538f9006c
:1022540021c003032638f000211002032138e200d4
:10226400823e27002cfe023c213827032730100031
:10227400e0e642342530c7002178e2012630d90057
:102284002188f1012130d1008235260001a3023cce
:102294002130e60027281900144342242528a600eb
:1022a4002170c2012628a7002180d0012128b00076
:1022b400422c2500084e023c2128c500271807009f
:1022c400a11142242168a201251865002618660080
:1022d40021c8b90121187900c21a230053f70d3c13
:1022e4002118a30027100600827ead252510430087
:1022f40021608d01213887012610450021104700f7
:10230400821622003abd0c3c2110620027380500d9
:1023140035f28c352538e20021586c012638e3006b
:10232400213066012130e60082352600d72a0b3c95
:102334002130460027380300bbd26b352538e60030
:1023440021504b012638e200212845012128e500cf
:10235400422c250086eb0a3c2128c50027380200c0
:1023640091d34a352538e50021482a012638e6006c
:10237400211823012118e300c21a2300214005017a
:102384004c00878c214068005800838c2110e200a7
:1023940021a8a502213066004c0082ac540095ac03
:1023a400251000002c00be8f2800b78f2400b68fa4
:1023b4002000b58f1c00b48f1800b38f1400b28fa7
:1023c4001000b18f0c00b08f500088ac580086ac60
:0823d4000800e0033000bd2702
:020000040000fa
:020000041d00dd
:1023dc0098ffbd274400b1af0080113c0c3722267a
:1023ec006400bfaf6000beaf5c00b7af5800b6afc3
:1023fc005400b5af5000b4af4c00b3af4800b2af0f
:10240c00b30044144000b0aff480838fffff62240c
:10241c000200422cae0040101881908fa0000012d8
:10242c0001000224b60062101880928f0c3722969d
:10243c0096014010259000004c00028e3500401093
:10244c00252040004400028e1800428c09f8400000
:10245c000000000042000296004042302e00401066
:10246c000c3722964400028e1400428c09f840006e
:10247c004c00048e03014004020003242600431484
:10248c000c3722964400028e5000048edc05032487
:10249c004000428c1000a5272000a3af1000a0af75
:1024ac001400a0af1800a0af1c00a0af2400a0af78
:1024bc002800a0af09f840002c00a0af1000a28f9c
:1024cc00408005243f0002aa3c0002ba1400a393ea
:1024dc0042000296400003a21500a393410003a200
:1024ec001800a38f2b180300446b627c420002a6d9
:1024fc002800a38f2000a48fbf3f4230600003a2ae
:10250c002400a38f251045005e0004a6610003a2e1
:10251c00420002a60c372296010052262a184202cb
:10252c00c5ff60146c001026f480848f0100032416
:10253c00a4008310000000001481828f5f01401002
:10254c00000000000c81828f060040140000000087
:10255c001081828ff880838f251043005d0040101e
:10256c006400bf8f0c81828f580140140000000062
:10257c001081838f1881908f0c3722963f01601049
:10258c0025900000108180af0d02401025a800009e
:10259c000d0000100080143c00204230060040105a
:1025ac000c3722964400028e3800428c09f8400009
:1025bc005000048e0c3722960100b5262a10a20278
:1025cc00c60040106c0010264200029640004230bb
:1025dc00f9ff40100c3722964400028e5000048ef6
:1025ec005400428c09f840005a0013966398400f2f
:1025fc00259862025a000496ffff763227181600bf
:10260c00241864005a0003a66598400f252040004a
:10261c004400028e5c0003965000048e5000428ce5
:10262c0025b0c302252860025c0016a609f84000fc
:10263c0016007332d8ff6052420002964400028e9c
:10264c005000048e252800003400428c09f840000c
:10265c0025300000252840000c004010e43384266f
:10266c00348f400f280050ac4400028e5000048e72
:10267c00252800003400428c09f840002530000069
:10268c0025284000f6ff4014e43384260481828f11
:10269c0001004224048182afbfff00104200029669
:1026ac00f080828f09f840001000a4270900401c1c
:1026bc006400bf8f06004054f48080af1000a48fdc
:1026cc0003008050f48080af8d19400f0000000093
:1026dc006400bf8f6000be8f5c00b78f5800b68f50
:1026ec005400b58f5000b48f4c00b38f4800b28f9c
:1026fc004400b18f4000b08f0800e0036800bd2794
:10270c00ffff02244aff42160c372296029d063c1c
:10271c003835c624252800003c96400f05000424bb
:10272c002580400090015210188082afcc87400f5a
:10273c000080103c80200200212082006210053ca9
:10274c00e7038424d34da524190085000080123c96
:10275c00842d0326e42f5226102000008229040029
:10276c0040210500232085008020040021208500c5
:10277c00c02004001b008200f40140001220000065
:10278c00008184af040000102036047c1000632408
:10279c00840172104c0182240000628cfcff4050ba
:1027ac00100063240a006284f9ff40501000632477
:1027bc002b2844000b10c5000c0062a4f3ff001082
:1027cc000a0062a4b50040101881928f252840029f
:1027dc0025800000251800000004092401000824ad
:1027ec004200a494000c86301f00c9100438680005
:1027fc002580070201006324f9ff43146c00a52413
:10280c000100032404104300ffff4224a400505095
:10281c00029d053c0c3722960700401425980000b9
:10282c001d010010029d053c0c3722962a106202f5
:10283c00180140106c0052264000428e4040033c70
:10284c0024104300f8ff4010010073262528400295
:10285c0003000724040006247d6c400f0c3724264b
:10286c00f2ff00100c3722962036047c98ffc1042e
:10287c0040008430e0ff805001006324ddff001035
:10288c0025800702252800020300072404000624e3
:10289c007d6c400f0c372426420002960100032465
:1028ac0001005226c47b627c420002a60c372296a1
:1028bc002a184202e0fe60146c0010261bff001068
:1028cc00f480848f1081828fa30040100080103c14
:1028dc00108180af010012240080143c029d023c48
:1028ec003000a2af029d023c0080133c3400a2af2a
:1028fc00029d023c25800000642d73260080153c4f
:10290c003800a2af438f400fe433842614004010ec
:10291c0025f040001400c28f0935400f0c00449480
:10292c0006080424e40044503000a28f000804245c
:10293c00ff0044503400a28fffff04340601441002
:10294c00010006242520c0037e92400ff3ff0524ce
:10295c00438f400fe4338426eeff401425f04000f3
:10296c006398400f0000000018006396252040007b
:10297c000400037c6598400f180063a60c37229660
:10298c00160040101881908f259800004200029686
:10299c00400042300d004010010073265c0002968e
:1029ac008606433005006050620003920881838fd5
:1029bc0001006324088183af62000392020064303b
:1029cc0024008014252060005c0000a60c372296a1
:1029dc002a106202edff40146c0010265e00405677
:1029ec000080103c0080123c0080103c842d10268e
:1029fc00e42f52260000028e0800039605004010ba
:102a0c0010001026030060100000000009f84000c0
:102a1c0000000000f8ff12560000028ef880828f32
:102a2c002cff40106400bf8f0080023c782d428c3c
:102a3c0028ff40100080043c2538000000010624cb
:102a4c000100052409f84000742d842421ff001096
:102a5c006400bf8f0010453404006330000842341a
:102a6c004408047c620004a20b284300c763400f97
:102a7c0025200002d5ff00105c0000a6c3ff4054c7
:102a8c0025980000d8ff00100080123cf480838f42
:102a9c0001000224a9fe62541481828f029d053c20
:102aac0002000224a8a6a524252000007198400f3e
:102abc00f48082afa1fe00101481828fda86400f61
:102acc00000000009ffe0010000000000c8180af91
:102adc00f097400f00000000c383400f258040009a
:102aec0025204000253000022538000025286000f4
:102afc0025904000c723400f259860006210063ccb
:102b0c00d34dc62419000602ec8082af2538000094
:102b1c00252040022528600210300000c723400ffa
:102b2c0082310600e88082af0081838ffc80828f27
:102b3c002310430037004018fc8082af1081838f34
:102b4c001881908f510060140c3722968eff401420
:102b5c00010012240080103c842d10260080123cb1
:102b6c000080133c25880002e42f5226050000103b
:102b7c00642d73260c0024a6100031261c00321282
:102b8c00000000000000228efcff40501000312697
:102b9c000a002386f8ff60100081848f0c002296b7
:102bac0023104400ffff42302026027cf1ff801ce2
:102bbc0021104300080023960400288e232833029a
:102bcc000200633425202002253800000200062470
:102bdc00032905000c0022a6e7ff0011080023a61c
:102bec0009f8000110003126e4ff0010000000007d
:102bfc006398400f000000000800639625204000f9
:102c0c004408037c6598400f080063a67aff001007
:102c1c000000028e0c3723964d014224fc8082afbb
:102c2c0028ff60101881908f2590000042000296ba
:102c3c00400042300e004010010052264400028e2b
:102c4c002400428c09f840005000048e620004926b
:102c5c0001000524251880004408a37c8410437cc3
:102c6c0001008430020044100400437c620003a283
:102c7c000c3722962a184202ecff60146c001026c6
:102c8c001081838fb1ff60101881908f3dfe001072
:102c9c0001001224029d053cffff02242530000296
:102cac0064a6a524252000009d8e400ff48082afe1
:102cbc0088fe00106400bf8f010016241800042445
:102ccc000100083cd85357242000c28fd833a926c2
:102cdc002528c00304ac027c251048002000c2af9c
:102cec00348f400f212024012410160205ff4014bc
:102cfc00000000000200e596258016020029050060
:102d0c0021206502080082940400838c0100423467
:102d1c00fcfe6010080082a4253800000100062487
:102d2c0009f8600002290500f6fe00100000000002
:102d3c00e0535724010002240200e596010006240a
:102d4c000400e88e4020050021208500802004002e
:102d5c00ddff001004b046003800a28fe853572462
:102d6c00f5ff001002000224029d053cf4a5a524e9
:102d7c00050006249d8e400f25200000c465400fe1
:102d8c0000000000029d053cffff062424a6a5249c
:102d9c00252000009d8e400ff48090af4dfe00105a
:102dac006400bf8f1b004400f40180001881908fd9
:102dbc0012100000022044709cfd0010fc8084afb7
:082dcc00c6fe00100080143c5b
:020000040000fa
:020000041d00dd
:102dd4007700839001000224910162140000000036
:102de400a8ffbd274000b3af4c00938c4c00b6af96
:102df4003c00b2af3400b0af5400bfaf5000b7af27
:102e04004800b5af4400b4af3800b1af25808000ae
:102e14002590a000e000601225b0c0002000628e62
:102e240008004330dc006014080042341000648e53
:102e34000100a330200062ae540060ae480060aed2
:102e44006c0060ae600060ae000080ac2f006010cb
:102e54000c0080a43e00029601000424fe005232bd
:102e64000442827c3e0002a63e0002920100042439
:102e740003004230da0064143e0002a21c00718e8a
:102e8400060042320c0023920439037c28004010cf
:102e94000c0023a2020057322e00e012030042323b
:102ea4004800048e020402248d0180101c00a2a795
:102eb400b090400f000000000c00238e0c00249200
:102ec400ecff42240019637c010063240439647c10
:102ed400ffff42306c0002a60c0024a2770004928b
:102ee400a010027c01000324830183101e00a2a70a
:102ef4005400028e17004014030042322b4d400f41
:102f04002520000212000010540002ae1c00718e35
:102f14003e0002920c002392030042303e0002a2c3
:102f24000439037c06004232daff40140c0023a269
:102f34000800038e1000028e100162106a001596bc
:102f44006400029638014014000000000200573269
:102f540003004232a60040100200c23225a800003d
:102f640025a000000100d6320d00c0129880838f86
:102f7400780000a2401103002310430080100200d7
:102f8400211043006210033cc0100200d34d63249f
:102f9400190043001010000082110200500002ae1c
:102fa400dc85400f000000005000048e3e000596b2
:102fb4005400038e21108200010004244408857cff
:102fc400240002ae3e0005a6212074000c002292cb
:102fd40062000796600006965800058e0418027c6d
:102fe4000c0022a2000027a6020026a6040023ae9d
:102ff400080025ae0d0032a2100020ae10004232af
:10300400540004ae0a00e0121400142401004050dd
:10301400080020ae740005960800a630c900c05010
:1030240001000324ffff6324040023ae18001424ca
:10303400010043320400601001000424740003966c
:103044008410837c740003a6060040501c00028e8a
:1030540074000296010003240442627c740002a6f8
:103064001c00028e2000038e2b2043002600805477
:10307400231062001800048e1400058e23104300f0
:103084002318850023106200ffff42300e0022a6a1
:10309400252020026782400f660002a60c00228ec3
:1030a4000c002392010004240019427c05004224f0
:1030b4000439437c0c0023a277000292230044507d
:1030c4004000028e9400a012ffff02243800028efa
:1030d4008d004014dc050224dc85400f340002ae70
:1030e4003400038e9880858fe803042402186570e9
:1030f4001b006400f401800012180000211062001b
:1031040081000010380002aeffff4224ffff42306e
:103114000e0022a6252020026782400f660002a628
:103124000c00228e0c002392010004240019427c1e
:10313400050042240439437c0c0023a27700029248
:10314400e0ff4414000000004000028e31004014ef
:1031540000000000deffa0563800028effff0224ac
:103164002000638e5400bf8f5000b78fc418037cb7
:10317400200063ae4c00b68f4800b58f4400b48f76
:103184004000b38f3c00b28f3800b18f3400b08f51
:103194000800e0035800bd27218a400f25200002c3
:1031a40082004010259840002000428c4c00048e80
:1031b40008004234200062ae6e0080107700039253
:1031c4000100423224ff40543e0002963e00029227
:1031d400010004240300423028ff64103e0002a2d0
:1031e4000c0002900439027c0c0002a034000000a0
:1031f4005a004054790002923e0015960200b532fe
:103204007600a0560100d6325400038e6fff0010e2
:10321400252060004982400f25200002380040101c
:10322400218895021000648e4800038e4400068ea7
:103234000c0082944000058e1c00768e21108202c0
:10324400380066ae3c0065ae400063ae0c0082a45c
:103254001000c0a6600062900100423019004014c2
:10326400ffff313225202002000602241000a6af01
:103274001400a5af0935400f1800a2a7253000009f
:103284000c0005241000a4271135400f1a00a2a732
:1032940027100200ffff4630252880021135400f19
:1032a4002520c002273802000b01a016ffffe730db
:1032b4001000648e10008394c418037c100083a44f
:1032c4001000c2a6850003928600029225206002a7
:1032d4002000a72725302002060005242100a3a3ef
:1032e4002000a2a33e33400f2200a0a3000060ae42
:1032f400e497400f252060028d0040140000000078
:1033040073ffa0563800028e770003920100022456
:1033140093ff6210ffff02245400bf8f5000b78f49
:103324004c00b68f4800b58f4400b48f4000b38f73
:103334003c00b28f3800b18f3400b08f0800e00336
:103344005800bd2701008424c418657c540004aed1
:10335400740005a636ff0010180014245400048ecf
:1033640025a8000001004224790002a217ff0010e2
:10337400ffff832492ff00104c0013ae3e00029620
:1033840000014230f2fe40100200573264000296ff
:10339400f0fe401003004232eefea01200000000d6
:1033a40001005236e9fe0010ff0052325400bf8f74
:1033b400fdff02245000b78f4c00b68f4800b58f34
:1033c4004400b48f4000b38f3c00b28f3800b18ffb
:1033d4003400b08f0800e0035800bd270800c01671
:1033e400000000007800029205004010ffff422414
:1033f4005000038e780002a242100300500002ae77
:10340400dc85400f25a800005000048e5400038e74
:1034140021108200240002aeecfe00102520600082
:103424000800e003feff02245b98400f0000000048
:10343400050040140800048e6c0002962b18a202aa
:103444000b10a30225a840001000028e2b18440084
:10345400590060102538a0026400039623208200de
:103464002ba083000a20740025a080002b20a40236
:103474006f0080543e000496ffff9532770005925a
:10348400010004242100a4100000000021105400b5
:10349400100002ae3e0002960001423007004010c8
:1034a40025b84002050074100000000003008712d4
:1034b4000000000001005736ff00f732a3fe8052df
:1034c4002590e002640002960800f236ff005232b2
:1034d40023105500640002a6a2fe00100200f73279
:1034e4004982400f25200002730040507700039268
:1034f4006ffe00104800048e1c00a38f14002226c7
:10350400170023aa7afe0010000043b86f00401091
:10351400480060ae1000658e48006426560075a60b
:10352400540075a6500062aed8ff00100000a4ac91
:103534000500a052040052323800028e7900401077
:10354400dc05022404005232100040125400bf8fe4
:103554007c00088e0e000011251000007a000396ee
:10356400080063306eff60105000b78f8000078e34
:103574004800058e3c0004860800062409f8000172
:103584002800a2af64ff00102800a28f25100000bd
:103594005000b78f4c00b68f4800b58f4400b48fed
:1035a4004000b38f3c00b28f3800b18f3400b08f2d
:1035b4000800e0035800bd270400068e0000088eb2
:1035c400640003962328c20021208500232088005c
:1035d4002ba083000a20740025a080002b20a402c5
:1035e400250080543e000496ffff95322b2085026f
:1035f400140080542528a00223208502470080104f
:103604000100092477000a922000491100000000fb
:10361400211054002b2046009eff8014100002ae9f
:103624002330c800231046009aff0010100002ae99
:103634000100052425a0a002c439a47c8fff00103a
:103644003e0004a67700099201000424f1ff2455ea
:10365400211054002a004010480060ae1000698e0a
:1036640048006426560065a6540065a6500062ae64
:10367400e7ff0010000024ad0100092425a0a002ea
:10368400c439247dd9ff00103e0004a62100001196
:10369400ffff8430600069266e0064a66c0064a697
:1036a400680068ae480069ae180040101000698eca
:1036b400ebff0010ffffa53001000224a8fe6210fa
:1036c400fcff022415ff00105400bf8f1000648e0d
:1036d4006eff0010000080ac1000638e5000658ef9
:1036e4002530a002100062942520600208004234b4
:1036f400a858400f100062a4f2fe00101000c2a6e9
:103704001000648ec2ff0010000080acc0ff0010e7
:10371400000020ade4ff0010480060aec9ff0010b7
:10372400ffffa530dc85400f340002ae3400058e67
:103734009880838fe8030424021865701b006400da
:10374400f401800012180000211062007dff0010b7
:04375400380002ae89
:020000040000fa
:020000041d00dd
:10375800c80200800c00000001000000f401000015
:10376800d00700000100000080020080180000005f
:10377800010000000100000001000000000000003e
:10378800e4d2019d7c0f029d5299000058370080b9
:103798001000000000000000e83400806c00000009
:1037a8000000000034000080080000000000000055
:1037b8003c0000800400000000000000a0320080ef
:1037c800a800000000000000400000800400000085
:1037d80000000000400100804001000001000000de
:1037e8002427029d000000000000000000000000e7
:1037f80000000000000000000000000000000000c1
:1038080000000000000000000000000000000000b0
:1038180000000000000000000000000000000000a0
:103828000000000000000000000000000000000090
:103838000000000000000000000000000000000080
:103848000000000000000000000000000000000070
:103858000000000000000000000000000000000060
:103868000000000000000000000000000000000050
:103878000000000000000000000000000000000040
:103888000000000000000000000000000000000030
:103898000000000000000000000000000000000020
:1038a8000000000000000000000000000000000010
:1038b8000000000000000000000000000000000000
:1038c80000000000000000000000000000000000f0
:1038d80000000000000000000000000000000000e0
:1038e80000000000000000000000000000000000d0
:1038f80000000000000000000000000000000000c0
:1039080000000000000000000000000000000000af
:10391800000000000000000000000000000000009f
:1039280044000080040000000000000068370080a8
:103938001000000000000000480000800e00000099
:1039480000000000580000800c000000000000008b
:10395800000000800600000001000000ffffffffdc
:10396800ffff0000b43500804800000000000000a0
:10397800640000800800000000000000c0360080dd
:1039880028000000000000006c000080010000001a
:103998000000000070000080060000000000000029
:1039a8007800008015000000000000008e000080f4
:1039b8000400000000000000940000801c000000cb
:1039c8000000000098370080180000000000000088
:1039d800483300809000000000000000b000008024
:1039e8001000000000000000783700801000000080
:1039f80000000000c000008002000000000000007d
:103a0800c40000800800000000000000b0370080fb
:103a18000c00000000000000883700801000000043
:103a280000000000cc0000800a0000000000000038
:103a3800d800008008000000000000004437008023
:103a48001400000000000000e000008008000000f2
:103a580000000000d8330080900000000000000043
:103a6800642d00808002000000000000e800008053
:103a78000c000000000000000800008004000000a6
:103a880001000000ffffffff2c3700801800000036
:103a9800000000000c37008020000000000000003b
:103aa800f400008020000000000000000c000080ee
:103ab800020000000100000001000000ec3100805d
:103ac800b400000000000000403600804000000004
:103ad8000000000014010080050000000000000044
:103ae8001c0100800400000000000000e42f00809a
:103af8000801000000000000200100801000000004
:103b080000000000642500800004000000000000a0
:103b1800683400808000000000000000fc35008050
:103b28004400000000000000300100800800000090
:103b38000000000054350080600000000000000014
:103b48006429008000040000000000008036008026
:103b58004000000000000000380100800400000060
:103b680000000000ec3000800001000000000000b0
:103b7800d80200808c220000000000003c01008078
:103b880004000000000000009802008030000000df
:103b980001000000ffff00000000000050000000ce
:103ba8005059029dffff00000000000017000000b0
:103bb8005859029dffff0000000000005a00000055
:103bc8006059029d400581bf780100000100000096
:103bd8000002000030020000300200003002000045
:103be8003002000030020000300200003002000005
:103bf80030020000300200003002000030020000f5
:103c080030020000300200003002000030020000e4
:103c180030020000300200003002000030020000d4
:103c280030020000300200003002000030020000c4
:103c380030020000300200003002000030020000b4
:103c480030020000300200003002000030020000a4
:103c58003002000030020000300200003002000094
:103c68003002000030020000300200003002000084
:103c78003002000030020000300200003002000074
:103c88003002000030020000300200003002000064
:103c98003002000030020000300200003002000054
:103ca8003002000030020000300200003002000044
:103cb8003002000030020000300200003002000034
:103cc8003002000030020000300200003002000024
:103cd8003002000030020000300200003002000014
:103ce8003002000030020000300200003002000004
:103cf80030020000300200003002000030020000f4
:103d080030020000300200003002000030020000e3
:103d180030020000300200003002000030020000d3
:103d280030020000300200003002000030020000c3
:103d380030020000300200003002000030020000b3
:103d48003002000030020000d80681bf14000000d5
:103d580001000000300200003002000030020000c4
:103d68003002000030020000f40681bf400000006d
:103d780001000000300200003002000030020000a4
:103d88003002000030020000300200003002000063
:103d98003002000030020000300200003002000053
:103da8003002000030020000300200003002000043
:103db80030020000400781bffc0000000100000045
:103dc8003002000030020000300200003002000023
:103dd8003002000030020000300200003002000013
:103de8003002000030020000300200003002000003
:103df80030020000300200003002000030020000f3
:103e08003002000008020000100200001802000042
:103e180030020000300200003002000030020000d2
:103e280030020000200200003002000030020000d2
:103e380030020000300200003002000030020000b2
:103e480030020000300200003002000030020000a2
:103e5800300200003002000030020000280200009a
:103e68003002000030020000300200003002000082
:103e78003002000030020000300200003002000072
:103e88003002000030020000300200003002000062
:103e98003002000030020000300200003002000052
:103ea8003002000030020000300200003002000042
:103eb800300200003002000030020000400881bfdc
:103ec8000c00000001000000300200003002000079
:103ed80030020000500881bf04000000010000000b
:103ee80030020000580881bf1400000001000000e3
:103ef80030020000300200003002000030020000f2
:103f080030020000740881bf1800000001000000a2
:103f180030020000300200003002000030020000d1
:103f28003002000030020000940881bf0400000045
:103f38000100000030020000100000802400000092
:103f480001000000ffffffffffffffff010000006f
:103f5800ffffffffffffffff01000000ffffffff64
:103f6800ffffffff01000000bc37008004000000d5
:103f780000000000d40200800400000001000000de
:103f880001000000c03700800400000000000000ad
:103f9800e83600802400000000000000c4370080dc
:103fa800040000000000000000000000666666666d
:020000040000fa
:020000041d00dd
:103fb800d0ffbd270f0005240c0004242c00bfaf40
:103fc8002800b4af2400b3af2000b2af1c00b1afdb
:103fd8007f8f400f1800b0af030042303c00401004
:103fe8002c00bf8fe797400f258800003500401848
:103ff8002590400004000010009d133c010031266c
:1040080030005112000000000390400f25202002cc
:10401800faff401025a04000420042944000423080
:10402800f7ff405001003126252080022496400fda
:104038007080908f4018020021186200c018030099
:10404800231862008018030021800302580003929d
:1040580001006230eaff4050010031265600029606
:10406800feff44240700842c2000801420006330c5
:104078000e00432ce1ff601080100200944063267c
:104088000a10627c08004000000000000440009d07
:104098001045009d4044009ddc41009d1c42009d50
:1040a8009844009d0443009d5845009d2c44009d64
:1040b8003041009d5841009de843009d6443009da8
:1040c8007442009da783400f648084872c00bf8fb3
:1040d8002800b48f2400b38f2000b28f1c00b18f4a
:1040e8001800b08f0800e0033000bd27e1ff601022
:1040f8000e00432c2000038edeff60100e00432cc0
:104108005f98400f000000002000038e50000496c6
:10411800231043002b1044002701401001000624ff
:10412800d3ff0010560002965f98400f0000000071
:104138000800038e1000048e231043002b10440047
:10414800afff4054010031260a000224560002a69f
:10415800253800000900062425288002a425400fe0
:1041680025200002a6ff4010010031265f98400f6d
:10417800000000000c0002ae090005244679400f3b
:10418800252080020800058e1400028e1000048e7f
:104198000c00038e21104500231044002310430017
:1041a80058000492421002003c00432c3c000524b5
:1041b8008410047c0b10a300580004a25f98400fe1
:1041c8001c0002ae040002ae0b0002248cff00109b
:1041d800560002a6252880026c4c400f25200002bc
:1041e8000a000324b00043100000000084ff405080
:1041f800010031265800039201000524020004241e
:10420800c418a37c7dff4414580003a204000224b0
:10421800560002a654000296010007240300032456
:10422800020042380b386200030006242528800269
:10423800a425400f2520000271ff401001003126ff
:104248005f98400f00000000080002ae020005243d
:104258004679400f252080027485400f25200002f2
:104268000500022466ff0010560002a625288002d9
:104278006c4c400f252000020a00032460ff4354c1
:10428800010031265f98400f000000000800038eef
:104298001800048e231043002b104400ed00401436
:1042a8000200033c580002920100632420004430bd
:1042b80009008010540003ae2000038e010004247e
:1042c8004429827c04006014580002a25f98400fc1
:1042d80000000000200002ae5800029201000324f2
:1042e80007000524c439627c580002a24679400fb1
:1042f8002520800242ff0010010031262c00028e8a
:10430800253000001000a527252080023961400fc4
:104318001000a2afba0040101000a527486c400f4b
:10432800252080022528800225200002030007247a
:10433800a425400f04000624070002245f98400fbc
:10434800560002a6040002ae050005244679400f77
:10435800252080022aff00100100312601000724d1
:104368000900062425288002a425400f25200002e4
:1043780023ff4010010031265f98400f0000000025
:104388000c0002ae0a0005244679400f2520800261
:104398000800058e1800028e1400048e0c00038e8f
:1043a80021104500231044002310430058000492b4
:1043b800421002003c00432c3c0005248410047c7d
:1043c8000b10a300580004a25f98400f1c0002ae17
:1043d800040002ae0d00022409ff0010560002a6d8
:1043e800252880026c4c400f2520000225a04000a3
:1043f8000a00022402ff8256010031265f98400f0e
:10440800000000000800038e1400048e23104300ef
:104418002b104400700040140c000224f7fe00101a
:10442800560002a6252880025558400f2520000274
:10443800f3fe001001003126252800005956400fd0
:104448002520000258000296280000ae0300072429
:10445800f9004230580002a60100062425288002ef
:10446800a425400f25200002e5fe4050010031261a
:10447800010005244679400f252080027485400fed
:104488002520000203000224dcfe0010560002a6cc
:10449800252880026c4c400f252000020a000324c6
:1044a800d7fe435401003126dc85400f0000000090
:1044b8000400038e0000048e231043002b104400d8
:1044c800cffe4054010031264c0002960200033c06
:1044d8000100632440100200ffff42304100442cd9
:1044e80002008014540003ae400002244c0002a6cf
:1044f800580002922000433079ff605001000324e5
:104508006eff00102000038eca90400f2520800205
:10451800bbfe4050010031265400029602000324dd
:104528004700431003000424480044100a000224f2
:10453800560003a64800048eb1fe805001003126c3
:104548004e6d400f01000524adfe0010010031261c
:104558005f98400f000000000400038e2310430002
:104568000a00422ca6fe405401003126580002924f
:104578000200033c0100632420004430090080103d
:10458800540003ae2000038e010004244429827cd9
:1045980004006014580002a25f98400f0000000059
:1045a800200002ae5800029201000324c439627c44
:1045b80092fe0010580002a2010005248582400fd7
:1045c8002520800258000392560002964429037c55
:1045d800a7fe0010580003a25f98400f00000000db
:1045e8000400038e1c00048e231043002b1044008b
:1045f80082fe4050560014a681fe001001003126ac
:104608006198400f000000000400038e52000496d9
:10461800231043002b10440079fe4054010031263a
:10462800252880025558400f252000021000a52794
:10463800486c400f2520800271fe001001003126d1
:1046480004000224bbff0010560002a6b9ff0010a8
:10465800560002a65f98400f000000000400038e79
:104668001c00048e231043002b10440064fe4054a9
:10467800010031260c00022460fe0010560002a63c
:020000040000fa
:020000041d00dd
:1046880068ffbd27a400a7af0000c0d41000a28c0b
:104698007800beaf1800a0f7000080441800a1d72a
:1046a8000000e0446400b3af3c0820466000b2afad
:1046b8005c00b1af5800b0af7c00bfaf7400b7afbb
:1046c8007000b6af6c00b5af6800b4af8800b6f73d
:1046d8008000b4f79800a4af2588a0000000b28c31
:1046e8000400be8c0800b38c4000a2af080001454e
:1046f8000c00b08c040042323900401408005432d7
:104708000f00801225b060020a0000102000022469
:104718001800a28f1c00a38f2000a2af0080023ccb
:10472800261043002400a2af2000a1d72d000224a8
:104738001800a1f7000002a2ffff7626010014244a
:104748001c00a28f1800a48f2118140200f0427ccc
:10475800270080142800a3aff07f033c25004314f2
:10476800f07f053ca400a28fbfff51241a00312e10
:104778001d002012029d053c029d053c805ea5247b
:10478800d293400f2800a48fe391400f2520000208
:104798009800a48f1000b2af2538600225280002c7
:1047a800c764400f253040007c00bf8f7800be8f63
:1047b8007400b78f7000b68f6c00b58f6800b48f27
:1047c8006400b38f6000b28f5c00b18f5800b08f67
:1047d8008800b6d78000b4d70800e0039800bd274a
:1047e800d4ff00102b000224e5ff0010845ea524ee
:1047f800f07f053c0100a3242b18430005006050fe
:10480800a400a28f0c0045141800a1d70a0080103c
:10481800a400a28fbfff51241a00312e0400205299
:10482800029d053c029d053cd5ff0010885ea5242d
:10483800d3ff00108c5ea524029d053c029d023c1e
:10484800320920462c00a2af5854b4d41f000445a6
:1048580025a80000a400a48fc895400f2000a5af8c
:104868002014027c2000a58f3401c00767000424af
:104878002900441425b840000100c05301001e243b
:10488800fcffa42a030080142a20be0225018014fc
:10489800000000002a0000106500172406052046c5
:1048a8000100b52602a022461800a1d73c0a2046de
:1048b800faff08452c00a38f029d043c2510000038
:1048c800685480d40f000010605462d4f5ff0010c3
:1048d800605442d4d4fea42a0800805003a522467e
:1048e800050040141800a1d702a5204601000224a3
:1048f800420820461800a1f703a52246ffffb52667
:104908001800a1d73c0b3446f2ff0d45a400a48f34
:10491800d1ff001000000000660004240800e4161f
:104928000100de270300a106670004245854b4d40c
:1049380025a80000020044106600172421f0d503c2
:104948001800a0d786a52046252800002000a0f73b
:104958002000a0d74c00a5af4800a2afdc73400fe1
:10496800030336462000a28f0080073c4d002046f6
:104978003000a2af2400a28f4400a1e786b32046ee
:104988002610e2003400a2af3000a1d7060320466b
:10499800fb14400f1000a1f700006d440080073c95
:1049a8002610ed002400a2af2c00a28f4c00a58f8a
:1049b80000000c44605440d40100a5242000acaf92
:1049c80083b52046e2ffc5174800a28f029d043c2c
:1049d80070548ed42000a0d782b32e463c042e46b5
:1049e8005e00114532052e46050014454400a38f8c
:1049f800000080440000e044010064309203244633
:104a08002c00a38f1800a0d7605476d400002e463f
:104a180082a53646000004443eb62046520018459a
:104a280000006544660007245000e7160100b5261b
:104a38000100de272548a00223183e011800a3af75
:104a480025f0800225600000257800001800a38f5b
:104a5800060069102568c00310002a8efbff4a254e
:104a68002b50ca0346004055000084440600e01558
:104a7800100042320400401021680d022e0002246a
:104a88000100de270000a2a121201e0265000224e9
:104a98002200e216000080a00300a10625280000dd
:104aa80023a81500010005244000a28ffeffcc2694
:104ab8000a000b24ffff422421480202000020a123
:104ac800020009248600a016213089018400201dd7
:104ad8002b0003242d0009240b182501252860002c
:104ae80021180202ffff65a0a400a38ffeff422445
:104af80021280202bfff71241a00312e4500032429
:104b08000bb871002a38c2030000b7a00300e010f8
:104b1800feffd624d293400f00000000030042326b
:104b28000200032418ff43140000000016ffc01af7
:104b380000000000e391400f252000022a185400cd
:104b4800710060102530c0022800a48fa093400f88
:104b5800300005240cff00102598000000708044e8
:104b6800a7ff00100070e04486a520466500e93ada
:104b78002518a0020a180900afff00102548600098
:104b88005000a2af0000e5444c00acaf030336462a
:104b98004800afaf4400a9af3000adaf2000a4afcc
:104ba800dc73400f2400a5af4d00204600080a44de
:104bb80009000e240a0058290a50d80110004e3264
:104bc8002570ca012000a48f2400a58f3000ad8f66
:104bd8004400a98f4800af8f4c00ac8f0b00c01564
:104be8005000a28f67000e2408004e140000000039
:104bf8001d00200501008e252568c00321c01e0266
:104c0800257080010f00001030001924fbffe055cb
:104c18002568c003f9ff23052568c00321680d0234
:104c28002e000e240100de27ffffd6260000aea1cd
:104c3800f1ff001001000f24000019a3ffffce258b
:104c480001001827fcffc015ffffc62621680d02ca
:104c58000100c7272168ac0130004a2523b0cc00e9
:104c680021f0ec000000aaa100800a3c4c00a2af91
:104c7800261045013800a4af3c00a2af3800a1d7e8
:104c880086b32046060320461000a1f74800aeafc1
:104c98004400afaf3000a9af2000a4affb14400f11
:104ca8002400a5af2c00a28f00000c4400006d4426
:104cb8003000a98f605440d44800ae8f00800a3c71
:104cc8002520800126284d0183b52046ffff292590
:104cd8002560c0014c00a28f5cff00104400af8f1c
:104ce8001a00ab02f4016001ffff422421300202e6
:104cf800ffff29251050000030004a250000caa0f7
:104d080070ff001012a80000211802020000648041
:104d18002118c20221180302000064a087ff0010b6
:104d2800ffff422403ffa10667000424fafe0010d7
:104d380066001724d2fe001006001e24d0fe441080
:0c4d480006001e24f4fe001025b84000f8
:020000040000fa
:020000041d00dd
:104d540028fdbd27c002b4af25a0800024008484b0
:104d6400000206241000a527b002b0afd402bfafe2
:104d7400d002beafcc02b7afc802b6afc402b5af63
:104d8400bc02b3afb802b2afbf3e400fb402b1af82
:104d9400258040001000a227211050001000a427f5
:104da4000c00032e8402a2af7c02a4af570060144f
:104db400251000001000a28fffff44308802a2af2c
:104dc4001400a28f8c02a2af1800a28f9002a2af8f
:104dd4001c00a2270935400f8002a2af8a02a497c3
:104de4000935400f8802a2a79202a49725884000a3
:104df4000935400f8a02a2a78e02a4979202a2a7a5
:104e04000935400f030031329002a4970935400f51
:104e14008e02a2a78c02a4970935400f9002a2a784
:104e24008c02a2a78802a2275402a2af1000a227d4
:104e34005802a2af7c02a2275c02a2af6002b0a714
:104e4400310020166402a0af259000000200032464
:104e5400d60043128802a22703000324da00431277
:104e6400010003243e01435206004294040042948c
:104e740025004010ffff53241002b5275c02b68fb3
:104e84001002a0a32580a0020800c88e0400c28ed0
:104e94002548c00225b800001c000251251000005e
:104ea4000000439001005e245600601004003eadf3
:104eb400c0006430c00005244000851025886000cf
:104ec4003c00001223201e015002aa27231850017f
:104ed4002a1071001a00401025580000235823029c
:104ee40016006014258860012b20910007008014af
:104ef400251000002110d103040022ad21882302d3
:104f0400e7ff021521b8f10225100000d402bf8f7b
:104f1400d002be8fcc02b78fc802b68fc402b58f41
:104f2400c002b48fbc02b38fb802b28fb402b18f87
:104f3400b002b08f0800e003d802bd2725886000c6
:104f44002b209100f1ff8014251000002520000281
:104f5400253020022528c003a802a8afa402abafc5
:104f6400cb92400fa002a9afa002a98f2180110209
:104f74005002aa272110d1032b500a02040022adab
:104f8400a402ab8f05004011a802a88f2e000324b1
:104f9400000003a20100f72601001026d8ff6011cb
:104fa400251820022320020125f04000ceff001026
:104fb40025886001ccff001025180000001a0300aa
:104fc400d1ff1e11003f6330010046905802a58fa7
:104fd4006002a49721186600020042242140a40024
:104fe4002b208300040022ad6c02a5afc6ff801401
:104ff4007402a8af2110a3007002a2afa6ff001094
:105004006c02a9270700001200000000040015121a
:105014002e000224ffff038221006250ffff1026ae
:10502400000000a2b8ffe01a5402a28f0000848e90
:105034002528a0024665400f00005094040040104b
:105044002588400024004294170050500000229606
:105054006402b18f060020520800d78e0000229609
:1050640080004230a9ff4054251000000800d78e6c
:105074000400d08e160040162310f0020400422cc7
:10508400a2ff405425100000040010260400d0aef6
:105094003e006012ffff622678ff00102598400052
:1050a400dfff0010fffff7268000423096ff401418
:1050b4006402a28fa6004014000000000800d78eee
:1050c4000400d08e6402b1afecff40122310f00252
:1050d4000a00422c9402a0af9802a0af8aff4014a9
:1050e4009c02a0a70300038a0700028a0800069214
:1050f4000000039a090005920400029a0a001e2681
:10510400022403000400deae9402a3af9c02a6a313
:105114009d02a5a30935400f9802a2af9c02a49753
:105124009602a2a70935400fa802a2af9802a48f45
:105134009c02a2a70635400fa402a2af9402a49732
:105144009802a2af0935400fa002a2af9402a2a711
:1051540023b8fe02a002a68fa402a38f040020128b
:10516400a802a58f010004243e00a4100000000042
:105174002bb8e30265ffe0562510000021f0c303bd
:105184000400deaec4ff6016ffff62260100522653
:1051940004000224100042126802a0af5402a28f3d
:1051a400020003242dff4316030003240800429445
:1051b40031ff4014ffff53246802a0af01005226c0
:1051c400f7ff00105402a28f0a0042942aff4014f1
:1051d400ffff53246802a0af6402a28f4bff40502c
:1051e400251000002400438c0478037c47ff6050a2
:1051f4002510000000004394260045901c00848e76
:105204000442037c80006334000043a40300a01024
:105214002a0040a0010003242a0043a02700439051
:10522400050060501800438c2a0043900200633448
:105234002a0043a01800438c04006054260083967f
:10524400b0040324180043ac26008396080044ac41
:105254000c0044acffff6224260082a62bff001042
:1052640001000224430045101c000424c1ff4454df
:105274002bb8e30210000224beff62542bb8e302f1
:105284002a00229202004230baff40502bb8e302b7
:1052940027002492220082962b108200b5ff4050f2
:1052a4002bb8e3021000f72e6c02a0af7002a0af7f
:1052b4007402a0af14ffe0167802a0af0d00098ab3
:1052c4001100088a1500058a1400228e0a00099a22
:1052d4001900038a00210400211044000e00089ada
:1052e4002520a0001600039a1200049a030049a87e
:1052f400000049b8070048a81a0010267802a3af96
:10530400040048b86c02a9af7002a8af7402a4af3d
:105314000400d0ae0b0044a8080044b80f0043a812
:105324000c0043b81800228e2b18c20004006054ed
:10533400180026ae0300405427002292180026ae1f
:10534400270022920100422451ff0010270022a2cc
:1053540047ff22520800d78eecfe001025100000f3
:10536400c5fe4014ffff53246802a0af94ff001051
:1053740001005226040002247eff62542bb8e3028b
:1053840026002492200082962b10820079ff405040
:105394002bb8e3020400f72edbfee0166c02a0af8c
:1053a4000d00028a1000238e1800288e0a00029a2b
:1053b40080280400211865000e0010262b28c80040
:1053c4006c02a2af0400d0ae0300a014000062acd3
:1053d4000300005501008424180026ae0100842433
:0853e4002bff0010260024a29b
:020000040000fa
:020000041d00dd
:1053ec0068ffbd2700600644006067443000a427b6
:1053fc009800acf78400bfaf6000b0af8800b4f782
:10540c00a000aef7a800b4d78000beaf7c00b7af49
:10541c007800b6af7400b5af7000b4af6c00b3af2a
:10542c006800b2afbc7c400f6400b1afa000aed737
:10543c002000a42700700644bc7c400f0070674419
:10544c0000a0064400a06744bc7c400f1000a427b9
:10545c003800b08fa000aed7cb03022a0500401055
:10546c009800acd72800a68fcb03c22803004014a9
:10547c001800a28f0600001021658e4ecb03432826
:10548c0011006014cb0303240100435421658e4e9c
:10549c008400bf8f06a020468000be8f7c00b78f93
:1054ac007800b68f7400b58f7000b48f6c00b38f1a
:1054bc006800b28f6400b18f6000b08f8800b4d7e1
:1054cc000800e0039800bd273000a88f2000aa8fa9
:1054dc002400a48f3400ac8f19000a01218006022d
:1054ec0023905000127000004000aeaf4000b78f08
:1054fc00107800004400afaf4400a38f19000401e2
:10550c00124000001048000019008a0112500000df
:10551c0021b00a012b28c8021058000021502b0181
:10552c002128aa00190084012158c3022b206301f1
:10553c0012600000212885012120a40010680000c1
:10554c002b50ac0021504d012b1885002588800074
:10555c00a500401a21506a004000432a1000a98f70
:10556c006d0060101400a88f252020012528000153
:10557c00253040025400aaaf5000abafa000aef7ec
:10558c009800acf74c00a9afca8f400f4800a8afe9
:10559c004c00a98f4800a88f40000624252020012c
:1055ac00252800012330d20025984000bb8f400fe6
:1055bc004000a3af4000a78f9800acd7a000aed797
:1055cc005000ab8f5400aa8f254840002540600046
:1055dc002c00a28f3c00b28f269042021c00a28f9e
:1055ec00ac00521421f077022b18d30321b0eb003e
:1055fc0021b076002b10c7020700401401000524cf
:10560c000500f654252800002b98d30303006016e0
:10561c0021a031012528000021a031012b10890285
:10562c0021180a0121a0b400211843002b2885025f
:10563c0021a8a300252080023f85400f2528a00229
:10564c00ffff5124400006242330d1002520c00345
:10565c00bb8f400f2528c002253020022520800258
:10566c002528a00225b84000ca8f400f259860005d
:10567c00253020022520c0032528c00225b8e202cf
:10568c00ca8f400f25986302251043002b1002008f
:10569c00400010262510e202252040000600401292
:1056ac0025286002233002002b1806002338130033
:1056bc002520c0002328e30000008444233011027d
:1056cc000000e544c4fbc328ce0060102103a046b3
:1056dc00c3fb0324cf00c354802d1300ac00401235
:1056ec00029d033c805462d432102c46ab00004522
:1056fc00401d0200029d023c885440d4029d023c95
:10570c00905454d402632046206320462163004603
:10571c005fff001002653446c0ff5226c0ff5024c4
:10572c0025980000aaff4012253800004000422aac
:10573c00500040105800aaaf4000a48f4000152420
:10574c0023a8b202252860012530a0025400a7af7f
:10575c005000a8af4c00a9afa000aef79800acf772
:10576c00ca8f400f4800abaf4800ab8f4000a48fee
:10577c002530400225286001bb8f400f25b843001f
:10578c005800aa8f252020022530a0022528400190
:10579c002bb8170025b0600025b8e202ca8f400f65
:1057ac004800aaaf4800aa8f2558c3022520200222
:1057bc0025284001253040024000abafbb8f400f85
:1057cc0025b8e20225884000255060004000ab8fd0
:1057dc009800acd7a000aed74c00a98f5000a88f72
:1057ec007bff00105400a78f239002020500401687
:1057fc001000b38f1400a78f2548000074ff001011
:10580c00254000004000422a1f0040101000b48fb9
:10581c001400b58f400006242330d20025208002ce
:10582c002528a0024800aaaf4000abafa000aef7fd
:10583c00ca8f400f9800acf725104300253040026a
:10584c00252080022528a002bb8f400f2b98020038
:10585c00259862022538600025480000254000008c
:10586c009800acd7a000aed74000ab8f58ff00100b
:10587c004800aa8f01001724255800002588000035
:10588c0053ff00102550000001001324daff001014
:10589c002538000023f0f3022b18fe0223b0670119
:1058ac0023b0c3022b10760101000524060040141e
:1058bc00253000000400cb5625280000030060149e
:1058cc002360290225280000236029022ba82c0222
:1058dc00231848012318750023a085012b6094011f
:1058ec002318660023a86c001200a10623203101a6
:1058fc0023f077022b987e0223b0eb0023b0d30267
:10590c002b10240123180a0125a0d60321a88500f9
:10591c00231862002ba014002b20a402211866006f
:10592c0023a0b402211883002ba8b40223a875006d
:10593c000100522e251095023eff40142510d6036f
:10594c00d3fe405021658e4e2520c0033f85400f6d
:10595c002528c002ffff512407002106c01f160096
:10596c0042101e00251062000100de3325105e007f
:10597c0049ff001042981600253020022520c00354
:10598c00ca8f400f2528c00243ff001025986000e5
:10599c00029d033c54ff0010785462d4190060102f
:1059ac00c01f130042200200252064000100423079
:1059bc0042981300254082000040023c0600401231
:1059cc0025485300231008002b180200232009003f
:1059dc00254040002348830000008844029d023c7f
:1059ec000000e94490544cd42100a046000020460d
:1059fc000100224602032c468100204602632c46fd
:105a0c002163024cdf7c400f00000000a0fe001060
:105a1c000605204680250200821202002b2004007d
:105a2c002510a20025108200823d02000448137c40
:105a3c002528f300060040128022020023100400e7
:105a4c002b18020023380500252040002328e300f2
:105a5c00000084440000e544eaff00102103a04646
:020000040000fa
:020000041d00dd
:105a6c002518e0000400c78c0000c68c70ffbd2711
:105a7c008000baf70000864400d080440000e74460
:105a8c0000d0e0441000a28c3c003a464c00b3af6e
:105a9c004800b2af4400b1af4000b0af6400bfaf3c
:105aac006000beaf5c00b7af5800b6af5400b5afe6
:105abc005000b4af7800b8f77000b6f76800b4f7d0
:105acc009000a4af0000b28c0400b18c0800b38c21
:105adc002000a2af080001450c00b08c040042323b
:105aec0037004014080057320d00e01225f0600218
:105afc0008000010200002240080023c2610470001
:105b0c001c00a2af1800a6af1800a68f1c00a78f10
:105b1c002d000224000002a2ffff7e2601001724a4
:105b2c00bfff65242548c00000f0e27c2800c014ab
:105b3c001a00a52cf07f033c26004314f07f0a3c8e
:105b4c00212017022000a010029d113c029d053c53
:105b5c00705ea524d293400f00000000745e2426d2
:105b6c00e391400f000000009000a48f1000b2af32
:105b7c002538600225280002c764400f25304000fc
:105b8c006400bf8f6000be8f5c00b78f5800b68f6b
:105b9c005400b58f5000b48f4c00b38f4800b28fb7
:105bac004400b18f4000b08f8000bad77800b8d7ce
:105bbc007000b6d76800b4d70800e0039000bd278a
:105bcc00d4ff00102b000224e2ff0010745e252687
:105bdc00f07f0a3c010043252b18430005006010a0
:105bec00212017020d004a54000086440b0020515e
:105bfc00000086440700a010029d113c029d053c4c
:105c0c00785ea524d293400f00000000d4ff001052
:105c1c007c5e2426fbff00107c5e252630000224cf
:105c2c000000e744000082a032013a4658000324e9
:105c3c0078000224029d093c0b10650025a8000089
:105c4c00a9000445204f34d500c086440000342af6
:105c5c00180009240a48340286a5204600c0e744ef
:105c6c00010082a0010034252510000003c3364634
:105c7c003000a5af2400a2af1800a6af1c00a7af40
:105c8c00dc73400f029d163c820036462400a28f26
:105c9c002800b6af1800a68f010042241c00a78f65
:105cac003000a58f01c62246384fc2d6040021060b
:105cbc0082b5224632c53a4603001545029d043c86
:105ccc00eaff8216029d043c404f82d482b02246e9
:105cdc003cc62246a000194532c7224608001e4584
:105cec00000086440d00204600000444000080445f
:105cfc00010084300000e0449200244600008644f9
:105d0c000200f7260000e744000022461800a0f726
:105d1c001c00a38f1800a48f0400801400f0667c74
:105d2c00f07f043c87ffc4102120170223100200cf
:105d3c00feffc6272400a2af25f0e00225100000cc
:105d4c0025a0000025b000002000a38ffbff6424d9
:105d5c002b20c4031c0080102538c0031800a0d7ca
:105d6c003c00a5af3800a6af030334462c00a2af0d
:105d7c00dc73400f3000a7af4d00204600080444f0
:105d8c003000a78f2c00a28f3800a68f75008014ce
:105d9c003c00a58f7c00c0522ba0140001004224b3
:105dac00020034461800a1d72800a38fffffd62687
:105dbc00010820461800a0f7384f60d42400a38fa8
:105dcc00e1ff761402a520461400801621201e0245
:105ddc00a600405010004232a300201a01004732a6
:105dec00a100e0142e000724000087a021385e00db
:105dfc002138070230000924010089a00100842405
:105e0c00feff8754010089a021f05e0027100200dc
:105e1c000100de272130460021201e02000080a058
:105e2c000300a1062510000023a815000100022480
:105e3c002000a38fffffc62401000b24ffff712459
:105e4c00213811020000e0a00a000a2401000724f6
:105e5c007400a01621a0c7007200eb102b000324c5
:105e6c002d0006240b18c200251060002118110209
:105e7c00ffff62a0feff31265000072470000224b1
:105e8c000a384500212811022a88d1030300201268
:105e9c000000a7a0d293400f000000000300423284
:105eac00020003240c004314feff91262cff201a41
:105ebc0025200002e391400f252000022a185700ec
:105ecc00620060102530200230000524a093400fa2
:105edc00212017022598000021ff00102520000228
:105eec00060520460100b52600a03446000886446d
:105efc000008e7443c0a2046f9ff0845029d093c8e
:105f0c00284f20d5029d093c304f22d50601204652
:105f1c00000886440008e7443c0c34464bff12450d
:105f2c0000c0864482a1204632333a4608000e4512
:105f3c0002a524460008864402a522460008e74430
:105f4c0042082246000806440008674402a524467d
:105f5c00efff0010ffffb5260010804467ff001014
:105f6c000010e044090080162558c0030700c01239
:105f7c002e000924213807020100de27ffffc6246a
:105f8c000000e9a0010014242558c00321601e0262
:105f9c00253840000300001030000d24ffffe724db
:105fac0001008c25fdffe05400008da121584b0011
:105fbc00ffffc6240100de270a0087282330c20019
:105fcc0021f0c20321580b020200e010570082247a
:105fdc00300082241100a050000062a12000473440
:105fec009fffe7241a00e72c0c00e050000062a190
:105ffc00252040003c00a5af3800abaf2c00a6af6d
:10600c00cf95400f3000a0f73c00a58f3800ab8f28
:10601c002c00a68f3000a0d7000062a160ff0010fa
:10602c00251000001a00aa02f4014001ffff3126de
:10603c0021601102ffffe7241048000030002925e1
:10604c00000089a182ff001012a800002118020292
:10605c00000064802118820221180302feff64a054
:10606c0096ff0010ffff4224100042326bff40509d
:10607c0021201e022e0002240100de2766ff0010e4
:04608c00000082a0ee
:020000040000fa
:020000041d00dd
:1060900018ffbd27dc00b4afd800b3afd400b2af57
:1060a000d000b1afe400bfafe000b5afcc00b0afff
:1060b000259080002588c000b800a5af2598000075
:1060c000029d143cb800a58f0000a280e40040109f
:1060d000ffff02249c00a2af1800a227a400a2afd9
:1060e000800002249800a0afa000a0afa800a2af3b
:1060f00025800000250003242110b000000042800c
:106100000300401000000000fbff43540100102674
:1061100006000012253000021488400f252040029e
:10612000b800a28f21105000b800a2afb800b58f00
:10613000250002240000a382c20062140100b526db
:10614000b800b5af2b0005242d0006243000032431
:106150002000072423000824b800a48f00008280b8
:106160001b0045509800a28f2c0049281e002011ca
:1061700000000000180047509800a28f18004850f7
:106180009800a28f2a0003241e0043500000228e94
:10619000d081400f00000000a000a2afb800a38f84
:1061a00000006280d0ff42240a00422c21004010ef
:1061b00001006324f9ff0010b800a3af01004234ce
:1061c000010084249800a2afe3ff0010b800a4af40
:1061d000fbff001004004234f9ff001008004234b5
:1061e000f7ff001010004234f4ff46509800a28fd1
:1061f000e5ff43542a0003249800a28ff0ff00100b
:106200000200423401008424b800a4af04004324f7
:106210000000428c000023ae06004104a000a2afa3
:106220009800a38f23100200a000a2af01006338e2
:106230009800a3af9800a28f0100433002006010c5
:106240004408027c9800a2afb800a28f2e0003245d
:10625000000044800d008314010044249c00a0af82
:10626000b800a4af010045802a0003242300a31432
:1062700002004224b800a2af0000228e0400432492
:106280000000428c000023ae9c00a2af638a400f46
:10629000b800a427c000a2afb800a28fc895400fd5
:1062a000000044806900032477004310c000a58fdc
:1062b0006a0043282f00601063000324be004310cf
:1062c000640043281800601025000324cb0043100d
:1062d000610003244f00435025302002ffff0224b9
:1062e000b800b5af9800a0afa000a0af9c00a2afcf
:1062f0001000a0afc900001025380000d081400f69
:10630000000000009c00a2afb800a38f00006280d4
:10631000d0ff42240a00422cdcff4010010063241d
:10632000f9ff0010b800a3af640003245600431027
:1063300068004228eaff4010ffff022425302002b7
:10634000728d400fb000a42797004010b800a28fb4
:10635000b000a6279800a52701004324b800a3afea
:1063600000004780a211400f252040023500001098
:1063700021800202700003246e0043107100432844
:10638000130060106e000324830043106f00032489
:10639000d3ff4314ffff02242538200225300000dc
:1063a000494b400fb000a4277f004010b800a28fd7
:1063b000b000a6279800a52701004224252040020e
:1063c000fc66400fb800a2af1e0000102180020240
:1063d000750003243a00431078000324460043105c
:1063e00073000324bdff4314800002246e00a21436
:1063f000b800a28f2538000001004224b800a2afe7
:106400000000228e04004324000023ae760000101a
:106410000000468c728d400fb000a427620040102f
:10642000b800a28fb000a6279800a527010043243a
:10643000b800a3af000047809b16400f2520400204
:1064400021800202218070022a98130277006012d4
:106450000080023c4f000324c43743acffff1324e9
:10646000e400bf8f25106002e000b58fdc00b48f20
:10647000d800b38fd400b28fd000b18fcc00b08fd2
:106480000800e003e800bd272538200201000624ab
:10649000494b400fb000a42743004010b800a28f22
:1064a000b000a6279800a52701004224252040021d
:1064b0000158400fb800a2afe2ff00102180020295
:1064c0002538200225300000494b400fb000a4279a
:1064d00035004010b800a28fb000a6279800a5276d
:1064e0000100422425204002e571400fb800a2af10
:1064f000d4ff001021800202253820022530000040
:10650000494b400fb000a42727004010b800a28fcd
:1065100001004324b800a3af00004780b000a627c5
:106520009800a527483d400f25204002c5ff0010d8
:10653000218002022538200225300000f0000524c9
:10654000494b400fb000a42717004010b800a28f9d
:10655000b400a38f01004224b800a2afb000a28f04
:1065600025104300edff401478000724e391400f0d
:10657000d85f84269800a38fa000a78f2530400005
:106580001000a3afd85f8526c764400f25204002c6
:10659000acff001021800202253820022130700259
:1065a000ef69400fb000a427b800a28f0100422479
:1065b000a4ff0010b800a2af80000224faffa214ca
:1065c000b800a28f01000724b000a62701004224d2
:1065d000b800a2af0000228e040043240000428cc9
:1065e000000023aeb000a2a39800a5275678400f64
:1065f0002520400293ff0010218002028000022427
:10660000e9ffa214b800a28fa000a78f01004224c6
:10661000b800a2af9800a28f1000a2af029d053c67
:1066200001000624d8ff0010e05fa524a5fe00109d
:0466300025980002a7
:020000040000fa
:020000041d00dd
:1066340090ffbd274800b0af0800908c6c00bfaf3e
:106644006800beaf6400b7af6000b6af5c00b5af22
:106654005800b4af5400b3af5000b2af42000012c0
:106664004c00b1af0400968c4000c05225a000003d
:106674002800c28e3d00405025a000000c00918ce3
:106684003a00205225a000001000928c36004012df
:106694000080033c0000878c1400868c0000258e4b
:1066a4002c376224010004242c3767ac040056ac58
:1066b400080050ac0c0051ac100052ac3800a410cf
:1066c400140046acfeff432625102002ffff0524dc
:1066d40004000010010006240000448c31008610e0
:1066e400ffff6324fcff65140800422425280000f2
:1066f4003c93400f252000000080033c29014014f6
:10670400143762ac25300000019d053c78dda524da
:106714009d8e400f2520000001000624019d053cac
:1067240090dfa5249d8e400f25200000c465400ff6
:1067340025a000006c00bf8f251080026800be8f6a
:106744006400b78f6000b68f5c00b58f5800b48fbb
:106754005400b38f5000b28f4c00b18f4800b08ffb
:106764000800e0037000bd2725a000006c00bf8f67
:10677400251080026800be8f6400b78f6000b68f5a
:106784005c00b58f5800b48f5400b38f5000b28fa3
:106794004c00b18f4800b08f0800e0037000bd27a3
:1067a400251020020400448c0080133c252800009e
:1067b4003800b3af3400a4af3c93400f0c377326ba
:1067c4003000a2af42004010080062ae3400a28f35
:1067d4003000a48f6c0006240000438c0800828cd7
:1067e4002528000209f840000c0063ae2d0040107b
:1067f400188182af3000b58f253000022528c002f1
:10680400b980400f2520a0020800401425a04000b4
:10681400019d053c2530a002e8dda5249d8e400f96
:1068240025200000bdff0010030006243800a38fbc
:10683400ffff0232040072ae0c3762a4ce00001acd
:106844001881978f25f0c0020400001025a80000cd
:106854006c00f726230015123800de2725300000cf
:106864002528e0023436400f2520c003f8ff4054a9
:106874000100b526019d053c1cdea5242520000051
:106884009d8e400f2530a002019d053c253000025d
:1068940060dea5249d8e400f252000009fff001080
:1068a40004000624c03010002330d00080300600dd
:1068b4002330d000019d053c80300600a8dda524ce
:1068c4009d8e400f2520000094ff00100200062436
:1068d4003400a28f8cff4050253000008aff001046
:1068e4000000468c1881978f02006d962560000089
:1068f4002558e0022530a0012550000001004a255a
:106904004400678d0e000a126c006b25252060017f
:10691400040000102518400101006324f7ff03124e
:106924006c0084244400858cfcffa754010063247c
:106934000100c624ffffc630f7ff001025604000a9
:10694400020080512530a001020066a68d00c0140b
:106954002528e002253800001800a68c0100e72451
:106964006c00a5247200c0142a10f000fbff4054f0
:106974001800a68c3800a28f0c374294148180af83
:106984001800a0af1c00a0af2000a0af2400a0af4f
:10699400210040102800a0af029d023c305b42243d
:1069a4004000a2af019d023c6400f72625f00000e0
:1069b4004400a2afffffe7921800a227f4fffea64f
:1069c4008038070021a847004000a28f0000aa8e4b
:1069d4002520e0020a38477c4400a28f1000aaafa9
:1069e4000700052428df46246d94400f3c00aaaf1d
:1069f4003800a28f0600e0a23c00aa8f0c37429414
:106a04000100de2701004a252a10c2030000aaaeb5
:106a1400e8ff40146c00f7260080043c8002062442
:106a240025280000a093400f642d84243400a28ff5
:106a34000080033c0080153c0400478c0800468c11
:106a44000c00458c1000448c00004a8cd833b526c9
:106a540044376224f88080af44376aac040047ac02
:106a6400080046ac0c0045ac100044ac9000b726be
:106a74002520a0027c97400f0c00b526fdfff516db
:106a84002520a002180060ae1b00001a1881978f01
:106a940025a80000dc7f400f2000c48e2520400084
:106aa4004408047c0100032407008310019d053c75
:106ab4002530400030dfa5249d8e400f25200000a6
:106ac40016ff001007000624253040022528200266
:106ad400252060021c0062ae100077ae3a28400ff9
:106ae400140075ae2d0040100100b5266c00f72689
:106af400e8ff15163800d6263000a48f1800828cc3
:106b040009f84000000000000008432c18ff605002
:106b14006c00bf8f019d053c2530400064dfa52437
:106b24009d8e400f2520000011ff00106c00bf8fc8
:106b340091ff40103800a28f1800a28c0800c210e8
:106b44002518a0002510e0000100422482ff021253
:106b54006c0063241800648cfcffc41401004224fc
:106b6400019d053ce4dea5249d8e400f25200000f8
:106b7400eafe0010060006240200669680ffc0505c
:106b8400148180af019d053ca0dea5249d8e400f9d
:106b940025200000e1fe001005000624dffe0010a1
:0c6ba400080006240000028c34000000f1
:020000040000fa
:020000041d00dd
:106bb000a8febd270001af275001b7af5401beaffb
:106bc0004c01b6af4801b5af4401b4af4001b3af1b
:106bd0003c01b2af3801b1af3401b0af2001b727eb
:106be0002510e001251880000000668c0400422476
:106bf00004006324fcffe216fcff46ac2568a003fa
:106c00004000a6272510a0030000a38c0400422406
:106c10000400a524fcffc214fcff43acc000ab255c
:106c20002518a0013800658c0400668c2400688c4f
:106c300000006a8cc23c2500421425002610470043
:106c4000824c2600823a0500c22926002610470001
:106c50002628a90021380a01c23006002110470069
:106c60002628a60021104500400062ac04006324e1
:106c7000edff63553800658c0001a5252801a5afff
:106c8000c0b5053ccffba5342401a5af3771053c49
:106c90009144a524029d0e3c1cab163c3f92153c32
:106ca000f159143c5639133cb5e9123c2001a5af0b
:106cb0008a42053c1c01a98f1001a88f1801ac8fd6
:106cc0001401a78f0001aa8f0401a38f0801a28fce
:106cd0000c01a68f3c91ce25d55ed626a482b53672
:106ce000f11194265bc27336a5db52360c000010fe
:106cf000982fb9240400c58d0000d98d0c00d28dc9
:106d00002001a5af0800c58d1000d38d1400d48dcf
:106d10001800d58d1c00d68d2401a5af2000ce25ee
:106d200026c0870182812800c25a28000000b18d48
:106d300026580b02422e280024c00803262865018d
:106d400026c00c0321c0b800212811032148a90046
:106d5000212839010400a98d2130c50026880701aa
:106d600024882602c25a26002688270282c92600c5
:106d700021488901428626002160290226c82b036a
:106d80002001a98f26c8300325c0430142f32a0001
:106d900082582a00216099012480430126587e01ef
:106da000216089010800b98d828d2a0024c0020368
:106db00025c0100321104c002688710126580601b9
:106dc000218838022458620121482502c2c22200cb
:106dd00026586801828922002138f90025802a017d
:106de00082f0290026883802422b290042ce220058
:106df000213867012401ab8f2480030224c02a01bb
:106e000026c839022628c50382f5290025c01802a4
:106e10002138f9002628be002158eb000c00b98d5e
:106e20002128b8002160ac0021186b0026c0c200e8
:106e3000422b2c0025802c01c2f2230082882c00da
:106e400024c003038239230024800a0226882502f5
:106e500026c0060321401901822d2c0024c82c01d4
:106e60002638fe0042f6230025c819022638fe0007
:106e700026282502214008032128b90021400701c6
:106e8000219012012138ab001000be8d215052011b
:106e9000422b270025808701265843008240270087
:106ea000264005012480090224c88701c28a2a00dd
:106eb000822d270024586a0182c12a0025c81902a0
:106ec000265862012628050126c011032130de0064
:106ed000428e2a002140b9002130660126c01103ec
:106ee000219012012130d8002198d3001400b98dcf
:106ef000422b32002530f200825832002148330103
:106f00002440f2002658650182c5320026286a0016
:106f10002430cc00265878012530c80024c0a900b0
:106f2000c28229008241290026280303264010013d
:106f30002130660121105900425e29002130d30022
:106f40002110a20026280b012128450042c326005b
:106f5000821026002558460221a0b4001800a88df2
:106f6000261058002458670182c5260024284602ae
:106f700021609401255865012610580026284901f2
:106f800021104b00c2c22c0082592c002428ac00d6
:106f9000211054002628aa002118680026407801f4
:106fa000425e2c0026400b012118a30042c32200a0
:106fb000822822002558c200211868002628b8001f
:106fc00082cd22002458720124c0c20021a875007d
:106fd0001c00a88d2618b900252878012138f50055
:106fe0002118650026282c0121187500c25a270097
:106ff0002428a70082c127002628a9002150480183
:1070000026c00b038240230042cb230025584300b7
:10701000428627002150aa0026c010032628190105
:107020002440660182cd230024584300215058019a
:107030002628b90025400b0121b056012150a80097
:107040002801a58f2000ad252140560229ffad144f
:10705000215056011c01a9af1001a8af1801acaf17
:107060001401a7af0001aaaf0401a3af0801a2afaa
:10707000020000100c01a6af0000ea8d0000828c17
:107080000400ef250400842421504a00faffef1683
:10709000fcff8aac251000005401be8f5001b78f51
:1070a0004c01b68f4801b58f4401b48f4001b38fb6
:1070b0003c01b28f3801b18f3401b08f0800e0037a
:0470c0005801bd278f
:020000040000fa
:020000041d00dd
:1070c400029d023c546043245460468c0400639443
:1070d40098ffbd27401002246400bfaf6000b5af25
:1070e4005c00b4af5800b3af5400b2af5000b1afbe
:1070f4004c00b0af4000a6af4400a3a73800a0af37
:10710400ff0082143c00a0a70080133c40017026bd
:107114002000029201004330ef0060142590000229
:1071240002004230f70040546400bf8f0400b18c69
:107134000c00228ef30040106400bf8f0800b28c54
:10714400f0004012000000001800428eee00405093
:10715400ffff12241c00428eea0040100080043c11
:107164003001062425280000a093400f50018424f8
:10717400ffff03240080023c180003ae140003ae9a
:1071840000024224000055bc0f0000000080023cb5
:1071940010024224000055bc0f0000000080023c95
:1071a40020024224000055bc0f0000000080023c75
:1071b40030024224000055bc0f0000000c00248e55
:1071c4000400258e0800228e990006245c0004ae7b
:1071d400940006ae36002496640002ae600005ae4c
:1071e4003000258e01008230240005aefcff05240a
:1071f4000b18a20010002f8e14002e8e18002d8e56
:107204001c002c8e100000ae220004a6280003ae41
:107214000000438e2000049208004a8e0c00498e20
:107224001000488e1400478e1800468e1c00458eb0
:1072340004004b8effff62300421047c0400422cc6
:10724400200004a268000fae6c000eae70000daefc
:1072540074000cae2c0003ae30000bae34000aae4a
:10726400380009ae3c0008ae400007ae440006ae4c
:1072740003004010480005ae040002242c0002a6be
:107284002e0002968000442cc2008010800003244b
:1072940088bf123c00205226990004242e0003a625
:1072a4004c0012ae118c400fb00000aefc5c400fdd
:1072b400252000029400048e8c93400fffff1524b8
:1072c400000605242798400f252040024400148e10
:1072d4004800058e0000828e09f840002520000039
:1072e4009f005510030005241400838e140002ae81
:1072f40009f86000252000009900551000000000e6
:107304004800038e3c00058e2c00878e080066948e
:107314000c00648c1400638c1800a6af2000a4af8a
:107324000080063c0f0004241c00a5af2400a4af79
:10733400180002ae2800a3afb801c6241800a52780
:1073440009f8e0002520400085004004ffc0053412
:107354002897400f25204002029d083c2528000064
:107364002510000001000724f8520825080006240f
:1073740004184700570063308020020003006010a7
:10738400010042240a20047d2528a400f9ff4614a4
:107394000418470088bf123c2c97400f0020442655
:1073a400300005243097400f0020443602000524a5
:1073b4002f98400f00204436252800003198400fb4
:1073c400002044363497400f002044363897400f4d
:1073d400002044363c97400f002044363b00228a6c
:1073e4003c0025923d0024923800229a4000a38f4d
:1073f4003400a5a33000a2af690043103500a4a354
:107404003800a38f6c0043103400a39788bf043c5a
:107414003000a5278990400f002084242c00059675
:10742400029d123c1000b0af3058472602000624db
:10743400195c400f252000022c00039648004314d9
:1074440030584726300005961000b0af01000624de
:10745400195c400f252000023000039640004314bd
:10746400000000003200129630004016030006248b
:107474003400129635004016020006245080828f94
:107484001000021225900002350040140000000094
:107494009400048e2000338e118c400f2400318e12
:1074a4008c93400f9400048e9c0000ae980000aeb4
:1074b400a40000aea00000aea80013aeac0011ae54
:1074c400508090af20000292010003241c0003ae00
:1074d4000400627c200002a26400bf8f25104002d9
:1074e4006000b58f5c00b48f5800b38f5400b28f26
:1074f4005000b18f4c00b08f0800e0036800bd2736
:107504006400bf8fffff1224251040026000b58f76
:107514005c00b48f5800b38f5400b28f5000b18f09
:107524004c00b08f0800e0036800bd272528400206
:10753400a54e400f2520000209004216000000005d
:1075440034001296cdff4012253000002528400259
:10755400a54e400f40016426c9ff52105080828f0f
:10756400c061400f400164266400bf8fffff1224f6
:10757400251040026000b58f5c00b48f5800b38fb3
:107584005400b28f5000b18f4c00b08f0800e0035c
:107594006800bd270f0042243dff0010f0ff433078
:1075a4003400a4974400a39796ff83143800a38f54
:1075b4009bff00102c0005963c00a29794ff6214d8
:0c75c40088bf043c96ff00102c000596c8
:020000040000fa
:020000041d00dd
:1075d0003a01801000000000e0febd271401b7afa3
:1075e0000000978c0f00023c404242241c01bfafb8
:1075f0001801beaf1001b6af0c01b5af0801b4afb2
:107600000401b3af0001b2affc00b1af1e01e21242
:10761000f800b0af03000224258880002580a00078
:10762000e800a2a34200c014e400b7af080082241f
:107630008c00b227f000a2af251840023800882441
:1076400003004788070046880b0045880f004488e0
:107650000000479804004698080045980c0044989c
:1076600010004224000067ac040066ac080065ac62
:107670000c0064acf2ff481410006324030044883b
:107680000400469005004590000044980600429092
:1076900001001524040066a0000064ac050065a08c
:1076a000060062a00100162425a000001000b327e8
:1076b0007c00268e7800258efc87400f25206002f6
:1076c0004f00401025f040006b98400f25206002cd
:1076d00025104002c300a327000040a0010042245f
:1076e000fdff4314000000003700c0130100022416
:1076f000ac00a327000040a201005226fdff431664
:107700001c01bf8f1801be8f1401b78f1001b68ff7
:107710000c01b58f0801b48f0401b38f0001b28f43
:10772000fc00b18ff800b08f0800e0032001bd27f6
:107730001f00c830421106002b4008002140020102
:107740008c00b2270800822425a8c000f000a2af58
:1077500025b000012518400238008924030047881d
:10776000070046880b0045880f00448800004798b2
:1077700004004698080045980c00449810004224e4
:10778000000067ac040066ac080065ac0c0064ac9b
:10779000f2ff49141000632403004488040046905b
:1077a000050045900000449806004290040066a041
:1077b000000064ac050065a0bbff0015060062a0d8
:1077c000c3ff001001001e247c00268e7800258e49
:1077d0001000b327fc87400f252060025e00401098
:1077e000010006246b98400f25206002010002244e
:1077f0000000238e01006324bdff0010000023aeb3
:1078000037000624252840021439400f2520600245
:10781000adff401425f04000252060029d35400f4b
:10782000c400a52725f040006b98400f252060027a
:10783000a8ffc017251040020000228e0200422c33
:1078400004004014c400a38f0400228e1400625070
:1078500080002292800020a2040023ae0b00005280
:10786000010094260900a052010094262000a22eb7
:10787000140040102530a002c400a527cb92400f71
:107880002520000225a80000010094262a10960257
:1078900088ff40547c00268e8eff00102510400289
:1078a0000100032492ff431001000224ffffc226bf
:1078b000261082020100422c21b0c202e7ff001014
:1078c000800023a2c400a48fc800a28fcc00a38f85
:1078d000030004aa000004ba070002aa040002bac6
:1078e000d000a28f0b0003aa080003bad400a58f12
:1078f0000f0002aad800a48f0c0002badc00a38fec
:10790000130005aae000a28f100005ba170004aa10
:10791000140004ba1b0003aa180003ba1f0002aa2d
:107920001c0002bae0ffb52620001026c200a327e3
:1079300000006290ffff642401004224ff004230f7
:10794000d1ff4014000062a0f9ff43162518800003
:10795000ceff001001009426e800a5271439400f3f
:10796000252060029fff4014f000a58f37000624f9
:107970001439400f252060029aff40142528400248
:107980009d35400f25206002252060026b98400f36
:10799000f000a2aff000a28f4a00401425180000aa
:1079a0003e002526ab00a627020000102520a000df
:1079b00025302001000087900000c890ffff84243c
:1079c000ffffc9242138e80021186700010083a0c7
:1079d000f7ff4616007a637c1e0024260700272640
:1079e00000008690ffff842421186600ffff6330ab
:1079f000010083a0faffe414021a03002518a00076
:107a0000252000000000669037006890ffff632487
:107a10002130c80021208600010064a0f9ffe31492
:107a2000007a847ca0b8177c02bc3700e400b7afb2
:107a3000e400a427e000a927251800000000a69074
:107a400003008890ffffa524ffff84242130c80095
:107a5000211866000100a3a0f8ff2415007a637cba
:107a60003a00242600008590ffff84242118650039
:107a7000ffff6330010083a0faffe414021a030041
:107a80005cff00100000238e1c01bf8f0200022447
:107a90001801be8f1401b78f1001b68f0c01b58f7e
:107aa0000801b48f0401b38f0001b28ffc00b18fc5
:107ab000f800b08f0800e0032001bd270800e003b4
:0c7ac000010002244aff00100100022413
:020000040000fa
:020000041d00dd
:107acc00c0ffbd270f000524020004242400b1af21
:107adc003c00bfaf3800b6af3400b5af3000b4af28
:107aec002c00b3af2800b2af7f8f400f2000b0af97
:107afc0025884000010042300e0040140080133ce9
:107b0c00020031323b0020160080123c3c00bf8f3b
:107b1c003800b68f3400b58f3000b48f2c00b38f83
:107b2c002800b28f2400b18f2000b08f0800e00332
:107b3c004000bd2704000010b43573260200062453
:107b4c007e92400f252040029095400f02000424a5
:107b5c00ebff4010259040001800508e188d400f00
:107b6c00252000020000039601000224f3ff62149a
:107b7c00f2ff05240400039606040224f0ff6214ad
:107b8c00020006241b00148a2800558e0400768ef1
:107b9c001800149a2520a0022496400f1c00b4afa4
:107bac001100038a0021020023208200802004009f
:107bbc00251060000a20c47e0e00029a1800a5272a
:107bcc004665400f1800a2af0500401025b04000dc
:107bdc000800062625284000476f400f2520a002ec
:107bec000400a28ea30082524200a296d3ff001082
:107bfc0002000524b43552261800438e6210023c54
:107c0c00d34d4224d007632419006200180043ae00
:107c1c001010000082110200e797400f140042aed2
:107c2c0025a84000b9ff40180400518e14003126dd
:107c3c0025a000000390400f252080021000308efc
:107c4c001d000012259840001400428e0800048e7e
:107c5c003400438e231044002b1043004800405442
:107c6c004200769607000010100036260800048e9d
:107c7c003400438e231044002b104300400040542a
:107c8c0042007696ecff248e2893400ffcff0526cd
:107c9c001b6e400f2520c00204000526ffff0724a1
:107cac0025300000166f400f252060021000308e2a
:107cbc00eeff00561400428e0000308e1e00005263
:107ccc00ecff228e1400438e0800048e3000428e8e
:107cdc00231864002b1062000a004050ecff248e25
:107cec0015000010ecff228e0800048e3000438e2d
:107cfc00231044002b1043000f004054ecff228e45
:107d0c00ecff248e2893400ffcff05261b6e400fc2
:107d1c002520200204000526fdff07242530000045
:107d2c00166f400f252060020000308eeeff0056cb
:107d3c001400428eecff228e2000238e2400428cf5
:107d4c002b104300340040502400228e0100942656
:107d5c00b8ffb4163c0031263c00bf8f3800b68ffc
:107d6c003400b58f3000b48f2c00b38f2800b28f45
:107d7c002400b18f2000b08f0800e0034000bd2725
:107d8c001f0000100010d632120004962b10820037
:107d9c00190040500000108e3800468e0800058ee9
:107dac001400428e02208670231045002b104400d4
:107dbc00110040540000108e0100052425206002a3
:107dcc000300c012000163300b0060500000108ee5
:107ddc000400078e0400668e108082271400a0af6a
:107dec00443e400f1000a2af120002960100422444
:107dfc00120002a60000108eb0ff00520000308e60
:107e0c00fcff039600026230dfff405442004296b2
:107e1c00ddff001040004296ccff401025b0000062
:107e2c000c000010000000002893400fecff248e83
:107e3c00fcff07242530000004000526166f400fb8
:107e4c00252060022400228e2b10c202c0ff40505d
:107e5c00010094261b6e400f252020020100d6261f
:107e6c0025804000f0ff4014fcff4524b8ff0010b3
:107e7c00010094260010423030ff4014020005240b
:107e8c001000c0122520a002060003960100022457
:107e9c002aff6214020005241100078a0400a68e32
:107eac003c00a2260e00079a080010261400a2af70
:107ebc001000b0af443e400f2520a0021fff001061
:107ecc00020005242496400f0400748e0019020051
:107edc00231062008010020021a082020000848e18
:107eec001800a527af67400f08001626e7ff405083
:107efc0006000396000043940200633007006010f4
:107f0c002530c0021400872680000524fb88400f12
:107f1c0025204000ddff00100600039625284000b8
:107f2c00476f400f2520a002d8ff001006000396d3
:020000040000fa
:020000041d00dd
:107f3c00c8ffbd27010002242800b6af2400b5af4e
:107f4c002000b4af1800b2af3400bfaf3000beafea
:107f5c002c00b7af1c00b3af1400b1af1000b0af22
:107f6c0025a0a0002590800025a8c0000300a21029
:107f7c0025b0e000bb00c014000000000b7c400fdb
:107f8c0000000000f4004010259840006398400f5a
:107f9c00000000009c808393b8006014ffff6324f2
:107fac006598400f25204000a880848f0f0080101a
:107fbc00b880858f0000a28c06004014258000003c
:107fcc001300001025b800000a10a27c11004050cc
:107fdc00ac80848f010010262086107c2b180402a4
:107fec0080101000f8ff601425b800026398400f51
:107ffc00ffff10249c808393252040000100632404
:10800c006598400f9c8083a38a0000103400bf8fba
:10801c00ac80848f880006240800828c09f840000c
:10802c0001000524ac80848fa080859725884000b2
:10803c000400828c09f840000100a524ac80848fd8
:10804c009e80859725f040000400828c09f8400042
:10805c000100a524ab002012ac80848faa00c05371
:10806c0025284000a7004010a0808397b880848ffb
:10807c009e8085970100632480b817002128450055
:10808c002118c30321b89700140022ae1802022451
:10809c00180025ae040023ae3c0030a600003eae16
:1080ac006a0022a66398400f0000f1ae9c80839377
:1080bc0025204000010063246598400f9c8083a319
:1080cc00740023963e0022960000258ef3fd63304b
:1080dc00740023a67400248e1400278e6200299647
:1080ec00ffff63304450027c01000624000242343e
:1080fc000008847c080025ae0c0025ae100025aecf
:10810c0000206830ffff0524720029a61c0027ae52
:10811c00200027ae380020ae340020ae540020ae34
:10812c005c0025ae640026a66e0026a6600020a684
:10813c003e0022a6400020ae790020a202000015cd
:10814c00770024a2480020ae00406330010060504c
:10815c00440020aeff00423201000324870020a21d
:10816c0024004312770022a24c0020ae6100401480
:10817c0000000000740022960408427e2500801244
:10818c00740022a6620033a6dc85400f600035a681
:10819c003e00249601000324240022ae4408647c93
:1081ac004a0043123e0024a67700229201000324c9
:1081bc00370043504000228e0b000324760023a28c
:1081cc003400bf8f251000023000be8f2c00b78ffb
:1081dc002800b68f2400b58f2000b48f1c00b38ffd
:1081ec001800b28f1400b18f1000b08f0800e0039c
:1081fc003800bd27218a400f25202002580040104e
:10820c004c0022ae740022960408427e2800801690
:10821c00740022a63e00229601000324620033a6bd
:10822c000400627c3e0022a6760020a2720033a6d7
:10823c003400bf8f251000023000be8f2c00b78f8a
:10824c002800b68f2400b58f2000b48f1c00b38f8c
:10825c001800b28f1400b18f1000b08f0800e0032b
:10826c003800bd276398400f2598c0009c808393ed
:10827c004bff601025a80000ffff63242520400061
:10828c006598400f9c8083a348ff0010a880848fc2
:10829c00caff40100b000324d384400f252020027a
:1082ac00c5ff400401000324c5ff0010760023a283
:1082bc00620033a6dc85400f600035a63e00239695
:1082cc00240022ae4408437e3e0023a6b7ffc01212
:1082dc00770022920000c38eb5ff6050010003248a
:1082ec0001000424ecff4410400023aeb3ff001047
:1082fc000b000324a885400f25202002ccff001082
:10830c00ffff1024252840000c00828c09f8400047
:10831c00ffff1024ac80848f0c00828c09f8400085
:10832c002528c003ac80848f0c00828c09f8400097
:10833c00252820026398400f000000009c80839346
:10834c0025204000010063246598400f9c8083a386
:10835c00b8ff00103400bf8fb5ff0010ffff1024d2
:08836c0082ff0010770022924d
:020000040000fa
:020000041d00dd
:108374005e0080049080878fe0ffbd271c00bfafa4
:108384002a1087001800b0af5300401025180000d1
:108394008097400f2580c0004f0040102520a0008a
:1083a4000080a6305400c010847b047c01000524a6
:1083b4001000832cf100601080200400019d033c18
:1083c400d48363240a20647c080080000000000039
:1083d400a086009df886009dcc86009d5886009d51
:1083e4001486009df885009dec85009de085009d28
:1083f400c885009dbc85009d1484009da885009db2
:108404009085009d8085009d6885009d8886009ddf
:1084140031000012251800000000038e01006430b2
:1084240009008010020064300400058e4000448c72
:108434000100a530c418a47c0421a47c8410a47c6d
:10844400400044ac02006430050080100400643035
:108454000400048e4000847c440044ac0400643076
:1084640007008010080064300400048e480045941e
:108474008000847c0400857c480045a408006430a6
:1084840007008010100064300400048e48004594f6
:10849400c000847c4408857c480045a410006430f6
:1084a40006008010200063300400048e4000458cd8
:1084b4000001847c8494857c400045ac06006010f7
:1084c400010003240400048e4000458c4001847c98
:1084d400c49c857c400045ac1c00bf8f2510600007
:1084e4001800b08f0800e0032000bd272518000005
:1084f4000800e003251060000040a530acffa01484
:10850400020005241000852cf3ffa0108020040035
:10851400019d033c288563240a20647c08008000b4
:10852400000000005487009d3c87009d2487009d27
:108534005886009d1486009df885009dec85009d5d
:10854400e085009dc885009dbc85009d1484009d28
:10855400a885009d9085009d8085009d6885009d6f
:108564008886009d480044942b30100001000324a9
:108574000400c47cd8ff0010480044a42b30100031
:10858400440046acd4ff0010010003244800449486
:108594002b30100001000324444ac47cceff001099
:1085a400480044a44800449401000324c440047ec9
:1085b400c9ff0010480044a4630050a0c6ff001087
:1085c400010003244000448c2b30100001000324dc
:1085d4000484c47cc0ff0010400044ac620050a07e
:1085e400bdff0010010003243d0050a0baff00109d
:1085f40001000324252040003583400f1000a2af62
:108604001000a28f01000324b3ff0010100050a437
:108614004000448c00028530afffa01425180000f0
:108624002b8010008002847cabff90500100032457
:10863400252040003583400f1000a2af1000a28f08
:10864400010003244000448c8452047ea2ff0010e5
:10865400400044ac4000438c030006320408c37c51
:108664004100c010400043ac010004240442837c58
:10867400ffff0424400043ac140044ac96ff0010f8
:1086840001000324480044940100062e0100032441
:108694008452c47c90ff0010480044a44000478cde
:1086a4003f0044900100a3380100632c0100062e12
:1086b4000400647c8410c77c400047ac3f0044a0a5
:1086c40085ff0010010003244000478c3f004490c4
:1086d4000100a3380100062e0100632c0421c77c8d
:1086e4008410647c400047ac3f0044a07aff001033
:1086f400010003244000478c3f0044900100a3384c
:108704000100632c0100062e4408647cc418c77c55
:10871400400047ac3f0044a06fff00100100032459
:108724004000448c0100062e010003240421c47c73
:1087340069ff0010400044ac4000448c0100062e48
:1087440001000324c418c47c63ff0010400044ac3f
:108754004000448c0100062e010003248410c47cd4
:108764005dff0010400044ac0442037c400043ac75
:10877400140040ac58ff00100100032456ff001001
:0487840025180000b4
:020000040000fa
:020000041d00dd
:10878800b0ffbd270000a2943000b2af0400928c65
:108798004000b6af3800b4af3400b3af2c00b1af6f
:1087a8004c00bfaf4800beaf4400b7af3c00b5af08
:1087b8002800b0afc439027c240096842588a00024
:1087c800259880000000a2a42900b0905d00401206
:1087d8001c00b48c5487400f252040029b00401099
:1087e800f9ff032401000624252820029e72400f69
:1087f8002520400295004010f9ff0324c50080128f
:1088080029002292cf0002521c00228e040010265a
:10881800808010000a80907ec50000161000b0af5e
:108828003a70400f2520c002ae00401025300000ed
:10883800252800006d79400f2520c0028b83400f4a
:108848002520c002a7004010258040001c00278e6c
:1088580025300000010005240400e724463c400fb1
:108868002520c002290022921c00238e1800658e44
:1088780004004224801002000a10627c2000a6270f
:108888002520c0029492400f2000a2af3500052495
:108898002989400f2520c0026494400f0000000081
:1088a800ffff4230252040000935400f240022a652
:1088b800000104240935400f1000a2a70100042478
:1088c8000935400f1200a2a71000a38f1400a2a719
:1088d8001600a0a71800a0af1400a28f030003aad7
:1088e800000003ba070002aa040002ba0b0000aa9b
:1088f800080000ba2000328e0c0004260d00032662
:108908002528400201005226ffff42925c004010d9
:108918002e0006242f000824740046102c0007247b
:10892800570048103e000624040047502310450213
:10893800f5ff46540100522623104502520000104c
:10894800ffff52240800848c040006241000a52789
:108958001000a0af1400a0af1800a0af286a400f05
:108968001c00a0af1c00248e04000624286a400fb7
:108978001000a5275d98400f259000002520400095
:1089880004000624286a400f1000a527e797400f27
:10899800000000000500401c25a840000c00001045
:1089a8001000b2270a00b2521000b2270390400ffd
:1089b800252040022520400004000624286a400f94
:1089c8001000a527f7ff4014010052261000b22717
:1089d8002000a4272510400225f000000000438c49
:1089e800040042242b180300fcff821421f0c30367
:1089f80025a800000000578e040052260d00e01242
:108a08002520e0025487400f00000000ffffc62722
:108a18002630d5000100c62c25282002050040106c
:108a28002520e0029e72400f0000000073ff4014f2
:108a3800000000000100b52604000224eeffa25643
:108a48000000578e1c0020aef9ff03244c00bf8f96
:108a5800251060004800be8f4400b78f4000b68fd5
:108a68003c00b58f3800b48f3400b38f3000b28f1c
:108a78002c00b18f2800b08f0800e0035000bd27fc
:108a880023904502ffff5226000092a025304002a5
:108a9800cb92400f2520600021905200000040a298
:108aa800010040a22800239205004226238050009e
:108ab800ffff103201000224020043a2253000000b
:108ac800252800022520c002030040a26d79400f2e
:108ad800040042a28d2b400f2520c002dbff50105e
:108ae80001000324d9ff0010f6ff03242398450250
:108af800ffff7326000093a025306002cb92400f41
:108b08002520600021205300252840027dff001009
:108b18000100832442ff02121c00348e0400102638
:108b2800808010000a80907e3dff00121000b0afd8
:108b38001000a527486c400f2520800238ff001040
:108b48000000000032ff54540400102634ff0010c7
:048b58000000000019
:020000040000fa
:020000041d00dd
:108b5c001800838cb8ffbd27030002244400bfaf6c
:108b6c004000beaf3c00b7af3800b6af3400b5af75
:108b7c003000b4af2c00b3af2800b2af2400b1afbb
:108b8c008d0062102000b0af0080133cb435752608
:108b9c000c00b18e7b002016259080006b00a0107d
:108bac0025b8a0000400a2900400b08e000094949c
:108bbc00080000121000a2a203004014b435628e0b
:108bcc00050054500800448e6760400f0000000000
:108bdc000400b08e0800448e0800ea8e0c00e98e6a
:108bec001000e88e1400e68e2000e58e2400e28e44
:108bfc000800a4aeb43574ae3000aaae3400a9aef1
:108c0c003800a8ae3c00a6ae4000a5a61700001286
:108c1c004200a2a62496400f1000448e1000a4928d
:108c2c005f008014002102000c00a28e01001024b1
:108c3c00010042240c00a2ae4400bf8f251000029c
:108c4c004000be8f3c00b78f3800b68f3400b58f14
:108c5c003000b48f2c00b38f2800b28f2400b18f5a
:108c6c002000b08f0800e0034800bd270800828c6c
:108c7c003c00062409f840002528800225b040005d
:108c8c00320040100400a2ae0000e28eb435648eb7
:108c9c0040a0020021a08202c0a014007c00801819
:108cac0028009426029d023c1000a2af029d023cbb
:108cbc001400a2af029d023c029d1e3c1800a2af04
:108ccc000800a48e0400828c09f84000252880023c
:108cdc002580400028004a241000a28ff439c927af
:108cec0025200002ac0848241400a28f7858452493
:108cfc001800a28f13000012e05d42240000eb8ede
:108d0c0000000aae18000a2408000aae01000a246a
:108d1c00040016ae0c000bae10000aae140009ae27
:108d2c00180008ae1c0005ae7791400f200002ae73
:108d3c000000d0ae858b400f0400c4263a004014ce
:108d4c00000000006760400f000000004400bf8f6f
:108d5c0025800000251000024000be8f3c00b78f1c
:108d6c003800b68f3400b58f3000b48f2c00b38f21
:108d7c002800b28f2400b18f2000b08f0800e003d0
:108d8c004800bd271000448e2496400f0400b08e7e
:108d9c001000a492a5ff80500c00a28e00210200ae
:108dac0023208200802004005d8b400f21200402d0
:108dbc009eff00100c00a28e0080023cb4354224b1
:108dcc00100050900e0000164000be8f4400bf8f64
:108ddc0001001024251000023c00b78f3800b68f1c
:108dec003400b58f3000b48f2c00b38f2800b28fb5
:108dfc002400b18f2000b08f0800e0034800bd278d
:108e0c001000848c2496400f0400518c0021020029
:108e1c0023208200802004005d8b400f212024023f
:108e2c0086ff00104400bf8f858b400f1400c426b2
:108e3c00c4ff40102400c426858b400f010031264e
:108e4c00c0ff4010000000000000c28e1800e48e2d
:108e5c003c00d6260c00428c02104470eb51043cb2
:108e6c001f85843463004224190044001010000054
:108e7c0042110200f8ffc2ae1c00e28efcffc2ae33
:108e8c00b435628e2a1022028eff40540800a48e44
:108e9c000100063c0200c6241c0005245f68400f3c
:108eac003800042404004010029d043c4c508424df
:108ebc00080044ac0c0040ac009d053cd0070624d7
:108ecc00cc7aa52402000424c285400f4400a2ae33
:108edc000080043cd43584245998400f1c00a2ae69
:108eec004400a48e97ff8010000000001c00a48e8c
:108efc0094ff80100000000092ff40100000000062
:108f0c000400b08e1800a0ae42ff00101400a0aefa
:020000040000fa
:020000041d00dd
:108f1c002540c0002518e000255080009800e01482
:108f2c002510a0002b30a6003500c010000000005a
:108f3c00202805710600a0102320050006208a00b9
:108f4c000410a2000440a800251082000450aa00be
:108f5c00023408001b004600f401c000ffff05317d
:108f6c0002240a0012380000101000000014020045
:108f7c00252044000248a7702b5889000a00601174
:108f8c002510e000212088002b5888000600601571
:108f9c00ffffe2242b588900040060512320890034
:108fac00feffe22421208800232089001b0086007c
:108fbc00f401c00010300000003406001220000044
:108fcc000238a470ffff45312528c5002b48a700a7
:108fdc000800201125308000212805012b40a80015
:108fec0004000015ffff86242b28a7000100a054c5
:108ffc00feff8624001402000800e0032510460042
:10900c0004000015010002241b004800f4010001bb
:10901c001240000020580b7123006015200007241b
:10902c002328a80001000324023408001b00a6001a
:10903c00f401c000ffff073102240a0012280000cf
:10904c001010000000140200252044000248e570b6
:10905c002b5889000a0060112510a00021208800df
:10906c002b58880006006015ffffa2242b5889009e
:10907c000400605123208900feffa22421208800d7
:10908c00232089001b008600f401c000ffff4a3139
:10909c0010280000002c05002528aa001220000032
:1090ac00caff00100238e4702338eb00044068015a
:1090bc000648e400023408000638e5001b00e60010
:1090cc00f401c0000410650125482201ffff0231a4
:1090dc00021c09001228000010380000003c070098
:1090ec002538e300025045702b60ea000a0080111d
:1090fc002518a0002138e8002b60e8000600801538
:10910c00ffffa3242b60ea00040080512338ea00ff
:10911c00feffa3242138e8002338ea001b00e600f8
:10912c00f401c000ffff25311230000010380000a0
:10913c00003c07002528e500021046702b48a200d1
:10914c000a0020112538c0002128a8002b48a800af
:10915c0006002015ffffc7242b48a2000400205155
:10916c00001c0300feffc7242128a800001c0300dc
:10917c00045064012328a200abff001025186700df
:10918c002b40a700251800004e00001525100000ec
:10919c002050ea7007004015200009242b28e50018
:1091ac004800a014010002242b1086000800e003e4
:1091bc000100423823482a010610260104384701d1
:1091cc0025384700041845010244070006282501ec
:1091dc001b00a800f4010001ffffeb300610240176
:1091ec0025104300021c0200122800001048000049
:1091fc00004c090025482301026065712b682c0185
:10920c000a00a0112518a000214827012b6827016e
:10921c000600a015ffffa3242b682c010400a0510d
:10922c0023482c01feffa3242148270123482c01ad
:10923c001b002801f4010001ffff45301240000023
:10924c0010480000004c09002528250102586871bf
:10925c002b10ab000a004010254800012128a70064
:10926c002b10a70006004014ffff09252b10ab00a4
:10927c000400401000140300feff09252128a7005c
:10928c000014030004304601251049001900c200e7
:10929c002328ab00103800002b18a700070060141f
:1092ac00123000000700a714251800000420440108
:1092bc002b2086000300801000000000ffff4224da
:1092cc00251800000800e003000000002548c0003d
:1092dc00251080008b00e0142518a0002b30a60070
:1092ec003300c01020502a7108004011025c0900a4
:1092fc000418450123280a000628a4000448490143
:10930c002518a30004104401025c09001b006b002b
:10931c00f4016001ffff2431121800001028000036
:10932c0002306470001c0500022c02002518650038
:10933c002b2866000800a05023186600211869002d
:10934c002b2869000300a0142b2866000100a054f0
:10935c0021186900231866001b006b00f4016001e2
:10936c00ffff4230103000001218000002586470e9
:10937c00001c0600251062002b184b0009006050e1
:10938c0023104b00211049002b1849000500605494
:10939c0023104b002b184b00010060542110490086
:1093ac0023104b00061042010800e00325180000b2
:1093bc0004002015010003241b006900f4012001a6
:1093cc001248000020502a711f004015200007246d
:1093dc002328a900025c09001b00ab00f40160010a
:1093ec00ffff243112280000101800000230a47076
:1093fc00002c0300021c02002528a3002b18a60039
:10940c00080060502330a6002128a9002b18a900c1
:10941c00030060142b18a600010060542128a90039
:10942c002330a6001b00cb00f4016001ffff42308b
:10943c0010280000123000000258c47000340500df
:10944c00cdff00102510c2002338ea000448490162
:10945c000618e400023409000638e5001b00e6009b
:10946c00f401c00004104501ffff283125186200eb
:10947c00022c030012380000106000000210e8708b
:10948c00003c0c002538e5002b28e2000800a05019
:10949c002338e2002138e9002b28e9000300a0144e
:1094ac002b28e2000100a0542138e9002338e20007
:1094bc001b00e600f401c000ffff65301230000015
:1094cc0010380000003c07002528e5000230c87069
:1094dc002b10a60009004010041044012128a900fb
:1094ec002b10a90005004014041044012b10a600f9
:1094fc00010040542128a90004104401b5ff0010bc
:10950c002328a6002b40a7005c0000152070ee70ed
:10951c000a00c0152b40e500030000152b40860007
:10952c005600001500000000231086002328a70019
:10953c002b1882000800e0032318a30020000b2442
:10954c0023586e01066066010438c701253887016f
:10955c000440c501024c0700062865011b00a90048
:10956c00f40120010610640125104800ffffe830cb
:10957c0002640200122800001050000000540a007f
:10958c0025504c01021805712b6043010a00801113
:10959c002568a000215047012b604701060080156b
:1095ac00ffffad242b604301040080512350430185
:1095bc00feffad2421504701235043011b004901fc
:1095cc00f4012001124800001050000000540a0061
:1095dc0002280971ffff4830254048012b10050176
:1095ec000a00401025502001214007012b100701d3
:1095fc0006004014ffff2a252b1005010400401023
:10960c0000640d00feff2a252140070100640d00b7
:10961c000410c60125608a0119008201234005014e
:10962c000418c401106800002b200d012528a0018e
:10963c0012600000050080141230000007000d15a8
:10964c002b206c0006008010233066002330820132
:10965c002338a7012b6086012328ec0023306600f9
:10966c002b18660023400501231803010410630125
:10967c000630c601251046000618c3010800e00399
:04968c0000000000da
:020000040000fa
:020000041d00dd
:1096900088febd276001b0af648090876401b1afe0
:1096a00025888000252000027001b4af6c01b3afa3
:1096b0006801b2af7401bfaf2590a00025a0c00023
:1096c0003a70400f2598e0002c01422c9d00401478
:1096d00025284002e176400f2520000225300000b9
:1096e00001000524dd20400f252000020100623228
:1096f00004004014253040022800228e9c00405473
:109700002800262601000524b776400f25200002f8
:10971000020073321c006012251000005801a627b9
:109720000100052425200002b97e400f5801a2af98
:1097300025188002c418037c010002241e00625018
:109740005800228203000224930082121200a427f0
:109750002a000624a093400f252800004000238ef5
:10976000010104241000a4a7070002240600042419
:109770001200a4a3220082161400a3af2c00228e94
:109780001f0000101c00a2af0400428e5801a62743
:109790000100052425200002b97e400f5801a2af28
:1097a00025188002c418037c01000224e6ff62141d
:1097b00003000224580022827200410400000000cd
:1097c0004000338e580022922a00062425280000eb
:1097d0008410027c580022a2a093400f1200a427fc
:1097e00001010324f9ff82261000a3a74408027c8c
:1097f000060003241200a3a3e0ff40101400b3af3f
:109800003c0042260a1012000300438804004890de
:1098100005004790000043982c0006241000a5275f
:10982000252000022c00a3af3000a8a3e78f400f33
:109830003100a7a3c000062425280000a093400ff4
:109840001000a427c00006241000a527e78f400fb2
:10985000252000023801062425280000a093400f8f
:109860001000a427029d023cf061428c25200002da
:10987000029d113c1000a2af1400a2273a70400fc5
:109880004801a2affcff42244c01a2af0400022415
:109890005001a2af029d023c5401b4af8833422470
:1098a000b455312602000010029d133c0000228ea8
:1098b0004801a52709f84000252040020400312670
:1098c00043004004d05565264c01a48f5001a68f5b
:1098d0004801a38f2320820021304600211062001e
:1098e0004c01a4af5001a6aff0ff25164801a2af6e
:1098f000ec00c2242c01422c04004010ffffc630b3
:10990000400002245001a2af400006241000a52709
:10991000e78f400f252000028d2b400f25200002ed
:109920007401bf8f010002247001b48f6c01b38fea
:109930006801b28f6401b18f6001b08f0800e0034d
:109940007801bd278d2b400f252000027401bf8fa9
:10995000251000007001b48f6c01b38f6801b28fc5
:109960006401b18f6001b08f0800e0037801bd276a
:10997000010005249492400f2520000265ff00108d
:10998000020073326494400f0000000025984000ec
:109990008cff0010400022ae5400239602000224e7
:1099a00084ff62102a00062425280000a093400f9f
:1099b0001200a4274000228e010103241000a3a757
:1099c000060003241200a3a38dff00101400a2af11
:1099d00025200002253000006d79400f2528000069
:1099e0007401bf8f251000007001b48f6c01b38f1c
:1099f0006801b28f6401b18f6001b08f0800e0038d
:049a00007801bd2705
:020000040000fa
:020000041d00dd
:109a0400b0ffbd270f000524030004244c00bfafa2
:109a14004800beaf4400b7af4000b6af3c00b5af9e
:109a24003800b4af3400b3af3000b2af2c00b1afe4
:109a34007f8f400f2800b0af010042300d0040146a
:109a44000080133c4c00bf8f4800be8f4400b78f8a
:109a54004000b68f3c00b58f3800b48f3400b38f0c
:109a64003000b28f2c00b18f2800b08f0800e003c3
:109a74005000bd27029d143c9095400f0300042420
:109a8400f0ff4010258840001800328e4000032467
:109a940000004292f00042300d004314f2ff05240e
:109aa4000000508e808010003c0010321400022e02
:109ab40008004014030006241000228effff153214
:109ac4000c0042942b1055000600401000000000ca
:109ad400030006247e92400f25202002e6ff00109a
:109ae400000000000935400f0200449625b04000f4
:109af4002b105500f6ff4014f2ff0524258f400f6c
:109b0400252020022b105600f1ff4014f2ff0524fb
:109b14002800378eeeffe012ecff05244200e296a7
:109b240040004230030040540c00438ee9ff001013
:109b340003000624ffff0224e5ff6210f5ff05245d
:109b44000800e28e0400e48e271002002510440071
:109b5400e0ff62100300062410005e8eddffc013d8
:109b6400f4ff05240400428e0c00438e0000468e50
:109b74000800458e022402001000a6af1c00a3af0b
:109b84001400a2af1800a5af2000beaf0935400fe6
:109b94001200b6a71600a2a71400a28fff3f033c31
:109ba40024104300caff4014f2ff05242000228e33
:109bb400000142302b004010253000000400e48ee8
:109bc4000800e38e241083001000c213ffff052455
:109bd4002b00c513c880828f271803002518640042
:109be4002700c3132000a393e0000524f000633092
:109bf400530065100001033c7f0063245500c31328
:109c0400010042305300c41300000000cc80828f56
:109c1400cc80838ffdff431400000000acff401094
:109c2400ecff0524d880400f783764267837728e8d
:109c3400252800024b0040122520200208004292f1
:109c4400fcff40500000528e0400428e09f8400090
:109c5400000000003600401400000000f4ff001073
:109c64000000528e2528a0021135400f2520400205
:109c7400d3ff40500400e48e95ff0010f6ff052446
:109c840002004230e1ff4014000000001800308e52
:109c94001000258e0000028e0c00a394020004968e
:109ca400801002003c004230ffff52302318720043
:109cb400211002021c0022ae0935400f0c00a3a49f
:109cc4000600049623905200020002a60935400fb4
:109cd4002c0032a609000392060002a6ffff6224ac
:109ce400ff0042301100432c79ff6010f1ff05247e
:109cf40080100200dc3683260a10627c0a004010c1
:109d0400ff3f033c0400048e241864005aff6014cf
:109d14000100062425282002f17d400f2520400063
:109d240055ff40140000000069ff0010f1ff0524f6
:109d3400a886400f78376426d5ff00101800308eaf
:109d440004004230d2ff40501800308eafff0010a4
:109d540000000000adff401400000000ccff001024
:109d64001800308ea886400f7837642658ff0010fc
:049d7400ecff0524d7
:020000040000fa
:020000041d00dd
:109d78001800838cc8ffbd27030002243400bfaf3e
:109d88003000b7af2c00b6af2800b5af2400b4af91
:109d98002000b3af1c00b2af1800b1af860062104c
:109da8001400b0af7480928f1600401225b880005e
:109db8001000e48e4200829408004230880040146b
:109dc800253000007480828f010010240100422495
:109dd800748082af3400bf8f251000023000b78f27
:109de8002c00b68f2800b58f2400b48f2000b38fc5
:109df8001c00b28f1800b18f1400b08f0800e00368
:109e08003800bd270080153cc036b126c036a0ae4c
:109e1800040020ae080020ae0c0020ae100020aeda
:109e2800140020ae180020ae1c0020ae200020ae8a
:109e38009000a010240020ae1000a38c0200022481
:109e48008c0062102598a0000400a68c0800848c61
:109e580040800600218006020400828c00811000e8
:109e680028001026100024ae09f84000252800021a
:109e78008000401025b04000253000022528000051
:109e8800a093400f252040000400628e2800c326be
:109e98000000c3ae0c00c2ae010002241000c2ae26
:109ea800029d023cc42d42241400c2ae029d023c15
:109eb80028c042241800c2ae029d023c545f4224ce
:109ec8001c00c2ae029d023c30000324ec0b42246d
:109ed8000800c3ae2000c2ae2520c0027791400f13
:109ee8000400d6ae0c00648e1400638e0800678ee2
:109ef8001000668e0400658effff7430ffff82300d
:109f08001000422480a0140021a08202ffff022436
:109f1800c036b6ae240022a6140027ae200024a620
:109f2800220023a6180026ae1400a01c80a014004e
:109f380030000010019d053c20002396200000ae53
:109f4800100000ae8020030003006010140000ae73
:109f5800100002ae21104400220023960300601076
:109f680000210300140002ae211044000400638e97
:109f78002a1843021e006010200002ae2528400265
:109f88003293400f2520c0021000248e2580400007
:109f9800252880020400828c09f84000010052261e
:109fa800e5ff4014040002ae7072400f2520200225
:109fb80088ff0010258000001000848c42008294e5
:109fc8000800423083ff40100100102425300000b3
:109fd8002d78400f252800007fff00103400bf8f28
:109fe8002d78400f2528000077ff00107480828f9d
:109ff800019d053cc80006243025a524c285400fd4
:10a008000f000424190040100c0022ae24003086f2
:10a01800ffff022466ff0256788091af1800248e55
:10a02800253000005398400f350005240f005010cc
:10a0380025904000530005245598400f25204000e6
:10a048005300422c1800401025300000530006240d
:10a0580005000524dd20400f252040021200401491
:10a06800253000002971400f252040021289400f39
:10a07800c036a4263400bf8f2580000025100002ba
:10a088003000b78f2c00b68f2800b58f2400b48f0e
:10a098002000b38f1c00b28f1800b18f1400b08f4e
:10a0a8000800e0033800bd2702000524dd20400f2a
:10a0b80025204002029d063c253800005853c6243e
:10a0c80000010524b884400f25204002e5ff401018
:10a0d80000000000240032a635ff0010788091af00
:020000040000fa
:020000041d00dd
:10a0e80078ffbd276c00b1af1000918c8000b6af2f
:10a0f8007c00b5af7800b4af7400b3af7000b2aff6
:10a108006800b0af8400bfaf1c00908c420022965c
:10a118001400879425908000845a027e25a8a00008
:10a128002598c000580027a6420022a64400348e75
:10a138000e00a0105400368e0c00c010000085964a
:10a148000000a28e5900a210feffc3242510a00211
:10a1580004000010ffff06240000448c5400a410e3
:10a16800ffff6324fcff6614080042240100022458
:10a178005400025200004296019d073c029d103c8b
:10a188005c8be724dc2b10260a000010029d143c8f
:10a1980009f8e000252040021b0040500000069608
:10a1a8000c001026302c83262a0003525000248edf
:10a1b8000400078ef6ffa012252800008d0060120b
:10a1c800000005960000a28e1f004510feff6326c2
:10a1d8002510a00204000010ffff06240000448c94
:10a1e8001a00a410ffff6324fcff66140800422431
:10a1f8002528000009f8e00025204002e9ff405426
:10a208000c00102600000696029d053c34bea524cd
:10a21800252000009d8e400f6000a2af6000a28f35
:10a228008400bf8f8000b68f7c00b58f7800b48f14
:10a238007400b38f7000b28f6c00b18f6800b08f5c
:10a248000800e0038800bd272510a002d0ff0010f9
:10a258000400458cf3ff80108400bf8f4400228ed9
:10a26800010006244c00428c09f84000960705249a
:10a27800620040108400bf8f430023928000b68f95
:10a288003f00633040006334430023a27c00b58f55
:10a298007800b48f7400b38f7000b28f6c00b18fe8
:10a2a8006800b08f0800e0038800bd272510a002d1
:10a2b8000400568c01000224afff0216540036ae8b
:10a2c800000042960800438e3e00a7a73c00a2a7c4
:10a2d800029d023c6c5f42241000a2af029d023c2a
:10a2e800785f42241400a2af029d023c845f42249e
:10a2f8001800a2af029d023c7ca142242000a2af1c
:10a30800029d023c3cf742242400a2af029d023c7d
:10a31800f84942242800a2af019d023c5c7f4224f8
:10a328002c00a2af029d023c085b42241c00a3af94
:10a338003800a0af4000a0af4400a0af4800a0afd5
:10a348004c00a0af3000a2af4798400f3400b1af27
:10a358004998400f4000a2a73f00238a400024925a
:10a368001c00458e3c00239a4c00a4a34100249273
:10a378001800468e4500a5a34800a3af4400a6a335
:10a388004d00a4a3000084960800838e4200a2a773
:10a398001000a2274600b0a75000a0a35400a2af07
:10a3a8005800b6af09f860005000a527ffff102439
:10a3b8001b0050104c0022ae1c00828e00008496b8
:10a3c80009f84000030005246bff5014500022ae2a
:10a3d8000400868e029d053c500020ae4c0020ae45
:10a3e80010bea5249d8e400f252000008cff001074
:10a3f8002510000066ff0010252860024400238e07
:10a40800029d053c68bea5240400668c252000003a
:10a418009d8e400f6000a2af81ff00106000a28fe8
:10a428000400868e029d053c4c0020aee0bda524ac
:10a438009d8e400f2520000079ff00102510000098
:020000040000fa
:020000041d00dd
:10a4480060ffbd270f000524060004248400b2af76
:10a458009c00bfaf9800b7af9400b6af9000b5afff
:10a468008c00b4af8800b3af8000b1af7f8f400fce
:10a478007c00b0af25904000010042300e0040142f
:10a488000080153c02005232290040169c00bf8f04
:10a498009800b78f9400b68f9000b58f8c00b48f5a
:10a4a8008800b38f8400b28f8000b18f7c00b08f9a
:10a4b8000800e003a000bd27130000100080163c30
:10a4c8001800118e253800002530e002252860028a
:10a4d80025200002a858400f0c00348e07004014b5
:10a4e800f6ff052400006296080003247a00435012
:10a4f8002800048e46004010f3ff052406000624b9
:10a508007e92400f252000029095400f06000424fb
:10a51800dcff4010258040002c0017960800e22e32
:10a52800e7ff40501c00138ef4ff0010f2ff0524d3
:10a53800dc85400f0080113c1000a4277c97400f59
:10a54800259040009837308e14000012252800000e
:10a55800050000100400028e10004010252800029b
:10a56800258040000400028ebc80838f23104202a5
:10a578002b104300f8ff40540000028e1883400f50
:10a588009837242625280002348f400f1000a4276e
:10a598000000028ef2ff4014252800020080113cc2
:10a5a80009000010a43731261c00028e0400405018
:10a5b8002528000209f840002000078e25280002ff
:10a5c800348f400f25202002438f400f1000a4270e
:10a5d80025804000ffff062425284000f2ff401494
:10a5e800080044249c00bf8f9800b78f9400b68f52
:10a5f8009000b58f8c00b48f8800b38f8400b28f21
:10a608008000b18f7c00b08f0800e003a000bd2758
:10a618009837b18ebaff201206000624040064960b
:10a6280004000010252800005800401025282002aa
:10a638002588400012002296fbff44540000228e19
:10a648001000239606006296f7ff62540000228edf
:10a6580008002a8e0c00298e1000288e1400278ee0
:10a668001800268e1c00238e2000228e9837a426e0
:10a678005800aaaf5c00a9af6000a8af6400a7affc
:10a688006800a6af6c00a3af1883400f7000a2af9c
:10a6980025282002348f400fa437c4266c00a28fcf
:10a6a80008007326f8fff7266400b3af6800b7a761
:10a6b8005c00b4af91ff4010020005247000a78f22
:10a6c800252820022530000009f840005800a4275a
:10a6d8008aff0010020005245789400f1000252624
:10a6e80086ff4014f1ff05241c00048e2800118efb
:10a6f80002008294000080a4ff0046300800c324b2
:10a70800ff006330252840000800672c0800e0108f
:10a718000438657c003a427c01004224ff00423044
:10a7280003004014047a457c0900c6240438c57c1b
:10a73800020085a425300000010005242520000220
:10a748008a51400f000000ae1800028e253000002c
:10a75800252800020c00438c1000428c1000a4270e
:10a768004800a3af4c00a2af592c400f5000b1af26
:10a7780065ff401406000624faff05247e92400f68
:10a788002520000260ff0010000000005bff0010a1
:04a79800f3ff0524a2
:020000040000fa
:020000041d00dd
:10a79c0090ffbd27019d023c2000a2af019d023c11
:10a7ac002400a2af0080023c1800a2af019d023c25
:10a7bc001c00a2af019d023c2800a2af019d023cef
:10a7cc002c00a2af019d023c3000a2af019d023cc7
:10a7dc003400a2af019d023c3800a2af019d023ca7
:10a7ec003c00a2af019d023c4c00b1af4800b0afa1
:10a7fc00019d113c029d103c4000a2af019d023c0a
:10a80c006400b7af6000b6af5c00b5af5800b4af32
:10a81c005400b3af5000b2af6c00bfaf6800beaf16
:10a82c00bc611026019d123c019d163c0080133c1e
:10a83c0090a931264400a2af029d153c019d143c09
:10a84c00019d173caa92400f000000002200401806
:10a85c006c00bf8f01000524fa72400f1000a42772
:10a86c0001000324f7ff43141000a3930d000424ec
:10a87c0020f4037c2300c4130a0004242100c41315
:10a88c00080004242e00c4137f0004242c00c413dd
:10a89c00e0ff63245f00632ceaff6010a06784264e
:10a8ac00ea8d400f2528c0034881838f4000642c1b
:10a8bc00460080108036652601006424211865004e
:10a8cc00488184afaa92400f00007ea0e2ff401c9a
:10a8dc00010005246c00bf8f6800be8f6400b78f29
:10a8ec006000b68f5c00b58f5800b48f5400b38fe6
:10a8fc005000b28f4c00b18f4800b08f0800e003bd
:10a90c007000bd279c89400f252000024881828f52
:10a91c0001000324120043100200422c04004014d6
:10a92c00986744269c89400f6867c426986744261c
:10a93c009c89400f488180afc2ff001000000000ce
:10a94c004881828fbfff4010ffff4224c061a426c4
:10a95c009c89400f488182afbaff001000000000b4
:10a96c00803665829fffa224ff0042301200432ce8
:10a97c0056006010801002000a10227e0800400071
:10a98c000000000010aa009dd8aa009dd8aa009d26
:10a99c00d8aa009dd8aa009dd8aa009dd8aa009d2f
:10a9ac0050aa009dd8aa009dd8aa009dd8aa009da7
:10a9bc00d8aa009dd8aa009da0aa009dd8aa009d47
:10a9cc00c8aa009dd8aa009deca9009da467e42606
:10a9dc009c89400f488180af9aff00100000000056
:10a9ec002400a28f9c89400f38674424d98d400fd6
:10a9fc00000000003b90400f00000000ccff001056
:10aa0c00986744262800a28f9c89400ff86644243e
:10aa1c001800be8f000405248764400f6429c427e6
:10aa2c001c00a28f6429c527ea8d400f0c674424b3
:10aa3c002c00a28fea8d400f14674424bcff001039
:10aa4c00986744263000a28f9c89400f806644246e
:10aa5c003400a28f9c89400f8c6644243800a28f4e
:10aa6c009c89400fa06644243c00a28f9c89400f17
:10aa7c00b46644244000a28f9c89400fc8664424cd
:10aa8c004400a28f9c89400fe0664424a8ff00106c
:10aa9c00986744261800be8f000405243b47400fde
:10aaac006429c4271c00a28f6429c527ea8d400f96
:10aabc000c6744249eff001098674426c662400f22
:10aacc00000000009aff0010986744262000a28f17
:10aadc00ea8d400f4867442495ff00109867442680
:020000040000fa
:020000041d00dd
:10aaec00c8ffbd273400bfaf3000beaf2c00b7afde
:10aafc002800b6af2400b5af2000b4af1c00b3af34
:10ab0c001800b2af1400b1af537c400f1000b0afbf
:10ab1c009b004010029d123c258840007c5a522616
:10ab2c00029d133c029d143c029d163c029d153c5b
:10ab3c00029d173c9000308e430000120000000074
:10ab4c001000028e0400428c62002216ba03052407
:10ab5c000f000392020002244d006214bb03052473
:10ab6c000c000292ffff4224ff0043300500632ccf
:10ab7c0050006010c70305240e000492010003244a
:10ab8c008b00831000000000905a63268010020096
:10ab9c000a10627c2528000209f8400025202002ba
:10abac000e0002920600432c4600601000000000cc
:10abbc000500422c240040140000000010001e8ee2
:10abcc000400c28f47002216bc0405240d0002921b
:10abdc0001004230130040540c0003920800c28f55
:10abec00440040500c0003920e000492ffff83249b
:10abfc000400632c73006054080007960700832c34
:10ac0c0083006010050003245900831025300000d8
:10ac1c00080007962528000209f840002520c003eb
:10ac2c000c000392030002240700621002000724a8
:10ac3c009000262625280002255e400f25202002a4
:10ac4c00bdff00109000308e6398400f0000000094
:10ac5c00000023922520400001006324000023a261
:10ac6c003400bf8f3000be8f2c00b78f2800b68ffa
:10ac7c002400b58f2000b48f1c00b38f1800b28f46
:10ac8c001400b18f1000b08f6598400b3800bd27b1
:10ac9c006f90400f252040020c000292ffff4224cf
:10acac00ff0043300500632cb4ff60540e00049287
:10acbc00c70305246f90400f252040020700022493
:10accc000e0002a20b98400f1000248eb8ff00104b
:10acdc000e0002926f90400f252040029dff001045
:10acec000f0003926f90400f2c5a8426b8ff00106f
:10acfc000d00029203000224d3ff6210000000003a
:10ad0c0090003e8e3500c013560205249400228e0e
:10ad1c003900c253940020ae0000c28f900022aec6
:10ad2c009800228e02000324ffff4224980022aeda
:10ad3c000f00c293320043140601052427001e168f
:10ad4c0056020524a000228e280040100000c0af3f
:10ad5c0000005eaca0003eaea400228e0100422496
:10ad6c00a40022ae0300022472ff00100f00c2a345
:10ad7c00040002240e0002a2a5ff00100800c28fde
:10ad8c003400bf8f3000be8f2c00b78f2800b68fd9
:10ad9c002400b58f2000b48f1c00b38f1800b28f25
:10adac001400b18f1000b08f0800e0033800bd27ed
:10adbc000998400f1000248e0c00029272ff0010b4
:10adcc00ffff4224010006242528000209f8400058
:10addc002520c00393ff00100c0003926f90400fce
:10adec00b05ba426d8ff0010a000228ea0003eaebf
:10adfc00d9ff00109c003eaec9ff0010900020aea1
:10ae0c006f90400f1858c426ccff001000000000b3
:10ae1c00f30405246f90400f185ae4260800c28fe3
:08ae2c007bff0010ecff06247f
:020000040000fa
:020000041d00dd
:10ae3400c0ffbd272000b0af3c00bfaf3800b6afa5
:10ae44003400b5af3000b4af2c00b3af2800b2afbc
:10ae54002400b1af0d008004258000009080828f13
:10ae64002a1082000a0040103c00bf8f8097400fd8
:10ae74000000000005004010258840003c0052906e
:10ae8400010002240c004212000000003c00bf8fad
:10ae9400251000023800b68f3400b58f3000b48f0f
:10aea4002c00b38f2800b28f2400b18f2000b08f04
:10aeb4000800e0034000bd271c94400f2520200219
:10aec400f3ff40103c00bf8f4000278e0002e230a9
:10aed400530040500800308e0c00228e54005094d1
:10aee400ebff00123c00bf8f1400228e5000401074
:10aef4008000e230500040102400248e4f00805027
:10af04008001e77c0300e23002000324890043103f
:10af1400000000001400228e0c00338e1800238ed3
:10af24000002e7303c0062ae380063ae400064ae1d
:10af34004e00e0101c00748e540070964800752674
:10af44000800022408001626ffffd6321000638e84
:10af54002a0024960c006594211045000935400f01
:10af64000c0062a4280024960935400f000082a634
:10af7400020082a60935400f2520c0022400238e3a
:10af8400040082a6060080a660006390020063307d
:10af94004f0060503c00638e3c0063924800228e58
:10afa400e0000424f0006330c028497c6300289248
:10afb4003a0064104002427c1c00a7272530c002de
:10afc40011000524252060021e00a2a31d00a8a3d1
:10afd4003e33400f1c00a9a3000060ae2510000002
:10afe400340062a6e497400f25206002a8ff4014b5
:10aff4003c00bf8f4000228e1000638e000242305e
:10b00400230040100c0060a4540060a62000628e4f
:10b0140025800000c418027c9cff0010200062ae52
:10b024000000228e23800202adff0010ffff1032c9
:10b0340096ff0010258000008001e77c180026267a
:10b044008771400f1400252625204000f8ff40108a
:10b05400240022ae40002292c0ff032425104300a6
:10b06400400022a2a7ff00104000278e0000228e7d
:10b074000800308e25a8000023800202ffff103252
:10b0840008000226ffff4230b0ff001025b0400048
:10b094000000228eddff0010080022ae0b90080194
:10b0a4001c00a7272530c0021100052425206002ba
:10b0b4001e00a2a31d00b2a33e33400f1c00a9a38f
:10b0c4004000228e000060aec5ff00108004427c68
:10b0d4003800678e253000001400a3af0c0005244f
:10b0e400001103241000a4271800a3a71000a7af81
:10b0f4001135400f1a00a2a74000238e271002002a
:10b104000002633011006010ffff46300800052480
:10b114001135400f252080020800a48e271002005c
:10b12400ffff46301135400f252800029aff00101a
:10b13400060082a6618f400f00000000140022aeba
:10b144002400248e74ff00104000278e2528c0029e
:10b154001135400f252080028fff0010060082a6c3
:020000040000fa
:020000041d00dd
:10b16400c0ffbd273c00bfaf3800b5af3400b4af5b
:10b174003000b3af2c00b2af2800b1af4500c0140b
:10b184002400b0af2598a000020014244000828c53
:10b19400360040102590a000258880003c008524be
:10b1a400f386400f252040003d00401025a80000f4
:10b1b4003f00438840004590410044903c00439840
:10b1c4001400a5a31500a4a31000a3af400022ae51
:10b1d4001000b0270000438e2500605425100000a5
:10b1e400252840023c8d400f252040001f004010c0
:10b1f40025884000280042ae000807243c0046246d
:10b20400252800020478400f252040025300a01690
:10b21400010006242000428e2528400210004234fa
:10b22400200042aea382400f25202002100000100f
:10b2340001000224d480828f5b0040140080103c03
:10b24400019d053c253000002836a5248284400f4a
:10b254002520000053004014d48082af029d053c99
:10b26400a42fa5249d8e400f25200000251000004a
:10b274003c00bf8f3800b58f3400b48f3000b38fdb
:10b284002c00b28f2800b18f2400b08f0800e00397
:10b294004000bd2725988000bcff00100100142445
:10b2a4003c00358effff02242600a2124000308e9f
:10b2b400618f400f252000022100a2524000308ef1
:10b2c4000400001203000224630003925b00625036
:10b2d4001000a0af3c00229220004224ff00423024
:10b2e4001000422c460040543d0022923c00238e24
:10b2f4000400028e0800048e26106200241044000c
:10b304002500401401001524010007241000a6277d
:10b314001800a52725200002e079400f1800a3afec
:10b324000200032442004310010003244408027c69
:10b33400ceff431425800000a6ff00104000228e9b
:10b34400ffff02241000a2af1400a2a701001524dd
:10b35400251000029fff00101000b027258f400f1a
:10b36400252040025e002396f2ff4224ffff423074
:10b374002b186200beff605425100000adff0012c0
:10b3840025284002b487400f252020022710020000
:10b39400b7ff0010c21702000c00038edaff001082
:10b3a400020015240080103c88370426d880400f02
:10b3b400580031960080043c438f400fb0378424fa
:10b3c400230040101800a38f252840008837042646
:10b3d4000c0043ac040054a0050051a0348f400f6e
:10b3e400080053aca886400f883704262000438efb
:10b3f40001000224080063349dff0010200043aec6
:10b404003e002396010004247f0042301000a4a7cc
:10b414005e0004241300a2a31200a4a31400a3a793
:10b424004000228e1000b0276aff0010010015248e
:10b434004000228e67ff00101000b0271400a0a760
:10b444004000228e1000b02762ff00100100152476
:10b45400029d053cd42fa5249d8e400f252000007d
:10b46400a886400f8837042681ff001025100000ad
:020000040000fa
:020000041d00dd
:10b4740050febd279401b0af648090879c01b2afa9
:10b484002c000624259080004801a52725200002d1
:10b49400ac01bfafa801b5afa401b4afa001b3af75
:10b4a4009801b1afbf3e400f4801a0a34801a39348
:10b4b400020002240e006210c00006242588000049
:10b4c400a783400f25200002ac01bf8f2510200266
:10b4d400a801b58fa401b48fa001b38f9c01b28fd2
:10b4e4009801b18f9401b08f0800e003b001bd272b
:10b4f40025280000bf3e400f25200002c000032481
:10b50400efff431425880000380106241000a52706
:10b51400bf3e400f2520000225a040000400422c1d
:10b52400e7ff401425880000029d023c1000a38f11
:10b53400f061428ce2ff621400000000e797400fc4
:10b544000000000025a840002e0040187080938f52
:10b5540003000010000000002a00b1125c007326f2
:10b564000390400f25202002fbff401001003126ec
:10b574004200439440006330f7ff60100000000075
:10b584005800639201006330f3ff60100000000074
:10b5940056006396c418037cfdff6324fdff6330eb
:10b5a400edff60144c01a48f4000638eeaff831406
:10b5b400060006243c0045241f90400f6401a42784
:10b5c400e5ff401400000000100053122520000283
:10b5d400987e400f25280000ac01bf8f258800000d
:10b5e40025102002a801b58fa401b48fa001b38f48
:10b5f4009c01b28f9801b18f9401b08f0800e003d1
:10b60400b001bd27aeff40162588000058004292c5
:10b614000400423007004014fcff94265900429273
:10b62400010003240400627c5801a38f590042a244
:10b634002c0043ae1400a227029d113c7c01a0af54
:10b644008001a0af8401a0af8801a0af8c01a0af9e
:10b654007401a2af7801b4afcc313126029d153c00
:10b66400029d133c95ff801a7401a68f35000224b5
:10b674000000c4901a008210010003242034a22682
:10b68400603465260b0083500400428c0800422479
:10b69400fcff45540000438c0100c2900200422488
:10b6a4002130c20023a082027401a6afedff001076
:10b6b4007801b4af7401a52709f8400025204002a1
:10b6c400090040187401a38f7801b48f2118620017
:10b6d40023a082027401a3afe2ff00107801b4af8b
:10b6e400f4ff00102510200275ff40142588000087
:10b6f4007c01b18f02000324090023128001a28f70
:10b70400050004240c002452540044962400438e63
:10b714006bff62542588000069ff001000000000e0
:10b7240058004392240042ae010002248410437c5a
:10b7340063ff0010580043a209008350580043924d
:10b744002400438e5eff6254258800007401a527ff
:10b754005956400f2520400259ff001000000000f8
:10b76400240042ae010002248410437cf7ff001041
:04b77400580043a294
:020000040000fa
:020000041d00dd
:10b77800c8ffbd270f000524090004242800b2af24
:10b788003400bfaf3000b4af2c00b3af2400b1af6a
:10b798007f8f400f2000b0af0100523025004016c7
:10b7a800000000003400bf8f3000b48f2c00b38f2e
:10b7b8002800b28f2400b18f2000b08f0800e0036a
:10b7c8003800bd272518830077006a540100e72454
:10b7d800010002243c0002a2480002960200423006
:10b7e80005004010e000032410006292f00042308f
:10b7f8001d004314f1ff052425282002348f400f33
:10b808004c000426600002960001423009004010f6
:10b81800000000005800028e0600401000000000e2
:10b828005c00078e2800258e1200048609f8400067
:10b83800000106249095400f09000424d9ff401008
:10b84800258840002c0022960800422c060040144f
:10b85800f2ff05242000228e4004427c070040505d
:10b868001c00348ef1ff0524090006247e92400f47
:10b8780025202002efff0010000000000935400fce
:10b8880004008496258040002c002296f6ff501470
:10b89800f2ff052406008296050040101800338e3a
:10b8a8002000228e00044230520040100011022471
:10b8b800000084960935400ff8ff10260200849690
:10b8c8000935400f000082a69080898f020082a669
:10b8d800040090a6e3ff201928002b8e9480888fff
:10b8e8002538000002000d3c01000c240f000a243a
:10b8f8000000108d2c0000520100e7244000058e46
:10b908002418ad00280060500100e724620004926a
:10b918005400038e2a186400230060500100e724b5
:10b928002a000396200062540100e7243c00039299
:10b9380023006c5028000e961b0060540100e72479
:10b9480028000e9600008696251840022000c61191
:10b95800252000000400a63002006e340b18c60132
:10b968002400068e05006651040084341200c010bd
:10b978000800a6300100c054040063341c00068e81
:10b9880090ffc050080063341000a5308dffa0540c
:10b99800080063341800258e0c00a58c1100c550d2
:10b9a800080084340100e724d1ffe91404000825c5
:10b9b800adff0010f1ff0524f0ff00100400633410
:10b9c8000000869625180000e2ffc61525204002d3
:10b9d8002400068ee5ff661502008434e7ff001098
:10b9e8000400843478ff8a54251883007bff0010f4
:10b9f800480002961800a2a71000638e04008296e1
:10ba08000c00678e253000000c0005241000a427c8
:10ba18001400a3af1000a7af1135400f1a00a2a75a
:10ba28002000238e27100200040063300a006010f3
:10ba3800ffff46302538c000252880022530000247
:10ba4800a858400f2520200299ff4010f6ff052432
:10ba580086ff001009000624252800021135400f32
:0cba680025208002f8ff00100000000004
:020000040000fa
:020000041d00dd
:10ba740020ffbd27c800b4afdc00bfafd800beaf05
:10ba8400d400b7afd000b6afcc00b5afc400b3afed
:10ba9400c000b2afbc00b1afb800b0afae00801010
:10baa400f000b48f7600a010340011242400022486
:10bab400080087ac140094ac040094ac0c0080ac77
:10bac400100080a00b884600feff02242800a2afcd
:10bad400800002242000a2af3000a227029d1e3c59
:10bae4001c00a2af300002242598c0002590a000bd
:10baf400258080002400a0af1800a0af1400a0afe0
:10bb04001000a2af2c47c7272530000025280000cd
:10bb14001f60400f252000008800405403000224c9
:10bb2400029d163c7100d6263000b527b000b72719
:10bb34002520c0022538a00203000010d3000324ee
:10bb440000008390010084240000e5900100e724b4
:10bb540026186500fafff7142510430076004014f8
:10bb6400029d053cfeff02242800a2af80000224af
:10bb74002000a2af3000a2271c00a2af20000224a4
:10bb84002400a0af1800a0af1400a0af1000a2af13
:10bb94002c47c727100006244c47a5241f60400fdc
:10bba4002520000065004054030002240300001017
:10bbb400d30003240000c3920100d6260000a492ff
:10bbc4000100b52626186400fafff5162510430077
:10bbd4005a00401403000224b974400f8400042462
:10bbe400410040100c0002ae253020023000a52791
:10bbf4003b75400f252000023f0040140200022440
:10bc04003000a427997c400f252820023e004010d4
:10bc14000c00048e050080500c0000aedf83400f42
:10bc2400b000a2afb000a28f0c0000ae3000a3277a
:10bc340021887100000060a001006324fdff7114dd
:10bc4400000000001600401401000324100003a2a9
:10bc5400dc00bf8fd800be8fd400b78fd000b68f62
:10bc6400cc00b58fc800b48fc400b38fc000b28fae
:10bc7400bc00b18fb800b08f0800e003e000bd271e
:10bc8400f3ffc01453ff0224080087ac140094ace3
:10bc9400040094ac0c0080ac8bff0010100080a05a
:10bca400030003242400431001000324260043104e
:10bcb40002000324100003a2dc00bf8fd800be8f53
:10bcc400d400b78fd000b68fcc00b58fc800b48f26
:10bcd400c400b38fc000b28fbc00b18fb800b08f66
:10bce4000800e003e000bd2702000224100002a2c5
:10bcf400ceff001083ff0224100002a20c00048e69
:10bd0400c4ff0010010002240800028e25384002fe
:10bd14001800b4af1000b3af1400a2affcff262686
:10bd2400925d400f3400a527c1ff40103000a327c7
:10bd3400b8ff00100c00048e03000224100002a2bd
:10bd4400c3ff00102fff022402000224100002a2ed
:10bd5400bfff001039ff0224bdff001053ff02246f
:020000040000fa
:020000041d00dd
:10bd64000400828c90ffbd276c00bfaf0700432cfa
:10bd74006800b2af6400b1af0f0060106000b0aff4
:10bd840080180200019d023ca0bd42240a10437c9d
:10bd940025808000080040002588a0000cbe009d7e
:10bda40044be009d94be009dbcbe009dbcbd009dd4
:10bdb400f0be009ddcbd009d6494400f00000000b7
:10bdc4006c00bf8f6800b28f6400b18f6000b08fc9
:10bdd4000800e0037000bd27cf78400f0000848482
:10bde4006c00bf8fffff0224000002a602000224a1
:10bdf400040002ae6800b28f6400b18f6000b08f9f
:10be04000800e0037000bd270080023cee94400f60
:10be14005c37448c41004004020003245800431062
:10be240001000224448182af6c00bf8f6800b28f8e
:10be34006400b18f6000b08f0800e0037000bd277c
:10be44000390400f2520000025204000c88d400f9e
:10be540025884000dbff40106c00bf8f8391400faa
:10be640025202002252020024994400f25904000df
:10be74004081838f61006010252840000200022465
:10be8400040002ae01000224cdff0010408182af05
:10be94000800859425300000cc5b400f0100042489
:10bea400ffff032452004310000002a603000224f3
:10beb400c3ff0010040002aead8b400f0000848469
:10bec400c0ff40106c00bf8f000004860357400f72
:10bed4002000a52709f820022520000207004004bd
:10bee40005000224b6ff0010040002aead8b400f23
:10bef4000000848410004014000000006c00bf8f18
:10bf040006000224040002ae6800b28f6400b18f00
:10bf14006000b08f0800e0037000bd274481828f69
:10bf24000f00401007000224040002ae01000224a6
:10bf3400bdff0010448182af528f400f0000048681
:10bf4400efff40146c00bf8f09f820022520000287
:10bf54009cff41046c00bf8feaff0010060002241e
:10bf6400029d053c029d043c405ea524ea8d400fe1
:10bf7400dce3842407000224ecff0010040002ae7a
:10bf84000390400f25200000258840004994400f6d
:10bf94002520400025202002ea97400f25904000ec
:10bfa4004481838f06006010000000000100022419
:10bfb400040002ae010002249bff0010448182af02
:10bfc400ea67400f25204000029d073c029d043c87
:10bfd40025304000405ee72425284002ea8d400fca
:10bfe40008e4842401000224f3ff0010040002aedc
:10bff4000700022472ff0010040002ae029d023cfe
:10c0040002461200003c437e405e4224029d043cf2
:10c01400003a477eff00463244e484241800a2af6d
:10c024001400a8afea8d400f1000a3afc662400f02
:0cc034000000000092ff00100200022437
:020000040000fa
:020000041d00dd
:10c04000d0ffbd272c00bfaf2800b5af2400b4af90
:10c050002000b3af1c00b2af1800b1af1900c01080
:10c060001400b0af1800a010258000001600800456
:10c07000a880828f2b10820013004010b880918f0f
:10c08000802004000a88247e100020522c00bf8fdc
:10c090004c00228e0c0040100300032476002292f4
:10c0a000130043102590a000080003241000431043
:10c0b0000000000077002392010002245600625025
:10c0c0000800238e258000002c00bf8f2510000261
:10c0d0002800b58f2400b48f2000b38f1c00b28fce
:10c0e0001800b18f1400b08f0800e0033000bd27a6
:10c0f0008d8e400f25202002eeff40102598400035
:10c100002b8046000800248e0b3050000400228e45
:10c11000ffffd030211890002b1862003300601010
:10c1200025a0000225308002cb92400f2528400236
:10c130000800268e1000238e2130d4001700c31073
:10c14000080026ae740024962016047c3c004004af
:10c15000640025962b1066005b0040500400228e80
:10c160002330c300ffffc6306a0022962b38a6009a
:10c170000b30a7002b10c2004d0040100000000043
:10c180006e002296421002002b30c2004800c01000
:10c19000000000003e00e050000884303e0022967f
:10c1a00004004330c9ff60142c00bf8f010003243a
:10c1b0008410627cdc85400f3e0022a69880848f2c
:10c1c00080180400211864006210043cc0180300a9
:10c1d000d34d842419006400101800008219030054
:10c1e00021106200b8ff0010280022ae23a04400f6
:10c1f000ffff953225284002cb92400f2530a00248
:10c200000000248e2310140221905502080024ae51
:10c21000c4ff0010ffff54301000228eaaff6210ee
:10c220002580000064003096a8ff00122c00bf8f0c
:10c230002e94400f25202002a3ff0010258000002f
:10c240003e00229620004230c3ff40142b106600af
:10c250000400278e0000288e23107002ffff42305a
:10c260002338e800433807002a10e200baff4014e0
:10c270002b1066001a00a014000000003e00229659
:10c28000010003244429627c8fff00103e0022a697
:10c2900007008014000000003e002286c0ff420418
:10c2a0003e0022960c00228ebdff62543e00229674
:10c2b00086ffa0502c00bf8f2e94400f2520200217
:10c2c00082ff00102c00bf8f0000278e2310430038
:10c2d0002330c70021304600a3ff0010ffffc63007
:10c2e0002e94400f25202002e5ff00103e002296ec
:020000040000fa
:020000041d00dd
:10c2f000b0ffbd273c00b0af0400908c4800b3af46
:10c300004400b2af4c00bfaf4000b1af25908000f9
:10c310002c00a0af2800a0af3000a0af2000a0af3d
:10c320001c00a0af2400a0af1400a0af1000a0af6d
:10c330001800a0af029d133c9000118e1a0020122d
:10c340001c00a28f9400028e73002252940000ae53
:10c350000000228e900002ae9800028e020003249c
:10c36000ffff4224980002ae0f00229266004314a1
:10c37000060105241000228e5a0042122000a28fce
:10c3800055004010000020ae000051ac2000b1afbd
:10c390002400a28f9000118e01004224e9ff201694
:10c3a0002400a2af1c00a28f2800a58f2800b1276f
:10c3b000900002ae2000a28f940002ae2400a28f53
:10c3c0000800a010980002ae0200072425302002c9
:10c3d000255e400f252000022800a58ffbffa0143a
:10c3e00002000724029d133c9c00118e1a002012ab
:10c3f0001000a28fa000028e59002252a00000aeb1
:10c400000000228e9c0002aea400028e03000324d2
:10c41000ffff4224a40002ae0f0022924c004354be
:10c42000060105241000228e400042121400a28f43
:10c430003b004010000020ae000051ac1400b1af32
:10c440001800a28f9c00118e01004224e9ff2016e3
:10c450001800a2af1000a28f2800a58f2800b127d6
:10c460009c0002ae1400a28fa00002ae1800a28fa2
:10c470000800a010a40002ae03000724253020020b
:10c48000255e400f252000022800a58ffbffa01489
:10c49000030007240400428e4c00bf8fffff0524d9
:10c4a0000400449402004394000040a6ffff84244b
:10c4b0008410037c0c0045ae4800b38f4400b28f5b
:10c4c0004000b18f3c00b08f040044a4020043a49c
:10c4d0000800e0035000bd272000b1afacff001002
:10c4e0001c00b1af2c00a28f1f004010000020ae36
:10c4f000000051ac2c00b1af3000a28f01004224eb
:10c500008dff00103000a2af6f90400f18586426c6
:10c5100099ff00101000228e8fff0010900000aed7
:10c520001400b1afc6ff00101000b1af2c00a28ff5
:10c5300010004010000020ae000051ac2c00b1af44
:10c540003000a28f01004224a7ff00103000a2afec
:10c550006f90400f18586426b3ff00101000228e11
:10c56000a9ff00109c0000ae2c00b1afe2ff00104c
:10c570002800b1af2c00b1aff1ff00102800b1af1f
:020000040000fa
:020000041d00dd
:10c580009480828fd0ffbd272c00bfaf2800b6afac
:10c590002400b5af2000b4af1c00b3af1800b2af99
:10c5a0001400b1af970040101000b0af0200a230ed
:10c5b000259880002588a00025a0c00025a8e000bf
:10c5c00029004010259000006398400f00000000f3
:10c5d0007c8083932a006014ffff63246598400fda
:10c5e000252040002b0040129080848f0c00801882
:10c5f0009480828f0000438c2c0060100400422441
:10c600000400001025800000fcff438c29006050ce
:10c610008c80848f01001026fbff04160400422446
:10c620006398400fffff10247c80839325204000f7
:10c63000010063246598400f7c8083a32c00bf8f8a
:10c64000251000022800b68f2400b58f2000b48f7b
:10c650001c00b38f1800b28f1400b18f1000b08f80
:10c660000800e0033000bd276398400f2590c0000c
:10c670007c808393d9ff601025a00000ffff632416
:10c68000252040006598400f7c8083a3d7ff40168b
:10c690009080848fc37b400f00000000e0ff4010bb
:10c6a00025904000d1ff00109080848f25800000ed
:10c6b0008c80848f640006240800828c09f8400076
:10c6c00001000524d6ff401025b040009480828fe1
:10c6d000801810002086107c211043001200d0a684
:10c6e0006398400f000056ac7c8083932520400067
:10c6f000010063246598400f7c8083a34000c28eb4
:10c700000300032480002432046b627e2a00d2a638
:10c710002800d4a63c00d3a23d00c3a26200c3a25d
:10c72000210080104000c2ae01000324444a627c14
:10c730001000c0a64000c2ae000122320500401029
:10c74000010031324000c28e01000324c45a627cd1
:10c750004000c2ae17002012010002244800c39618
:10c76000010004244000c2928410837c4800c3a6c8
:10c770002c00bf8f8420027c1c0042344000c2a2e7
:10c780002400b58f251000022800b68f2000b48f3a
:10c790001c00b38f1800b28f1400b18f1000b08f3f
:10c7a0000800e0033000bd2784808297e2ff00107c
:10c7b0001000c2a6a2ff62162c00bf8fa1ffa0121c
:10c7c000251000024000c28e0000a38e0442627e4b
:10c7d0004000c2ae2c00bf8f251000021400c3ae73
:10c7e0002400b58f2800b68f2000b48f1c00b38fb3
:10c7f0001800b28f1400b18f1000b08f0800e00352
:0cc800003000bd278dff0010ffff10244a
:020000040000fa
:020000041d00dd
:10c80c00b8ffbd273400b3af3000b2af2800b0afd3
:10c81c004400bfaf7080908f4000b6af3c00b5af06
:10c82c003800b4af2c00b1af259880002496400f8f
:10c83c002590a0004018020021186200c0180300c7
:10c84c002318620080180300218003024400028e2a
:10c85c000f0040100000000009f840002520600285
:10c86c000b00401025884000e391400f252040002c
:10c87c000200432c0600601401004224580014925c
:10c88c00400094320a1014000500001025a040004e
:10c89c00ea97400f252060022588400025a0000063
:10c8ac001000a0af1400a0af1800a0af1c00a0afe8
:10c8bc002000a0af2400a0a31400272625102002de
:10c8cc001000a3272000062401004224ffff44800f
:10c8dc00f7ff8524050086100500a52c0300a01485
:10c8ec0000000000000064a001006324f7ffe214c4
:10c8fc0001004224e391400f1000a427380040109f
:10c90c002580400025b000001000b32778001524c6
:10c91c0000006492d3ff82240200422c05004014d4
:10c92c000100d6265294400f000000000100405038
:10c93c00000075a22a10d002f5ff401401007326e6
:10c94c001000a283200042349fff42241a00422c84
:10c95c0003004014ffff1326780002241000a2a34a
:10c96c001000a227219853005294400f00006492ab
:10c97c000200401478000224000062a225008056b8
:10c98c00000020a20400428e020013262b1053003c
:10c99c0037004014253000020000448e0c000224a5
:10c9ac00000082a0010090a01000a527cb92400fa0
:10c9bc0002008424251060024400bf8f4000b68f13
:10c9cc003c00b58f3800b48f3400b38f3000b28f79
:10c9dc002c00b18f2800b08f0800e0034800bd2761
:10c9ec0001008056000020a2251000004400bf8fdb
:10c9fc004000b68f3c00b58f3800b48f3400b38f35
:10ca0c003000b28f2c00b18f2800b08f0800e003eb
:10ca1c004800bd270400428e020013262b10530041
:10ca2c00130040140c0003240000428e2530000239
:10ca3c001000a52702004424000043a0010050a0d0
:10ca4c00cb92400f010010262a1090020aa002027d
:10ca5c00253080021000a52725202002cb92400f04
:10ca6c0021a03402ffff80a2d3ff0010251060022a
:08ca7c00deff0010ffff0224a1
:020000040000fa
:020000041d00dd
:10ca8400d0ffbd274800828c2400b0af2580a000d1
:10ca94002800b1af2c00bfaf258880001800a0a7e4
:10caa4001000a0af1400a52709f8400025200002bb
:10cab400250040041000a6272800228e2528000007
:10cac40009f84000252000021400a2970800432c16
:10cad4008600601080180200019d023cf0ca4224c6
:10cae4000a10437c080040000000000094cc009d24
:10caf40010cb009dc0cb009df0cb009d1ccc009db5
:10cb04005ccc009d60cb009d8ccb009d5400228e9c
:10cb14001800a52709f84000252000020a00400457
:10cb240001000324680043101800a2876c0041042c
:10cb3400252800004c00228e1400a0af09f8400004
:10cb440025200002010002242c00bf8f2800b18f91
:10cb54002400b08f0800e0033000bd275000228e6f
:10cb64001000a68f2528000009f8400025200002a7
:10cb7400f5ff40040100032453004310070002247e
:10cb84004d0000101400a2a75400228e1800a527ff
:10cb940009f8400025200002ebff400401000324b3
:10cba400490043101800a29738000396241043004c
:10cbb4002b100200e4ff0010231002005800228e04
:10cbc4001000a78f380006962528000009f84000b9
:10cbd40025200002dcff4004010003243a00431036
:10cbe40003000224340000101400a2a75000228e77
:10cbf4001000a68f2528000009f840002520000217
:10cc0400d1ff4004010003242f0043100400022438
:10cc1400290000101400a2a75400228e1800a52792
:10cc240009f8400025200002c7ff40040100032446
:10cc3400250043101800a3973800029624206200b0
:10cc4400c1ff8214ffff0224050002241600a3a7db
:10cc5400190000101400a2a71600a6973800039626
:10cc64005800228e1000a78f2630c300252800000c
:10cc740009f8400025200002b3ff4004010003240a
:10cc840011004310060002240b0000101400a2a798
:10cc94005000228e1000a68f2528000009f84000bd
:10cca40025200002a8ff40040100032407004310cc
:10ccb4002c00bf8f1400a3a74c00228e1400a58f54
:10ccc40009f84000252000022c00bf8f0100022437
:10ccd4002800b18f2400b08f0800e0033000bd2786
:10cce40002000224f4ff00101400a2a796ff001013
:04ccf400f7ff022420
:020000040000fa
:020000041d00dd
:10ccf800d8ffbd271000b0af1800908c2000b4af4b
:10cd08001c00b3af1400b1af2400bfaf1800b2af1e
:10cd18004400929000000292460083942588800087
:10cd280014005226040004240439827c8220120054
:10cd38000418827c0100633025a0a0002598e0003b
:10cd48000c006010000002a2450024921400022684
:10cd580021181202802004002110440004004424f9
:10cd68002b18830094040424000044a45300601486
:10cd7800020040a421304602010000a254006012c3
:10cd8800ffffc430000062922000433006006010ac
:10cd98001000433025180000010005248410a37cee
:10cda800010003a210004330060060100800433061
:10cdb8000100039201000524c418a37c010003a20a
:10cdc800080043300600601007004330010003925a
:10cdd800010005240421a37c010003a207004330bd
:10cde8000400601000000000010003924439437cf5
:10cdf800010003a20935400f00000000e48083977a
:10ce0800020002a601006224ffff423025204000f4
:10ce18000935400fe48082a7040002a60935400fb7
:10ce280025200000060002a602006392200060147c
:10ce3800010003240100629264000324090014a283
:10ce48000a106200080002a23c00228e3800238edd
:10ce58004000248e0a0000a60c0003ae100002aeab
:10ce680060008290040042303400405025200002c7
:10ce78001000258e1800228e2400bf8f0c00a3946a
:10ce8800211052002000b48f219043020c00b2a45c
:10ce98001c00b38f1c0022ae280024ae1800b28fed
:10cea8001400b18f1000b08f0800e0032800bd27e0
:10ceb8008473627cdfff0010060002a62130460260
:10cec800040040a0ffffc430aeff6016010000a2be
:10ced8000935400f00000000e4808397020002a695
:10cee80001006224ffff4230252040000935400f31
:10cef800e48082a7040002a60935400f252000001f
:10cf0800060002a664000224080002a2090014a276
:10cf18003c00228e3800238e4000248e0a0000a692
:10cf28000c0003ae100002ae600082900400423094
:10cf3800d0ff40541000258e252000022530000027
:10cf48001135400f252840024000248ec8ff0010ec
:04cf58000a0002a623
:020000040000fa
:020000041d00dd
:10cf5c00d0ffbd272400b3af0080133c1800b0af46
:10cf6c00400170261c00b1af2c00bfaf2800b4af3d
:10cf7c002000b2af53000416258800007400028e06
:10cf8c002590c0002588a0001400a0af050040101b
:10cf9c001000a0af0080043c0500052409f84000f7
:10cfac00500284240080053c1400a7271000a627fb
:10cfbc00f001a524604f400f4001642625a04000dd
:10cfcc007400028e04004010060005240080043c0e
:10cfdc0009f8400050028424ffff82260200422cf4
:10cfec0041004014000000005e0080562801028eb3
:10cffc001400a38f0400628cc005447c5f00805039
:10d00c002401028e0000638c0001043c241864008f
:10d01c001000043c241044002510620057004054ba
:10d02c002401028e1801028e0100422402002012fb
:10d03c00180102ae000020ae2800048eb800118e3c
:10d04c0024000386bc000296248824020a88237ece
:10d05c00fcff4524eeff42241000238e0800648c54
:10d06c00000060acbc0005a60e0085240c0062a478
:10d07c00140024aedc85400f180025ae1400a48fdc
:10d08c002000238e240022ae0000858c2510600029
:10d09c000431027c080046348007a37c3d006010fc
:10d0ac00200026ae28004234200022ae060040129a
:10d0bc002c00bf8f0000838c0400828c000043aed8
:10d0cc00040042ae2c00bf8f251020022800b48f24
:10d0dc002400b38f2000b28f1c00b18f1800b08fca
:10d0ec000800e0033000bd270200201201000224da
:10d0fc00000022aeb800058e1100a0102c00bf8fce
:10d10c007400028e050040100080043c05000524cc
:10d11c0009f8400050028424b800058e4e43400f9d
:10d12c00400164267400028e0400401006000524a1
:10d13c000080043c09f84000500284242c00bf8f6e
:10d14c0025880000251020022800b48f2400b38ffe
:10d15c002000b28f1c00b18f1800b08f0800e003c4
:10d16c003000bd2701004224e2ff2012280102ae4c
:10d17c00f6ff0224dfff0010000022ae0100422463
:10d18c00dcff2012240102aef5ff0224d9ff0010af
:10d19c00000022ae0400a2044800423418004234bd
:10d1ac00c2ff0010200022aec0ff0010200022aef3
:020000040000fa
:020000041d00dd
:10d1bc001800838cc8ffbd27030002243400bfafc6
:10d1cc003000b3af2c00b2af2800b1af7a006210c0
:10d1dc002400b0af6880828f2580800055004014f9
:10d1ec002588a0002500a0105c0006240800828c75
:10d1fc00000085940800438c25204000588082afa5
:10d20c00ffff022409f86000648082a71b00401015
:10d21c00708082af009d053c05000624b83fa52414
:10d22c00c285400f0c0004240080043c6837842421
:10d23c005998400f5c8082af259840000c002296d4
:10d24c000800238e02010724253000002528400009
:10d25c0001000424628083a76c87400f608082a742
:10d26c0025904000ffff02240c0042161000a62758
:10d27c00648092a7da6f400f000000003400bf8f6b
:10d28c00251000003000b38f2c00b28f2800b18f16
:10d29c002400b08f0800e0033800bd2705000524ea
:10d2ac00a139400f252040021000a2970002422c09
:10d2bc0009004010628086970002022400020624b6
:10d2cc000500052425204002dd20400f1000a2a7f8
:10d2dc004700401062808697253800000100052425
:10d2ec00463c400f252040024100401025300000f4
:10d2fc0002000524dd20400f25204002029d063c43
:10d30c00253800003853c62400010524b884400f8a
:10d31c0025204002360040105c80828fd5ff4010e3
:10d32c00648092a7d3ff60120000000000000296f8
:10d33c006c8082af1400038e0400258e1000048ec6
:10d34c004010030021104300c010020023104300c2
:10d35c007080838f8010020042008694211062003e
:10d36c002a3805000a0003240a286700500045a447
:10d37c00020005244e0045a40100c330e803052437
:10d38c00580040a016006014520045a46880838f9a
:10d39c000100022401006324688083af3400bf8f36
:10d3ac003000b38f2c00b28f2800b18f2400b08fc7
:10d3bc000800e0033800bd271000848c42008394e1
:10d3cc0001006330f5ff6010010002240100052408
:10d3dc000765400f1800a2aff0ff00101800a28fd5
:10d3ec000765400f01000524e9ff00106880838f5a
:10d3fc002971400f25204002ffff0224da6f400ff5
:0cd40c00648082a79eff00103400bf8fd8
:020000040000fa
:020000041d00dd
:10d41800a020047c0800e00302142400a020047c5f
:10d428000800e00325108000a020047ca028057ccb
:10d43800021425000800e003021c2400fcffa824b5
:10d448001b000105010007348500a0102518c00045
:10d45800ffffa824040000150000000000008390ce
:10d468000f00001021186600ffff082506000015b0
:10d478000100839000008890001a030025186800b6
:10d4880007000010211866000000899002008890ab
:10d49800001a030025186900211868002118660081
:10d4a800024c0300ffff6a306d00001021182a01aa
:10d4b800110000001300c000010082300300893011
:10d4c8000f00201104000b34235869012540000087
:10d4d80000008898ffff29250500201108000a345c
:10d4e800ffff29250200201108004a2508004a25c7
:10d4f80004404801010007712328ab0021208b005c
:10d508004219050040310300130060100000888ca8
:10d518000400898c0100077108008a8c01002771ba
:10d528000c008b8c0100477110008c8c0100677116
:10d5380014008d8c0100877118008e8c0100a77172
:10d548001c008f8c0100c771ffff63240100e77185
:10d55800edff0010200084242328a60002190500ee
:10d56800003103000b0060100000888c0400898cd7
:10d578000100077108008a8c010027710c008b8c50
:10d5880001004771ffff632401006771f5ff001078
:10d59800100084242328a600c2180500c030030008
:10d5a800070060100000888c0400898c0100077156
:10d5b800ffff632401002771f9ff0010080084248d
:10d5c8002328a6008218050080300300030060109d
:10d5d8000000888c04008424010007712328a60019
:10d5e8000f00a0100100a6300400c01400000000c5
:10d5f8000100888809000010024408000200a630d3
:10d608000400c01400000000000088880300001017
:10d6180002460800020088880242080001000771db
:10d628001048000012400000211828012b586800fb
:10d63800020060110000000001006324024c030096
:10d64800ffff6a3021182a01024c0300ffff6a30ed
:10d6580021182a010200401000000000a018037cd5
:0cd66800271060000800e003ffff4230c4
:020000040000fa
:020000041d00dd
:10d6740094008010000000009200a0100000000040
:10d684007000838cd8ffbd27feff02241400b1afc5
:10d694001000b0af2400bfaf2000b4af1c00b3af84
:10d6a4001800b2af25808000100062102588a00009
:10d6b4002538a000253000000764400f252800000d
:10d6c400f1fe03240a0043506000028e2400bf8f41
:10d6d4002000b48f1c00b38f1800b28f1400b18fd8
:10d6e4001000b08f0800e0032800bd276000028e00
:10d6f4002000132601004324600003ae21106202bf
:10d7040080ff0324000043a06000028e3900432cf4
:10d7140057006010400012243800062421206202c1
:10d724002330c20060001426a093400f2528000077
:10d734006400048e6800028e25186002422f0400e3
:10d74400c010020021104500c0200400680002ae91
:10d75400640004ae259000020000628c040063247f
:10d76400a010027c02142200fbff7414fcff62acc4
:10d774006800022603004688580004266400032635
:10d78400000046985c000226252860025b0006aa79
:10d79400000086b803006688252000020000669811
:10d7a4005f0006aaec1a400f000046b8c8ff4014f8
:10d7b4002400bf8f0000428e04005226a010027c79
:10d7c40002142200fbff5316fcff42ae0300098a39
:10d7d4000700088a0b00078a0000099a0f00068ace
:10d7e4001300058a1700048a1b00038a1f00028a9b
:10d7f4000400089a1400049a0800079a0c00069a78
:10d804001000059a1800039a1c00029a030029aa22
:10d81400000029ba070028aa040028ba0b0027aa86
:10d82400080027ba0f0026aa0c0026ba130025aa5e
:10d83400100025ba170024aa140024ba1b0023aa36
:10d84400180023ba1f0022aa1c0022ba25200002b5
:10d854002400bf8f2000b48f1c00b38f1800b28f38
:10d864001400b18f1000b08f6675400b2800bd27df
:10d874002330420225280000a093400f2120620299
:10d8840060001426600012ae251860020000628c4d
:10d8940004006324a010027c02142200fbff831600
:10d8a400fcff62ac25286002ec1a400f2520000220
:10d8b40086ff401425206002600000ae9aff00102d
:0cd8c400380006240800e00353ff022493
:020000040000fa
:020000041d00dd
:10d8d000d0ffbd272000b2af1c00b1af1800b0af21
:10d8e0002c00bfaf2800b4af2400b3af2590c00018
:10d8f000258880007400c0142580a0002528000021
:10d9000025200002a093400f6c0006240800248efe
:10d9100025a0000025980000780080103c00052616
:10d920009952400f000000000c00248e5554400f07
:10d93000180005261000248e5554400f1c000526a3
:10d940001400248e5554400f200005261800248e04
:10d950005554400f240005261c00248e5554400fba
:10d96000280005262800228e08004010440002ae40
:10d9700000004394020003a602004390ffff6224cc
:10d980000400422c0b004014630003a23a0040162e
:10d99000251000002c00bf8f2800b48f2400b38f07
:10d9a0002000b28f1c00b18f1800b08f0800e00378
:10d9b0003000bd270400238e2c00022625204000c5
:10d9c00003006888070067880b0066880f00658879
:10d9d00000006898040067980c0065980800669835
:10d9e000030048a8000048b8070047a8040047b84b
:10d9f0000b0046a8080046b80f0045a83976400f2e
:10da00000c0045b8420002962400238e0100042435
:10da10000463827c0410027c01006530480003a688
:10da20003d00a014420002a61800058e1c00048ec2
:10da30002000038e0463027c040005ae080004aedf
:10da40000c0003ae420002a642000296010003242d
:10da50002400058e2800048e4429627ce7ff4230b2
:10da6000c418627c420002a6100005ae140004ae89
:10da7000c8ff4012010002241000a48f6400032696
:10da8000670004aa000064b81400a493040064a012
:10da90001500a493050064a01600a493060064a0da
:10daa0002c00bf8f540014ae580013a62800b48f6a
:10dab0002400b38f2000b28f1c00b18f1800b08fec
:10dac0000800e0033000bd27070006246400a524f9
:10dad000aa93400f1000a42725280000252000024b
:10dae0006c0006245400148ea093400f5800139627
:10daf0000800248e8aff80143c0005263c0000a20a
:10db00000100a0a00200a0a00300a0a00400a0a00b
:10db100085ff00100500a0a00400827ccaff001051
:04db2000420002a617
:020000040000fa
:020000041d00dd
:10db240020ffbd27c0100700c000b2afa010027cc8
:10db34001f00f230021422002b9012004219070039
:10db4400ac00a2af2190430201000224dc00bfaf6d
:10db5400d800beafd400b7afd000b6afcc00b5afdd
:10db6400c800b4afc400b3afbc00b1afb800b0af2d
:10db74007c004012b000a2a32588e0002598800014
:10db840025a0a00025a8c00025800000ac00be2769
:10db9400060000108c00b7276b98400f1000a427d4
:10dba40001001026500050122b1016000000868e23
:10dbb4000000658efc87400f1000a4276700401406
:10dbc40001000624b000a5271439400f1000a42733
:10dbd400f1ff401425b04000b000a29304000624d5
:10dbe4002528c003010042241000a4271439400f43
:10dbf400b000a2a3e8ff401425b04000f000a493b5
:10dc04000400022408008210f800a68f01000624f4
:10dc1400f000a5271439400f1000a427deff40149c
:10dc240025b04000f800a68ff400a58f1439400fea
:10dc34001000a427d8ff401425b04000fc00a28f98
:10dc4400030040100001a28f37004014fc00a58f90
:10dc54001000a4279d35400f2528e00225b0400080
:10dc64006b98400f1000a427cdffc0162100222e70
:10dc7400340040148c00a58f9000a28f9400a48fd0
:10dc84000300a5aa0000a5ba0700a2aa0400a2ba2c
:10dc94009800a28f0b00a4aa0800a4ba9c00a68f27
:10dca4000f00a2aaa000a58f0c00a2baa400a48f02
:10dcb4001300a6aaa800a28f1000a6ba1700a5aa4e
:10dcc4001400a5ba1b00a4aa1800a4ba1f00a2aa93
:10dcd400010010261c00a2bae0ff3126b3ff501643
:10dce4002000b5262b1016002528e0020000a0a075
:10dcf4000100a524fdffbe14dc00bf8fd800be8f39
:10dd0400d400b78fd000b68fcc00b58fc800b48fc5
:10dd1400c400b38fc000b28fbc00b18fb800b08f05
:10dd24000800e003e000bd27253040001439400f0f
:10dd34001000a427c6ff401025b0400096ff001035
:10dd440000000000253020022528e002cb92400f7d
:10dd54002520a00293ff001001001026e2ff00100e
:10dd64000100022401000224ac00be27deff0010e3
:04dd74008c00b72741
:020000040000fa
:020000041d00dd
:10dd78005443502f495020537461636b3a204865cf
:10dd88006170206372656174696f6e206661696c89
:10dd980065642c20747970653a2025640d0a0000aa
:10dda8005443502f495020537461636b3a204e6599
:10ddb80074776f726b20636f6e66696775726174d2
:10ddc800696f6e20616c6c6f636174696f6e206639
:10ddd80061696c65643a20256c750d0a00000000c5
:10dde8005443502f495020537461636b3a2050615b
:10ddf800636b657420696e697469616c697a6174b2
:10de0800696f6e206661696c65643a2030782578a0
:10de18000d0a00005443502f495020537461636b1e
:10de28003a2044656661756c7420466c617368209d
:10de38004e6574776f726b20636f6e666967757273
:10de48006174696f6e206c6f6164206661696c65ce
:10de5800642025640d0a00005443502f4950205374
:10de68007461636b3a204e6574776f726b20636fd1
:10de78006e66696775726174696f6e20696e697420
:10de880069616c697a6174696f6e206661696c6535
:10de9800643a2025640d0a005443502f49502053fa
:10dea8007461636b3a204e6574776f726b20636f91
:10deb8006e66696775726174696f6e3a20416c6944
:10dec80061736573206e6f7420737570706f7274f0
:10ded80065643a2025640d0a000000005443502f61
:10dee800495020537461636b3a204e6574776f72a2
:10def8006b20636f6e66696775726174696f6e3add
:10df080020696e76616c696420495020616464728e
:10df18006573733a2030782538780d0a00000000c0
:10df280025732564000000005443502f49502053a6
:10df38007461636b3a20506f776572204d6f64652a
:10df480020696e697469616c697a6174696f6e20a1
:10df58006661696c3a2025640d0a00005443502f0d
:10df6800495020537461636b3a2044796e616d693e
:10df780063206d656d6f7279206973206c6f773ad5
:10df880020256c750d0a00005443502f495020532a
:10df98007461636b3a20496e697469616c697a616e
:10dfa80074696f6e206661696c6564202564202d34
:10dfb8002041626f7274696e6721200d0a000000ab
:020000040000fa
:020000041d00dd
:10dfc8003e008294c8ffbd272400b0af0100423054
:10dfd800258080003400bfaf3000b3af2c00b2af53
:10dfe8002800b1af050040104c00848c74000296e4
:10dff800000443304a006010000000000400801054
:10e0080001000224770003925800621001001324d3
:10e018007a0006967c00118e2430c5003800c010a6
:10e028008000078e36002012010013243c0012865f
:10e038004800058e660060162520000274000396cd
:10e048003e0002960000088ef3fd6330740003a6bc
:10e058007400048e14000a8e62000c96ffff633071
:10e068004450027c01000924000242340008847ce8
:10e07800080008ae0c0008ae100008ae00206b3097
:10e08800ffff082472000ca61c000aae20000aae8e
:10e09800380000ae340000ae540000ae5c0008ae9c
:10e0a800640009a66e0009a6600000a63e0002a64c
:10e0b800400000ae790000a202006015770004a2bb
:10e0c800480000ae0040633001006050440000aedc
:10e0d800870000a2760000a23600c010252040026a
:10e0e80025c820023400bf8f3000b38f2c00b28fb8
:10e0f8002800b18f2400b08f080020033800bd2706
:10e10800252000023400bf8f3000b38f2c00b28f5f
:10e118002800b18f2400b08fa885400b3800bd2798
:10e128000700801001000324770006920500c354fd
:10e138007a000696030042300c0040102598000033
:10e148007a0006967c00118e2430c5001600c01097
:10e158008000078eb5ff2016259800002590000046
:10e1680025280000b5ff0010253000002000828c13
:10e1780008004230210040104c0000ae7a0006969c
:10e188007c00118e2430c5001900c0108000078e55
:10e19800a7ff20563c001286259000002528000085
:10e1a800a4ff00102530000025900000a3ff0010f8
:10e1b800252800003400bf8f3000b38f2c00b28fa9
:10e1c8002800b18f2400b08f0800e0033800bd2775
:10e1d8001800a7af1400a5afa885400f1000a6af80
:10e1e8001000a68f1400a58fbbff00101800a78f82
:10e1f800259000008fff001025280000cf7d400fdc
:0ce208001000a5afddff00101000a58f76
:020000040000fa
:020000041d00dd
:10e21400b8ffbd273c00b0af4400bfaf4000b1af72
:10e224000300c01425808000ff7f063cffffc63436
:10e234002700a4270418047c000095bc0f000000ec
:10e244000020023c252082000c0080ac080080ac39
:10e254000000a38c4d0060104c00118e0100ec30c6
:10e264000801088e80010d2401000a240200e73011
:10e274001200001004000b244d006304feff02246e
:10e284000c00838c000040ac28006010140040aceb
:10e294000400492400e0297d000062ac140069ac4c
:10e2a4000400a5240c0082ac0000a38c250060109f
:10e2b400ffffc6242400c0500800828c0800028d91
:10e2c4000c00098d370049500c0000ad0000498c4a
:10e2d400080009ad00e0697c080049ac0400801125
:10e2e40004004dac0400498c444a497d040049ac07
:10e2f4000500e010424f03000400498c0463497d8b
:10e30400040049ac424f0300dbff2b150000000062
:10e314000400438c8452437d040043ac0c00838c82
:10e32400000040acdaff6014140040ac0c0082ac76
:10e33400080082ac0400a5240000a38cddff601457
:10e34400ffffc6240800828c100040100c008224b9
:10e354000c01058e01000324080087240c00a62468
:10e36400252000021400a3af1000a2afae3f400f5f
:10e374000800a5242d98400f252020022c00405091
:10e384000c01028e1097400f25202002251000005a
:10e394004400bf8f4000b18f3c00b08f0800e00301
:10e3a4004800bd27cbff4014080000ad0300022441
:10e3b4000801078e0800838c0c00858c11006550c1
:10e3c4000c0080ac0000658c0c00e68c080085ac69
:10e3d4000400652400e0a57c000060ac1100c010be
:10e3e400140060ac0000c3ac1400c5ac0c00e3ac7a
:10e3f4000c00858c0800838cf3ff65540000658c49
:10e404000c0080ace2ff6010080080ac0c00e68ccd
:10e414000400652400e0a57c000060acf1ffc0149a
:10e42400140060ac0c00e3ace2ff00100800e3aca5
:10e43400252020020800458c0400a524b896400f2e
:0ce4440000e0a57ccfff001000000000ed
:020000040000fa
:020000041d00dd
:10e450008a008010000000006000a010feff02246f
:10e460007000838cd0ffbd271c00b2af1800b1af85
:10e470001400b0af2c00bfaf2800b5af2400b4af7c
:10e480002000b3af258880002580a0000f00621017
:10e490002590c0000764400f25380000f1fe0324da
:10e4a0000b0043506000248e2c00bf8f2800b58fd6
:10e4b0002400b48f2000b38f1c00b28f1800b18fde
:10e4c0001400b08f0800e0033000bd276000248ee8
:10e4d0004000822cf4ff40107cff02246400228e56
:10e4e000211842022b10620004004010640023ae89
:10e4f0006800228e01004224680022ae3b00801496
:10e50000200033264000422e2800401460003426ac
:10e510002528000225106002400008260300a78875
:10e520000700a6880b00a4880f00a3880000a79806
:10e530000400a6980c00a3980800a498030047a81c
:10e54000000047b8070046a8040046b80b0044a8de
:10e55000080044b81000a5240f0043a80c0043b8dd
:10e56000eeffa814100042242580a000c0ff522610
:10e57000251060020000438c04004224a018037c94
:10e58000021c2300fbff8216fcff43ac252860021f
:10e59000ec1a400f25202002c4ff40142c00bf8f2e
:10e5a0004000422edbff4010252800022d004016bf
:10e5b00025304002251000002c00bf8f2800b58fa9
:10e5c0002400b48f2000b38f1c00b28f1800b18fcd
:10e5d0001400b08f0800e0033000bd272700c014ee
:10e5e000000000000800e003251000004000152492
:10e5f0002310a4022ba042020b1054022528000273
:10e600002530400021206402cb92400f25a040001d
:10e610006000228e218014022390540221a08202e5
:10e62000b8ff9516600034ae2518600260003426ed
:10e630000000628c04006324a010027c02142200fb
:10e64000fbff8316fcff62ac25286002ec1a400f2a
:10e650002520200295ff40142c00bf8fa9ff001039
:10e66000600020ae25280002cb92400f25206002da
:10e67000600032aed0ff0010251000000800e0035b
:04e6800053ff02241e
:020000040000fa
:020000041d00dd
:10e684002c0080049080878fe8ffbd271400bfaf63
:10e694002a10870023004010251800008097400f9f
:10e6a40000000000200040101400bf8f1e00c010a6
:10e6b4001000a42c1c00801080280500019d033c40
:10e6c400d4e663240a28657c0800a000000000004a
:10e6d40014e7009d70e7009d88e7009da0e7009d7a
:10e6e400b4e7009dc8e7009dd8e7009de8e7009dda
:10e6f400f8e7009d0ce8009d1ce8009d78e8009d6b
:10e704008ce8009da0e8009d44e7009d58e7009d2b
:10e714004000428c01000324040042388000427c03
:10e724000000c2a01400bf8f251060000800e003a1
:10e734001800bd27251800000800e003251060001c
:10e74400480042900100032401004230f5ff00100c
:10e754000000c2a04800429401000324000442388f
:10e764008002427cefff00100000c2a04000428cf7
:10e774000100032408004238c000427ce9ff001075
:10e784000000c2a04000428c010003241000423863
:10e794000001427ce3ff00100000c2a04000428c54
:10e7a4000100032403004230deff00100000c2ac6d
:10e7b4004000428c010003248002427cd9ff0010f7
:10e7c4000000c2a01000429401000324d5ff0010f1
:10e7d4000000c2a43d00429001000324d1ff0010b8
:10e7e4000000c2a06200429001000324cdff00108b
:10e7f4000000c2a042004294010003240100423000
:10e80400c8ff00100000c2a063004290010003246e
:10e81400c4ff00100000c2a04000438c4400478c99
:10e82400480044941c0062301c0042380100422c11
:10e83400020045340b10a700040045340100873062
:10e844000b10a70002008430080045340b10a4000c
:10e85400100044348004657c0b108500c004637c84
:10e86400200044340b1083000000c2acadff001044
:10e87400010003244800428c01000324c028427c88
:10e88400a8ff00100000c2a0480042940100032425
:10e894004002427ca3ff00100000c2a04400428c4e
:10e8a400010003242b1002009eff00100000c2a0f0
:020000040000fa
:020000041d00dd
:10e8b40085008010000000008300a010000000000c
:10e8c4005100c010000000001400838c38ffbd27e5
:10e8d400feff0224bc00b2afb800b1afb400b0afc9
:10e8e400c400bfafc000b3af258080002588a0005e
:10e8f400200062142590c0000100023c0100422463
:10e904002b1042021400401053ff02241000039203
:10e91400010002246a006214253040020c00048eb7
:10e92400741d400f252820022518400002000224ef
:10e934001c006250feff0224070060102510000036
:10e94400030002242d0062100300022402000224aa
:10e95400100002a239ff0224c400bf8fc000b38f8d
:10e96400bc00b28fb800b18fb400b08f0800e003d0
:10e97400c800bd270366400f00000000f1fe032419
:10e98400deff43500100023cc400bf8fc000b38fc0
:10e99400bc00b28fb800b18fb400b08f0800e003a0
:10e9a400c800bd272800a2af800002242000a2af27
:10e9b400200002241800a2af029d023c38544224d5
:10e9c4003000b3271400a2af029d073c300002249c
:10e9d4002400a0af1c00b3af1000a2af5c47e72433
:10e9e40025300000252800001f60400f010004248a
:10e9f40007004050029d053c03000224100002a2bf
:10ea0400d5ff00102fff02240800e00325100000aa
:10ea140025186002f100a524b000a7270300001008
:10ea2400040004240000a4900100a52400006690c2
:10ea34000100632426208600faffe3142510440015
:10ea4400edff401424000624252860023b75400f86
:10ea54002520000212004014010003242400052490
:10ea6400997c400f252060020d00401425184000b9
:10ea74000c00048e1600801020000624e74a400f84
:10ea84003400a52706004014251840000c00048e0d
:10ea940025304002741d400f25282002251840000f
:10eaa400252860025400a2270000a0a00100a5248c
:10eab400fdffa214000000009fff001000000000f2
:10eac400a5ff001039ff02240800e00353ff0224cd
:08ead400f3ff00100100032410
:020000040000fa
:020000041d00dd
:10eadc00d8ffbd272400bfaf2000b3af1c00b2afde
:10eaec001800b1af270080101400b0af2500a010a3
:10eafc00258080006398400f2590a0004800039269
:10eb0c003f006014f0ff51266598400f252040000f
:10eb1c002400028e41004010f4ff458e2b18220277
:10eb2c00210060502800068e009905002118330240
:10eb3c00470043500400438cf0ff42ae240011ae5a
:10eb4c003000028e231045006398400f300002ae57
:10eb5c004800039225204000010063246598400f73
:10eb6c00480003a22400bf8f251060021c00b28f46
:10eb7c002000b38f1800b18f1400b08f0800e00391
:10eb8c002800bd27259800002400bf8f25106002a7
:10eb9c001c00b28f2000b38f1800b18f1400b08fff
:10ebac000800e0032800bd272b18d100200060547a
:10ebbc000400c38c2b185100040060100000448c1e
:10ebcc002b1824022a00601400990500f9ff801408
:10ebdc0025108000f8ff02246398400f380002ae25
:10ebec004800039225204000259800000100632472
:10ebfc006598400f480003a2e4ff00102400bf8f6b
:10ec0c00ffff6324252040006598400f480003a2b5
:10ec1c002400028ec1ff4014f4ff458ef0ff40ae7d
:10ec2c0000990500280011aec5ff0010240011ae9c
:10ec3c00001103002110c2001800221200990500d7
:10ec4c000000d1acf0ff40aebdff0010280011aeab
:10ec5c000000468c2800048e21186500f4ff43ae9a
:10ec6c00b6ff4414f0ff46aeb4ff0010280011aefe
:10ec7c0021183302140083500000878cf0ff44ae3f
:10ec8c000400448c00190400211843000600235290
:10ec9c00f4ff438eaaff0010000051ac2118650050
:10ecac00a7ff00100400c3acf0ff478e2800068eaf
:10ecbc0021206400040044aca1ffd114000047ac37
:10eccc009fff0010280002ae0400838cf0ff47aebb
:10ecdc000000448c21186500e9ffc414f4ff43ae16
:08ecec00e7ff0010280011ae43
:020000040000fa
:020000041d00dd
:10ecf400d0ffbd272c00bfaf2800b6af2400b5afae
:10ed04002000b4af1c00b3af1800b2af1400b1af11
:10ed14000200a0101000b0af0000a0ac750080107d
:10ed24000080163c25808000a437c426438f400f02
:10ed340025a8a0007100401025a0400010000296f4
:10ed4400020007242530000008004224ffff53304e
:10ed5400252860026784400f480004244b004010bb
:10ed6400258840001c00528c029d023c5c614224b8
:10ed7400080022ae080002240c0020ae000042aebf
:10ed84000a00039608000296100006960c00058ef1
:10ed940008004426040043a6cb92400f060042a676
:10eda40025300000252860021135400f252040023f
:10edb4000400038e0000048e25380000020042a6e1
:10edc400380026263c0023ae8771400f3c002526e0
:10edd4002c004010400022ae1000238e00000a8e4a
:10ede4000400098e0c0062940800088e0c00078e43
:10edf4001000068e1400058e1800048e2110620285
:10ee040008008aae0c0089ae100088ae140087aeec
:10ee1400180086ae1c0085ae200084ae25380000a4
:10ee240025306002010005240c0062a43e33400f2b
:10ee340025202002e497400f2520200222004014c0
:10ee4400fdff1024a437c426348f400f25288002e8
:10ee5400cf7d400f252020022c00bf8f25100002fb
:10ee64002800b68f2400b58f2000b48f1c00b38f08
:10ee74001800b28f1400b18f1000b08f0800e003a7
:10ee84003000bd27efff0010feff1024252880026c
:10ee9400348f400fa437c4262c00bf8fffff1024eb
:10eea400251000022800b68f2400b58f2000b48fef
:10eeb4001c00b38f1800b28f1400b18f1000b08ff4
:10eec4000800e0033000bd27dc85400f000000008f
:10eed4000080043c040082ae25288002348f400f59
:10eee40098378424dcffa01225800000daff00108c
:10eef4000000b4aed8ff0010fcff1024d6ff0010b1
:04ef0400fbff1024db
:020000040000fa
:020000041d00dd
:10ef0800d0ffbd272c00bfaf2800b5af2400b4af99
:10ef18002000b3af1c00b2af1800b1af7a00801068
:10ef28001400b0af5600a01025a080000000848c0b
:10ef38004000822c720040102580a0000400828ec0
:10ef48002590c0002118c2002b1062003100401427
:10ef5800040083ae340080140c0093264000422e37
:10ef68006500401425880002c0ff51260428117c42
:10ef78004000312621881102251060024000072632
:10ef88000300068a0700058a0b00048a0f00038a1b
:10ef98000000069a0400059a0c00039a0800049ad7
:10efa800030046a8000046b8070045a8040045b875
:10efb8000b0044a8080044b8100010260f0043a80e
:10efc8000c0043b8eeff0716100042242528600203
:10efd8005106400f25208002e7ff111625a84000a2
:10efe8003f00523236004016253040022c00bf8fb9
:10eff8002510a0022400b48f2800b58f2000b38ffd
:10f008001c00b28f1800b18f1400b08f0800e00305
:10f018003000bd270800828e0c0093260100422490
:10f02800ceff8010080082ae400015242310a402f1
:10f038002b8842020b10510225280002253040007f
:10f0480021206402cb92400f258840000000828e68
:10f05800218011022390510221882202bfff351618
:10f06800000091ae252860025106400f252080023d
:10f07800deff401425a84000b8ff0010000080ae55
:10f088002100c0147cff02240000958c2c00bf8f47
:10f098004000b52e0b10150025a840002510a00231
:10f0a8002400b48f2800b58f2000b38f1c00b28fc6
:10f0b8001800b18f1400b08f0800e0033000bd279e
:10f0c80025282002cb92400f252060022c00bf8ffc
:10f0d800000092ae2510a0022400b48f2800b58f3e
:10f0e8002000b38f1c00b28f1800b18f1400b08fae
:10f0f8000800e0033000bd27baff001025a8000073
:10f10800baff00107cff1524b8ff001053ff152428
:020000040000fa
:020000041d00dd
:10f1180068008004000000009080838fd0ffbd2726
:10f128002c00bfaf2a1083002800b6af2400b5af6b
:10f138002000b4af1c00b3af1800b2af1400b1afd9
:10f148003c0040101000b0af8097400f0000000056
:10f1580038004010258040002590a0002588c00078
:10f168003f00a0143c0054903200801625980000ff
:10f1780025a800006398400f000000007c8083935e
:10f188005e006014ffff63246598400f252040004f
:10f198004a0020162a0016961b00c0120000000024
:10f1a8006398400f000000007c8083932520400076
:10f1b800010063246598400f7c8083a34000028e81
:10f1c8003c0012a225306002448c027c400002ae52
:10f1d8002528a002f780400f252000020400605275
:10f1e8002a0016a6030040503c0014a22a0016a6c6
:10f1f800010002244000038e01000424448c837c17
:10f208000d000010400003aec37b400f000000005b
:10f21800e3ff401425b040006398400f0000000051
:10f228007c80839325204000010063246598400f6b
:10f238007c8083a3251000002c00bf8f2800b68f88
:10f248002400b58f2000b48f1c00b38f1800b28f34
:10f258001400b18f1000b08f0800e0033000bd2704
:10f26800ffffa2240200422cf3ff405025100000ab
:10f27800030080122598e000efff85162510000096
:10f288002300601201000224baff421625a80000dc
:10f298000000628eb7ff4010252800009c87400fb1
:10f2a80025206002b3ff401425a84000e2ff0010ab
:10f2b800251000000800e00325100000b8ff3612f2
:10f2c8009080858f0b00a0189480828f25180000ed
:10f2d8000000448c010063240400801004004224d0
:10f2e8002a008494ccff911000000000f9ff6554b7
:10f2f8000000448caaff001025b020022520400001
:10f308006598400f7c8083a3a1ff001000000000d7
:08f3180098ff001025a8000079
:020000040000fa
:020000041d00dd
:10f320008880828fd8ffbd272400bfaf2000b4aff4
:10f330001c00b3af1800b2af1400b1af0900401405
:10f340001000b0af2400bf8f2000b48f1c00b38f1b
:10f350001800b28f1400b18f1000b08f0800e003c6
:10f360002800bd276398400f258880007c80839308
:10f3700066006014ffff63246598400f252040005d
:10f380001400238e9080828f01001224049072005a
:10f390002700401825a000009480838f80801400ef
:10f3a0000a80707c1f000052010094262400138ef6
:10f3b0002496400f25206002180040040100032419
:10f3c0000418430024187200150060109080828f8a
:10f3d00012000486050080042a10820004004050b8
:10f3e0005800038e4e59400f010005245800038e2b
:10f3f0000b0060109080828f6000029600204230e7
:10f40000070040109080828f5c00078e12000486f7
:10f410000020062409f86000252860029080828f71
:10f42000010094262a188202dcff60149480838fe6
:10f430001800248e02000324260083148880908ff5
:10f44000ffff102623000016888090af0d004018a3
:10f450009480858f801810000a18a37c0100102664
:10f4600005006010252060009d84400f0000000012
:10f470009080828f9480858f2a180202f6ff601494
:10f48000801810008c80848f0c00828c09f840005a
:10f49000000000008080848f04008010948080af82
:10f4a0008995400f00000000808080af2400bf8f4e
:10f4b0002000b48f1c00b38f1800b28f1400b18fde
:10f4c0001000b08f8c8080af908080af0800e00388
:10f4d0002800bd276398400f000000007c808393c4
:10f4e0002400bf8f2000b48f1c00b38f1800b28f90
:10f4f0001400b18f1000b08f01006324252040005c
:10f500002800bd276598400b7c8083a32520400000
:10f510006598400f7c8083a39aff00101400238e0f
:020000040000fa
:020000041d00dd
:10f520000400a88cb0ffbd274400b7af3800b4afcb
:10f530002c00b1af4c00bfaf4800beaf4000b6af2b
:10f540003c00b5af3400b3af3000b2af2800b0af6d
:10f5500025b880002588a0004c0000050000b48c70
:10f560004408147c08003e8e10008a320000d28cc1
:10f570000400d68c0400401125a8c00325105602b3
:10f5800001004054feffd5270800893201002055b4
:10f59000ffffb5261000308e0c00338e2528a00208
:10f5a000ffff102621107002000040a00200022a76
:10f5b0000b00401425105602360040140f00433251
:10f5c00023101501211045003300401c0a00642857
:10f5d0000300a018020082322f0040140000000037
:10f5e0000b004011000000000000c28c0400c38c1e
:10f5f000251043000600401021107002feff102667
:10f60000ffff47a03000032421107002000043a038
:10f610000400201120000324ffff10262110700297
:10f62000000043a01000268e1000b4af2538c003a0
:10f63000ffffc6242330d00021287002c764400f8a
:10f640002520e0020400e38e000163300400601016
:10f650004c00bf8f0400238e2a2043000b1064004f
:10f660004800be8f4400b78f4000b68f3c00b58f76
:10f670003800b48f3400b38f3000b28f2c00b18fbc
:10f680002800b08f0800e0035000bd27b5ff001030
:10f69000010008240a006428020080105700622438
:10f6a00030006224bfffe3241a00632c13006010b3
:10f6b000200043349fff63241a00632c1000605025
:10f6c000ffff1026252040005c00a7af5800a6af22
:10f6d0002400a8af2000a5af1c00a9afcf95400f14
:10f6e0001800aaaf5c00a78f5800a68f2400a88f2f
:10f6f0002000a58f1c00a98f1800aa8fffff1026dd
:10f7000021187002000062a002911200001716007a
:10f71000ffffa52425905200a4ff001002b116009f
:020000040000fa
:020000041d00dd
:10f72000c8ffbd270040e2303000b5af3400bfafa6
:10f730002c00b4af2800b3af2400b2af2000b1afab
:10f740001c00b0af4300401425a8e0000080143c2a
:10f75000b4359426259080002598c0003c00a5afc4
:10f760002496400f0400918e0019020023106200bd
:10f7700080100200218822020000248eaf67400f13
:10f780003c00a58f6000401025804000000042949e
:10f79000020043300d006014c0004330410060148b
:10f7a000030012243400bf8f251040023000b58fb3
:10f7b0002c00b48f2800b38f2400b28f2000b18fab
:10f7c0001c00b08f0800e0033800bd2702191500a7
:10f7d000000163300020a532000264341400868edc
:10f7e0000b1885008439027c25104300000002a616
:10f7f0000100022404000526240024260c0006ae85
:10f800001075400f160002a60800078e0000668ed5
:10f81000108082271400a0af1000a2af0f00a53205
:10f82000443e400f252040023400bf8f01001224c7
:10f83000251040023000b58f2c00b48f2800b38f04
:10f840002400b28f2000b18f1c00b08f0800e003ad
:10f850003800bd270000a78c0000c68c10808227ce
:10f860001400a0af1000a2af443e400f0f00a5321d
:10f870003400bf8f06001224f7ff03240a906200b1
:10f88000251040023000b58f2c00b48f2800b38fb4
:10f890002400b28f2000b18f1c00b08f0800e0035d
:10f8a0003800bd274800a38f080060104800a48fcf
:10f8b0001000038e030083a8000083b81400039295
:10f8c000040083a015000392050083a0800042304d
:10f8d000b4ff401002001224140031260400132645
:10f8e000252860028d76400f252020021400828e8c
:10f8f00025286002252020021075400f0c0002ae62
:10f90000a9ff00103400bf8fa6ff0010feff1224d5
:020000040000fa
:020000041d00dd
:10f91000c8ffbd272000b3af0080133cb435732669
:10f920001400b0af4400708e3000b7af2c00b6affb
:10f930002800b5af2400b4af1c00b2af1800b1afbf
:10f940003400bfaf25a0800025b8a00025b0c000be
:10f9500025a8e0004800b18f3c0000124c00b28f97
:10f960002000028e08004230390040140100063c9d
:10f970001800028e01000324000043a400080324a1
:10f98000020043a406040324040043a444004012dc
:10f99000060057a40300438a0000439a0b0043a8c3
:10f9a000080043b8040043920c0043a005004392b2
:10f9b0000d0043a00300238a110056a80e0056b87c
:10f9c0000000239a25204000150043a8120043b8e8
:10f9d00004002392160043a005002392170043a0c1
:10f9e0001b0055a8188d400f180055b81000028e46
:10f9f0001c000324252080026493400f0c0043a4c4
:10fa00002530400006080724252820020478400fee
:10fa10002520000228004054280014ae3400bf8f77
:10fa2000251000003000b78f2c00b68f2800b58f4e
:10fa30002400b48f2000b38f1c00b28f1800b18f48
:10fa40001400b08f0800e0033800bd270100063c19
:10fa50000200c6241c0005245f68400f38000424ff
:10fa6000eeff401025804000029d023c4c50422495
:10fa7000080002ae1800028e010003240c0000ae44
:10fa8000440070ae000043a400080324020043a415
:10fa900006040324040043a4beff4016060057a436
:10faa0003c00838e400084960b0043a8080043b8b6
:10fab000c0ff00100c0044a4000000ae2528000286
:10fac000b487400f252080023400bf8f271002002a
:10fad000c21702003000b78f2c00b68f2800b58ff8
:10fae0002400b48f2000b38f1c00b28f1800b18f98
:0cfaf0001400b08f0800e0033800bd27b0
:020000040000fa
:020000041d00dd
:10fafc00d0ffbd272000b3af2c00bfaf2800b5af9f
:10fb0c002400b4af1c00b2af1800b1af1400b0affa
:10fb1c002e008004259800009080838f2a1083008b
:10fb2c002b0040102c00bf8f2a00c0102510600243
:10fb3c008097400f000000002400401025884000f2
:10fb4c003000548c25a8a000510080122590c000d4
:10fb5c0036002396259800001a0080120000000041
:10fb6c002400601025204002340022962b80420293
:10fb7c000a205000258080002b206400280080542f
:10fb8c00258060002600001600000000f2ff4014e3
:10fb9c00000000000000828e3a004010300022aebf
:10fbac000c0044940800428c340024a6380022ae89
:10fbbc0004004012000000003000348ee8ff801674
:10fbcc00000000000c0060504000228e2c00bf8f03
:10fbdc00251060022800b58f2400b48f2000b38f4d
:10fbec001c00b28f1800b18f1400b08f0800e00316
:10fbfc003000bd274000228e0004427cf4ff4050b0
:10fc0c002c00bf8f438f400f4c002426252840002a
:10fc1c00cc72400f25202002edff00102c00bf8f6e
:10fc2c000800a0123800258e2520a002cb92400f90
:10fc3c002530000236002396340022963800258e9b
:10fc4c0021a8b002231870002310500023905002fa
:10fc5c0021981302ffff6330ffff42302128b000d0
:10fc6c00ffff5232ffff7332360023a6340022a668
:10fc7c00cfff4014380025ae0000828ec8ff401420
:10fc8c00300022ae340020a6c9ff0010380020ae90
:10fc9c004000428c0004427c06004014000000002e
:10fcac0036002396caff60142c00bf8fd2ff0010c1
:10fcbc004000228e438f400f4c0024262528400004
:10fccc00cc72400f25202002a1ff00103000348e92
:020000040000fa
:020000041d00dd
:10fcdc00d8ffbd271400b0af0800908c1c00b2af49
:10fcec000080023c0a001296e83442241800b1af9e
:10fcfc002400bfaf258880002000b3af4900021656
:10fd0c0040004432c1bf033cc0ff628cc0ff638c17
:10fd1c000006427c4006637c1a00601401004224f9
:10fd2c001a00801410004234080053321100433280
:10fd3c0033006214ffff64321000028e80014330e6
:10fd4c001b006010010043300400027c1c0080107a
:10fd5c00444a027c2400bf8f00204234100002aec3
:10fd6c00010002241a0022a61c0020a62000b38f3a
:10fd7c001c00b28f1800b18f1400b08f0800e00384
:10fd8c002800bd271d00801020004234ffff4330a7
:10fd9c00259040000a0003a6252000001000028eca
:10fdac0080014330e9ff60540400027c01004330c1
:10fdbc00e6ff601000000000e7ff80142400bf8ff6
:10fdcc00040043321e006050020043322400bf8ff7
:10fddc0000104234100002ae010002241a0022a6c8
:10fdec001c0020a62000b38f1c00b28f1800b18f0e
:10fdfc001400b08f0800e0032800bd270800533220
:10fe0c0002000224020022a6fcff023cfcff042498
:10fe1c00180020ae7796400f1c0022aec6ff0010d3
:10fe2c00ffff6432f6ff80100800533220000324d9
:10fe3c00200012240a0003a6d8ff00102520000081
:10fe4c000d006010010052322400bf8f008042343c
:10fe5c00100002ae010002241a0022a61c0020a6eb
:10fe6c002000b38f1c00b28f1800b18f1400b08f1c
:10fe7c000800e0032800bd27004043342400bf8f56
:10fe8c000b107200100002ae010002241a0022a610
:10fe9c001c0020a62000b38f1c00b28f1800b18f5d
:0cfeac001400b08f0800e0032800bd2700
:020000040000fa
:020000041d00dd
:10feb800c8ffbd272400b4af4800b48f2000b3affb
:10fec8000000f38c0000828e3000b7af2c00b6af74
:10fed8002800b5af1c00b2af1800b1af1400b0af26
:10fee8003400bfaf2588e0002580c00025b8a000f9
:10fef8004c00b58f4c00928c520062120000d68cd8
:10ff08000000628e0000e2ac0400638ec439037cfa
:10ff1800040063ae0000838e17006250000080aebc
:10ff28000000438c000023ae000040ac0000048eab
:10ff38000400432400e0637c3c008010140040acc3
:10ff4800000082ac140083ac000002ae0600a05290
:10ff58000000228e0400428c0003427c2f004010d7
:10ff6800000000000000228e0000838eedff625426
:10ff78000000438c000080aeebff4014000020ae70
:10ff88000400658e0800648e1000628e0c00638e7b
:10ff98000400c5ae0800c4ae0c00c3ae1000c2ae6b
:10ffa800000060ae0000028e040060ae080060ae83
:10ffb80021004010140060ae0400632600e0637c5a
:10ffc800000053ac140043ac000013ae0400c28e12
:10ffd80001000324c439627c0400c2ae0500a012eb
:10ffe8003400bf8f0400c28e0003427c1900401009
:10fff800252040023000b78f2c00b68f2800b58f1f
:020000041d01dc
:100008002400b48f2000b38f1c00b28f1800b18f6a
:100018001400b08f0800e0033800bd27f096400fa9
:1000280025204002d0ff00100000228e000002ae02
:10003800c6ff00100000e2ae000013aee3ff0010a0
:100048000000f3ae000080ae25100000aeff0010e7
:100058000000e0ac3400bf8f3000b78f2c00b68fa3
:100068002800b58f2400b48f2000b38f1c00b28ff6
:100078001800b18f1400b08ff096400b3800bd27e0
:020000040000fa
:020000041d01dc
:1000880000e85d4100701a4000601b40e8febd2793
:100098001401baaf02601a401001bbaf44781b7c50
:1000a80000047b370c01baaf00609b4012100000bf
:1000b8000401a2afd800bff7101800000001a3afd9
:1000c800d000bdf712102000fc00a2afc800bbf79b
:1000d80010182000f800a3afc000b9f712104000b4
:1000e800f400a2afb800b7f710184000f000a3afb3
:1000f800b000b5f710186000a800b3f7a000b2f779
:10010800121060009800b1f79000b0f78800aff7c0
:100118008000aef77800adf77000acf76800abf779
:100128006000aaf75800a9f75000a8f74800a7f7f9
:100138004000a6f73800a5f73000a4f72800a3f779
:100148002000a2f71800a1f71000a0f7ec00a2af5a
:10015800e800a3afb81c3f7c0801a3af00f84244f5
:10016800e400a2affe90400f00000000e400a28f60
:1001780000f8c244fc00a58f0801a38f0401a28fd8
:100188001308a000f800a58ff8fc617c0001a38f7c
:100198001108a000f400a58fd800bfd7d000bdd7a4
:1001a8001310a000f000a58fc800bbd7c000b9d7b6
:1001b8001110a000ec00a58fb800b7d7b000b5d7d4
:1001c8001318a000e800a58fa800b3d7a000b2d7e5
:1001d8009800b1d79000b0d78800afd78000aed7cd
:1001e8007800add77000acd76800abd76000aad74d
:1001f8005800a9d75000a8d74800a7d74000a6d7cd
:100208003800a5d73000a4d72800a3d72000a2d74c
:100218001800a1d71000a0d71300400011006000fb
:100228001118a00000606041c00000000c01bb8fe5
:100238001401ba8f02609b401001bb8f00709a4076
:100248001801bd2700e8dd4100609b40180000420e
:020000040000fa
:020000041d01dc
:1002580000e85d4100701a4000601b40e8febd27c1
:100268001401baaf02601a401001bbaf44781b7c7e
:1002780000047b370c01baaf00609b4012100000ed
:100288000401a2afd800bff7101800000001a3af07
:10029800d000bdf712102000fc00a2afc800bbf7c9
:1002a80010182000f800a3afc000b9f712104000e2
:1002b800f400a2afb800b7f710184000f000a3afe1
:1002c800b000b5f710186000a800b3f7a000b2f7a7
:1002d800121060009800b1f79000b0f78800aff7ef
:1002e8008000aef77800adf77000acf76800abf7a8
:1002f8006000aaf75800a9f75000a8f74800a7f728
:100308004000a6f73800a5f73000a4f72800a3f7a7
:100318002000a2f71800a1f71000a0f7ec00a2af88
:10032800e800a3afb81c3f7c0801a3af00f8424423
:10033800e400a2af787a400f00000000e400a28f2a
:1003480000f8c244fc00a58f0801a38f0401a28f06
:100358001308a000f800a58ff8fc617c0001a38faa
:100368001108a000f400a58fd800bfd7d000bdd7d2
:100378001310a000f000a58fc800bbd7c000b9d7e4
:100388001110a000ec00a58fb800b7d7b000b5d702
:100398001318a000e800a58fa800b3d7a000b2d713
:1003a8009800b1d79000b0d78800afd78000aed7fb
:1003b8007800add77000acd76800abd76000aad77b
:1003c8005800a9d75000a8d74800a7d74000a6d7fb
:1003d8003800a5d73000a4d72800a3d72000a2d77b
:1003e8001800a1d71000a0d713004000110060002a
:1003f8001118a00000606041c00000000c01bb8f14
:100408001401ba8f02609b401001bb8f00709a40a4
:100418001801bd2700e8dd4100609b40180000423c
:020000040000fa
:020000041d01dc
:1004280000e85d4100701a4000601b40e8febd27ef
:100438001401baaf02601a401001bbaf44781b7cac
:1004480000047b370c01baaf00609b40121000001b
:100458000401a2afd800bff7101800000001a3af35
:10046800d000bdf712102000fc00a2afc800bbf7f7
:1004780010182000f800a3afc000b9f71210400010
:10048800f400a2afb800b7f710184000f000a3af0f
:10049800b000b5f710186000a800b3f7a000b2f7d5
:1004a800121060009800b1f79000b0f78800aff71d
:1004b8008000aef77800adf77000acf76800abf7d6
:1004c8006000aaf75800a9f75000a8f74800a7f756
:1004d8004000a6f73800a5f73000a4f72800a3f7d6
:1004e8002000a2f71800a1f71000a0f7ec00a2afb7
:1004f800e800a3afb81c3f7c0801a3af00f8424452
:10050800e400a2afa647400f00000000e400a28f5d
:1005180000f8c244fc00a58f0801a38f0401a28f34
:100528001308a000f800a58ff8fc617c0001a38fd8
:100538001108a000f400a58fd800bfd7d000bdd700
:100548001310a000f000a58fc800bbd7c000b9d712
:100558001110a000ec00a58fb800b7d7b000b5d730
:100568001318a000e800a58fa800b3d7a000b2d741
:100578009800b1d79000b0d78800afd78000aed729
:100588007800add77000acd76800abd76000aad7a9
:100598005800a9d75000a8d74800a7d74000a6d729
:1005a8003800a5d73000a4d72800a3d72000a2d7a9
:1005b8001800a1d71000a0d7130040001100600058
:1005c8001118a00000606041c00000000c01bb8f42
:1005d8001401ba8f02609b401001bb8f00709a40d3
:1005e8001801bd2700e8dd4100609b40180000426b
:020000040000fa
:020000041d01dc
:1005f80000e85d4100701a4000601b40e8febd271e
:100608001401baaf02601a401001bbaf44781b7cda
:1006180000047b370c01baaf00609b401210000049
:100628000401a2afd800bff7101800000001a3af63
:10063800d000bdf712102000fc00a2afc800bbf725
:1006480010182000f800a3afc000b9f7121040003e
:10065800f400a2afb800b7f710184000f000a3af3d
:10066800b000b5f710186000a800b3f7a000b2f703
:10067800121060009800b1f79000b0f78800aff74b
:100688008000aef77800adf77000acf76800abf704
:100698006000aaf75800a9f75000a8f74800a7f784
:1006a8004000a6f73800a5f73000a4f72800a3f704
:1006b8002000a2f71800a1f71000a0f7ec00a2afe5
:1006c800e800a3afb81c3f7c0801a3af00f8424480
:1006d800e400a2afda42400f00000000e400a28f5d
:1006e80000f8c244fc00a58f0801a38f0401a28f63
:1006f8001308a000f800a58ff8fc617c0001a38f07
:100708001108a000f400a58fd800bfd7d000bdd72e
:100718001310a000f000a58fc800bbd7c000b9d740
:100728001110a000ec00a58fb800b7d7b000b5d75e
:100738001318a000e800a58fa800b3d7a000b2d76f
:100748009800b1d79000b0d78800afd78000aed757
:100758007800add77000acd76800abd76000aad7d7
:100768005800a9d75000a8d74800a7d74000a6d757
:100778003800a5d73000a4d72800a3d72000a2d7d7
:100788001800a1d71000a0d7130040001100600086
:100798001118a00000606041c00000000c01bb8f70
:1007a8001401ba8f02609b401001bb8f00709a4001
:1007b8001801bd2700e8dd4100609b401800004299
:020000040000fa
:020000041d01dc
:1007c80000e85d4100701a4000601b40e8febd274c
:1007d8001401baaf02601a401001bbaf44781b7c09
:1007e80000047b370c01baaf00609b401210000078
:1007f8000401a2afd800bff7101800000001a3af92
:10080800d000bdf712102000fc00a2afc800bbf753
:1008180010182000f800a3afc000b9f7121040006c
:10082800f400a2afb800b7f710184000f000a3af6b
:10083800b000b5f710186000a800b3f7a000b2f731
:10084800121060009800b1f79000b0f78800aff779
:100858008000aef77800adf77000acf76800abf732
:100868006000aaf75800a9f75000a8f74800a7f7b2
:100878004000a6f73800a5f73000a4f72800a3f732
:100888002000a2f71800a1f71000a0f7ec00a2af13
:10089800e800a3afb81c3f7c0801a3af00f84244ae
:1008a800e400a2af2598400f00000000e400a28fea
:1008b80000f8c244fc00a58f0801a38f0401a28f91
:1008c8001308a000f800a58ff8fc617c0001a38f35
:1008d8001108a000f400a58fd800bfd7d000bdd75d
:1008e8001310a000f000a58fc800bbd7c000b9d76f
:1008f8001110a000ec00a58fb800b7d7b000b5d78d
:100908001318a000e800a58fa800b3d7a000b2d79d
:100918009800b1d79000b0d78800afd78000aed785
:100928007800add77000acd76800abd76000aad705
:100938005800a9d75000a8d74800a7d74000a6d785
:100948003800a5d73000a4d72800a3d72000a2d705
:100958001800a1d71000a0d71300400011006000b4
:100968001118a00000606041c00000000c01bb8f9e
:100978001401ba8f02609b401001bb8f00709a402f
:100988001801bd2700e8dd4100609b4018000042c7
:020000040000fa
:020000041d01dc
:1009980000e85d4100701a4000601b40e8febd277a
:1009a8001401baaf02601a401001bbaf44781b7c37
:1009b80000047b370c01baaf00609b4012100000a6
:1009c8000401a2afd800bff7101800000001a3afc0
:1009d800d000bdf712102000fc00a2afc800bbf782
:1009e80010182000f800a3afc000b9f7121040009b
:1009f800f400a2afb800b7f710184000f000a3af9a
:100a0800b000b5f710186000a800b3f7a000b2f75f
:100a1800121060009800b1f79000b0f78800aff7a7
:100a28008000aef77800adf77000acf76800abf760
:100a38006000aaf75800a9f75000a8f74800a7f7e0
:100a48004000a6f73800a5f73000a4f72800a3f760
:100a58002000a2f71800a1f71000a0f7ec00a2af41
:100a6800e800a3afb81c3f7c0801a3af00f84244dc
:100a7800e400a2afbf91400f00000000e400a28f85
:100a880000f8c244fc00a58f0801a38f0401a28fbf
:100a98001308a000f800a58ff8fc617c0001a38f63
:100aa8001108a000f400a58fd800bfd7d000bdd78b
:100ab8001310a000f000a58fc800bbd7c000b9d79d
:100ac8001110a000ec00a58fb800b7d7b000b5d7bb
:100ad8001318a000e800a58fa800b3d7a000b2d7cc
:100ae8009800b1d79000b0d78800afd78000aed7b4
:100af8007800add77000acd76800abd76000aad734
:100b08005800a9d75000a8d74800a7d74000a6d7b3
:100b18003800a5d73000a4d72800a3d72000a2d733
:100b28001800a1d71000a0d71300400011006000e2
:100b38001118a00000606041c00000000c01bb8fcc
:100b48001401ba8f02609b401001bb8f00709a405d
:100b58001801bd2700e8dd4100609b4018000042f5
:020000040000fa
:020000041d01dc
:100b6800d0ffbd272400b2af0080123c1c00b0affc
:100b7800fc3550260c00028e0800038e2c00bfaff7
:100b88002800b3af2b206200030080102000b1af13
:100b98001800048e21186400231062005a004010c7
:100ba8002c00bf8f82bf113c0080133c1022228e84
:100bb800000242303600401481bf023c0c00028e15
:100bc8000800038e3b00435081bf023c0022238e65
:100bd80006000424060063303c006410401802003c
:100be800642563268a19627c1000a3a71800048e66
:100bf800010042242b2044000a1004000c0002ae1d
:100c08000022228e202223ae10000292ff004230e2
:100c1800e6ff4010000000001800028e0c00038e52
:100c28000800048e2b2883000400a050231883009a
:100c38001800058e2120850023188300fc35448e7a
:100c4800daff8010000000000400058e1c000492ea
:100c5800ffff422423104300ff008330220060106e
:100c6800000000001400038e2b104300cfff401437
:100c780000000000fc35428e09f8400003000424ff
:100c88001022228e00024230ccff401081bf023c6d
:100c98000800033c840043ac2c00bf8f2800b38fae
:100ca8002400b28f2000b18f1c00b08f0800e00331
:100cb8003000bd270800033c040143ac0800033c96
:100cc800840043acf5ff00102c00bf8f6425642618
:100cd800010065248a19837c8a21857c1000a3a7da
:100ce800c2ff00101200a4a71400038eafff431424
:100cf80000000000fc35428e09f84000030004247f
:100d0800dfff00100000000081bf023c0800033c28
:100d1800040143ac2800b38f2400b28f2000b18fa8
:100d28001c00b08f840043ac0800e0033000bd27ee
:020000040000fa
:020000041d01dc
:100d380090ffbd276000b2af5800b0af259080008b
:100d48004700b0276400b3af6c00bfaf6800b4af12
:100d58005c00b1af0418107c2520a0004c00538e15
:100d6800000015be0f0000000020023c2580020292
:100d78002700b1270418117c0c0000ae080000ae53
:100d8800000035be0f0000000c01458e25882202a8
:100d98000c0020ae080020ae0c000726080006262e
:100da8004763400f0800a52425a040000800038ed3
:100db8000c00028e220062500c0000ae0000628c13
:100dc800080002ae0400628c4002427c36004050ab
:100dd8000801448e0400628c01000424000060ac09
:100de800c45a027c040062ac0400628c140060ac3b
:100df80084f7027c040062ac0400628cc4ff027cad
:100e0800040062ac0400628cc439827c040062acc9
:100e18000c00228e210040100400642400e0847c31
:100e2800000043ac140044ac0c0023ae0c00028e4e
:100e38000800038ee2ff62540000628c0c0000aed2
:100e4800e0ff6014080000ae0800228e0a0040107f
:100e58000c0022260c01458e010003240c00a62458
:100e68001400a3af1000a2af080027260800a5248d
:100e7800ae3f400f252040026c00bf8f2510800236
:100e88006400b38f6800b48f6000b28f5c00b18fcc
:100e98005800b08f0800e0037000bd270c0023ae97
:100ea800c2ff0010080023ae000060ac140060ac64
:100eb8000c00858c0e00a0100400622400e0427c27
:100ec8000000a3ac1400a2ac0c0083ac0400648c3a
:100ed800080060ac0003837cb5ff60540800038ef3
:100ee800f096400f25206002b1ff00100800038e25
:0c0ef8000c0083acf5ff0010080083ac78
:020000040000fa
:020000041d01dc
:100f0400d0ffbd272400b1af2c00bfaf2800b2af83
:100f14002000b0af1700a010258880007400828cd8
:100f2400040040102580a0000500052409f84000b5
:100f340014018424500032262000028e0000038e07
:100f44002528000208004234200002ae2520400279
:100f5400168f400f25806000f8ff00562000028e97
:100f64007400228e030040100600052409f8400096
:100f74001401242622002296040042300600405424
:100f84007400228e2000229210004230450040500e
:100f9400252020027400228e1400a0af1000a0af00
:100fa400040040101800a0af0500052409f8400013
:100fb400140124260300001050003026168f400f21
:100fc40000000000078f400f252000022528400064
:100fd400faff40141000a4277400228e2c00401045
:100fe4000600052409f84000140124261000a28fed
:100ff4000c0040507400228e1000458c0456400fa3
:10100400252020021b004010030003241700435432
:101014003801228e3c01228e010042243c0122ae82
:101024007400228e030040100500052409f84000d6
:10103400140124261000a5277b7b400f25200002e5
:101044007400228e030040100600052409f84000b5
:10105400140124262c00bf8f2800b28f2400b18fe6
:101064002000b08f0800e0033000bd2701004224b7
:10107400380122ae078f400f1000a4271000a28f62
:10108400deff40541000458ce6ff00107400228ef1
:101094001000a28fd9ff40541000458ce6ff0010c9
:1010a4001000a52701000624d268400fffff052485
:1010b4002c00bf8f2800b28f2400b18f2000b08f86
:0810c4000800e0033000bd2725
:020000040000fa
:020000041d01dc
:1010cc00b0ffbd273400b0af1f00b0274800b5af4c
:1010dc004400b4af4000b3af3800b1af4c00bfaf69
:1010ec003c00b2af25a880002588a0002598c00040
:1010fc0025a0e0000418107c000015be0f000000b5
:10110c007400828c0020033c258003020c0000ae8e
:10111c0004004010080000ae0500052409f840004a
:10112c00140184240401a58e080006260c00072651
:10113c000800a5244763400f252020027400a68eca
:10114c004b00c010259040000600052409f8c00093
:10115c001401a426170060527400a68e0800118e8c
:10116c000a00201600000000120000107400a68e69
:10117c000080023c2520820009f8600225288002ac
:10118c000000318e0b0020527400a68e0400228ebb
:10119c00fcff43040000318e0400228e8002427c4e
:1011ac00f3ff40140800248e00a0023cf2ff001054
:1011bc00252082001500c0100500052409f8c00088
:1011cc001401a4267400a68e0800028e0c00038e57
:1011dc00130043500c0000ae0000438c080003ae1b
:1011ec000001a58e0400432400e0637c0c00a48c59
:1011fc00080040ac000040ac19008010140040ac5a
:10120c00000082ac140083ac0c00a2ac0800028e6f
:10121c000c00038ef1ff43540000438c0c0000ae15
:10122c00efff4014080000ae0300c01006000524b8
:10123c0009f8c0001401a4264c00bf8f25104002f1
:10124c004800b58f4400b48f4000b38f3c00b28f80
:10125c003800b18f3400b08f0800e0035000bd2778
:10126c000800a2ac0c00a2ace9ff00100800028e32
:10127c00e7ff60120800028ec4ff4014258840006e
:08128c00d3ff00100c00038edb
:020000040000fa
:020000041d01dc
:10129400d8ffbd272400bfaf2000b4af1c00b3affc
:1012a4001800b2af1400b1af5800c0101000b0afb6
:1012b4004d00800425800000a880828f2b108200be
:1012c40049004010b880918f802004000a88247e51
:1012d400450020122518a0001c00228e2000258e17
:1012e4002b20450053008010239045001800328eb7
:1012f4001400248e239045022310440021904202be
:1013040001005226ffff5232400040122b80460259
:101314001800228e0b3050022120a6002b204400fe
:101324002580c0000d00801025a0c0002398450032
:1013340001007326ffff733223a0d3004300601023
:10134400ffff943225206000cb92400f25306002cd
:101354001400258e21185300200025ae04006010cf
:1013640025308002cb92400f252060002000258e7e
:101374002128b400200025ae0b77400f2520200241
:101384001a0040142400bf8f239050022a901202a6
:101394002a0040123e002296040043301400605498
:1013a40025100002010003248410627cdc85400fb8
:1013b4003e0022a69880848f4018040021186400ff
:1013c400c0180300211864006210043cc018030014
:1013d400d34d8424190064001018000082190300fe
:1013e40021106200280022ae2400bf8f25100002c5
:1013f4002000b48f1c00b38f1800b28f1400b18f7b
:101404001000b08f0800e0032800bd272400bf8f20
:1014140025800000251000022000b48f1c00b38f2b
:101424001800b28f1400b18f1000b08f0800e003d1
:101434002800bd27b4ff0010ffff5232010003242f
:10144400c439627ce8ff00103e0022a6c8ff0010e9
:041454001400258ecd
:020000040000fa
:020000041d01dc
:101458001800838c03000224410062100000000081
:10146800d0808297d8ffbd272400bfaf2000b4af3b
:101478001c00b3af1800b2af1400b1af0c0040109d
:101488001000b0af2400bf8f01004224d08082a793
:101498002000b48f010002241c00b38f1800b28f03
:1014a8001400b18f1000b08f0800e0032800bd279a
:1014b8000800848c0080033c0080133c0080023cc0
:1014c8008837712478375224b0377426883760ac4f
:1014d800783740acb03760ae2580a000e08084af9c
:1014e800d48080afdc8080af040020ae080020ae3e
:1014f8000c0020ae040080ae080080aed88080af1b
:10150800040040ae080040ae0c0040aecc8080af76
:101518000400a010ffff06240000a28c1200401453
:10152800019d053c029d053c404da5249d8e400f24
:1015380025200000da7e400f000000002400bf8f45
:10154800251000002000b48f1c00b38f1800b28f44
:101558001400b18f1000b08f0800e0032800bd27e9
:101568000800e0030100022425300000049aa524a5
:10157800c285400f030004241f004010dc8082afa6
:10158800858b400f25202002e6ff4010fdff062432
:101598005998400f2520400219004010e080848fa0
:1015a8000000058e0800828c09f84000100006240f
:1015b80015004010d88082af7c97400f252080020c
:1015c8000000028ed880928f090040102588000004
:1015d80025284002348f400fb03764260000028e61
:1015e800010031262b102202f9ff40141000522668
:1015f800a4ff0010d0808297caff0010feff0624c7
:10160800c8ff0010fcff0624c6ff0010fbff0624dd
:020000040000fa
:020000041d01dc
:10161800c8ffbd274800828c2000b0af2580a000fd
:101628003000b4af2400b1af3400bfaf2c00b3af6b
:101638002800b2af258880001800a0a71000a0af2e
:101648001400a5272520000209f8400025a0c000a5
:10165800180040041400b2972800228e01001324b9
:101668001000a6272528000009f8400025200002c0
:10167800350053525400228e1e00401202000224ec
:10168800140042163400bf8f1600a6975800228e09
:101698001000a78f1800a6a71b00052409f8400012
:1016a80025200002040040043400bf8f01004238a6
:1016b8000100422c3400bf8f3000b48f2c00b38f50
:1016c8002800b28f2400b18f2000b08f0800e003fb
:1016d8003800bd27f7ff02243000b48f2c00b38fe9
:1016e8002800b28f2400b18f2000b08f0800e003db
:1016f8003800bd275000228e1000a68f1b0005243d
:1017080009f8400025200002ebff40043400bf8f99
:1017180005005310010005244c00228e09f84000f2
:10172800252000023400bf8f010002243000b48f4e
:101738002c00b38f2800b28f2400b18f2000b08f07
:101748000800e0033800bd271800a52709f8400065
:1017580025200002d8ff40043400bf8ff2ff52104a
:101768001800a2970002833205006014100042306e
:1017780000089432130080520080423400a04234a2
:101788001800a2a7020003241600a2a71400a3a70a
:101798004c00228e1400a58f09f840002520000275
:1017a8003400bf8f010002243000b48f2c00b38fa7
:1017b8002800b28f2400b18f2000b08f0800e0030a
:0c17c8003800bd27efff00101800a2a79a
:020000040000fa
:020000041d01dc
:1017d400b480828fe0ffbd271c00bfaf1800b2affa
:1017e4001400b1af260040141000b0afb080828f57
:1017f40008004010259000001c00bf8f25104002f7
:101804001400b18f1800b28f1000b08f0800e003ed
:101814002000bd271800828cf8ff40141c00bf8fe5
:101824000800828c020003242580a0002588800003
:1018340006004010b48083af0500a050029d053c13
:101844000000a28c1a00401400000000029d053c18
:10185400642ea5249d8e400f252000001c00bf8f00
:1018640025900000251040021400b18f1800b28f9b
:101874001000b08fb48080af0800e0032000bd27c3
:1018840001000324dcff431425900000b080828f04
:10189400daff40181c00bf8f1800838cd7ff601438
:1018a4000100122401004224d3ff0010b08082af53
:1018b400cc87400f000000000800238e0000118e2a
:1018c40004000996060008960800678c04000624a4
:1018d4002528200225206000988082afac8083af49
:1018e400a08089a709f8e0009e8088a71c0040100a
:1018f400b88082af009d053c050006247802a5242b
:101904000a000424c285400fa88091af1a00401039
:10191400a48082afb080828f01001224010042248f
:101924006398400fb08082af25204000010002245c
:101934006598400f9c8082a31c00bf8f0100022485
:10194400b08082afb48082af1400b18f2510400202
:101954001000b08f1800b28f0800e0032000bd27ec
:10196400029d053c942ea5249d8e400f2520000049
:10197400a1ff0010b48080af9e7a400f00000000e9
:081984009dff0010b48080af4c
:020000040000fa
:020000041d01dc
:10198c00c8ffbd273400bfaf3000b5af2c00b4afdb
:10199c002800b3af2400b2af2000b1af6000a0109c
:1019ac001c00b0af0000a38c07006050fbff10249c
:1019bc004f0080103400bf8f4200829440004230b0
:1019cc000b004014faff10243400bf8f25100002c6
:1019dc003000b58f2c00b48f2800b38f2400b28f49
:1019ec002000b18f1c00b08f0800e0033800bd2729
:1019fc000080143cb43594262598e0002590c00056
:101a0c002580a0002496400f0400918e001902003e
:101a1c002310620080100200218822020000248e14
:101a2c00af67400f252800023f00401025a840005a
:101a3c003900601604002726140027268000132482
:101a4c000000a296020043300e00601425800000b6
:101a5c00400043300500601404002426800042300e
:101a6c0024002426140023260b2062000500871076
:101a7c00040010240400a5268d76400f1000a7af9b
:101a8c001000a78f2520a00225304002fb88400fb4
:101a9c00252860020000228e3c00848e0c00238ed0
:101aac002400428c3400bf8f3000b58f021044707c
:101abc00eb51043c1f8584342c00b48f2800b38f69
:101acc002400b28f2000b18f1900440010100000c8
:101adc00421102002b106200050003240a806200f0
:101aec00251000021c00b08f0800e0033800bd2751
:101afc00faff1024251000023000b58f2c00b48f93
:101b0c002800b38f2400b28f2000b18f1c00b08f3f
:101b1c000800e0033800bd27c9ff00104000132463
:101b2c00a9ff0010fbff1024a7ff0010feff1024dc
:020000040000fa
:020000041d01dc
:101b3c0036008010000000003400a01000000000ef
:101b4c00e0ffbd271800b2af0f00a5242590800040
:101b5c001400b1af1c00bfaf028905006398400fa1
:101b6c001000b0af480043922200601401003126ef
:101b7c006598400f252040002400428e0f004050f5
:101b8c00faff02240400438c2b20710008008054bf
:101b9c000000508c45000010232071002b28710090
:101bac001c00a01023207100251000020000508c96
:101bbc00faff00560400038efaff02246398400fcc
:101bcc00380042ae480043922520400001006324b7
:101bdc006598400f480043a21c00bf8f25100000e1
:101bec001800b28f1400b18f1000b08f0800e00302
:101bfc002000bd27ffff6324480043a26598400fd7
:101c0c0025204000ddff00102400428e0800e00378
:101c1c00251000000300852c1d00a0540000048e2c
:101c2c001a0071102518200200110400040004aee3
:101c3c0021800202040011ae3000438e3400428e2b
:101c4c00218823022b10510002004010300051aead
:101c5c00340051ae6398400f0000000048004392de
:101c6c0025204000010063246598400f480043a2e2
:101c7c001c00bf8f100002261800b28f1400b18f09
:101c8c001000b08f0800e0032000bd270000048e78
:101c9c0025886000000044ac2800438ee6ff70509d
:101cac00280042aee5ff00103000438e0300852c67
:101cbc000700a010000000000000448c25804000ac
:101ccc0025886000240044aef3ff0010251080002e
:101cdc00faff23520000448cd3ff001025804000f3
:020000040000fa
:020000041d01dc
:101cec00b8ffbd273400b2af25908000252000003e
:101cfc004400bfaf4000b5af3c00b4af3800b3af49
:101d0c003000b1af2598a0000390400f2c00b0af6d
:101d1c000400508c029d063c88ddc62425286002f8
:101d2c0025204002258840000800558c6d94400ffa
:101d3c000c00548c02461000003c037e003a027edc
:101d4c00029d063cff0007329cddc624efff652692
:101d5c00110044261800a8af1400a3af6d94400fd7
:101d6c001000a2af1100502402461500003ca37ec7
:101d7c00003aa27e029d063cff00a7322328700287
:101d8c0021205002b4ddc6241800a8af1400a3af64
:101d9c006d94400f1000a2af218050000246140039
:101dac00003c837e003a827e029d063cff00873217
:101dbc002328700221205002ccddc6241800a8afc5
:101dcc001400a3af6d94400f1000a2af41002392fa
:101ddc003c002792218050002000a3af40002292ab
:101dec00029d063c212050021c00a2af3f00229213
:101dfc0023287002e4ddc6241800a2af3e00229214
:101e0c001d00102621a050021400a2af3d0022920a
:101e1c0023a870026d94400f1000a2afbd90400f2c
:101e2c002520200217004014029d073c029d073c10
:101e3c0080dde724029d063c2528a0022520800297
:101e4c006d94400f10dec62421105000029d063cfc
:101e5c0023286202212042026d94400f20dec6240a
:101e6c004400bf8f4000b58f3c00b48f3800b38f57
:101e7c003400b28f3000b18f2c00b08f0800e0031b
:0c1e8c004800bd27ebff00107cdde724c0
:020000040000fa
:020000041d01dc
:101e9800d8ffbd271800b1af0080113c2000b3afb8
:101ea8001c00b2af2400bfaf1400b0af82bf123c19
:101eb800fc3531260080133c1022428e010042304e
:101ec800330040102400bf8f3022508e2800228e0d
:101ed8003000238e2c00248e010042242b1843004e
:101ee8000a10030033008210000000002c00238e2b
:101ef800f1ff6210000000002800248e0022438eab
:101f0800060006240600633037006610ff0005321d
:101f18006834632621208300000085a0280022aeb3
:101f280034002292ff004230e3ff4010000000001e
:101f38002800238e2c00228e2b206200350080146e
:101f480000000000231062002000238edaff6010da
:101f5800000000002400258e3c002392ff0063301f
:101f68002f006014000000003800238ed2ff4314b5
:101f7800000000002000228e09f840002520000003
:101f88001022428e01004230cfff40142400bf8f40
:101f980081bf023c0400033c2000b38f1c00b28fb9
:101fa8001800b18f1400b08f840043ac0800e00320
:101fb8002800bd272000238eccff60100000000001
:101fc8002400258e2000228e09f8400001000424f8
:101fd8002800228e3000238e010042242b18430053
:101fe800c2ff00100a1003002800238e68346626fa
:101ff800003a107e40180300010064242120860066
:1020080021186600000065a0000090a0c3ff001022
:10201800000000003000248ecaff00102118640060
:102028003800238e2b104300a3ff4014000000004b
:08203800d0ff001000000000c1
:020000040000fa
:020000041d01dc
:1020400067008010000000006500a0100000000084
:102050000000828cd8ffbd271c00b2af01004324d2
:102060000c0092241800b1af1400b0af2400bfaf31
:102070002000b3af21104202000083ac80ff032494
:10208000000043a00000828c2588a0003900432c6a
:10209000460060102580800038000624212042027e
:1020a0002330c200a093400f252800000400038eb7
:1020b0000800028e0400052642270300c01002001b
:1020c00021104400c0180300080002ae040003ae53
:1020d0000300a48844000326080006260000a498f4
:1020e0004800022625284002470004aa000064b8e0
:1020f0000300c388252000020000c3984b0003aaf8
:102100005106400f000043b84c00022603004688e9
:10211000070045880b0044880f004388000046985c
:10212000040045980c00439808004498030026aa30
:10213000000026ba070025aa040025ba0b0024aa2d
:10214000080024ba0f0023aa0c0023ba4567033cf9
:10215000012363244c0003aecdef033c89ab633411
:10216000500003aeba98033cfedc63342400bf8ffa
:10217000540003ae3210033c765463242510000053
:10218000580003ae000000ae040000ae080000ae30
:10219000600000ae2000b38f1c00b28f1800b18f1a
:1021a0001400b08f0800e0032800bd27400013246e
:1021b0002330620225280000a093400f2120420214
:1021c00025200002000013ae5106400f25284002d2
:1021d000000000ae25204002b2ff001038000624a7
:0821e0000800e00353ff022494
:020000040000fa
:020000041d01dc
:1021e800c8ffbd274800828c2000b0af2580a00022
:1021f8003000b4af2400b1af3400bfaf2c00b3af90
:102208002800b2af258880001800a0a71000a0af52
:102218001400a5272520000209f8400025a0c000c9
:10222800180040041400b2972800228e01001324dd
:102238001000a6272528000009f8400025200002e4
:10224800350053525400228e1e0040120200022410
:10225800140042163400bf8f1600a6975800228e2d
:102268001000a78f1800a6a71200052409f840003f
:1022780025200002040040043400bf8f01004238ca
:102288000100422c3400bf8f3000b48f2c00b38f74
:102298002800b28f2400b18f2000b08f0800e0031f
:1022a8003800bd27f7ff02243000b48f2c00b38f0d
:1022b8002800b28f2400b18f2000b08f0800e003ff
:1022c8003800bd275000228e1000a68f120005246a
:1022d80009f8400025200002ebff40043400bf8fbe
:1022e80005005310010005244c00228e09f8400017
:1022f800252000023400bf8f010002243000b48f73
:102308002c00b38f2800b28f2400b18f2000b08f2b
:102318000800e0033800bd271800a52709f8400089
:1023280025200002d8ff40043400bf8ff2ff52106e
:1023380001009432020080121800a2930040423437
:10234800020003241600a2a71400a3a71800a2a73e
:102358001400a58f4c00228e09f8400025200002a9
:102368003400bf8f010002243000b48f2c00b38fdb
:102378002800b28f2400b18f2000b08f0800e0033e
:042388003800bd2735
:020000040000fa
:020000041d01dc
:10238c00c8ffbd271c00b3af5000b38f2000b4af03
:10239c003400bfaffcff62260200422c3000beafff
:1023ac002c00b7af2800b6af2400b5af1800b2af01
:1023bc001400b1af1000b0af060040144c00b48f45
:1023cc002000a22c450040102000c22c49004010d7
:1023dc00258000002588a0000100052425a8e00028
:1023ec00ad7d400f2590c0004600401025b8400040
:1023fc000400568c0200c296020043303a00601072
:10240c00080042303d00401425800000f88e400f3b
:10241c008400c426258040001a00401002001e24af
:10242c000f0043900100022439006214029d043c09
:10243c004800a38fff007332030002240d0003a297
:10244c00010003240c0013a2040011a6060012a61e
:10245c00080015ae0e0003a204006216100017aea1
:10246c000200c296080042340200c2a625280002cf
:10247c00e98e400f9000c426020002240f0002a235
:10248c0025f000006398400f000000000000c3928c
:10249c0025204000010063246598400f0000c3a272
:1024ac000100805600009eae3400bf8f2510000244
:1024bc003000be8f2c00b78f2800b68f2400b58f4c
:1024cc002000b48f1c00b38f1800b28f1400b18f92
:1024dc001000b08f0800e0033800bd2725800000f5
:1024ec00efff0010fbff1e2425800000e5ff00100d
:1024fc00fcff1e24eaff0010faff1e24e1ff00106f
:10250c00f8ff1e2425800000e5ff0010ffff1e24ad
:10251c00060105246f90400f18588424c5ff001045
:04252c004800a38f31
:020000040000fa
:020000041d01dc
:10253000d8ffbd270f0005240f0004242400bfafdf
:102540002000b3af1c00b2af1800b1af7f8f400fb7
:102550001400b0af080040147880908f2400bf8f23
:102560002000b38f1c00b28f1800b18f1400b08f01
:102570000800e0032800bd27f8ff001202004230e7
:102580003b00401000000000f685400f00000000f6
:1025900025986000cc87400f2590400025304000f2
:1025a0002520400225286002c723400f253800005f
:1025b0000000128e259840001c0002ae0c00428ed6
:1025c0002b004010258800000d000010252040023f
:1025d000010080501800448c0800438c23186302cb
:1025e0002b1864002e006010253040000c00428e35
:1025f000010031262b1022021d0040102520400230
:102600003293400f252820020000439401006430db
:10261000f7ff80500c00428e80006430ecff805445
:102620001400048e000165301a00a0140c00448cc4
:10263000232064020200842cedff80540c00428ea3
:102640002b0045902c0044902b20a40019008014ee
:102650000c0053ac00016334e4ff0010000043a4fd
:102660005513400f25200002a783400f2400048645
:10267000e77b400f24000486b9ff40102400bf8f81
:1026800026000286f8ff401000000000f4ff001052
:1026900000000000d6ff93500c00428e2530400011
:1026a000260005260b8a400f25200002d0ff0010cf
:1026b0000c00428e0100a5242b0045a0252000021d
:1026c000e221400f25284000c9ff00100c00428e77
:020000040000fa
:020000041d01dc
:1026d0006200a010000000000000a28c5f0040100b
:1026e00000000000500080100000000042008394b1
:1026f0004000633003006014faff02240800e00386
:1027000000000000ffffe7240400e22c5500401009
:10271000029d033c029d023c403807003c6163245b
:1027200044614224c0ffbd272110e2002138e300ac
:102730000080033c3800b7af3400b6af3000b5af0f
:102740002c00b4af2800b3af2400b2af2000b1af6b
:10275000b835728c1c00b0af258880002580a000a1
:1027600025a0c0003c00bfaf000053942496400f4a
:102770000000f5940019020023106200801002008e
:10278000219042020000578e0000168e0000838eba
:102790000c00e28e2520e00224b0c30208004014a1
:1027a00025800000220000103c00bf8f0c00e28e4c
:1027b0002b1002021e0040103c00bf8f0000448e10
:1027c0003293400f25280002000043940100102698
:1027d00001006430f5ff801024187300f4ffa35645
:1027e0000c00e28e0800438c0000848e24186400e4
:1027f000efff76540c00e28e252840002520400291
:10280000bc7f400f1000a2af1000a28ffeff072474
:102810002530000008004524166f400f25202002b7
:10282000e3ff00100c00e28e0800e003faff022430
:10283000251000003800b78f3400b68f3000b58ff8
:102840002c00b48f2800b38f2400b28f2000b18fea
:102850001c00b08f0800e0034000bd270800e00323
:0c286000fbff02240800e003f9ff022443
:020000040000fa
:020000041d01dc
:10286c00e0ffbd271400b1af0080113c403631268b
:10287c000400228e1000b0af1c00bfaf1800428cb9
:10288c001800b2af09f840003400308e140022aeac
:10289c001400248e1000228e2800288e2c00298ee5
:1028ac0023208200212888002b30a4002118c90085
:1028bc00280025ae2c0023ae2200001200000000e0
:1028cc0030002292010042247381400f300022a27a
:1028dc003400308e0500001200800d3c0c00028e7e
:1028ec00320040100100122400800d3cec31ad256b
:1028fc002560a00125580000c0100b0021104b00d2
:10290c00801002002110a2011900439001006b25d8
:10291c00ff00633005006010010004240400838d67
:10292c00190040a02e0064500800838d050002247d
:10293c00f1ff621524008c2530002292ffff422407
:10294c00300022a26398400f00000000415a400f53
:10295c0025804000252000021c00bf8f1800b28f7c
:10296c001400b18f1000b08f6598400b2000bd276c
:10297c0014004010000000008562400f2000048eff
:10298c001000028e040040503400308e09f84000d4
:10299c001400048e3400308ed4ff001200800d3ce5
:1029ac000c00028ed2ff4014ec31ad250400028ed7
:1029bc00180012a225200002190012a2ecff4050b0
:1029cc001000028e2c7a400f000000000400028ed2
:1029dc00ebff4050010000a2eaff00101000028e35
:1029ec00252080010c0043ac7d61400f00000000ed
:0829fc00cfff001005000224ca
:020000040000fa
:020000041d01dc
:102a0400d0ffbd272c00bfaf2400b5af2000b4af6a
:102a14001c00b3af1800b2af1400b1af1000b0afd8
:102a2400257d400f2800b6af04000524ac95400f67
:102a34002520000000800534ac95400f02000424da
:102a4400019d153c0080143c029d133c0080123c07
:102a5400029d113c0080103c8e8f400f0100162413
:102a6400e729400f000000004c43a526592f400fd2
:102a7400b8028426cc616526592f400fa80244264b
:102a8400d4612526592f400f980204266210023c77
:102a9400d34d42241900c202101000008219020012
:102aa4004011030023104300801002002110430052
:102ab400c01002002e00c212008005340300023c44
:102ac400400d42243000c212040005248e8f400fb2
:102ad4000100d626e729400f000000004c43a5263c
:102ae400592f400fb8028426cc616526592f400f18
:102af400a8024426d4612526592f400f98020426a3
:102b0400eb51023c1f8542341900c2021010000030
:102b1400421902004010030021104300c0100200bb
:102b24002110430080100200d9ffc2166210023c3b
:102b340000800534b395400f020004246210023c67
:102b4400d34d42241900c202101000008219020061
:102b540040110300231043008010020021104300a1
:102b6400c0100200d6ffc2160300023c00800534e8
:102b7400ac95400f020004240300023c400d4224a3
:102b8400d2ffc21604000524ba95400f2520000088
:082b9400b1ff00100000000079
:020000040000fa
:020000041d01dc
:102b9c0080ffbd277800b5af7400b4af6400b0af50
:102bac0025a0a0002580800025a8c00025280000b5
:102bbc00370006247000b3af6c00b2af6800b1af41
:102bcc007c00bfafa093400f2800a427370002243d
:102bdc0008001126780012267c0013261800a2afdc
:102bec00010002242000b5af1c00b4af1400b1af3b
:102bfc001000a2af370007242800a6272528600262
:102c0c00c936400f25204002390040142800a32764
:102c1c00251020025800a7270000668c0400648c45
:102c2c000800658c030046a8000046b8070044a8bd
:102c3c00040044b80c00648c0b0045a8080045b88f
:102c4c000f0044a8100063240c0044b8f2ff671472
:102c5c00100042240000648c04006790050066900c
:102c6c0006006590030044a8000044b82800a32780
:102c7c00040047a0050046a0060045a05f00a2275f
:102c8c00000060a001006324fdff621437000724dc
:102c9c00370002242000a0af1c00a0af1800a2af88
:102cac001400b1af1000a0af3f000626252860022b
:102cbc00c936400f252040020d00401401000324aa
:102ccc00800000a27c00bf8f000003ae040000aea9
:102cdc007800b58f7400b48f7000b38f6c00b28f16
:102cec006800b18f6400b08f0800e0038000bd273e
:102cfc007c00bf8f010002247800b58f7400b48f64
:102d0c007000b38f6c00b28f6800b18f6400b08f0d
:082d1c000800e0038000bd2760
:020000040000fa
:020000041d01dc
:102d2400880002243f00a2108900a2281a00401043
:102d3400810002245400a2108200a2280500401041
:102d4400800002245100a2500000e28c0800e0033d
:102d540025100000820002243b00a2500000e28cf7
:102d640084000224f9ffa214000000000000e28c99
:102d7400040043240000428c2700c0100000e3ac90
:102d84002016027c000082acc3170200040082ac4f
:102d94000800e00301000224a00002243600a2502f
:102da4000000e28ca100a228100040109000022430
:102db400e6ffa214000000000000e28c0700422499
:102dc4000410027c0000488c0400498c0800422452
:102dd4000000e2ac000088ac040089ac0100c01023
:102de400010002240800e00300000000c0000224e7
:102df4000500a2500000e28cf0000224d3ffa214cc
:102e0400000000000000e28c040043240000e3ac56
:102e1400020000100000428cffff4230200000102e
:102e2400000082ac0000e28c040043240000428cc9
:102e34000300c0100000e3acd2ff00102014027c99
:102e4400f6ff0010ff004230070042240410027c09
:102e54000000488c0400498c080042240000e2acc5
:102e6400000088ac040089acdeffc010010002241d
:102e74000800e00300000000040043240000e3ac69
:102e8400c0ff00100000428c0000e28c04004324c8
:102e94000000e3ac0000428cbbffc014000082ac15
:082ea400bbff0010040080ac2c
:020000040000fa
:020000041d01dc
:102eac00e0ffbd271c00bfaf1800b1af08008010b9
:102ebc001400b0af1c00bf8fffff102425100002c0
:102ecc001800b18f1400b08f0800e0032000bd275c
:102edc000080043ca0328424537c400f2580a00049
:102eec00f4ff401025884000080005321500a0545e
:102efc000400429414004294280040100100022463
:102f0c0024002296320040100100023cffff1024e6
:102f1c006398400f00000000000023922520400021
:102f2c00010063246598400f000023a21c00bf8f92
:102f3c00251000021800b18f1400b08f0800e003b8
:102f4c002000bd27f2ff4014ffff1024140022962e
:102f5c002a0040100100022424002296ecff4014a9
:102f6c000100023c01004224240022ae0200022493
:102f7c002c0020a2240030262d0020a22e0020a2fe
:102f8c002f0020a2280031ae300022ae0200229683
:102f9c00040042340a000010020022a6140022aee3
:102fac00020002241c0020a2140030261d0020a2c6
:102fbc001e0020a21f0020a2180031ae200022ae5d
:102fcc000400229601004224d1ff0010040022a626
:102fdc0001004224240022ae020002242c0020a274
:102fec00240030262d0020a22e0020a22f0020a28b
:102ffc00280031aef2ff0010300022ae140022aed9
:10300c00020002241c0020a2140030261d0020a265
:10301c001e0020a21f0020a2180031aedbff001002
:04302c00200022aeb0
:020000040000fa
:020000041d01dc
:10303000e8ffbd271000b0af1400bfaf0c87400ff2
:10304000258080002c0040101400bf8f0800068ee1
:103050003a000396340004961000c28c25208300a9
:1030600006004530040043340a106500380045303e
:10307000200043340a106500010043302100601035
:10308000100045300700a01008000324020047305c
:10309000084005240b18a7000020673404004530c1
:1030a0000b18e500200045302b00a014020047302b
:1030b00001016334201e037c241864000001853064
:1030c000252865001b00a050020002240101843065
:1030d000010105241000c2ac200003a62a008510bf
:1030e0003c0000ae040002241a0002a603000224e1
:1030f0001c0002a61400bf8f1000b08f0800e00370
:103100001800bd271b00a010020043300141072416
:10311000012105240b28e3002518a00024186400d1
:103120000001853025286500e9ffa01401018430e5
:1031300002000224020002a6fdff023c1c0002aeb7
:10314000180000ae1400bf8f1000b08ffdff0424e4
:103150007796400b1800bd270010683404004530f6
:10316000d3ffa0100b18070101096334d2ff001030
:10317000201e037c01110724010905240b28e3000c
:10318000cdff00102518a0000f000524ef81400f8f
:1031900025200002d8ff40101400bf8f0400022435
:1031a0001a0002a602000224d2ff00101c0002a690
:020000040000fa
:020000041d01dc
:1031b000d0ffbd272000b1af2588800064808487c0
:1031c0002400b2af2c00bfaf2800b3af1c00b0afdb
:1031d000e77b400f2590a000340040102c00bf8feb
:1031e0001d2d400f252020022580400005000224cf
:1031f0002100021206000224180002162c00bf8fc4
:1032000006001324580023920200023c01004224cd
:103210002000643009008010540022ae2000228e6d
:10322000010004244429837c04004014580023a294
:103230005f98400f00000000200022ae580022924c
:1032400001000324c439627c580022a225286002b0
:103250004679400f252040022c00bf8f2510000228
:103260002800b38f2400b28f2000b18f1c00b08fd4
:103270000800e0033000bd275600229613005010ce
:10328000f5ff4224fdff4230f4ff40142c00bf8fb5
:103290000c00228e25202002080013243c87400fba
:1032a000080022aeeaff0010252860020a00102460
:1032b000251000022800b38f2400b28f2000b18fa8
:1032c0001c00b08f0800e0033000bd275800228e9c
:1032d0000005032400054230caff431404001324f0
:1032e000520023960400601408000224560022a60f
:1032f000d6ff0010030013242c00228e0130072477
:103300001000a6271400a527252040021000a0af1a
:10331000ba79400f1400a2af6198400f0300132444
:10332000040022ae06000224c8ff0010560022a6a8
:020000040000fa
:020000041d01dc
:103330003800a010251080009480838fd8ffbd270f
:103340002400bfaf2000b3af1c00b2af1800b1af74
:10335000070060101400b0af1200b0840400000633
:103360009080848f2a20040209008014802010009d
:103370002400bf8f2000b38f1c00b28f1800b18fc4
:103380001400b08f25204000cf7d400b2800bd27c2
:103390000a18647cf7ff65142400bf8f340043943f
:1033a0001e0060542000438c6000a3940100633031
:1033b00027006010259800005800b18c5c00b38c89
:1033c0002800528c0c00a38c2400621025204000a1
:1033d0003e00a390ffff6324cf7d400f3e00a3a0db
:1033e0002b002012253860022528400225200002eb
:1033f00025c820022400bf8f2000b38f1c00b28f8d
:103400001800b18f1400b08f0100062408002003bb
:103410002800bd27cf7d400b000000002400bf8f97
:103420002000b38f1c00b28f1800b18f1400b08f32
:103430002800448c40006334340040a4200043ac96
:103440000100062425284000a382400b2800bd2748
:1034500025880000dbff0010259000004000a38cb1
:103460001000448c00026330060060100c0080a441
:10347000540040a42000438cc418037cd8ff0010e3
:10348000200043ac0000a38cfaff00100800a3ac9e
:103490002400bf8f2000b38f1c00b28f1800b18fa3
:0c34a0001400b08f0800e0032800bd27d6
:020000040000fa
:020000041d01dc
:1034ac00f8fdbd27fc01b0af10000524258080007d
:1034bc00e401a4270402bfaf0002b1afe401a0af46
:1034cc00e801a0afec01a0aff001a0afc801a0af24
:1034dc00cc01a0afd001a0afd401a0afd801a0af58
:1034ec00dc01a0af527a400fe001a0af0b91400f6e
:1034fc001000a42777000392010002241300621429
:10350c002530000062000296600005964400048e8f
:10351c000014020021104500d001a2afe401a28fdb
:10352c004000038ec801a4afd401a2afe801a28f62
:10353c00cc01a3af1c000624d801a2afec01a28fd2
:10354c00dc01a2aff001a28fe001a2afc801a52758
:10355c007e94400f1000a427c801a5278694400f25
:10356c001000a427c383400f0000000025886000d2
:10357c00f097400f2580400040311000c21e100013
:10358c00403911002320d000253867002b30c400af
:10359c002328f1002328a600821e04008039040091
:1035ac00803105002320e400253066002b38e40030
:1035bc002328c5002328a700c0300400c02805001c
:1035cc00422704002180d000252885002b300602dc
:1035dc002128b1002128c500821e10008029050079
:1035ec00252865008026050000c8107e2520900047
:1035fc002530400025380000c723400f82290500e4
:10360c00c801a38f0402bf8f0002b18f211062008a
:0c361c00fc01b08f0800e0030802bd278d
:020000040000fa
:020000041d01dc
:10362800b8ffbd272c00b2af1000a4270080123cc1
:103638004400bfaf3c00b6af3800b5af3400b4affc
:1036480025a8e0003000b3af2800b1af2598a0004e
:103658002588c0004000b7af7c97400f2400b0af6a
:10366800d880400f883744260000b42afbff032483
:10367800fcff02240a10740025a040000080163cbc
:10368800438f400f8837442627004010258040008c
:1036980004000292010003240300431002000324e3
:1036a8002b0043144400bf8f050004920390400f81
:1036b8000800178e0c00058e0000638e2e00a314e0
:1036c800252800023000a006030006240300258aee
:1036d8001400e38e0000259a030065a8000065b871
:1036e80004002492040064a005002492050064a04c
:1036f800250040100000e0ae2528e002b487400f06
:10370800252040002000400403000624252800024c
:10371800348f400fb037c426438f400f8837442674
:10372800dbff4014258040001000a38f8837422615
:1037380025204000883743ae1400a38f040043ac13
:103748001800a38fa886400f080043ac4400bf8f21
:103758004000b78f3c00b68f3800b58f3400b48f67
:103768003000b38f2c00b28f2800b18f2400b08fa7
:103778000800e0034800bd27348f400f1000a4273d
:10378800bfff001000000000252880027e92400f35
:0c3798002520e002deff001025280002c2
:020000040000fa
:020000041d01dc
:1037a400e8ffbd271000b0af1400bfaf0c87400f77
:1037b40025808000370040101400bf8f200002963f
:1037c4000800068e34000596010044302200079656
:1037d4002400089626000396310080140100c69048
:1037e4001000423003000a240b0004240a20420182
:1037f40025108000254800002520000000086a30bc
:10380400050040510004633000020a310e004055a7
:103814000a00052400046330070060502418a70040
:1038240000010831040000512418a7000c000524ed
:103834000d00001025180000000165302700a010bd
:1038440080006530120005240100c6302518c90027
:103854002418640080180300252089002420860091
:10386400080066340b18c4002800048e050080503c
:1038740002000224000082ac040085ac080083ac82
:1038840002000224020002a6180000ae1c0000aed2
:103894001400bf8f1000b08f0800e0031800bd278c
:1038a400050004240020ea30010002240004e93069
:1038b4000b108a0003002011252000001000423460
:1038c400010004240008ea30ccff40112548000020
:1038d40020004234c9ff00104000c97c0a00a01433
:1038e4001400052440006530d7ffa05422000524ad
:1038f4002000633006006054240005240400027c88
:10390400d9ff001000204234d7ff00102518000012
:08391400d5ff0010251800008a
:020000040000fa
:020000041d01dc
:10391c00d8ffbd272400bfaf2000b3af1c00b2af4f
:10392c001800b1af4f0080141400b0af0080133cee
:10393c00a03270260800038e020002240d006214cf
:10394c002590000202000296010042300a0040104d
:10395c002588a0002400bf8f251040022000b38fc3
:10396c001c00b28f1800b18f1400b08f0800e00358
:10397c002800bd272588a000a800062425280000c3
:10398c00a093400f25200002370020122400bf8f87
:10399c006398400f00000000252040000100022425
:1039ac006598400fa03262a20400228e010003240d
:1039bc00020003a602000324080003ae8800038e55
:1039cc00100002ae0080023cd43242240080053c40
:1039dc00010006240c0000a68400098e8c00078ec2
:1039ec00254000002433a5240f0046a009006010d8
:1039fc00000040ac14004424000062ac0a008510a6
:103a0c0025184000251080000f0046a0f9ff601417
:103a1c00000040ac14004424254840000100082458
:103a2c00f8ff8514251840000080023c0400e724b0
:103a3c00103342248c0007aec6ff0011880002ae82
:103a4c002400bf8f25104002840009ae2000b38fe4
:103a5c001c00b28f1800b18f1400b08f0800e00367
:103a6c002800bd272400bf8fffff12242510400221
:103a7c002000b38f1c00b28f1800b18f1400b08fd0
:083a8c000800e0032800bd273b
:020000040000fa
:020000041d01dc
:103a9400c8ffbd273000b7af3400bfaf2c00b6afae
:103aa4002800b5af2400b4af2000b3af1c00b2af00
:103ab4001800b1af1400b0af5100a0184000d77c7b
:103ac4000100d3300400d4302588800025a8a0004c
:103ad4002590000017000010029d163c7400228ef1
:103ae400030040100500052409f8400010012426b5
:103af4001000058e25386002010006240800a52464
:103b04008538400f2520200225b840007400228efd
:103b1400030040100600052409f840001001242683
:103b24002200e0566c00228e010052262100b212bf
:103b340025b800002e0025966800228e253000004e
:103b4400f2ffa524ffffa53009f840003800042443
:103b54001800401025804000040060121000428cc0
:103b64001000439404006334100043a414acc3262f
:103b7400080003ae1b00e0160c0011aed7ff801640
:103b8400000000ae1000058e2538600201000624f6
:103b94000800a5248538400f2520200225b84000c0
:103ba400e2ffe052010052266c00228e09f8400028
:103bb400252000023400bf8f251040023000b78f4b
:103bc4002c00b68f2800b58f2400b48f2000b38f4b
:103bd4001c00b28f1800b18f1400b08f0800e003ee
:103be4003800bd270e0045944c00248ef0ffa5300c
:103bf4007c90400f2e0025a6e0ff0010000000007e
:083c0400ecff00102590000008
:020000040000fa
:020000041d01dc
:103c0c00e0ffbd271400b1af0800918c1800b2afd3
:103c1c000080023c1c009294e834422426102202bc
:103c2c00010003241000b0af1c00bfaf2580800042
:103c3c002d0043120b8802001d00401202000224ca
:103c4c000c00421200000000020082a4ffff023ca4
:103c5c00180080ac1c0082ac1c00bf8f1800b28f07
:103c6c001400b18f1000b08fffff04247796400b27
:103c7c002000bd270c87400f0000000007004010fb
:103c8c001c00bf8f340002862f0040040400022465
:103c9c001a0002a61c0000a61c00bf8f1800b28fd1
:103cac001400b18f1000b08f0800e0032000bd2776
:103cbc00008006345c80400f25280000f7ff401080
:103ccc001c00bf8f030002241a0002a6010002246c
:103cdc001c0002a61800b28f1400b18f1000b08f18
:103cec000800e0032000bd27ef81400f25280000cd
:103cfc00eaff40101c00bf8fdc85400f0000000065
:103d0c00259040002000228ecc87400f0000518c63
:103d1c0003000324021022726210113cd34d312691
:103d2c001a0003a6020003241c0003a6e703422486
:103d3c0019005100101000008211020021105200d5
:103d4c00d5ff00102c0002aedc85400f00000000f7
:103d5c002c00038e2b104300daff40141c00bf8f85
:103d6c00ffff023c020012a6180000aebaff0010c2
:043d7c001c0002ae77
:020000040000fa
:020000041d01dc
:103d80000600a0500c01828c0b00a0a80800a0b86f
:103d90000c00a0a00d00a0a00c01828c0800438c98
:103da0000d0060140100022450000010000000000b
:103db0000400628c060043040000638c0400628ce3
:103dc000c002427c0c004010000000000000638c28
:103dd00007006010000000000400628cc001427cfb
:103de000f3ff4010020002240800e003000000007e
:103df0000800e003010002240200e0100c0062242d
:103e00000000e2ac2538a0002520600025600000fd
:103e10002558000000a00e3c1d00e01000800d3c65
:103e20000800898c04008a8c0400888c25102e01df
:103e300080024a7d25482d010b102a010054087d7f
:103e40000b00e2a8024a08000800e2b80c00e8a053
:103e50000d00e9a00300e28801008c250000e29833
:103e60002538400001006b250400828cc001427c93
:103e7000fdff4014000000000400828c8007427c9b
:103e80000700401400000000e5ffe0140000848cef
:103e9000f5ffc01401006b250800e00325100000a9
:103ea0000100c0540000cbac0500e0100000000091
:103eb0000b00e0a80800e0b80c00e0a00d00e0a0b6
:103ec000f5ffa01000000000c7ff8b55fcff022487
:103ed0000400648c0100052425100000c45aa47c51
:103ee000040064ac0800e003000000000800e003e8
:043ef00000000000ce
:020000040000fa
:020000041d01dc
:103ef400d8ffbd271800b2af2400bfaf2000b4af75
:103f04001c00b3af1400b1af1000b0af4f0080106d
:103f14002590a0000c00828c48004050ffff022432
:103f24001000838c45006050ffff02241400908c25
:103f3400410000122588800009f840002520000275
:103f440045004010259840000f0044240418047cc8
:103f540023288200232805020418057cb0ffa2242c
:103f64000004432c37006054fcff02248487400f74
:103f740002a1020025804000029d023c005142241f
:103f84005000092625180002200048240000478c10
:103f94000400468c0800458c0c00448c100042241c
:103fa400000067ac040066ac080065ac0c0064acaf
:103fb400f6ff4814100063240400248e0000458c8e
:103fc4001000228e000065ac240009ae280009ae62
:103fd4003c0004ae540014ae500000ae2c0014aeed
:103fe400300000ae340000ae380000ae400013ae26
:103ff4006398400f440002ae0100032425204000d2
:104004006598400f480003a22510000001004056a7
:10401400000042ae2400bf8f251000022000b48fa0
:104024001c00b38f1800b28f1400b18f1000b08f32
:104034000800e0032800bd27ffff0224f3ff00105f
:1040440025800000f1ff001025800000258000007d
:10405400eeff0010ffff022425800000ebff00109c
:04406400feff022435
:020000040000fa
:020000041d01dc
:104068005a00a01000000000580080140000000052
:10407800e0ffbd271400b1af0080113c1000b0afc5
:104088000100022440363026380002a20000a28c2b
:104098001c00bfaf1800b2af0c00438c040002ae86
:1040a80009f860002590a000803002002120c2009d
:1040b800821f02002b3086002130c300c22e04006c
:1040c80040390400401906002320e4002518a30005
:1040d8002b38e4002318660023186700822f040099
:1040e80080180300eb0b063c00c2c63425380000dc
:1040f800802004002528a300c723400f0c0002ae2f
:104108000400038e0400448e02004224300000a202
:104118000000638c200002aeff7f023cffff4234a8
:10412800080004ae25200000100000ae252800007d
:104138001c0002aeffff0224280004ae019d043ccf
:10414800180002ae2c0005ae340000ae2528000091
:1041580009f860006c2884240400028e1000438c47
:10416800040060100000000009f860001800048ec8
:104178000400028e1c00048e1400428c09f84000d2
:10418800000000000400028e0400428c09f8400080
:10419800000000000080043cb4000624252800002c
:1041a800a093400fec3184241c00bf8f020002242e
:1041b800403622ae1800b28f251000021400b18fcd
:1041c8001000b08f0800e0032000bd270800e003be
:0441d800ffff0224bf
:020000040000fa
:020000041d01dc
:1041dc00d8ffbd270200a2302000b4af1c00b3af43
:1041ec001800b2af1000b0af2400bfaf1400b1afd5
:1041fc002598a00025a080002580c0001900401043
:10420c002590e000040000100001918c080022ae03
:10421c0043000016000000000800248e0c00228ec3
:10422c00faff82540000828c0c0020aef8ff801440
:10423c00080020ae040000100401918e080022ae8c
:10424c003b000016000000000800248e0c00228e9b
:10425c00faff82540000828c0c0020aef8ff801410
:10426c00080020ae010073321e0060122400bf8fc4
:10427c000801918e0800248e0c00228e0a008250b8
:10428c000c0020ae0000828c080022ae1c00001630
:10429c00000000000800248e0c00228efaff8254cd
:1042ac000000828c0c0020aef8ff8014080020aeb9
:1042bc00040000100c01918e080022ae14000016b0
:1042cc00000000000800248e0c00228efaff82549d
:1042dc000000828c0c0020aef8ff8014080020ae89
:1042ec002400bf8f2000b48f1c00b38f1800b28f36
:1042fc001400b18f1000b08f0800e0032800bd2718
:10430c0009f8000225284002e3ff00100800248e63
:10431c0009f8000225284002ebff00100800248e4b
:10432c0009f8000225284002bcff00100800248e6a
:10433c0009f8000225284002c4ff00100800248e52
:020000040000fa
:020000041d01dc
:10434c000400828cd8ffbd27030003242400bfafd8
:10435c002000b3af1c00b2af1800b1af2e00431059
:10436c001400b0af050003244700431425908000cf
:10437c00ee84400f000084843000401425804000ff
:10438c004c81828f390040102400bf8f0080113c7b
:10439c00d8022492a500032421008354ffff022499
:1043ac000900432c1e006014d80231260800308a04
:1043bc000500309aa080107c028430000a0013267d
:1043cc002b185300170060142400bf8f211011020a
:1043dc00090043905a0002242b0062140080073c11
:1043ec000400258ae102e7240100259a2530000209
:1043fc0025204002a028057c1086400f022c2500a9
:10440c00080040042400bf8f4c81838f2b10630263
:10441c001f004014f6ff62244c8180af2510000071
:10442c002400bf8f2000b38f1c00b28f1800b18ff7
:10443c001400b08f0800e0032800bd274c81858f45
:10444c0025304000000044860080023cd802422403
:10445c00a544400f212845004c81828f2110020277
:10446c00caff40144c8182af2400bf8f251000007e
:10447c002000b38f1c00b28f1800b18f1400b08fc6
:10448c000800e0032800bd27e5ff0010ffff022411
:10449c002380500025300002212833022a86400f49
:1044ac00252020024c8190afddff0010251000026a
:020000040000fa
:020000041d01dc
:1044bc00d8ffbd271000b0af0080103c4001102683
:1044cc002400bfaf2000b4af1c00b3af1800b2afd4
:1044dc001400b1af12000416251000002590c00086
:1044ec002588a0004c00138e150040129800068ef3
:1044fc00358b400f2520a0003f00c01425a04000a4
:10450c009800058ea000028e252825022510540047
:10451c00980005ae2b00a014a00002ae01000224ee
:10452c002400bf8f2000b48f1c00b38f1800b28ff3
:10453c001400b18f1000b08f0800e0032800bd27d5
:10454c002488c500358b400f2520200225a0400073
:10455c002d00c014259000009c00028e27881100ad
:10456c00a000038e241022029c0002aea400048e34
:10457c0027101400241862002488260224104400fa
:10458c002528800225206002a40002aea00003ae04
:10459c00c697400f980011ae25288002c097400f97
:1045ac00252060029800028eddff4050010002249d
:1045bc009400048e4296400f01004532d8ff001043
:1045cc0001000224a400028e2520600227100200a4
:1045dc0024a05400c097400f252880022528800273
:1045ec00c397400f252060027893400f9400048eef
:1045fc00cbff001025104002118c400f9400048e4c
:10460c00c0ff00109800058e118c400f9400048e92
:0c461c0025904000d0ff00109800068e92
:020000040000fa
:020000041d01dc
:10462800d8ffbd271c00b3af1000b0af2800938c93
:104638001800908c1400b1af0400628e0c00038e39
:1046480025888000020004962400bfaf2000b4af84
:104658001800b2af100003ae0c0002ae25a0a000f7
:104668000935400f2590c000060004960935400f13
:10467800020002a60800039203006014060002a6c6
:1046880064000224080002a21000248e0000028e9a
:104698000c008394801002003c0045302118a300d0
:1046a800060080120c0083a40a0000a66000639232
:1046b8000400633031006010253000000b00401604
:1046c8002400bf8f2000228e2000b48f02004234c5
:1046d800200022ae1c00b38f1800b28f1400b18fd7
:1046e8001000b08f0800e0032800bd271400248eb6
:1046f800060082240300438800004398030083a82f
:10470800000083b804004390040083a00500439090
:10471800050083a02800238e3c0065240b18a30005
:104728000300658800006598030045a8000045b8a7
:1047380004006490040044a005006390050043a0b1
:104748001000238e0c0062940e0042240c0062a418
:104758002000228e02004234200022ae2400bf8fa7
:104768002000b48f1c00b38f1800b28f1400b18fd3
:104778001000b08f0800e0032800bd271135400f56
:0c47880025200002cdff00100a0002a650
:020000040000fa
:020000041d01dc
:104794001c008294e0ffbd271000b0af1c00bfaf27
:1047a4001800b2af1400b1af100040102580800093
:1047b400010003242b0043504000828c0200022499
:1047c400020082a4f7ff023c180080ac1c0082acfb
:1047d400f7ff04241c00bf8f1800b28f1400b18fa0
:1047e4001000b08f7796400b2000bd270800918cf5
:1047f4001400228e1000428c37004050019d023c70
:10480400400002aedc85400f3c0000ae2590400025
:104814002000228ecc87400f0000518c010003241d
:10482400021022726210113cd34d31261a0003a6e5
:104834001c0003a6e70342241900510010100000d5
:1048440082110200211052002c0002ae1c00bf8f06
:104854001800b28f1400b18f1000b08f0800e0036d
:104864002000bd2725288000029d043c09f8400053
:10487400d8198424100040101c00bf8f1800400475
:1048840002000324dc85400f000000002c00038e8e
:104894002b104300eeff40141c00bf8f02000224c3
:1048a400020002a6feff023c180000ae1c0002ae8d
:1048b400c8ff0010feff0424020002241a0002a60e
:1048c4001c0000a61800b28f1400b18f1000b08f26
:1048d4000800e0032000bd27c9ff001084ca422459
:1048e400180000ae1c0000a6020003a61e0002a6cb
:0848f400b8ff00102520400070
:020000040000fa
:020000041d01dc
:1048fc00d8ffbd272000b3af0080133c1400b0af2d
:10490c00400170262400bfaf1c00b2af1800b1af3d
:10491c0043000416faff02242590c0002100a010c9
:10492c002588a0007400028e040040100080043c16
:10493c000500052409f84000500284240080053c41
:10494c005c02a524df89400f400164260080053cf1
:10495c006002a524a38a400f400164267400028ed5
:10496c00040040100080043c0600052409f84000b7
:10497c00500284241801078e1c01068e2001058e1e
:10498c002401048e2801038e2c01028e000027ae18
:10499c00040026ae080025ae0c0024ae100023ae99
:1049ac00140022ae250040122400bf8f7400028e2a
:1049bc00040040100080043c0500052409f8400068
:1049cc00540284240080053c40016426f589400f84
:1049dc007402a5243401048e5800028e7400038ed8
:1049ec002110440005006010340102ae0080043c2c
:1049fc000600052409f86000540284243001068e58
:104a0c003401058e3801048e3c01038e2510000004
:104a1c00000046ae040045ae080044ae0c0043aea8
:104a2c002400bf8f2000b38f1c00b28f1800b18ff1
:104a3c001400b08f0800e0032800bd2725100000eb
:104a4c002000b38f1c00b28f1800b18f1400b08ff0
:084a5c000800e0032800bd275b
:020000040000fa
:020000041d01dc
:104a6400d0ffbd272400b3af1800b0af2c00bfaff8
:104a74002800b4af2000b2af1c00b1af2598a0004d
:104a84000700a010258080000000a0a00100a0a0c5
:104a94000200a0a00300a0a00400a0a00500a0a004
:104aa4002d00001201000224000011822a002012ad
:104ab400ff003132252020025b94400f2590000036
:104ac4001d0040102c00bf8f010004920438947c18
:104ad4005b94400f047a347e16004010ffff84324a
:104ae4001681400f00000000020004822118b20366
:104af4003a000524060006242d0007242f00801008
:104b0400100062a003008510010052260a008714d9
:104b14002c00bf8f180046120300102600001182db
:104b2400ff0031325b94400f25202002e7ff405400
:104b3400010004922c00bf8f251000002800b48fc0
:104b44002400b38f2000b28f1c00b18f1800b08fe7
:104b54000800e0033000bd272c00bf8f2800b48f6d
:104b64002400b38f2000b28f1c00b18f1800b08fc7
:104b74000800e0033000bd2725100000f6ff601296
:104b84001000a38f030063aa000063ba1400a39368
:104b9400040063a21500a393050063a22c00bf8f39
:104ba4002800b48f2400b38f2000b28f1c00b18f73
:104bb4001800b08f0800e0033000bd270500423a1a
:084bc400eeff00100100422c7d
:020000040000fa
:020000041d01dc
:104bcc005600a010251000000080083c00800b3c13
:104bdc0082bf0a3cfc350825060009241000001091
:104bec0064256b252b3867000a18070027008311f2
:104bfc00000000000022478d0600e7302f00e9106e
:104c0c008a61827c2130cb000000cca001004224c0
:104c1c00080003ad2b1845001c00601000000000bc
:104c2c000022438d0c000c8d0800068d06006330ad
:104c3c001800078debff69140100c3242b386700a3
:104c4c000a180700110083114060020021608c00db
:104c5c000100879100008d9100224c8d003a0700d5
:104c6c002538ed0006008c311c008911ff00ed3059
:104c7c002130cb00010042240000cda0080003ad80
:104c8c002b184500e6ff6014000000000c00038d9b
:104c9c000800048d2b2883001900a01400000000cc
:104cac00231883000300601081bf033c0800043c00
:104cbc00080164ac0800e00300000000403006006e
:104ccc000100c7242138eb002130cb000000cca020
:104cdc000000e0a0ceff001001004224403006008e
:104cec000100cc24023a07002130cb0021608b015b
:104cfc000000cda0000087a1c5ff001001004224d8
:104d0c001800058d2120850023188300e9ff601011
:104d1c0081bf033ce6ff00100800043c0080083c07
:084d2c00daff0010fc35082538
:020000040000fa
:020000041d01dc
:104d34001400828cd0ffbd272400b4af2000b3af91
:104d44001800b1af1400b0af2c00bfaf2800b5af4e
:104d54001c00b2af258880002598a00009f8400007
:104d64001000948c258040000c00228e2c004010f2
:104d74002c00bf8f0800328e0000228e021812729f
:104d840021906200000055960100b5322f00a05218
:104d94002000228e0e00001025a800002b20020205
:104da400231802022b10a2021c0040100a80640087
:104db4000800328e0000228e0218127221906200c6
:104dc40000004296010042301f004050ffffb53200
:104dd4001c00228e25284002253060022520200256
:104de4002180140209f840000100b526ebff40546d
:104df4000c00228e2c00bf8f251040022800b58f96
:104e04002400b48f2000b38f1c00b28f1800b18f20
:104e14001400b08f0800e0033000bd272c00bf8fc2
:104e240025900000251040022800b58f2400b48f7f
:104e34002000b38f1c00b28f1800b18f1400b08f04
:104e44000800e0033000bd272000228e25306002d8
:104e54002528400209f84000252020022400228e43
:104e64002c00bf8f020055a601004224240022ae6c
:104e74002800b58f251040022400b48f2000b38f82
:104e84001c00b28f1800b18f1400b08f0800e0032b
:044e94003000bd2706
:020000040000fa
:020000041d01dc
:104e9800d8ffbd271000b0af0080103c4036102668
:104ea800300002922400bfaf2000b4af1c00b3afa3
:104eb8001800b2af130040141400b1af38000392c9
:104ec800010002240b006210000000002400bf8fc4
:104ed80001001124251020022000b48f1c00b38f7c
:104ee8001800b28f1400b18f1000b08f0800e003d3
:104ef8002800bd271190400f2800a4aff3ff4010f1
:104f08002800a48fffff8224feff422c30004010af
:104f1800ffff92300500422e2d004010c0a0120065
:104f2800211092020080133c80100200ec3173269d
:104f3800211062022000438c1a00831401001124fe
:104f4800000043901700601000000000010043902b
:104f580014006014258800000c00438c0400605481
:104f6800300002920800438c0c0043ac30000292df
:104f7800212092028020040019004014212064029c
:104f8800a96f400f2190920280901200219872021e
:104f980001000224180060a2010062a2190060a2a8
:104fa80025880000608d400f000000002400bf8f9e
:104fb800251020022000b48f1c00b38f1800b28f78
:104fc8001400b18f1000b08f0800e0032800bd273f
:104fd800608d400f01001124f5ff00102400bf8fe1
:104fe8007d61400f21909202e8ff0010809012002e
:020000040000fa
:020000041d01dc
:104ff800d0ffbd271c00b0af0080103c4001102638
:105008002c00bfaf2800b3af2400b2af0d000416c8
:105018002000b1af20000292010042300a00401087
:105028002c00bf8f4400128e1000428e09f84000f9
:105038001400048e1c00118e010002240800225264
:105048001800138e2c00bf8f2800b38f2400b28f56
:105058002000b18f1c00b08f0800e0033000bd278e
:105068001c00428e09f8400025206002f6ff51100e
:105078002c00bf8f2000428e09f8400025206002d6
:105088002200401425200002200002923c00068ed7
:105098008410227e0100c33019006014200002a28f
:1050a8000200c6300f0002247800058e0a100600a0
:1050b800253040008763400f25200002dc85400f23
:1050c80000000000cc87400f7c0002ae3a00039637
:1050d800900000ae02106270020003241c0003aeb0
:1050e8006210033cd34d6324e703422419004300b4
:1050f8001010000082110200d2ff0010800002aee2
:10510800c418227eedff0010200002a2c061400feb
:105118001000a2af1000a28f2c00bf8f2800b38f01
:1051280025304000ffff02241c0002ae2400b28f8d
:105138002000b18f1c00b08f029d053c7c55a52432
:0c514800252000009d8e400b3000bd278c
:020000040000fa
:020000041d01dc
:105154000100a0540000a0ac390080100000000041
:1051640000008280360040100200093c2530000017
:10517400254000002518000003000a24fe000b242b
:1051840006052925f8ffbd27ff0042302e004010f8
:10519400010084240400072d1300e010d0ff4224f2
:1051a40005006010ff0042300b006a100000000090
:1051b4000b004b502b10c9000a00472c0a00e010ca
:1051c40001006324003206000438467cff0063308b
:1051d400edff00100000828003004b142b10c90067
:1051e40004004014003cc77c251000000800e003c4
:1051f4000800bd2740100700003acc7c211047006e
:10520400c010020080180c002110470021186c0007
:105214004018030080100200211043002130460092
:105224002118a80301000825000066a0ff0008312a
:105234002530000025180000d3ff001000008280f4
:105244000800e0030100022403000324e7ff031520
:10525400251000000200033c060563242b18c3003c
:10526400e2ff6010003ac77c003cc47c401004009c
:1052740021104400c01002008018070021104400cf
:105284002118670080100200401803002110430019
:10529400213046000300a6a3d4ffa010010002247d
:0c52a4000000a38fd1ff00100000a3ac9d
:020000040000fa
:020000041d01dc
:1052b000d0808297c0ffbd273c00bfaf3800b5af9c
:1052c0003400b4af3000b3af2c00b2af2800b1afa0
:1052d0000a0040142400b0af3c00bf8f3800b58fe7
:1052e0003400b48f3000b38f2c00b28f2800b18f00
:1052f0002400b08f0800e0034000bd272590800007
:105300000080133c1000a4277c97400f1000518ea2
:10531000d880400f883764260080143c438f400fac
:105320008837642614004010258040000400029253
:105330000100032403004310020003241800435417
:105340001800438e050004920390400f0800158e4c
:1053500020002052040002921d0022122528000283
:10536000348f400f1000a427438f400f88376426e6
:10537000eeff4014258040001000a38f883762267e
:1053800025204000883763ae1400a38f040043ac8f
:105390001800a38fa886400f080043ac1800438e66
:1053a00002000224cdff62143c00bf8fd0808297a0
:1053b000ffff4224ffff4230c7ff4014d08082a786
:1053c000da7e400f00000000c4ff00103c00bf8fd9
:1053d00004000292ffff42240200422c0600401407
:1053e0000300062425280002348f400fb03784269e
:1053f000caff001000000000fbff05247e92400f52
:0c5400002520a002f8ff00102528000263
:020000040000fa
:020000041d01dc
:10540c00d0ffbd272c00bfaf2800b2af2400b1af36
:10541c003a0080142000b0af0080103ce8340292b7
:10542c0036004010e8341026240002923400405418
:10543c00ffff11241c00028e060004961400428cff
:10544c0009f840002528000025904000ffff0224a9
:10545c003c004252029d043c1400028e0080113c20
:10546c000c3531260800438cf505023c00e1423432
:10547c00029d043c25282002d819842409f86000d8
:10548c001000a2af1c00038e1400a2af1800a0af36
:10549c001800628c1000a52709f840002520400256
:1054ac001e0042041c00028e1c00038e0c00028e97
:1054bc002c00bf8f300003ae280002ae0100032485
:1054cc0002000224340012ae260002a6240003a21d
:1054dc00251020022c0010ae540000a2380000aea3
:1054ec003c0000ae400000a62800b28f2400b18f13
:1054fc002000b08f0800e0033000bd27ffff11240f
:10550c002c00bf8f251020022800b28f2400b18ff1
:10551c002000b08f0800e0033000bd27252040029a
:10552c001c00428c09f84000ffff1124029d043c32
:10553c00380305244890400fa05b8424f1ff001031
:10554c002c00bf8f270305244890400fa05b8424b8
:08555c00ebff0010ffff11241a
:020000040000fa
:020000041d01dc
:10556400d0ffbd272000b3af809804001c00b2af69
:105574001400b0af0080123c218064024001522626
:1055840080811000218050022800b5af4c00158e98
:105594002400b4af25a080001800b1af2c00bfaf29
:1055a4004198400f2520a002a000118e24885100ac
:1055b4000e00201600000000219874028099130048
:1055c400219853029400648e2c00bf8f2800b58f5d
:1055d4002400b48f2000b38f1c00b28f1800b18f49
:1055e4001400b08f8c93400b3000bd27a400048eb0
:1055f40002191100c011110025209100a40004ae6d
:105604009c00048e000463300002423025104300e5
:10561400401911002510440000016330822111005b
:105624002510430081008430c21811002510440065
:10563400700063308220110025104300080084307c
:105644004018110006006330251044002510430063
:105654009c0002ae25282002c697400f2520a002f8
:1056640025282002c097400f2520a002a800028e02
:10567400d2ff4050219874029c00048eac00058e29
:10568400219874028099130009f84000219853026c
:105694009400648e2c00bf8f2800b58f2400b48f33
:1056a4002000b38f1c00b28f1800b18f1400b08f8c
:0856b4008c93400b3000bd2770
:020000040000fa
:020000041d01dc
:1056bc00d8ffbd271800b2af1400b1af1000b0afc7
:1056cc002400bfaf2000b4af1c00b3af2580800016
:1056dc00cc97400f2588a000440040102590000076
:1056ec00f896400f252000020000338e0400348e03
:1056fc006c97400f252000027097400f2520000268
:10570c00821013002b1082023c004010029d033cbf
:10571c00a85a63240600022401000524020000108c
:10572c000a000424020063241b006202f4014000fe
:10573c00121000002b108202040040100100a5245e
:10574c00f8ffa454000062940a0005247497400fdb
:10575c00252000020800228e010042301200401069
:10576c00252000024497400f000000000800228e04
:10577c000200423012004010252000024c97400fce
:10578c00000000002400bf8f251040022000b48fc1
:10579c001c00b38f1800b28f1400b18f1000b08fa3
:1057ac000800e0032800bd274897400f00000000c8
:1057bc000800228e02004230f0ff40142520000227
:1057cc005097400f000000002400bf8f25104002ae
:1057dc002000b48f1c00b38f1800b28f1400b18f4f
:1057ec001000b08f0800e0032800bd270097400f81
:1057fc0025200002baff001003001224d3ff001072
:04580c00010005246e
:020000040000fa
:020000041d01dc
:10581000c0ffbd272700aa273c00bfaf2558800046
:1058200004180a7c000055bd0f0000000020023c57
:10583000255042010c0040ad3f00a010080040add3
:105840002548a0000b00a588080025993b00a05022
:10585000252840010d0026910c00229100320600ff
:105860002530c2003400c01008004d250d00001086
:105870000c004c250b006588080065981100a010ed
:10588000000000000d0066900c00639000320600de
:105890002530c3000b00c010000000000c00405475
:1058a0000800438d1000acaf2538a0010f76400fe3
:1058b000252060010300238900002399edff601477
:1058c000254860001d004010252840010800438d38
:1058d000170060103c00bf8f0c00448d1000831037
:1058e0000001668d0000648c080044ad0c00c58c7e
:1058f0000400642400e0847c000060ac1500a0106b
:10590000140060ac0000a3ac1400a4ac0c00c3ac49
:105910000800438d0c00448df3ff83540000648c19
:105920000c0040adf1ff6014080040ad3c00bf8f9b
:105930000800e0034000bd27252840016174400fa6
:10594000252060013c00bf8f251000000800e00307
:105950004000bd270800c3ac0c00c3acedff001035
:045960000800438d6b
:020000040000fa
:020000041d01dc
:10596400d8ffbd271c00b3af2400bfaf2000b4afe5
:105974001800b2af1400b1af1000b0af4100a010d6
:10598400259880001000a38c1400a28c0b006014d6
:105994001800b18c3f0040140000000032001224b3
:1059a4003600201678001424c0101400231054006c
:1059b400c210020012000010f6ff51241400742ccf
:1059c400140004240a2074000200401425a080005e
:1059d4004210040029002016f6ff52249224023caf
:1059e400244942242b186200f0ff6014c0101400f4
:1059f400c2881400c010110023105100f6ff512476
:105a04006494400fcccc103ccdcc1036190050001f
:105a140010180000022103008018040021186400fb
:105a24008018030023104300211052006494400f97
:105a3400100062ae190050002400bf8f180074ae2d
:105a44001800b28f2000b48f108000000281100073
:105a540080181000218070008080100023105000f6
:105a640021105100140062ae1400b18f1c00b38fda
:105a74001000b08f0800e0032800bd27e0ff0010ed
:105a8400f6ff31265f00112432001224dcff0010df
:105a94007800142404002012f6ff5224f6ff312665
:105aa400d7ff0010780014245f001124d4ff0010e5
:045ab400780014243e
:020000040000fa
:020000041d01dc
:105ab8001800838c030002244a00621000000000d2
:105ac8008880828fe0ffbd271c00bfaf1800b1aff0
:105ad800300040141400b0af0800828c2588a00064
:105ae80042004010258080003900a0101c00bf8fa4
:105af8006398400f000000002520400001000224a8
:105b08006598400f7c8082a3019d053c25300000ec
:105b180078b7a524c285400f090004242b00401043
:105b2800808082af0800048e000025960800828cd1
:105b380009f84000040006241e0040108880838f66
:105b48000800068e000025960200249601006324b2
:105b58008c8086af908085af848084a7888083af4f
:105b68006398400f948082af7c8083932520400007
:105b7800010063246598400f7c8083a30100022400
:105b88001c00bf8f1800b18f1400b08f0800e0030d
:105b98002000bd271c00bf8f01004224888082afef
:105ba8001800b18f010002241400b08f0800e00330
:105bb8002000bd27029d053c252000009d8e400f3a
:105bc800bc36a5248995400f8080848f1c00bf8f28
:105bd800251000001800b18f1400b08f0800e003f2
:105be8002000bd270800e00301000224029d053cb7
:105bf8009836a5249d8e400f25200000e0ff001058
:045c08002510000063
:020000040000fa
:020000041d01dc
:105c0c004a008004a880838fe0ffbd271c00bfaf33
:105c1c002b1883001800b2af1400b1af1000b0af56
:105c2c003c00601025100000b880908f8018040094
:105c3c000a80037e370000122588a0002590800082
:105c4c003c00062425280000a093400f25202002ac
:105c5c007700029201000324390043504000048e67
:105c6c0060000796620005964800038e0000088ebf
:105c7c001800028e1400068e0400048e260025a641
:105c8c00280023ae2000058e1c00038e240027a6be
:105c9c007600079223208800234846002b4065009d
:105cac002c0027ae300029a622000011320024a6b9
:105cbc0023104500231866002110430001004224e4
:105ccc00ffff423025204002c37a400f340022a649
:105cdc00fdffe4240300842c360022a6040080146b
:105cec00030003240800e738010002240b184700c6
:105cfc003e00049604006534010002240002863044
:105d0c000b18a60000048430080065340b18a4009e
:105d1c00380023ae1c00bf8f1800b28f1400b18f57
:105d2c001000b08f0800e0032000bd270800e0033e
:105d3c002510000023106500e2ff0010ffff423029
:105d4c004400038e000022ae040024aec4ff0010f9
:045d5c00140023ae5e
:020000040000fa
:020000041d01dc
:105d6000d8ffbd272000b4af0080143c0037828ede
:105d70002400bfaf1c00b3af1800b2af1400b1af26
:105d80003a0040141000b0af0080123c0837518e2a
:105d9000030020160080133c0080113cd0373126d0
:105da0000437708e050000160100023c0080103c94
:105db000d0371026c0fd422421800202821f11002c
:105dc000020002240100625000e0317e821f1000b8
:105dd000020002240100625000e0107ee192400fb8
:105de000000000000000438c0400428c2b202302a2
:105df00004008014211062002b202202290080540c
:105e00002b1811020080043c4001842400e0847cb3
:105e10002b206400150080142b2003020400801442
:105e20002b2062002b200202180080142b2062001d
:105e30000f0080102400bf8f0080043c40018424a8
:105e400042270400050005241200851404000524df
:105e500000a0043c2518640025104400083743ae18
:105e6000043762ae0837428e003782ae2400bf8fff
:105e70002000b48f1c00b38f1800b28f1400b18fb4
:105e80001000b08f0800e0032800bd27eaff0010d3
:105e900025100002efff85100080043cf1ff001088
:105ea000083742aee4ff601425182002deff001020
:045eb0002b2002029f
:020000040000fa
:020000041d01dc
:105eb400d0ffbd271400b1af0000d18c1c00b3afdc
:105ec4002598c0004000a6932800b6af25b0a000d6
:105ed400252820021800b2af2c00bfaf2400b5afb4
:105ee4002000b4af1000b0af5573400f2590e00010
:105ef40030004010252820023b004012258040003d
:105f04000e0004960800428c0c00039625282002fb
:105f14002110440023105100ffff42302b20430086
:105f24000b1844002b10430225a800001900401050
:105f340025a00000252820022520c002cb92400f76
:105f4400253040020000108e21a8b202212832021e
:105f540021b0d20218000012ffffb53216008012e1
:105f64000800118e25908002251020020e00049650
:105f74000c0003962110440023105100ffff42300f
:105f84002b2043000b1844002b104302e9ff40145c
:105f940025a0000017006054239043020000108ed7
:105fa400060000122c00bf8f0800118eefff0010b6
:105fb4002510200225a800002c00bf8f2510a00268
:105fc400000065ae2800b68f2400b58f2000b48f82
:105fd4001c00b38f1800b28f1400b18f1000b08f63
:105fe4000800e0033000bd2725a80000f2ff0010e0
:105ff40025282002ffff5432ceff001025906000b8
:020000040000fa
:020000041d01dc
:10600400c0ffbd272c00b1af258880002520c0002b
:106014000400878c0000a28c3800b4afc2a707002c
:106024003400b3af3000b2af2800b0af3c00bfaf14
:106034002580a0000400a38c0800b28c2000a2af2d
:106044000c00b38c3e0080120000c68c2330060086
:106054002b20060023380700080060042338e400de
:106064004408027c050080162000a2af2000a28f05
:10607400040043302a006010c000427cffff422627
:106084002000a3271800a3af0a0003241400a3af21
:106094001000a2af2f5b400f2520000206008016df
:1060a4002d0003242000a38f040064301e00801000
:1060b400080063302b000324ffff422421206202e6
:1060c400000083a01000068e2000a38f2538400214
:1060d400ffffc6241000a3af2330c20021286202b0
:1060e400c764400f252020020400238e0001633082
:1060f400040060103c00bf8f0400038e2a2043007c
:106104000b1064003800b48f3400b38f3000b28faa
:106114002c00b18f2800b08f0800e0034000bd2799
:10612400d7ff001023104202e6ff60102000042471
:10613400ffff422421186202e2ff0010000064a065
:10614400c8ff63044408027cc9ff00102000a28f2a
:020000040000fa
:020000041d01dc
:10615400c8ffbd272c00b1af2800b0af2588800050
:106164002580a0002520a0003400bfaf9b91400fe4
:106174003000b2af2c00322625200002a791400f38
:106184002000a2af1000a0af25380000340026265e
:106194002528400225200002fd8b400f1c00a2afe1
:1061a40059002292020042302f004014300025266c
:1061b40042000296200042300c00401004000624e5
:1061c400590022920800433030006014380025261c
:1061d40010004230280040501800a5273c00252616
:1061e4003696400f252000020400062401000524f1
:1061f4008582400f2520000225200002025007243a
:1062040025304002ba79400f252840023400228efe
:106214002c00238e1c00a48f241862002000a28f5f
:106224002410440005006210040007241c00a62763
:106234002000a527b449400f252000023c87400fc9
:1062440025202002252000024679400f080005245d
:106254003400bf8f3000b28f2c00b18f2800b08f74
:106264000800e0033800bd272a96400f25200002cd
:10627400d0ff001042000296252000023696400fff
:106284001800a0afd9ff0010040006243096400f78
:0c62940025200002ceff001059002292cd
:020000040000fa
:020000041d01dc
:1062a0000300c0142510e0000800e0030000000017
:1062b000d0ffbd272000b3af2598c0000100062401
:1062c0001c00b2af1800b1af1400b0af2c00bfafcc
:1062d0002800b5af2400b4af2588a0005573400f47
:1062e0002590e0003c004010258040000800438cd1
:1062f00025a000000e0004960c00029621186400f0
:106300002318710003004010ffff63302b20620050
:106310000a1844002b1063021300401025a8000047
:1063200025300000252860021135400f252020026d
:10633000271002000100833223006014ffff423067
:106340000000108e21a09302ffff94320e00001275
:10635000219042020c00a0120800118e2598a00284
:10636000e4ff0010251820021d00601423106302b2
:106370000000108e05000012ffff42320800118e4f
:10638000dcff001025182002ffff423202941200a9
:1063900021904202007c427e2c00bf8f219042025d
:1063a00027901200ffff42322800b58f2400b48fdf
:1063b0002000b38f1c00b28f1800b18f1400b08f73
:1063c0000800e0033000bd270935400f25204000bc
:1063d000dcff00100000108eecff001025104002c2
:0c63e000ffff5530ceff00102598600034
:020000040000fa
:020000041d01dc
:1063ec00460080049080868fe0ffbd271c00bfaf65
:1063fc002a1086001800b1af1400b0af390040105d
:10640c00251800008097400f2580a0003500401013
:10641c00258840003300a0105400062425280000d5
:10642c00a093400f252000023c002292010003247f
:10643c00350043501400268e000000ae4000238e21
:10644c003f0022920400268e0400643000002d8e42
:10645c000100842c28002b962a002a962400298ed1
:10646c005400288e010045302538800002008c3401
:10647c000b3885012528e0002330cd00080067305b
:10648c0044000ba646000aa6480009ae4c0008a61c
:10649c004e0006a60300e014500005ae0400a43420
:1064ac00500004ae02004430040080101000633031
:1064bc005000048e08008434500004ae04006014b4
:1064cc00040042305000038e10006334500003aec1
:1064dc0004004010010003245000028e20004234be
:1064ec00500002ae1c00bf8f251060001800b18f49
:1064fc001400b08f0800e0032000bd272518000011
:10650c000800e003251060001800258e1c00248e66
:10651c002000238e040006ae140005ae240004ae49
:0c652c00340003aec5ff0010000002aefa
:020000040000fa
:020000041d01dc
:10653800e0ffbd271400b0af1c00bfaf8097400f2d
:106548001800b1af25804000290000122510000076
:106558004000028e00304230370040102588a000ed
:106568004000028e448c027c000b437c0040443087
:10657800400002aeff006630020080143c0003a217
:10658800240000ae008042300600405448000296c5
:1065980040000292180000ae3f004230400002a2c4
:1065a8004800029604004230050040100000000038
:1065b8004000028e0400423001004054280000a62a
:1065c80010002016000000002c00058e0300a0100b
:1065d800010002242400c210000000004000038ec5
:1065e8000100042401000224448c837c400003ae93
:1065f8001c00bf8f1800b18f1400b08f0800e00393
:106608002000bd27958d400f25200002438f400fa5
:106618004c00042625284000cc72400f252000029b
:106628004000038e0100042401000224448c837c72
:10663800efff0010400003ae3583400f2520000215
:106648004000028e448c027c000b437c00404430a6
:10665800400002aeff006630caff80143c0003a26f
:10666800c8ff0010240000ae4462400f252000023d
:08667800dbff00104000038e5f
:020000040000fa
:020000041d01dc
:10668000436f6d6d616e64733a0d0a0020206120c6
:106690002d206e657720697020616464720d0a0098
:1066a000202068202d207072696e742068656c70df
:1066b0000d0a000020206e202d206e657420696e6a
:1066c000666f0d0a00000000202070202d207069e8
:1066d0006e6720676174657761790d0a00000000bc
:1066e000202072202d20736f66747761726520728e
:1066f000657365740d0a00004e657720495020418e
:106700006464726573733a200000000025730d0afb
:1067100000000000546869732066656174757265d5
:10672000206e6f742079657420696d706c656d657d
:106730006e7465642e000000526573657474696e32
:10674000672e2e2e200d0a004552524f523a2055e8
:106750006e6b6e6f776e20636f6d6d616e64202758
:106760002563272e0d0a00004552524f523a204f02
:106770006e6c792073696e676c652d6c65747465d9
:106780007220636f6d6d616e647320737570706fce
:10679000727465642e0d0a0045454d2420000000ea
:1067a000256300000d0a4572726f723a20636f6da7
:1067b0006d616e6420746f6f206c6f6e670d0a3ea2
:0467c00020000000b5
:020000040000fa
:020000041d01dc
:1067c400e0ffbd271600a2301800b2af1c00bfaf17
:1067d4001400b1af1000b0af2b0040102590800022
:1067e4001900c014ffffb0300080113c642d312625
:1067f4005a0085941081838f18002296252805025b
:1068040001006324010042345a0085a4108183af3f
:10681400180022a61400398e230020131c00bf8ff9
:106824001800b28f1400b18f1000b08f0080043ca8
:10683400253800000100062401000524742d842459
:10684400080020032000bd276398400f0080113cfe
:10685400642d31265a0045961081868f18002396a0
:10686400252805020100c624010063345a0045a608
:1068740025204000108186af6598400f180023a69c
:10688400e5ff00101400398e0d00c014ffffb03076
:106894005a0085941081828f252805020100422424
:1068a4005a0085a4108182af1c00bf8f1800b28fdc
:1068b4001400b18f1000b08f0800e0032000bd2742
:1068c4006398400f000000005a0045961081838fa2
:1068d4001c00bf8f252805025a0045a61400b18f5d
:1068e4001800b28f1000b08f0100632425204000ef
:1068f4002000bd27108183af6598400b0000000085
:020000040000fa
:020000041d01dc
:10690400e0ffbd271000b0af0080103c40361026d9
:106914001400038e3400028e1c00bfaf1800b2af07
:106924001400b1af100003ae270040500400028ee3
:106934000c00438c240062040400028e0c00518c71
:106944000400028e1400128e1800428c2188510219
:1069540009f840002b9032021000048e2b204400d2
:1069640024008014252800002000038e21106200da
:106974002b184300211865002b20430228008014a3
:1069840000000000290072102b1822021c0011ae16
:106994001c00028e040040540400028e01000224f4
:1069a4001c0002ae0400028e1c00048e1c00bf8f6b
:1069b4001800b28f1400b18f1000b08f1400598cde
:1069c400080020032000bd271400128eff7f113c15
:1069d4001800428cffff313609f84000218851022b
:1069e4001000048e2b9032022b204400deff801016
:1069f40025280000ffff44242b188200252860006e
:106a04002000038e25108000211062002b18430003
:106a1400211865002b204302daff801000000000db
:106a24001c0002aedaff001000000000d7ff601067
:106a3400000000001c0002aed5ff001000000000a2
:020000040000fa
:020000041d01dc
:106a44000080033cd0ffbd27400163242c00bfaf6e
:106a54002800b1af2400b0af1000a0af1400a0a76d
:106a640032008314faff02242588a0003400a01009
:106a74004c00908c060006241000a5271f90400fa0
:106a8400252020022e0040101800a8270300228a87
:106a940005002392040024920000229ac104073cba
:106aa4001d00a3a31800a2af1c00a4a31e00a927c5
:106ab400ffff0224ff000324b71de7240000059113
:106ac4000200001008000624021e02000100a43087
:106ad400c2190300ffffc624020083104010020005
:106ae40026104700f8ffc01442280500000005a145
:106af40001000825f1ff2815021e02000007437c4f
:106b04001c00601488bf033c482063240100042453
:106b1400c025427c04104400000062ac00800534af
:106b24002c97400f25200002251000002c00bf8f59
:106b34002800b18f2400b08f0800e0033000bd2787
:106b4400252000022897400f0080053425200002ec
:106b5400253000004097400f253800002c00bf8fdf
:106b6400251000002800b18f2400b08f0800e00336
:0c6b74003000bd27e5ff0010582063240e
:020000040000fa
:020000041d01dc
:106b8000d8ffbd271800b2afb480928f0100022455
:106b90002400bfaf2000b4af1c00b3af1400b1afee
:106ba000090042121000b0af2400bf8f2000b48f44
:106bb0001c00b38f1800b28f1400b18f1000b08f7b
:106bc0000800e0032800bd27b080828ff6ff401840
:106bd000a880838f1400828c2598800002000424f2
:106be000b48084af14006010049052002588000027
:106bf000b880828f808011000a80507c0b00005288
:106c0000010031262496400f4800048e0100042420
:106c10000418440003004004241872001400605457
:106c20003e000296a880838f010031262b1023029c
:106c3000f0ff4014b880828f1800638e0200022497
:106c400017006210b080828f2400bf8f01000224e1
:106c50002000b48f1c00b38f1800b28f1400b18fc6
:106c60001000b08fb48082af0800e0032800bd2779
:106c70003c00148e002006240400827c3e0002a604
:106c8000252800005871400f252000023e00029682
:106c90000004947e0400827ee2ff00103e0002a603
:106ca000ffff4224e8ff4014b08082af9e7a400f7d
:0c6cb00000000000bcff0010b48080afaa
:020000040000fa
:020000041d01dc
:106cbc000400828cc0ffbd273800beaf2800b4afe3
:106ccc002000b2af1c00b1af3c00bfaf3400b7af77
:106cdc003000b6af2c00b5af2400b3af1800b0af86
:106cec002588c0002590e0005400b48f02004104b8
:106cfc005800be8f010002241000908c0c00958c63
:106d0c000000d78f5000b38fffff10262118b00260
:106d1c00000060a001000924234053000200f73258
:106d2c00c3b714001000001e251032022c00205195
:106d3c000000c28f3c00bf8f251000023800be8fb0
:106d4c003400b78f3000b68f2c00b58f2800b48f6d
:106d5c002400b38f2000b28f1c00b18f1800b08fad
:106d6c000800e0034000bd27070040142110130168
:106d7c000600401c25202002ecff601a00000000d9
:106d8c00eaffe01200000000252020022528400226
:106d9c00253080022538c0021400a8afb624400f5d
:106dac00ffff10261000a2af2118b00230004224c1
:106dbc002520200225284002000062a025308002f8
:106dcc00c723400f2538c002ffff732625884000db
:106ddc00259060001400a88fd2ff00101000a98f1e
:0c6dec000421027cd3ff00100000c2afa5
:020000040000fa
:020000041d01dc
:106df800e0ffbd271400b0af200090940800838cfa
:106e08001800b1af25888000080004321c00bfaf0d
:106e1800220080101000628c010044302000805055
:106e28000060063201006290c23210004031060054
:106e3800440024960100c634010047300004c534dc
:106e4800220003242d0083100b30a70002004230db
:106e58000008c3340b306200040005245c80400f36
:106e680025202002090040101c00bf8f01011032ac
:106e78000101022428000212040002241a0022a69a
:106e8800080002241c0022a61c00bf8f1800b18f26
:106e98001400b08f0800e0032000bd270060063210
:106ea8000400c0100001c3340001467c40330600d2
:106eb8000001c334005010320b3070000001423022
:106ec8000040c3340b306200252800005c80400f6e
:106ed80025202002edff40101c00bf8f0400022473
:106ee8001a0022a60a0002241c0022a61400b08f51
:106ef8001800b18f0800e0032000bd274600239644
:106f08002016042420166330d1ff64140200423096
:106f1800d2ff0010040005241a0022a6060002244d
:086f2800d9ff00101c0022a695
:020000040000fa
:020000041d01dc
:106f3000020002244900821000000000d8ffbd2793
:106f40001c00b0af2580c0002400bfaf2000b1af4f
:106f5000330000122530a0000000028e1c004014f7
:106f6000258800002538000025280000cf1f400f8d
:106f700001000424ffff03241c004310b880848f09
:106f800080180200010006240a18837c77006590af
:106f9000480071ac1b00a610740064940500201218
:106fa0000100052401000524446ba47c740064a442
:106fb000010005248473a47c740064a42400bf8fa2
:106fc0002000b18f1c00b08f0800e0032800bd270f
:106fd0001000a5af252000029c87400f2528000047
:106fe00025884000dfff40141000a68f2400bf8fcb
:106ff000ffff02242000b18f1c00b08f0800e003c7
:107000002800bd270000068e0463a47c740064a4dd
:10701000e4ff2016440066ace6ff001001000524e2
:107020002538000025280000cf1f400f0100042450
:10703000ffff0324e1ff4310b880848f8018020013
:107040002400bf8f0a18837c2000b18f1c00b08ff2
:10705000480060ac0800e0032800bd270800e003fa
:04706000ffff022408
:020000040000fa
:020000041d01dc
:10706400d8ffbd272000b4af2400bfaf1c00b3afce
:107074001800b2af1400b1af1000b0af2400e0109c
:107084003800b48f020002242b00c2100100022435
:107094002000c214258000000c01908c0801918c02
:1070a4002598a0000800028e290040102590e000d9
:1070b40017006012258000000800001025308002af
:1070c400000082ac140083ac0c0022ae0100102638
:1070d400110070122400bf8f25308002180005248f
:1070e40009f840020100042404004324090040106c
:1070f40000e0637c0c00248e000040acf0ff8014a0
:10710400140040ac0c0022aef0ff0010080022aec8
:10711400258000002400bf8f251000022000b48fba
:107124001c00b38f1800b28f1400b18f1000b08f01
:107134000800e0032800bd270401908c0001918c15
:107144002598a0000800028ed9ff40142590e00085
:10715400253080021800052409f8e0000100042409
:10716400ecff4050258000000800048e0c00058ec2
:107174000400832400e0637c000044ac140043acae
:10718400cbffa014080002aec9ff00100c0002ae31
:020000040000fa
:020000041d01dc
:107194003c008010000000000000828c3900401088
:1071a400060003240800868c3400c3500400838c3a
:1071b4000300a014821805007d01053c4078a32437
:1071c400422802002128a3002b18a2002d006014dd
:1071d400000000001b00a200f40140000100023c7a
:1071e40012280000ffffa5242b10a2002500401048
:1071f40082bf033c1022678c0080083406000224fe
:10720400001ce730042268ac2800c2100000000013
:107214000022628c0400868c4410027c25104600f7
:10722400002262ac0022628c0c00868c06000424ce
:107234000400027c25104600002262ac402265acaa
:107244000022628c060042301000441080000424a6
:107254000080023cfc354224300044ac0004042489
:10726400180044ac00800234082262ac01000224fd
:10727400182267ac0800e00300000000ccff601097
:10728400000000000800e003251000000080023c1c
:10729400fc35422440000424300044ac00020424a1
:1072a400180044acf0ff0010008002340022628c0d
:1072b40006004234002262acdaff00100000000035
:020000040000fa
:020000041d01dc
:1072c4001400828c3300401403000324d8ffbd272c
:1072d4002000b0af2400bfaf310082901b004310e8
:1072e40025808000ffff43240200632c39006010d6
:1072f400010008240c00838c1000848c3000638c03
:10730400320005963600069624004810340007968d
:107314001800a2271400a2af09f860001000a0af63
:1073240015004014020003241800a38f0200022455
:1073340023006214029d043c030002242400bf8f36
:107344002000b08f0800e0032800bd270c00828cc9
:107354001800a3271000a3af36008694320085944a
:107364002c00428c1000848c09f840002538000061
:10737400edff401002000324140002ae300003a20b
:10738400010002242400bf8f2000b08f0800e00316
:107394002800bd270800e003030002241800a827e2
:1073a4001400a8af09f860001000a2afdeff40107f
:1073b4002518000025100000f2ff0010300003a281
:1073c400470105244890400f0c558424dbff00102e
:1073d400feff0224029d043c3b0105245590400f0e
:0c73e4000c558424d5ff0010ffff02248c
:020000040000fa
:020000041d01dc
:1073f000e0ffbd271400b0af4c00908c1800b1af77
:10740000258880001c00bfaffc96400f252000029d
:107410000497400f252000020c97400f2520000202
:10742000b797400f25200002fdff40140000000028
:107430000097400f2520000203000010000000000c
:10744000f096400f000000002998400f2520000210
:10745000fbff401425200002c0002326000075bc5d
:107460000f0000000020053c251865000c0060acf2
:10747000080060acd0002426000123ae000095bcbb
:107480000f000000252085000c0080ac080080acb7
:10749000e0002326040124ae000075bc0f000000ac
:1074a000251865000c0060ac080060acf0002226d6
:1074b000080123ae000055bc0f0000002510450058
:1074c0000c0040ac080040ac252000020c0122aeac
:1074d000c997400fef63052425200002b396400fa3
:1074e0002528000025280000b896400f252000021e
:1074f000f496400f25200002f896400f2520000248
:10750000252000021c00bf8f1800b18f1400b08f1f
:0c751000000605242798400b2000bd2732
:020000040000fa
:020000041d01dc
:10751c00760083900b00662c1400c010010002242e
:10752c0004306200f002c7301000e0142510000097
:10753c00d8ffbd270c01c7302400bfaf2000b1af6e
:10754c000c00e0141c00b0af0004c6303700c0546f
:10755c0025280000010002242400bf8f2000b18fd9
:10756c001c00b08f0800e0032800bd270800e003d2
:10757c00000000002580800074008494400084305a
:10758c0022008010000000000000048e100004aee9
:10759c000c0004ae1400a010080004ae070000108c
:1075ac001100112410006050760003920800048e24
:1075bc001000038e0c008350760003920100062409
:1075cc0025282002750b400f25200002f5ff4304ef
:1075dc00640003963e00039601000424c45a837c85
:1075ec00ddff00103e0003a63e0004960800633841
:1075fc000900062404000524c45a047c0a28c3008c
:10760c003e0004a6d4ff0010760005a2ebffa014e8
:10761c00110011240800058e1000048ef2ffa41036
:10762c0010001124e6ff001001000624f237400f71
:0c763c001000a2afc8ff00101000a28fc9
:020000040000fa
:020000041d01dc
:10764800b8ffbd273c00b5af3800b4af25a8c000cf
:1076580025a0a00084000624252800004000b6af1d
:107668003400b3af3000b2af2c00b1af2800b0afd8
:1076780025b0e000258080004400bfafa093400ff4
:10768800080093245c00a28f780011267c00122643
:10769800780002ae6000a28f370007242530600210
:1076a8007c0002ae5800a28f1c00b6af1800b5af20
:1076b8002000a2af040002241400b4af1000a2af4f
:1076c80025284002c936400f252020020c00401012
:1076d800370002244400bf8f010002244000b68f07
:1076e8003c00b58f3800b48f3400b38f3000b28fb0
:1076f8002c00b18f2800b08f0800e0034800bd2798
:107708002000a0af1c00a0af1800a2af1400b3afb8
:107718001000a0af370007243f00062625284002a6
:10772800c936400f25202002ebff40144400bf8fcc
:10773800800000a24400bf8f01000324000003aeb4
:10774800040000ae4000b68f3c00b58f3800b48fff
:107758003400b38f3000b28f2c00b18f2800b08f67
:087768000800e0034800bd2702
:020000040000fa
:020000041d01dc
:10777000d8ffbd272000b3af1800b1af1400b0afe1
:107780002400bfaf1c00b2af0e00a2900200112473
:107790002580a000120051102598800003001224bb
:1077a00028005210010003241a0043106604052427
:1077b000029d043c6f90400fd057842407000224a0
:1077c0000e0002a22400bf8f2000b38f1c00b28fd6
:1077d0001800b18f1400b08f0800e0032800bd2707
:1077e0000d98400f1000848cf7ff40142400bf8fc9
:1077f0000a93400f1000648e0800038e00140200ec
:107800002518620006000224080003aeedff0010f8
:107810000e0002a20d98400f1000848ceaff401465
:107820002400bf8f040006961000648e8019c57c6a
:107830001000a534848d400f4020c67ce1ff00106d
:107840000e0012a20d98400f1000848cdeff401431
:107850002400bf8f0a93400f1000648e0400059629
:10786000080002ae1000648e4020a67c8019a57c22
:107870000100c634848d400f1000a5340d00029223
:1078800006000324010042300b886200cdff001087
:047890000e0011a233
:020000040000fa
:020000041d01dc
:10789400d0ffbd272400b2af2000b1af1c00b0afb1
:1078a4002c00bfaf2800b3af0f00a2902580a0002a
:1078b4002588e00013004714259080002528000245
:1078c4003574400f2520c0001a000212100006244f
:1078d400029d043c360505246f90400f0058842413
:1078e40002000224290022122c00bf8f2800b38f2b
:1078f4002400b28f2000b18f1c00b08f0800e00379
:107904003000bd27029d043c2a0505240058842428
:107914006f90400f1000a6af1000a68f252800021c
:107924003574400f2520c000eaff0216029d043c76
:10793400100006242528000004000426a093400f0c
:107944000c0013928800428e17004010000000ae15
:10795400000050ac880050ae8c00428e030003241b
:10796400010042248c0042ae01000224dcff6316b5
:107974000f0002a20f98400f1000448e020042969e
:10798400c418027cd6ff0010020042a61000448ee8
:107994002800b38f2400b28f2000b18f1c00b08f59
:1079a4000b98400b3000bd27880050aeeaff001052
:0479b400840050ae4d
:020000040000fa
:020000041d01dc
:1079b800e8ffbd271000b0af0080103c1400bfaf37
:1079c8004036022630004390150060144036038e7e
:1079d8003800439001000224070062502400a7af3a
:1079e8001400bf8fffff1024251000021000b08f75
:1079f8000800e0031800bd272000a6af1c00a5afb3
:107a08001190400f1800a4af1800a48f1c00a58f78
:107a18002000a68ff2ff40102400a78f4036038e67
:107a28000200022408006210ffff1024608d400f3e
:107a3800000000001400bf8f251000021000b08f56
:107a48000800e0031800bd27f8ffa0102b10a400c1
:107a5800f6ff40140080033c25800000ec316324cd
:107a68000500082400006290060040101c808297e0
:107a780001001026fbff081624006324ebff00100a
:107a8800ffff10242320a400180060a00100482450
:107a9800ffff08310014020025805000ffff09395c
:107aa800010002240a404900000062a42800a28fb5
:107ab800190060a0080065ac040062ac100066ac58
:107ac800140067ac0c0064ac200070acd7ff001049
:047ad8001c8088a7df
:020000040000fa
:020000041d01dc
:107adc00e0ffbd271400b1af0800918c0080023c80
:107aec00e8344224261022021000b0af1c00bfafb5
:107afc001800b2af258080000c87400f0b88020065
:107b0c002b0040101c00bf8f340002960002433043
:107b1c000f006010220002a6dc85400f0000000060
:107b2c002c00038e2b104300260040100200022470
:107b3c00252000021c00bf8f1800b28f1400b18fdb
:107b4c001000b08f25280000ef81400b2000bd27ce
:107b5c00dc85400f00000000259040002000228ea4
:107b6c00cc87400f0400518c6210033c021022722f
:107b7c00d34d63240100052425200002e703422491
:107b8c001900430010100000821102002110520055
:107b9c00ef81400f2c0002ae050040101c00bf8f7f
:107bac00050002241a0002a61c0000a61c00bf8fb0
:107bbc001800b28f1400b18f1000b08f0800e003d2
:107bcc002000bd27020002a6f9ff023c1c0002aef9
:107bdc00180000ae1c00bf8f1800b28f1400b18fbc
:107bec001000b08ff9ff04247796400b2000bd27be
:020000040000fa
:020000041d01dc
:107bfc00d8ffbd271800b1af1400b0af2400bfaf41
:107c0c002000b3af1c00b2af0e00a29002001124f2
:107c1c00130051102580a000030012242a005210da
:107c2c0025988000010003241a00431093040524b6
:107c3c00029d043c6f90400fe857842407000224f7
:107c4c000e0002a22400bf8f2000b38f1c00b28f45
:107c5c001800b18f1400b08f0800e0032800bd2776
:107c6c000d98400f1000848cf7ff40142400bf8f38
:107c7c00060002240e0002a22400bf8f2000b38f46
:107c8c001c00b28f1800b18f1400b08f0800e003f5
:107c9c002800bd270d98400f1000848ceaff40147b
:107cac002400bf8f04000696080007961000648e0f
:107cbc008019c57c1000a534798a400f4020c67c01
:107ccc00e0ff00100e0012a20d98400f1000848ce3
:107cdc00ddff40142400bf8f040005960a000796b0
:107cec001000648e4020a67c8019a57c0100c6344f
:107cfc00798a400f1000a5340d000292060003246f
:107d0c00010042300b886200ceff00100e0011a261
:020000040000fa
:020000041d01dc
:107d1c00d8ffbd271800b0af2580a00001000524b6
:107d2c002000b2af2400bfaf1c00b1afad7d400f3f
:107d3c002590c0003300401025200002258840000b
:107d4c001f79400f0400508c1b004050feff122482
:107d5c00080040120e004390fcff64240300842ca6
:107d6c0005008010ffff64240800438c000043ae24
:107d7c000e004390ffff64240400842c0e0080143a
:107d8c00010012240700642c20008010050004243c
:107d9c0019006410259000000600632c0600601486
:107dac00030007240400268e252840009c00c624ce
:107dbc00255e400f25200002090000122400bf8f11
:107dcc006398400f00000000000003922520400043
:107ddc00010063246598400f000003a22400bf8fac
:107dec00251040021c00b18f2000b28f1800b08ffc
:107dfc000800e0032800bd2704000324eeff001058
:107e0c000e0043a0f5ff0010ffff1224029d043c5e
:107e1c00f3040524185a84246f90400f1000a2af6d
:107e2c001000a28fecff1224dbff00100e00439019
:020000040000fa
:020000041d01dc
:107e3c003300a010b880828fd0ffbd272c00bfafbd
:107e4c002800b1af070040102400b0af3c00b08454
:107e5c0004000006a880838f2b1803020600601410
:107e6c00801810002c00bf8f2800b18f2400b08f19
:107e7c00cf7d400b3000bd270a10437cfaff451420
:107e8c002c00bf8f1000828c7a00a694030007246c
:107e9c001000429401000324080042300b18e20049
:107eac002430c3001800c010253800007c00b98ca9
:107ebc008000a78c2800918c4c00a28c150044509b
:107ecc002000828c1800a6af1400a7afcf7d400f06
:107edc001000b9af1800a68f1400a78f1000b98f2f
:107eec001600201325282002252000022c00bf8f0d
:107efc002800b18f2400b08f080020033000bd276c
:107f0c00cf7d400b0000000025c80000eaff0010e8
:107f1c00258800001000838c540080acc418027caf
:107f2c00480080ac6c0080ac600080ac000060aca1
:107f3c000c0060a4eaff0010200082ac2c00bf8f64
:107f4c002800b18f2400b08f0800e0033000bd275b
:020000040000fa
:020000041d01dc
:107f5c000700a22c4400401000000000019d023cd0
:107f6c00802805008c7f42240a28457ce8ffbd2729
:107f7c001000b0af1400bfaf0800a0002580800037
:107f8c00c47f019d3480019dd87f019da87f019df8
:107f9c00ec7f019d1c80019dd87f019d6398400f53
:107fac0000000000000003922a006014ffff63240d
:107fbc006598400f25204000251000001400bf8f4d
:107fcc001000b08f0800e0031800bd271400bf8f0d
:107fdc00010002241000b08f0800e0031800bd2738
:107fec006398400f00000000000003922520400021
:107ffc00010063246598400f000003a21400bf8f9a
:10800c00010002241000b08f0800e0031800bd2707
:10801c001400bf8f010002241000b08f000080ac50
:10802c000800e0031800bd276398400f0000000013
:10803c0001000324000003a26598400f2520400096
:10804c001400bf8f010002241000b08f0800e00361
:10805c001800bd27252040006598400f000003a2a2
:10806c00d6ff0010010002240800e00325100000d8
:020000040000fa
:020000041d01dc
:10807c0048ffbd272510e000b000b1afb400bfaf82
:10808c00ac00b0afd400b18f37004010d800a78f30
:10809c002e00205253ff022431008014cc00a38ff9
:1080ac00800003243800e3142538a0002528400064
:1080bc00e000a28f1000a6afc800a68f1800a2afd8
:1080cc00dc00a28f258080002000a427925d400f49
:1080dc001400a2af0f004014ffff0224070000128f
:1080ec0080000624d000a68fcc00a58fe74a400f55
:1080fc002000a42706004014800006242528200216
:10810c00741d400f2000a427190040108000062485
:10811c00ffff02242000a327a400a627000060a0d4
:10812c0001006324fdff6614000000002000a3275b
:10813c00252000000000659001006324fdff6614fb
:10814c002520850001008054ffff0224b400bf8f5e
:10815c00b000b18fac00b08f0800e003b800bd27b1
:10816c00d0ff605480000324f8ff001053ff02245a
:10817c0025282002741d400f2000a4272b1002007c
:10818c00e4ff001023100200f0ff0010ffff022498
:020000040000fa
:020000041d01dc
:10819c00d8ffbd272000b3af0080133c1c00b2af4a
:1081ac00b43572260400458e2400bfaf1800b1af61
:1081bc002100a0101400b0afb435628e1a004058e4
:1081cc000800448e2400b02425880000dcff028eb9
:1081dc00010031260e00401025204000868c400ff7
:1081ec00000000006376400f252000026376400fec
:1081fc00f0ff04266376400fe0ff04260800448e4f
:10820c000c00828c09f84000dcff058edcff00ae10
:10821c00b435628e2a102202ecff40143c0010266a
:10822c000400458e0800448e0c00828c09f8400036
:10823c0000000000040040ae0800458e0080043ca5
:10824c004693400fd43584241c00448e04008010c7
:10825c00080040ae8995400f000000001c0040aea5
:10826c004400448e070080102400bf8f2000828cb5
:10827c00080042300900401000000000440040aeed
:10828c002400bf8f2000b38f1c00b28f1800b18f59
:10829c001400b08f0800e0032800bd27cf7d400fed
:0c82ac0000000000f6ff0010440040ae8f
:020000040000fa
:020000041d01dc
:1082b8000c00828c0019427c80100200ecff4224e2
:1082c800ff004230260040100100092414008424d5
:1082d800213882002540e00002000a24ffff4224e2
:1082e8002118820023106400010086242b288800ae
:1082f8001b008710ff0042301900a010000000008a
:10830800ffffc5901600a010000000000f00a95044
:108318002520c0001400aa100200432c100060148d
:1083280000000000010083902b2843000c00a014db
:10833800000000000200652423104300212085006e
:10834800ff004230e5ff001021388200231064004e
:10835800010086242b288800e7ff8714ff0042309d
:108368000800e003180202240300422cfcff40141a
:1083780000000000f8ffbd270100859004000324d9
:108388000000a0a70300a310180202240800e003bd
:108398000800bd2703008390020085900000a3a376
:1083a8000100a5a30000a397b505642c0400805420
:1083b8001802642cb4050324f4ff00102510600093
:0c83c8000b184400f1ff001025106000ad
:020000040000fa
:020000041d01dc
:1083d4004100801000000000d8ffbd270800838cf6
:1083e4001800b1af0080113ce83431262400bfaf3f
:1083f4002000b3af1c00b2af1400b0af2d00711455
:10840400f5ff02240200838402000224290062543e
:10841400f6ff02242700a010f7ff02242600c05014
:108424002400bf8f1400228e22004050f7ff022444
:108434000000438c1f006050f7ff02240400438cab
:108444001c006050f7ff02240800428c20004010fa
:108454002598c0001000a28c2590a00005004010b3
:108464002580800025288000029d043c09f84000f6
:10847400d81984240c00428e0000458e0400448eda
:108484000800438e010022a201000224020025a656
:10849400100024ae0a0023a6020002a60100022452
:1084a400180002ae0100023c1c0002ae280013ae0c
:1084b400010002242400bf8f2000b38f1c00b28f60
:1084c4001800b18f1400b08f0800e0032800bd2706
:1084d400f8ff0010f7ff02240800e003f5ff022470
:020000040000fa
:020000041d01dc
:1084e400d8ffbd272400bfaf2000b4af1c00b3af3a
:1084f4001800b2af1400b1af0a00a0101000b0af62
:108504000000a38c08006010258000000700801084
:108514002400bf8f42008294400042300b0040147c
:108524000080133c258000002400bf8f251000022a
:108534002000b48f1c00b38f1800b28f1400b18fc9
:108544001000b08f0800e0032800bd27b43573265f
:108554002588c0002580a0002496400f0400728e58
:1085640000190200231062008010020021904202d0
:108574000000448e4665400f25280002e9ff4010a4
:1085840025a0400000004294c0004330e6ff605044
:108594002580000008002012800042301000838ee5
:1085a400030023aa000023ba14008392040023a228
:1085b40015008392050023a2dbff40100100102464
:1085c4001400522604009126252820028d76400f9f
:1085d400252040021400628e252820022520400216
:1085e4001075400f0c0082aed0ff00102400bf8f26
:020000040000fa
:020000041d01dc
:1085f4003b00801000800a3c40364a253400458dfb
:108604000c00888c3900a010000000000c00a28c23
:108614002518000025380000213043002b10c2002b
:108624002110470025480000120040142b30060199
:108634001000c014000000000c00a28c1c00a68cca
:108644002548a000211062002b1843002138670040
:108654001600c010251840002528c0000c00a28c6c
:10866400213043002b10c20021104700f0ff4010be
:108674002b3006010c0020551c00268d2318030105
:10868400340044ad0c0083ac1c0085ac0c00848c1d
:108694000c00a38c01000224231864000c00a3ac7a
:1086a4000800e00300000000252820011c0086ac1f
:1086b4001c00a4ac1c00858c231803010c0083aca3
:1086c400f7ffa010251000000c00848c0c00a38c74
:1086d400231864000c00a3ac0800e00300000000b1
:1086e400251000000800e003000000000c0088ac26
:0c86f400010002240800e003340044ad43
:020000040000fa
:020000041d01dc
:10870000e0ffbd271000b0af258080009400848c6e
:108710001c00bfaf1800b2af118c400f1400b1aff6
:1087200025280000db77400f252000028c93400fa6
:108730009400048e5080828f0c0002561800048e24
:10874000118c400f9400048e8c93400f9400048e83
:108750009c0000aea80000ae980000aea40000aee1
:10876000a00000ae508080af1800048effff1124df
:10877000050091104400128e1800428e09f8400046
:1087800000000000180011ae1400048effff112439
:1087900006009110029d063c0800428e09f8400038
:1087a00000000000140011ae029d063c25380002b6
:1087b000252000026815c6247750400f02000524ca
:1087c0002520000225300000d268400ffeff05245e
:1087d000029d063c25380002252000023011c624e7
:1087e0007750400f010005241c00bf8f1c0000ae15
:1087f000200000a61800b28f1400b18f1000b08fb7
:088800000800e0032000bd2781
:020000040000fa
:020000041d01dc
:10880800d8ffbd272000b3af1c00b2af1800b1af2e
:108818001400b0af2400bfaf7080908f258880000f
:108828002590a0002496400f2598c000401802000b
:1088380021186200c0180300231862008018030082
:1088480021800302580002920100423017004010b4
:108858002400bf8f1b0060565600029658000292f3
:108868004e0003964800048ed50042302000423462
:10887800580002a2200000ae030080104c0003a69e
:108888004e6d400f25280000180040122400bf8fad
:1088980058000292ee004230580002a2420022968e
:1088a8000400027c420022a62400bf8f2000b38f60
:1088b8001c00b28f1800b18f1400b08f0800e003bd
:1088c8002800bd270900422ce5ff405458000292b9
:1088d800253800000700062425282002a425400f7b
:1088e80025200002deff001058000292560000a664
:1088f8002000b38f1c00b28f1800b18f1400b08f06
:088908000800e0032800bd2770
:020000040000fa
:020000041d01dc
:108910001800a38cd8ffbd274000828c1800b0af90
:10892000258080000c00648c1c00b1af2588a0005d
:10893000000145302400bfaf2000b2af1a00a010e4
:108940001c0004ae4400058e1800a050140004aeb4
:108950001000728c200042302800248e1000b2af2c
:1089600018004010200012ae2800029605004010aa
:10897000240004ae48000296010042300500401475
:108980002400bf8f1c00228e00004294280002a603
:108990002400bf8f2000b28f1c00b18f1800b08f51
:1089a0000800e0032800bd27140004ae1000728cfc
:1089b000200042302800248e1000b2afeaff40149d
:1089c000200012ae5789400f1000a527e6ff401483
:1089d0002800248ef0005232e0000224e2ff42120e
:1089e0001000a38f1800028e040043104000028e76
:1089f000180003aec439027c400002ae010003241b
:108a00008431627cd8ff0010400002aefbff0010f2
:048a10004000028e92
:020000040000fa
:020000041d01dc
:108a1400e8ffbd270080023c1400bfaf1000b0afd8
:108a2400403642243000439010006054ffff8224fb
:108a34003800439001000224070062100000000087
:108a44001400bf8f01001024251000021000b08f05
:108a54000800e0031800bd271190400f1800a4afd0
:108a6400f7ff40101800a48fffff8224feff422c62
:108a740020004010ffff8a300500422d1d004010e9
:108a8400c0580a0021406a010080093c8040080067
:108a9400ec312925214028012000028d0e0082148a
:108aa40001001024000002910b004010000000009f
:108ab40001000291130040140000000021506a01db
:108ac40080500a0021482a01180020a1000020a19a
:108ad400190020a125800000608d400f00000000d7
:108ae4001400bf8f251000021000b08f0800e003af
:108af4001800bd27608d400f01001024f9ff0010fd
:108b04001400bf8f2c7a400f25200001ebff0010ca
:048b1400010000a1bb
:020000040000fa
:020000041d01dc
:108b1800a8ffbd27252000005400bfaf5000b1af0b
:108b28000390400f4c00b0af252040008f91400fbc
:108b380025884000029d033c9c6164249c61688cec
:108b480004008394010007243400a6274000a527c9
:108b5800252020023400a8af3800a3a76346400fa1
:108b68004000a2af4300a2934000a5934200a79300
:108b78004100a693029d103c505e1026029d043cc5
:108b8800b82584241000a2afea8d400f1400b0afbe
:108b98004000a28f3c00a5271800a4271c00a2af04
:108ba800efbe023c010042242400a0af2800a0af81
:108bb8002c00a0af3000a0af1800b1af3d3b400f74
:108bc8002000a2af0a004054029d043c029d043cd0
:108bd80025280002ea8d400fd82584245400bf8f31
:108be8005000b18f4c00b08f0800e0035800bd273b
:108bf8002530000225284000ea8d400ff025842406
:108c08005400bf8f5000b18f4c00b08f0800e003b4
:048c18005800bd271c
:020000040000fa
:020000041d01dc
:108c1c001c008294e0ffbd271800b1af01001124a5
:108c2c001400b0af1c00bfaf0e00511025808000a7
:108c3c00220040100200032413004310ffff023ceb
:108c4c001c0082ac1c00bf8f1800b18f1400b08fb9
:108c5c00020083a4180080ac2000bd277796400b3f
:108c6c00ffff04240c87400f000000001e0040543e
:108c7c00340002961c00bf8f1800b18f1400b08f07
:108c8c000800e0032000bd270c87400f0000000007
:108c9c00f9ff40101c00bf8f340002960300032420
:108cac001a0003a6460002a61c0000a61800b18fed
:108cbc001400b08f0800e0032000bd27ef81400fa7
:108ccc0002000524ecff40101c00bf8f02000224a0
:108cdc001c0011a61a0002a61800b18f1400b08f48
:108cec000800e0032000bd27030005242520000216
:108cfc00ef81400f440002a6dfff40101c00bf8f25
:108d0c00020002241a0002a6daff00101c0002a6c0
:020000040000fa
:020000041d01dc
:108d1c000000a38c140060102540000025500000ba
:108d2c002560000000e08b7c0400628c070043048b
:108d3c00255060000e008010000000000800628cbe
:108d4c000b004b1000000000255060000000638ced
:108d5c00f5ff6014000000002400801500000000e6
:108d6c0029000055020002240800e003010002243f
:108d7c000400628cc001427c1a0040140000000008
:108d8c000000698c0400628cc001427cfdff401421
:108d9c0000000000000060ac0000e28c15004010e8
:108dac00140060ac0400682400e0087d000043acb3
:108dbc00140048ac0000e3ac0400628c8007427cd9
:108dcc00efff4010251820010d00401101008c25eb
:108ddc00000049ad0500801425182001dcff0010af
:108dec000100082408008011020002240800e0039e
:108dfc00251000000000e3acefff00100000c3ac36
:108e0c00f4ff00100000a9ac0800e0030000000013
:020000040000fa
:020000041d01dc
:108e1c00e0ffbd27c21005001000b0af10004230bb
:108e2c002580a0000200a5301400b1af1c00bfaf1c
:108e3c001800b2af4c00918c0700a0100100433415
:108e4c000400c430090042340b1844000800c6303a
:108e5c00040062340b184600040004320291100026
:108e6c000100852c04004232120007242510450015
:108e7c001500052488bf063c0b28e400b2404234a0
:108e8c00252020020022c3ac1022c2ac1296400f47
:108e9c00004010320c0005246695400f252020025e
:108eac00120005241896400f2520200237000524b7
:108ebc001497400f252020020f0005241897400f0f
:108ecc0025202002060000161c00bf8f1800b28f50
:108edc001400b18f1000b08f0800e0032000bd27f4
:108eec001c97400f252020022097400f25202002a0
:108efc0001004532252020021c00bf8f1800b28fc4
:108f0c001400b18f1000b08f2497400b2000bd27a8
:020000040000fa
:020000041d01dc
:108f1c00d8ffbd272000b2af1c00b1af1800b0af16
:108f2c002590a0007080908f2400bfaf2496400f36
:108f3c00258880004018020021186200c018030028
:108f4c002318620080180300211803025800659052
:108f5c000100a230120040102400bf8f00104232da
:108f6c0014004014000852320e0040122000b28f40
:108f7c000001a57c252020020765400f0100a524d7
:108f8c00252020022400bf8f2000b28f1c00b18f3f
:108f9c001800b08f0c0005244679400b2800bd2723
:108fac002000b28f1c00b18f1800b08f0800e003b6
:108fbc002800bd2725202002253000000262400f2a
:108fcc002528000001000224252020021000a2af59
:108fdc002538000025300000fd8b400f25280000af
:108fec0025202002010005248582400f0200062462
:108ffc00252020022400bf8f2000b28f1c00b18fcf
:10900c001800b08f0b0005244679400b2800bd27b3
:020000040000fa
:020000041d01dc
:10901c00320080100080023c70008a8c5435492448
:10902c00251020012518000008000b240000488c96
:10903c00060048110c00422401006324fcff6b5411
:10904c000000488c0800e003f1fe022440100300ed
:10905c002110430080100200211022010400438cd7
:10906c00f8ff601000000000b0ffbd272540c000d5
:10907c00254880000800468c0000448c0100022426
:10908c001000a2af060002241800a5af4c00bfaf21
:10909c002800a0af2c00a0af3000a0af3400a0afd0
:1090ac003800a0af3c00a0af4000a0af1400a2afae
:1090bc002400a9af1c00a8af2000a7af09f86000de
:1090cc001000a52752ff032401004350f1fe022497
:1090dc004c00bf8f0800e0035000bd2754354924d5
:1090ec002510200125180000feff0a2408000b247f
:1090fc000000488cd5ff0a150c00422401006324a3
:10910c00fcff6b540000488c0800e003f1fe0224c5
:020000040000fa
:020000041d01dc
:10911c00982f8a4291443771cffbc0b5a5dbb5e9d6
:10912c005bc25639f111f159a4823f92d55e1cab4a
:10913c0098aa07d8015b8312be853124c37d0c55d8
:10914c00745dbe72feb1de80a706dc9b74f19bc120
:10915c00c1699be48647beefc69dc10fcca10c2410
:10916c006f2ce92daa84744adca9b05cda88f976f4
:10917c0052513e986dc631a8c82703b0c77f59bf5e
:10918c00f30be0c64791a7d55163ca06672929148a
:10919c00850ab72738211b2efc6d2c4d130d385327
:1091ac0054730a65bb0a6a762ec9c281852c7292e9
:1091bc00a1e8bfa24b661aa8708b4bc2a3516cc717
:1091cc0019e892d1240699d685350ef470a06a1050
:1091dc0016c1a419086c371e4c774827b5bcb0349f
:1091ec00b30c1c394aaad84e4fca9c5bf36f2e683d
:1091fc00ee828f746f63a5781478c8840802c78ccc
:10920c00faffbe90eb6c50a4f7a3f9bef27871c6ce
:020000040000fa
:020000041d01dc
:10921c00d0ffbd272800b4af2400b3af2000b2affd
:10922c001c00b1af2c00bfaf1800b0af2590800070
:10923c002598a00025880000029d143c01000524ff
:10924c00fa72400f1000a42701000324fbff431403
:10925c001000a2930d0003242084027c1e00031234
:10926c000a0003241c000312080003241300031239
:10927c007f00032411000312ffff63262a18230228
:10928c00efff601001000524e0ff42245f00422c38
:10929c00ebff4010000000001000b0a3f352400f91
:1092ac001000a427fdff40100100052421105102dd
:1092bc00000050a0e2ff001001003126e0ff205218
:1092cc0001000524c06184269c89400fffff3126d4
:1092dc00dbff001001000524029d043c219051028b
:1092ec009c89400fbc618424000040a22c00bf8fdd
:1092fc00251020022800b48f2400b38f2000b28fd9
:10930c001c00b18f1800b08f0800e0033000bd279f
:020000040000fa
:020000041d01dc
:10931c00c0ffbd272c00b3af5000b38f3800b6afe1
:10932c003000b4af010073322800b2af2400b1afeb
:10933c002000b0af3c00bfaf3400b5af259080002b
:10934c0025b0a0002580c0002588e0000300601631
:10935c002ba0c7001300805623a03002253000023a
:10936c002528c0021488400f252040020d008016cd
:10937c0023a03002258800023c00bf8f251020025c
:10938c003800b68f3400b58f3000b48f2c00b38ffb
:10939c002800b28f2400b18f2000b08f0800e003aa
:1093ac004000bd271100862e100002240b108602ef
:1093bc0025304000200005241000a427a093400f66
:1093cc0025a880021000a22e0b0040100f00863240
:1093dc001000a5271488400f25204002e6ff6016d8
:1093ec00253000022528c0021488400f2520400299
:1093fc00e2ff00103c00bf8f100006241000a527d0
:10940c001488400f25204002eeff0010f0ffb52617
:020000040000fa
:020000041d01dc
:10941c00e0ffbd271c00bfaf1800b2af1400b1af06
:10942c00259080002588a0001000b0af2496400f36
:10943c007080908f4018020021186200c018030041
:10944c00231862008018030021800302ca90400f89
:10945c00252040025800049201000324560002a665
:10946c000400647c580004a2540011a642004296e9
:10947c000400627c420042a64800028e1800401094
:10948c00029d043cffff31260200312e06002016ff
:10949c001c00bf8f1800b28f1400b18f1000b08f5a
:1094ac000800e0032000bd27580002924e000396ee
:1094bc00010004244429827c4c0003a65f98400fd1
:1094cc00580002a21c00bf8f200002ae1800b28f01
:1094dc001400b18f1000b08f0800e0032000bd27ee
:1094ec0001000524716b400ffc9a8424e5ff4014a5
:1094fc00480002ae029d053c244aa5249d8e400fd7
:0c950c0025200000e0ff0010ffff3126ca
:020000040000fa
:020000041d01dc
:109518001400828cd0ffbd272400b4af2000b3af65
:109528001c00b2af2c00bfaf259080002800b5af5b
:109538001800b1af1400b0af2598a00009f840009a
:109548001000948c0c00438e190060102580400098
:1095580025a800000800518e0000428e25306002c8
:1095680002281172252040022188a20000002296bc
:109578000100423007004010252820021c00428ebe
:1095880009f8400000000000140040500000229636
:109598000c00438e218014020100b5262b280302fb
:1095a800232003022b10a302eaff40140a8085003f
:1095b8002c00bf8f25880000251020022800b58fb9
:1095c8002400b48f2000b38f1c00b28f1800b18f15
:1095d8001400b08f0800e0033000bd274408027c67
:1095e800000022a62c00bf8f251020022800b58f6e
:1095f8002400b48f2000b38f1c00b28f1800b18fe5
:0c9608001400b08f0800e0033000bd2704
:020000040000fa
:020000041d01dc
:109614001800838c030002243a006210000000004a
:10962400c480828fe0ffbd271c00bfaf1800b2af1b
:109634001400b1af0a0040101000b0af0100422482
:10964400c48082af010002241c00bf8f1800b28fb7
:109654001400b18f1000b08f0800e0032000bd2774
:10966400019d053c2100062448a4a524c285400f81
:109674000600042425184000c08082aff2ff601069
:10968400251000000080123c7c97400fa43744262c
:109694000080043c983784240080103c7c97400f61
:1096a4000080113c48331026d83331262528000287
:1096b400a4374426348f400f24001026fcff1116d3
:1096c40025280002cc87400f00000000401902004a
:1096d400231862008018030021186200c0180300d8
:1096e4006210023ce7036324d34d42241900620054
:1096f400c480828f1018000082190300cfff00106d
:0c970400bc8083af0800e00301000224d9
:020000040000fa
:020000041d01dc
:109710001880848fe0ffbd271000b0afffff10243a
:109720001c00bfaf1800b2af040090101400b1af1e
:109730008562400f00000000188090af0080123c4e
:109740000c3742960c0040101881908f258800003d
:109750002528000203000724020006247d6c400f28
:109760000c3744260c374296010031262a1022027b
:10977000f7ff40146c0010264598400f0c37502618
:109780000800048e090080100080033c0c00828ccd
:1097900009f840001881858fd897400f0800048e83
:1097a00015004004029d053c0080033c44376224c0
:1097b000443760ac040040ac080040ac0c0040ac46
:1097c000100040ac1c00bf8f080000ae0c0000aec3
:1097d0000c3740a6040000ae1800b28f1400b18f01
:1097e0001000b08f188180aff48080aff88080af18
:1097f0000800e0032000bd275c43a5249d8e400f98
:0c98000025200000e9ff00100080033c60
:020000040000fa
:020000041d01dc
:10980c00310080100080023c1400898c54354824af
:10981c00251000012518000008000a240000478cc0
:10982c00060027110c00422401006324fcff6a543b
:10983c000000478c0800e003f1fe022440100300f6
:10984c002110430080100200211002010400478cfb
:10985c00f8ffe010000000002518c0002540800033
:10986c000800468c0000448cb0ffbd270400022485
:10987c001800a5af1c00a3af4c00bfaf2000a0afd9
:10988c002400a0af2800a0af2c00a0af3000a0afe8
:10989c003400a0af3800a0af3c00a0af4000a0af98
:1098ac001000a2af1400a8af09f8e0001000a52723
:1098bc0052ff032401004350f1fe02244c00bf8fe1
:1098cc000800e0035000bd27543548242510000142
:1098dc0025180000feff092408000a240000478c0c
:1098ec00d6ffe9140c00422401006324fcff6a54e7
:0c98fc000000478c0800e003f1fe02248d
:020000040000fa
:020000041d01dc
:109908000d0a0d0a000000003d3d3d3d3d3d3d3d39
:109918003d3d3d3d3d3d3d3d3d3d3d3d3d3d3d3d6f
:109928003d3d3d3d3d3d3d3d3d3d3d3d3d3d3d3d5f
:109938003d3d3d3d3d3d3d3d3d3d3d3d3d3d3d3d4f
:109948003d3d3d0d0a0000003d3d3d3d3d3d3d3d59
:109958003d20202020456d6265646465642045745f
:109968006865726e6574204d6f64756c652028415a
:10997800333035332920202020203d3d3d3d3d3ddd
:109988003d3d3d0d0a000000436f6d6d616e642022
:10999800696e746572666163652072756e6e696e54
:1099a800672c2027682720666f722068656c702cea
:1099b8002027722720666f722072657365742e0dda
:1099c8000a000000446961676e6f737469632061ff
:1099d8006e6e6f756e63656d656e747320746f203f
:1099e80074686520636f6e736f6c652061726520a3
:0c99f80064697361626c65642e0d0a00e6
:020000040000fa
:020000041d01dc
:109a04001c008294e8ffbd271000b0af1400bfaf64
:109a14000d0040102580800001000324160043102f
:109a240002000224020082a4f7ff023c1c0082ac64
:109a34001400bf8f1000b08f180080ac1800bd2731
:109a44007796400bf7ff0424ef81400f2528000090
:109a5400060040101400bf8f020002241a0002a660
:109a6400010002241c0002a61400bf8f1000b08f56
:109a74000800e0031800bd270c87400f0000000019
:109a8400faff40101400bf8f34000286080040041f
:109a9400020002241c0000ae1400bf8f020002a6c4
:109aa400180000ae1000b08f0800e0031800bd27b6
:109ab400dc85400f000000002c00038e2b104300b7
:109ac40004004010020002241a0002a6e6ff00105f
:109ad4001c0000a6020002a6ffff023c1c0002ae0e
:109ae400180000ae1400bf8f1000b08fffff0424d5
:089af4007796400b1800bd2716
:020000040000fa
:020000041d01dc
:109afc00d0ffbd27029d023c1c00b0af258080002a
:109b0c00346144243461438c040082942800048e14
:109b1c002800b3af2400b2af2c00bfaf2000b1af10
:109b2c002598a0001000a3af1400a2a76493400fc7
:109b3c001400128e0c00401006000624252840024a
:109b4c00252040001f90400f258840000e00401437
:109b5c00060006241800058e110002240900a390ab
:109b6c00140062102198b300251000002c00bf8f48
:109b7c002800b38f2400b28f2000b18f1c00b08f4f
:109b8c000800e0033000bd271000a5271f90400ff0
:109b9c0025202002f5ff4014251000001800058e2a
:109bac00110002240900a390f0ff6214251000009c
:109bbc002198b3000935400f0200649600006496aa
:109bcc000935400f2588400062808497e7ff915447
:109bdc00251000006080839726106200e3ff0010c0
:049bec000100422c06
:020000040000fa
:020000041d01dc
:109bf0000000a28c0400a38cc0ffbd273800b3afc7
:109c00003400b2af3000b1af2c00b0af3c00bfaffa
:109c1000259080002580a0000800b38c2000a2af12
:109c2000030060040c00b18c4408027c2000a2af49
:109c30002000a2271800a2af080002241400a2af3f
:109c40001000b3af0400c78c0000c68c2f5b400f20
:109c5000252000022000a38f100063300400601054
:109c600030000424ffff422421182202000064a0d7
:109c70002000a38f0800633004006010200004243b
:109c8000ffff422421182202000064a01000068e6b
:109c90002000a38f25386002ffffc6241000a3af69
:109ca0002330c20021282202c764400f2520400231
:109cb0000400438e00016330040060103c00bf8f3d
:109cc0000400038e2a2043000b1064003800b38f79
:109cd0003400b28f3000b18f2c00b08f0800e00349
:049ce0004000bd275c
:020000040000fa
:020000041d00dd
:10001000e0ffbd271400b1af0800918c0080023cc6
:10002000e8344224261022021000b0af1c00bfaffb
:100030001800b2af258080000c87400f0b880200ab
:100040001d0040101c00bf8f340003962800028e54
:100050001e004010220003a6dc85400f00000000b7
:10006000259040002000228ecc87400f0800518c44
:100070006210033c02102272d34d63242528000035
:1000800025200002e703422419004300101000005d
:100090008211020021105200ef81400f2c0002aead
:1000a000050040101c00bf8f040002241a0002a6a5
:1000b0001c0000a61c00bf8f1800b28f1400b18f67
:1000c0001000b08f0800e0032000bd2701000524c8
:1000d000ef81400f25200002f7ff40101c00bf8f6a
:1000e000030002241a0002a61c0000a61800b28f0a
:1000f0001400b18f1000b08f0800e0032000bd276e
:020000040000fa
:020000041d01dc
:109ce400e8ffbd271000b0af1400bfaf0c87400fd2
:109cf400258080001e0040101400bf8f340002969f
:109d0400200043301d006014040043302800028efc
:109d1400060040500200022400100324000043ac5b
:109d2400040040ac080040ac02000224020002a679
:109d3400f8ff023c1c0002ae180000ae1400bf8ff6
:109d44001000b08ff8ff04247796400b1800bd274d
:109d5400ef81400f25200002050040101400bf8f42
:109d6400050002241a0002a61c0000a61400bf8fde
:109d74001000b08f0800e0031800bd27080060142d
:109d8400000142302800028ee8ff40500200022405
:109d9400000040ac040040ace3ff0010080040acfd
:109da400ebff4010060005240f000524ef81400f4f
:109db40025200002eeff40101400bf8f0200022491
:0c9dc4001a0002a6e9ff00101c0000a617
:020000040000fa
:020000041d01dc
:109dd000d8ffbd271c00b1af4400918c1800b0af74
:109de000258080001c00228e1800848c2000b2afd9
:109df0002400bfaf1000a0af09f8400001001224fa
:109e00001e0052102400bf8f2000228e09f840004f
:109e10001800048e1e004054200002928400028e1e
:109e2000010042301a004050200002921800048eb7
:109e30003400228e09f840001000a5271000a58fdd
:109e40008800028e004004240100a5300080033405
:109e50000b1885008c00068e25284300880005ae6f
:109e60008763400f2520000220000292900000ae80
:109e70000421427e200002a22400bf8f2000b28f66
:109e80001c00b18f1800b08f0800e0032800bd2728
:109e90000429027cdc85400f200002a22400bf8f31
:109ea0007c0002ae900000ae2000b28f1c00b18f8b
:0c9eb0001800b08f0800e0032800bd2758
:020000040000fa
:020000041d01dc
:109ebc00e0ffbd271800b2af1400b1af1000b0af77
:109ecc001c00bfaf258880004d53400f2590a0008b
:109edc00180040102580400000000296010043301d
:109eec000a006050000002924408027c000002a6a6
:109efc001c00bf8f251000021800b28f1400b18f08
:109f0c001000b08f0800e0032000bd271c00bf8f9d
:109f1c001800b28f0408027c03004234000002a235
:109f2c001400b18f251000021000b08f0800e00360
:109f3c002000bd272400238e0c00228eedff62141e
:109f4c001c00bf8f1800228eebff40502510000222
:109f5c0009f8400025202002e6ff40101c00bf8fae
:109f6c000000439401006430060080102528400254
:109f7c000400037c000043a42400228effff422433
:109f8c00240022ae4d53400f25202002d9ff401053
:0c9f9c001c00bf8fd0ff0010258040008b
:020000040000fa
:020000041d01dc
:109fa80038008010029d023ce0ffbd271400b0afce
:109fb8001c00bfaf1800b1af000082802580800070
:109fc8000700401020000424ff004230f7ff43241c
:109fd800210044100500632c200060540100102665
:109fe800e391400f25200002211002022b180202e3
:109ff8000700601020000524ffff4490f7ff83242a
:10a008001b0085100500632c1a006054ffff4224d2
:10a01800231850000001712c0080073cff00022427
:10a028000b107100ec30e724252800022530400091
:10a038002520e000cb92400f2588400021182202fd
:10a04800000060a01c00bf8f1800b18f1400b08ff3
:10a058000800e0032000bd2701001026000002824e
:10a06800daff4014ff004230ddff0010000000005e
:10a07800ffff4224e1ff5054ffff4490e5ff00102a
:0ca08800231850000800e003f46142249b
:020000040000fa
:020000041d01dc
:10a09400d8ffbd272000b2af0080123c1800b0af3b
:10a0a400400150261c00b1af2400bfaf27000416a6
:10a0b400faff1124029d063c253800023431c624df
:10a0c4003344400f2528000025280000c143400fd9
:10a0d40025200002360011961d0020122400bf8f97
:10a0e4007400028e050040101000a0af0080043cf4
:10a0f4000500052409f84000500284241000a52717
:10a10400a38a400f400144267400028e04004010cc
:10a11400060005240080043c09f840005002842411
:10a124001000a28f2a18220208006054258800001b
:10a13400380005960c00a0502328220204000624af
:10a14400a54e400f40014426258800002400bf8fff
:10a15400251020022000b28f1c00b18f1800b08f90
:10a164000800e0032800bd27f4ffa01425880000a0
:08a17400f7ff00102400bf8f6b
:020000040000fa
:020000041d01dc
:10a17c00d8ffbd273800822c2000b3af1c00b2af33
:10a18c001400b0af2400bfaf1800b1af2598a000e9
:10a19c002590c00002004014380010242580800057
:10a1ac005480848f1d00712603001026f0ff31327d
:10a1bc00fcff1032320025260400828c2128050277
:10a1cc0009f84000feffa53018004010251840008b
:10a1dc001800062625280000a093400f25204000db
:10a1ec0025184000211050002f0044240418047c32
:10a1fc001a002626120046a4020085240400127cb4
:10a20c00010006240e0051a4040044acf8ff83acfa
:10a21c00100046a4100062ac080045ac140065acfc
:10a22c000a006016200072ac2f0060a02400bf8fc3
:10a23c00251060002000b38f1c00b28f1800b18f66
:10a24c001400b08f0800e0032800bd271000842400
:08a25c00f5ff0010180064acce
:020000040000fa
:020000041d01dc
:10a26400360080100080033c0800868ce8346324a8
:10a274002600c314f5ff0224020082840100032493
:10a284002a0043140000000018008394270062147d
:10a29400000000001a008294030043100400032409
:10a2a4002200431400000000e0ffbd271c00bfafe4
:10a2b4001800b2af1400b1af1000b0af30009290ec
:10a2c400020002241b0042162588a000b26c400f35
:10a2d4002580800007004204f7ff02240500521085
:10a2e400010002240b002012251000003400039604
:10a2f400000023a61c00bf8f1800b28f1400b18f7a
:10a304001000b08f0800e0032000bd270800e00320
:10a31400000000001c00bf8f1800b28f1400b18f22
:10a324001000b08f0800e0032000bd270800e00300
:10a33400f6ff0224efff0010f7ff02240800e003f9
:04a34400f5ff0224fb
:020000040000fa
:020000041d01dc
:10a34800c8ffbd273000b3af2800b1af2400b0afbd
:10a358003400bfaf2c00b2af2598c0002580800024
:10a368002588a0001400a0af1000a0af0600c01000
:10a378001800a0af7400828c03004010050005246b
:10a3880009f840001401842403000010500012262c
:10a39800168f400f00000000078f400f2520400255
:10a3a80025284000faff40141000a427100060126e
:10a3b800000000007400028e0d0040100000000034
:10a3c8000600052409f8400014010426078f400ff1
:10a3d8001000a42725204000401006240a00401041
:10a3e800252820027000028e09f8400000000000b5
:10a3f800078f400f1000a427252040004010062496
:10a40800f8ff4014252820023400bf8f3000b38f96
:10a418002c00b28f2800b18f2400b08f0800e00311
:04a428003800bd2714
:020000040000fa
:020000041d01dc
:10a42c0020008290e8ffbd271000b0af2000433021
:10a43c001400bfaf1100601025808000080042306e
:10a44c001e004050200002924400028e1800048e20
:10a45c00253000003800428c09f840002528000007
:10a46c001e00400403000224900002ae1400bf8fb3
:10a47c001000b08f0800e0031800bd27dc85400fea
:10a48c00000000007c00038e8000048e231043002b
:10a49c002b104400f5ff401401000324200002920d
:10a4ac004429627c200002a2ff00423008004230a6
:10a4bc00e6ff40544400028e200002921400bf8f2d
:10a4cc00010003240421627c900000ae200002a253
:10a4dc001000b08f0800e0031800bd272000029286
:10a4ec000429027cdc85400f200002a21400bf8fdf
:10a4fc007c0002ae900000ae1000b08f0800e003ac
:04a50c001800bd274f
:020000040000fa
:020000041d01dc
:10a51000c8ffbd272c00b0af4080040021200402fa
:10a520000080103c80200400d83310263000b1afea
:10a530003400bfaf2588a0001c00a0af2000a0af52
:10a540002400a0af1000a0af1400a0af1800a0af6f
:10a5500021800402438f400f25200002252840005f
:10a56000140040101000a4272800438c0b00711029
:10a5700000000000348f400f00000000438f400fa8
:10a5800025200002252840000a0040101000a427c2
:10a590002800438cf7ff711400000000348f400f37
:10a5a0001c00a427ebff0010000000007e92400f6b
:10a5b00000000000438f400f1c00a427252040000e
:10a5c00001000624f9ff4014f5ff05241000a28fb6
:10a5d000030040101000a5279f7b400f252000029c
:10a5e0003400bf8f3000b18f2c00b08f0800e00323
:04a5f0003800bd274b
:020000040000fa
:020000041d01dc
:10a5f4005443502f495020537461636b3a2054697b
:10a60400636b20726567697374726174696f6e201d
:10a614006661696c65643a2025640d0a00000000d7
:10a624005443502f495020537461636b3a20496e50
:10a63400697469616c697a6174696f6e20535953e6
:10a6440020544d52206661696c65643a202564206b
:10a654002d2041626f7274696e6721200d0a00001b
:10a664005443502f495020537461636b3a20496e10
:10a674007465726661636520496e697469616c69a9
:10a684007a6174696f6e206661696c65643a203022
:10a69400782578202d2041626f7274696e672120bd
:10a6a4000d0a00005443502f495020537461636bca
:10a6b4003a20496e697469616c697a6174696f6e74
:10a6c40020456e646564202d207375636365737320
:04a6d400200d0a004b
:020000040000fa
:020000041d01dc
:10a6d80082bf043c08000624002286ac009406349d
:10a6e800182286acd8000624402286ac81bf033ce1
:10a6f8000200063c040166ac0080053c0400063cf0
:10a70800040166acfc35a2240800063c040166acd2
:10a71800200040ac280040ac2c0040ac340040a0e5
:10a728003c0040a0380040acfc35a0ac080040ac70
:10a738000c0040ac100040a01c0040a0140040ac2d
:10a74800400040ac0022858c060006240600a53097
:10a758000c00a61080000524300045ac0004052438
:10a76800180045ac00800234082282ac0200023c8a
:10a77800080162ac0400023c080162ac0800e00376
:10a788000000000040000524300045ac000205240c
:10a79800180045ac00800234082282ac0200023c5a
:10a7a800080162ac0400023c080162ac0800e00346
:04a7b800000000009d
:020000040000fa
:020000041d01dc
:10a7bc00840002242200a2500000e28c8500a22812
:10a7cc0010004010810002240800a2500000e28c0e
:10a7dc00820002242700a2500000e28c8000022498
:10a7ec001000a214000000000000e28c04004324be
:10a7fc000000e3ac0000428c000082ac150000109d
:10a80c00000046ac900002241a00a2500000e28c1a
:10a81c009100a22805004010880002240f00a250cd
:10a82c000000e28c0800e00325100000a0000224c8
:10a83c00eeffa2500000e28ce9ff0010c0000224e1
:10a84c00040043240000e3ac0000428c000082ac06
:10a85c00000046a40800e003010002240400432485
:10a86c000000e3ac0000428c000082acf9ff001049
:10a87c00000046a0040043240000e3ac0000428c1e
:10a88c00000082ac000046acc3370600f1ff00109c
:04a89c00040046acc2
:020000040000fa
:020000041d01dc
:10a8a0003300801000000000e0ffbd271800b2afa9
:10a8b0001400b1af1000b0af1c00bfaf2580800006
:10a8c0002588c0005487400f2590a00022004050ea
:10a8d000010002242000205a251000000000478ead
:10a8e0001c00071204004826ffff05240700001083
:10a8f00025180000010063240c002352ffff0324ed
:10a90000fcff078d1400075201000224f9ffe01438
:10a9100004000825272005000a286400010063249c
:10a92000f8ff2356fcff078dffff03241200a3103e
:10a930001c00bf8f80280500212845020000b0ac14
:10a940001800b28f1400b18f1000b08f0800e00320
:10a950002000bd27010002241c00bf8f1800b28f09
:10a960001400b18f1000b08f0800e0032000bd2755
:10a970000800e00301000224f7ff0010251000008a
:020000040000fa
:020000041d01dc
:10a98000e0ffbd271800b1af1400b0af1c00bfaf8f
:10a990000e00a290010003242580a0000e004310a9
:10a9a00025888000020003241e004310f2030524c2
:10a9b000029d043c6f90400f405a842407000224fb
:10a9c0000e0002a21c00bf8f1800b18f1400b08fc0
:10a9d0000800e0032000bd270d98400f1000848c74
:10a9e000f9ff40141c00bf8f1000248e040006964f
:10a9f000848d400f060005960d000292020004248b
:10aa000006000324010042300a1882000e0003a24f
:10aa10001c00bf8f1800b18f1400b08f0800e00336
:10aa20002000bd270d98400f1000848ce6ff4014d5
:10aa30001c00bf8f0a93400f1000248e080002ae46
:10aa4000060002240e0002a21c00bf8f1800b18f66
:0caa50001400b08f0800e0032000bd27b8
:020000040000fa
:020000041d01dc
:10aa5c000200822c2c00401400000000e0ffbd27f7
:10aa6c001800b2af0080123c1400b1af642d522616
:10aa7c002588a000002904002120450208008394a9
:10aa8c000400888c1000b0af251823021c00bfaf47
:10aa9c002580c00005000011080083a425380000a3
:10aaac002530200209f8000103290500000122329b
:10aabc000400401000000000f880828f0100422446
:10aacc00f88082af0a000016251000021400428e96
:10aadc000f0040100080043c253800002530200277
:10aaec000100052409f84000742d8424010002247f
:10aafc001c00bf8f1800b28f1400b18f1000b08fe4
:10ab0c000800e0032000bd270800e003251000002a
:10ab1c001c00bf8f010002241800b28f1400b18feb
:0cab2c001000b08f0800e0032000bd27df
:020000040000fa
:020000041d01dc
:10ab3800a8ffbd270400a1af0800a2af0c00a3af77
:10ab48001000a4af1400a5af1800a6af1c00a7af53
:10ab58002000a8af2400a9af2800aaaf2c00abaff3
:10ab68003000acaf3400adaf3800aeaf3c00afaf93
:10ab78004000b8af4400b9af4800bfaf1240000072
:10ab88004c00a8af104000005000a8af029d1a3c2e
:10ab980020595a2700000000006804400060054062
:10aba80009f84003000000005000a88f11000001c0
:10abb8004c00a88f130000010400a18f0800a28f89
:10abc8000c00a38f1000a48f1400a58f1800a68f67
:10abd8001c00a78f2000a88f2400a98f2800aa8f07
:10abe8002c00ab8f3000ac8f3400ad8f3800ae8fa7
:10abf8003c00af8f4000b88f4400b98f4800bf8f2a
:0cac08005800bd27c000000018000042ea
:020000040000fa
:020000041d01dc
:10ac1400d8ffbd271400b0af1000908c2000b3af54
:10ac24002400bfaf1c00b2af1800b1af2700001260
:10ac34002000b3902588a000190000100100733291
:10ac44007400228e030040100500052409f840001a
:10ac5400100124260800058e4e43400f25202002b3
:10ac64007400228e030040100600052409f84000f9
:10ac74001001242610000296240023860400048e6a
:10ac8400040042300c0040100a20837c2000828c97
:10ac940025804002c418027c0c004012200082acc3
:10aca4000000128ee6ff6016000000ae240022862b
:10acb4000400048e0a20827c6c00228e09f8400075
:10acc40025804002f7ff40560000128e2400bf8ffb
:10acd4002000b38f1c00b28f1800b18f1400b08f06
:08ace4000800e0032800bd2771
:020000040000fa
:020000041d01dc
:10acec004000828ce0ffbd278000033c0008473009
:10acfc00000242301800b1af1400b0af1c00bfaf5f
:10ad0c00258080002588a0000b38670003004010c8
:10ad1c00480004240400e734600004241000069664
:10ad2c000200e7346784400f080005241600401029
:10ad3c00019d043c4000038e3033842400026330b8
:10ad4c00080044ac150060140c0050ac1c00438c83
:10ad5c00080063240a0020523e000392100004965f
:10ad6c00000003ae080003ae2120640001000324a0
:10ad7c00040004ae3c0003a20c0002ae3e000392a1
:10ad8c00010063243e0003a21c00bf8f1800b18f8a
:10ad9c001400b08f0800e0032000bd271000438c86
:10adac0048004424000064ac010004242518000071
:08adbc00e8ff0010580044a458
:020000040000fa
:020000041d01dc
:10adc400d0ffbd272000b0afe080908f2c00bfaf34
:10add4002800b2af120000122400b1af1700801097
:10ade4000080123c251080002588a0000c00072458
:10adf400252800021000a627783744261800a0afa3
:10ae04001000a0af1400a2affc7f400f1800b1a344
:10ae140003004010258040001000201600000000b0
:10ae24002c00bf8f251000022800b28f2400b18fa0
:10ae34002000b08f0800e0033000bd272c00bf8f36
:10ae440025800000251000022800b28f2400b18f55
:10ae54002000b08f0800e0033000bd27d880400fe9
:10ae640078374426cc80828f7837442601004224e8
:10ae7400cc8082afa886400f000000002c00bf8f5a
:10ae8400251000022800b28f2400b18f2000b08f5b
:08ae94000800e0033000bd27b7
:020000040000fa
:020000041d01dc
:10ae9c00a8ffbd270400a1af0800a2af0c00a3af10
:10aeac001000a4af1400a5af1800a6af1c00a7afec
:10aebc002000a8af2400a9af2800aaaf2c00abaf8c
:10aecc003000acaf3400adaf3800aeaf3c00afaf2c
:10aedc004000b8af4400b9af4800bfaf124000000b
:10aeec004c00a8af104000005000a8af0068044010
:10aefc0000600540029d023c205e422409f840009f
:10af0c00000000005000a88f110000014c00a88f19
:10af1c00130000010400a18f0800a28f0c00a38f66
:10af2c001000a48f1400a58f1800a68f1c00a78feb
:10af3c002000a88f2400a98f2800aa8f2c00ab8f8b
:10af4c003000ac8f3400ad8f3800ae8f3c00af8f2b
:10af5c004000b88f4400b98f4800bf8f5800bd2700
:08af6c00c000000018000042c3
:020000040000fa
:020000041d01dc
:10af7400a8ffbd270400a1af0800a2af0c00a3af37
:10af84001000a4af1400a5af1800a6af1c00a7af13
:10af94002000a8af2400a9af2800aaaf2c00abafb3
:10afa4003000acaf3400adaf3800aeaf3c00afaf53
:10afb4004000b8af4400b9af4800bfaf1240000032
:10afc4004c00a8af104000005000a8af0068044037
:10afd40000600540029d023c305e422409f84000b6
:10afe400000000005000a88f110000014c00a88f41
:10aff400130000010400a18f0800a28f0c00a38f8e
:10b004001000a48f1400a58f1800a68f1c00a78f12
:10b014002000a88f2400a98f2800aa8f2c00ab8fb2
:10b024003000ac8f3400ad8f3800ae8f3c00af8f52
:10b034004000b88f4400b98f4800bf8f5800bd2727
:08b04400c000000018000042ea
:020000040000fa
:020000041d01dc
:10b04c00e0ffbd271400b0af1c00bfaf1800b1afbc
:10b05c000e00a290010003240e0043102580a000d6
:10b06c00020003242000431013040524029d043c19
:10b07c006f90400f545a8424070002240e0002a241
:10b08c001c00bf8f1800b18f1400b08f0800e003b4
:10b09c002000bd27258880000d98400f1000848c5f
:10b0ac00f8ff40141c00bf8f1000248e0800079678
:10b0bc0004000696798a400f060005960d00029250
:10b0cc000200042406000324010042300a18820006
:10b0dc000e0003a21c00bf8f1800b18f1400b08f9c
:10b0ec000800e0032000bd270d98400f1000848c51
:10b0fc00e4ff40141c00bf8f060002240e0002a2c5
:10b10c001c00bf8f1800b18f1400b08f0800e00333
:04b11c002000bd272b
:020000040000fa
:020000041d01dc
:10b120003000a010000000000000a28c2d00401094
:10b1300000000000290080100000000042008694fa
:10b140004000c6300300c014faff02240800e003e8
:10b1500000000000e0ffbd270080023c1c00bfafe4
:10b160001800b2af1400b1af1000b0af2588800056
:10b170002580a0002496400fb835528c001902009b
:10b180002310620080100200219042020000448ed1
:10b190004665400f2528000214004010258040001d
:10b1a00025284000bc7f400f25204002feff0724d9
:10b1b0002530000008000526166f400f25202002cc
:10b1c000251000001c00bf8f1800b28f1400b18f33
:10b1d0001000b08f0800e0032000bd270800e00346
:10b1e000faff02240800e003fbff0224f5ff001031
:04b1f000ffff022437
:020000040000fa
:020000041d01dc
:10b1f4005800a294d8ffbd272000b3af1c00b2af03
:10b204001800b1af1400b0af2400bfaf029d103cd2
:10b21400140082ac029d133c029d023c2590a000c8
:10b2240025888000100085ac180086ac1c0087ac13
:10b2340018e84224302c1026dc2b7326f4ff102649
:10b2440009f8400025202002fcff1356fcff028e63
:10b25400010004244469400f252840025000448e14
:10b26400060080504c00448e4400428e2000428ce4
:10b2740009f84000000000004c00448e0600805095
:10b28400420042964400428e0c00428c09f8400071
:10b2940000000000420042962400bf8f500040aee0
:10b2a400bfbf42304c0040ae420042a62000b38fe4
:10b2b4001c00b28f1800b18f1400b08f0800e00397
:04b2c4002800bd277a
:020000040000fa
:020000041d01dc
:10b2c800e0ffbd271c00bfaf1800b0af300083906f
:10b2d8000200022417006214258080001000848c6c
:10b2e80026008050029d043c0c00028e1400058e3e
:10b2f8003800428c09f840001000a62701000324fa
:10b3080008004350020002241300400403000324f1
:10b31800310004921600831025100000140000aebe
:10b32800300000a21c00bf8f1800b08f0800e00397
:10b338002000bd27029d043c6c0105244890400f65
:10b34800e04f84241c00bf8f251000001800b08f28
:10b358000800e0032000bd27029d043c7e0105246f
:10b368004890400fe04f8424ecff0010feff0224b9
:10b378001000a38fe9ff0010340003a67201052412
:10b388005590400fe04f8424e6ff0010ffff022491
:020000040000fa
:020000041d01dc
:10b398000080033c4001632404008314251000004e
:10b3a8009800838c03006014000000000800e0038c
:10b3b80000000000d8ffbd271000b0af2580800036
:10b3c8002520a0002400bfaf2000b4af1c00b3affd
:10b3d8001800b2af1400b1af358b400f2588a0001c
:10b3e8009400048e25904000118c400f4c00138e61
:10b3f80025a040009c00028e272811002718120063
:10b408002428a2009c0005aea400028e2528400234
:10b418002520600224186200a40003aec097400fe4
:10b428000000000025284002c397400f2520600235
:10b438009400048e4296400f252880022400bf8f76
:10b44800010002242000b48f1c00b38f1800b28fb3
:10b458001400b18f1000b08f0800e0032800bd274a
:020000040000fa
:020000041d01dc
:10b46800d8ffbd271800b2af259080002520a00086
:10b478002000b4af1c00b3af1400b1af1000b0afe0
:10b488002400bfaf2588a00025a0c000d880400fa9
:10b498002598e0000a004014258040002400bf8f52
:10b4a800251000022000b48f1c00b38f1800b28f43
:10b4b8001400b18f1000b08f0800e0032800bd27ea
:10b4c800252840028273400f2520200214004010d6
:10b4d80000000000030060120000000009f860028c
:10b4e80025204000a886400f252020020c00828ecf
:10b4f8002528400209f84000252080022400bf8f3b
:10b50800251000022000b48f1c00b38f1800b28fe2
:10b518001400b18f1000b08f0800e0032800bd2789
:10b52800a886400f25202002dcff0010258000009f
:020000040000fa
:020000041d01dc
:10b53800e0ffbd271400b1af0080113c1000b0af90
:10b5480025808000783724261800b2af1c00bfafd2
:10b55800d880400f2590a0007837228e050040142f
:10b568000000000018000010000000001600401045
:10b5780000000000fdff02560000428c08004390c6
:10b588001100721000000000cc80838f1800405218
:10b59800ffff632401006324cc8083af080052a01e
:10b5a80001001024a886400f783724261c00bf8f7e
:10b5b800251000021800b28f1400b18f1000b08f50
:10b5c8000800e0032000bd27a886400f783724260e
:10b5d8001c00bf8f25800000251000021800b28fc4
:10b5e8001400b18f1000b08f0800e0032000bd27c1
:10b5f800cc8083af080052a0eaff0010010010249d
:020000040000fa
:020000041d01dc
:10b60800e0ffbd271400b0af1c00bfaf1800b1affa
:10b618000e00a290010003241d0043102580a00005
:10b6280010004010fcff42240200422c0e00405043
:10b63800029d043c1000848c9a80400f0800a524c9
:10b64800040040101c00bf8f050002240e0002a257
:10b658001c00bf8f1800b18f1400b08f0800e003e2
:10b668002000bd27029d043c300405246f90400f44
:10b67800685a8424070002240e0002a21c00bf8f0f
:10b688001800b18f1400b08f0800e0032000bd2718
:10b69800258880000d98400f1000848cedff401421
:10b6a8001c00bf8f04000696060005968e8a400f80
:10b6b8001000248e0e0002a21c00bf8f1800b18f4c
:0cb6c8001400b08f0800e0032000bd2734
:020000040000fa
:020000041d01dc
:10b6d400e0ffbd271400b1af4400918c1000b0af5f
:10b6e400258080001c00228e1800848c1800b2afc4
:10b6f4001c00bfaf09f840000100122410005210d2
:10b704001c00bf8f2000228e09f840001800048e10
:10b7140010004054200002928400028e0100423046
:10b724000c004050200002922000028e0001427c56
:10b734001300521002000224900002ae1c00bf8fbe
:10b744001800b28f1400b18f1000b08f0800e0030e
:10b754002000bd270429027cdc85400f200002a2c2
:10b764001c00bf8f7c0002ae900000ae1800b28fa8
:10b774001400b18f1000b08f0800e0032000bd2733
:10b784001c00bf8f900000ae1800b28f1400b18f60
:0cb794001000b08f0800e0032000bd276b
:020000040000fa
:020000041d01dc
:10b7a000e0ffbd271800b2af1400b1af1000b0af7a
:10b7b0000c00b28c7080908f1c00bfaf2496400f9d
:10b7c0002588a0004018020021186200c01803005c
:10b7d00023186200fdff4226801803000200422c5d
:10b7e0000c004014211803020100042407004452f5
:10b7f0002c00648c1c00bf8f1800b28f1400b18f16
:10b800001000b08f0800e0032000bd27faff801071
:10b810001c00bf8f0400228e0600422cf5ff40144e
:10b82000ffff02240000268e320002242c00632435
:10b830000000c2a0040002240100c2a00300658829
:10b840000200c42406000224000065980500c5a873
:10b85000000085b81c00bf8f1800b28f1400b18f94
:0cb860001000b08f0800e0032000bd279e
:020000040000fa
:020000041d01dc
:10b86c000d008290e0ffbd271800b1af1c00bfafe8
:10b87c001400b0af07004014258800001c00bf8fd7
:10b88c00251020021400b08f1800b18f0800e003bf
:10b89c002000bd276398400f258080000c00039288
:10b8ac001d006014ffff63246598400f25204000a5
:10b8bc000000118e09002012000000000400028e0e
:10b8cc0013002252040000ae0000228e000002aed3
:10b8dc000800028effff4224080002ae6398400f5e
:10b8ec00000000000c00039225204000010063249e
:10b8fc006598400f0c0003a21c00bf8f251020027e
:10b90c001400b08f1800b18f0800e0032000bd2791
:10b91c00efff0010000000ae0c0003a26598400f72
:0cb92c0025204000e3ff00100000118ef9
:020000040000fa
:020000041d01dc
:10b938001881828fe0ffbd271c00bfaf1800b1af90
:10b94800090040101400b0af0080103c0c371026de
:10b958001c00bf8f251000021800b18f1400b08f93
:10b968000800e0032000bd271e00a0100080023c54
:10b978002588a000029d053c0c375024b84da5240d
:10b98800252000000c3740ac108180affc8080afd0
:10b99800088180af008180af048180af040000aed1
:10b9a8000c8180af080000ae0c0000ae100000aea5
:10b9b800140000ae180000ae7198400f1c0000aed5
:10b9c8001400228e01000324f48083afe0ff4014aa
:10b9d800f08082af8d19400f25202002ddff401432
:10b9e8001c00bf8f1c00bf8fffff02241800b18fff
:0cb9f8001400b08f0800e0032000bd2701
:020000040000fa
:020000041d01dc
:10ba04002f0080100080033c0800878ce8346324f6
:10ba14002700e314f5ff02240200828401000324ba
:10ba24002100431400000000180083941e006214d7
:10ba3400000000001a008294030043100400032451
:10ba440019004314000000003000829018004014d4
:10ba5400f7ff0224e8ffbd27010302241000b0af62
:10ba64001400bfaf320085a4300082a4360086a43f
:10ba7400b15c400f258080000f0040042518400071
:10ba84000300042405006410251000001400bf8f77
:10ba94001000b08f0800e0031800bd27300000a29a
:10baa400faff0010010002240800e003f6ff02245c
:10bab4000800e00300000000f4ff0010f7ff022478
:08bac4000800e003f5ff022475
:020000040000fa
:020000041d01dc
:10bacc000080063cbc37ca8c2b00401125100000ae
:10badc002518400125380000254000000000658c29
:10baec000800a4141000698c0200e050bc37c9aceb
:10bafc001000e9ac0800e00310006224f7ff00100e
:10bb0c00251820012b58850007006011000000004b
:10bb1c001b0040502540e00000004b8c2b28ab0054
:10bb2c000b40e5000b106500f4ff20152538600074
:10bb3c0011004010000000000000438c1000458ce8
:10bb4c00231864001100692c0700201510004724ed
:10bb5c00000044acf0ff63242120e400100085ac0d
:10bb6c00000083ac2528800002004255100005ad72
:10bb7c00bc37c5ac2510e0000800e0030000000055
:08bb8c00e9ff00102510600024
:020000040000fa
:020000041d01dc
:10bb9400e0ffbd271800b2af1400b1af1000b0af82
:10bba4001c00bfaf7080908f2588a0002496400fa2
:10bbb4000c00b28c4018020021186200c018030067
:10bbc4002318620080180300040002240a004212b1
:10bbd4002118030207000224070042120300042470
:10bbe4001400441625100000540065940200042437
:10bbf4001100a4101c00bf8f0400228e0600422cea
:10bc040012004014240063240000268e360002240f
:10bc14000000c2a0040002240100c2a00300658841
:10bc24000200c42406000224000065980500c5a88b
:10bc3400000085b81c00bf8f1800b28f1400b18fac
:10bc44001000b08f0800e0032000bd27f9ff0010aa
:04bc5400ffff0224c8
:020000040000fa
:020000041d01dc
:10bc5800c8ffbd273000b5af0080153c2000b1af4c
:10bc680025888000d435a4262c00b4af2800b3afb3
:10bc78002400b2af1c00b0af3400bfaf25a0a000b5
:10bc88002598c000d880400f2590e000d435b08eac
:10bc9800090000560c00028e15000010d435a426a9
:10bca8000b0051500800028e0000108e1000005248
:10bcb800d435a4260c00028e2538400225306002b7
:10bcc80025288002f6ff4014252020020800028e55
:10bcd8001000a2af0400028e09f840000000000026
:10bce8000000108ef4ff00560c00028ed435a426f6
:10bcf8003400bf8f3000b58f2c00b48f2800b38f6d
:10bd08002400b28f2000b18f1c00b08fa886400b92
:04bd18003800bd270b
:020000040000fa
:020000041d01dc
:10bd1c00d8ffbd271000b0af0080023c2580a000ea
:10bd2c002000b4af1c00b3af1800b2af1400b1af19
:10bd3c00259080002400bfaf2598c0002496400faa
:10bd4c00b835518c0000039640006430110080140b
:10bd5c000300142400210200232082008020040010
:10bd6c0021202402800063301400912415006010ff
:10bd7c00040005268d76400f252020020200142495
:10bd8c00253820022530600280000524fb88400ff6
:10bd9c002520000225388002100006260800052602
:10bdac00252040022400bf8f2000b48f1c00b38fcd
:10bdbc001800b28f1400b18f1000b08f166f400bab
:10bdcc002800bd278d76400f24008424ecff001042
:04bddc00010014242a
:020000040000fa
:020000041d01dc
:10bde0005443502f495020537461636b3a2025739c
:10bdf000204d414320696e697469616c697a617490
:10be0000696f6e206661696c65640d0a0000000050
:10be10005443502f495020537461636b3a2025736b
:10be2000204d4143204f70656e206661696c6564ea
:10be30000d0a00005443502f495020537461636b26
:10be40003a204d6f64756c65206e6f3a2025642032
:10be5000496e697469616c697a6174696f6e206694
:10be600061696c65640d0a005443502f495020539a
:10be70007461636b3a202573204d414320657665dc
:10be80006e74206e6f74696669636174696f6e2089
:10be900073657474696e67206661696c65640d0a08
:04bea000000000009e
:020000040000fa
:020000041d01dc
:10bea400e0ffbd271000b0af0080103c40361026e4
:10beb4000400028e1c00bfaf1800b2af1800428c01
:10bec4001400b1af09f8400025908000140002aec0
:10bed4001400118e1000028e238822027381400ff9
:10bee400252020026398400f000000002800068ee1
:10bef4002c00078e25204000212826022b88b10023
:10bf040021182702280005ae2c0003ae6598400fc7
:10bf1400000000007d61400f25204002060040140f
:10bf24001c00bf8f1800b28f1400b18f1000b08fa7
:10bf34000800e0032000bd276398400f00000000c4
:10bf4400415a400f25804000252000021c00bf8f6d
:10bf54001800b28f1400b18f1000b08f6598400b99
:04bf64002000bd27d5
:020000040000fa
:020000041d01dc
:10bf680064808487e0ffbd271400b0afffff102472
:10bf78001c00bfaf040090101800b1af2971400f2a
:10bf880000000000648090a77080908f1400001259
:10bf98006c80838f0d006018258800004800028e91
:10bfa800010031265c0010260400401025204000c6
:10bfb8005a93400f000000006c80838f2a102302e0
:10bfc800f7ff40544800028e7080908f5880848f0d
:10bfd8000c00828c09f8400025280002708080af90
:10bfe8005880858f0080043c4693400f683784242e
:10bff8005c80848f050080101c00bf8f8995400fde
:10c00800000000005c8080af1c00bf8f1800b18f5b
:10c018001400b08f6c8080af0800e0032000bd27bb
:020000040000fa
:020000041d01dc
:10c02800d8ffbd271c00b2af0c00828c7880928f9d
:10c038002000b3af2400bfaf1800b1af1400b0aff9
:10c048001f0040101c00538e25888000050000103a
:10c05800258000000c00228e2b10020219004010cf
:10c068002400bf8f252800023293400f252020028c
:10c07800000043948100042481006330f5ff6414b8
:10c08800010010261400448e010080501800448cd2
:10c098000800438c231863022b186400eeff6054d9
:10c0a8000c00228e2400bf8f2000b38f1c00b28f9b
:10c0b8001800b18f1400b08f0800e0032800bd27d6
:10c0c8002400bf8f251000002000b38f1c00b28f02
:10c0d8001800b18f1400b08f0800e0032800bd27b6
:020000040000fa
:020000041d01dc
:10c0e800130080049080838fe8ffbd271400bfaf42
:10c0f8002a108300090040101000b0af8097400f4d
:10c108000000000005004010258040003c004390de
:10c1180001000224080062500c00028e2510000065
:10c128001400bf8f1000b08f0800e0031800bd276f
:10c138000800e00325100000070040503e0002926e
:10c148002000428c080042300c0040504000028e13
:10c158000c0000ae3e0002923d0003922b104300fb
:10c16800eeff4010010005243b6b400f2520000224
:10c17800ebff4010251000004000028e0002423004
:10c18800030040500400028ee5ff0010c0050224a1
:10c198000800038e23104300e1ff0010ffff423028
:020000040000fa
:020000041d01dc
:10c1a800e0ffbd271c00bfaf1800b1af230080100f
:10c1b8001400b0af6398400f258880004800239290
:10c1c80019006014ffff63246598400f2520400084
:10c1d8002400238e20006010251000000400658cc8
:10c1e8000000638c2b304500fcff60140b10a60088
:10c1f800008102006398400f00000000480023926d
:10c2080025204000010063246598400f480023a2c0
:10c218001c00bf8f251000021800b18f1400b08fca
:10c228000800e0032000bd27480023a26598400fbe
:10c2380025204000e7ff00102400238e1c00bf8f3c
:10c2480025800000251000021800b18f1400b08f5f
:10c258000800e0032000bd27e6ff0010258000004d
:020000040000fa
:020000041d01dc
:10c26800d8ffbd271800b0af2400bfaf2000b2af81
:10c278001c00b1af0300e014ffff1024040080107d
:10c288002400bf8f0800c0140080033c2400bf8f27
:10c29800251000022000b28f1c00b18f1800b08f4b
:10c2a8000800e0032800bd27258880004c36648cf0
:10c2b8002510c0002580e000190044002590a0004a
:10c2c800e80306242538000012200000c723400f89
:10c2d80010280000252840001000b0af2538400283
:10c2e800253020026e5e400f25200000258040008a
:10c2f800ffff0224e6ff02122400bf8fa653400f5f
:10c30800252000022400bf8f251000022000b28fd4
:10c318001c00b18f1800b08f0800e0032800bd276b
:020000040000fa
:020000041d01dc
:10c3280070ffbd278400b2af8000b1af7c00b0af12
:10c338002588a000258080002590c00025280000c1
:10c348004c0006242400a4278800b3af8c00bfaf9c
:10c35800a093400f2598e000ffff02241000a2af31
:10c3680002010224020000161400a2af7000b027d8
:10c378001800b0af1c00b1af020020122510000059
:10c38800ffff22260c0021062000a2af0080023cfd
:10c398004f000324c43743acffff02248c00bf8f37
:10c3a8008800b38f8400b28f8000b18f7c00b08f7b
:10c3b8000800e0039000bd2701002056000000a2fd
:10c3c80025306002252840021000a4272800b0afbd
:10c3d800ac8f400f2400b0aff1ff00108c00bf8f6e
:020000040000fa
:020000041d01dc
:10c3e8000d00829003004014000000000800e003e4
:10c3f80000000000e8ffbd271000b0af1400bfaf79
:10c408006398400f258080000c0003921e00601482
:10c41800ffff63246598400f252040000000028e2e
:10c428000f004010000000000800038e0400058e75
:10c4380005000010ffff632425206000ffff632430
:10c4480006004010000002aefbffa2540000428c20
:10c45800040000ae000000ae25206000080004ae15
:10c468006398400f000000000c0003922520400054
:10c47800010063240c0003a21400bf8f1000b08fca
:10c488006598400b1800bd270c0003a26598400f63
:0cc4980025204000e2ff00100000028e92
:020000040000fa
:020000041d01dc
:10c4a400e0ffbd271400b0af1c00bfaf1800b1af50
:10c4b40009008004258000009080838f2a10830067
:10c4c400060040101c00bf8f8097400f0000000042
:10c4d40007004014258840001c00bf8f251000026f
:10c4e4001800b18f1400b08f0800e0032000bd27ae
:10c4f4006398400f000000007c8083931200601456
:10c50400ffff63246598400f252040009d84400f61
:10c51400252020026398400f010010247c8083931f
:10c5240025204000010063246598400f7c8083a38c
:10c534001c00bf8f251000021800b18f1400b08fab
:10c544000800e0032000bd27252040006598400f27
:0cc554007c8083a3edff001000000000bd
:020000040000fa
:020000041d01dc
:10c56000e0ffbd271800b2af1400b1af1000b0afac
:10c570001c00bfaf76008390258080002588a00036
:10c580000a00622c170040102590c0000100022410
:10c59000041062003c0343300b0060148000423002
:10c5a00011004010030031320200a2300e0040148e
:10c5b0001c00bf8f1800b28f1400b18f1000b08f15
:10c5c0000800e0032000bd270000828c2530000019
:10c5d00014000524100082ac0c0082ac750b400fd7
:10c5e000080082ac030031320500201225284002e9
:10c5f00074000296010003248452627c740002a637
:10c60000252000021c00bf8f1800b28f1400b18fcc
:0cc610001000b08ff237400b2000bd2757
:020000040000fa
:020000041d01dc
:10c61c00d8ffbd272000b1af2400bfaf1c00b0afc6
:10c62c00050080102588a000420082944000423012
:10c63c000e004014000000001900e0142520200218
:10c64c00af73400f1000a6af2580400009004014c6
:10c65c001000a68f2400bf8f251000022000b18f80
:10c66c001c00b08f0800e0032800bd27f9ffe01480
:10c67c0025808000252000029b91400f1000a6af62
:10c68c001000a68f2400bf8f2000b18f0000c2ac19
:10c69c00251000021c00b08f0800e0032800bd2705
:10c6ac002528c0003581400f25200000e9ff4014eb
:10c6bc0025804000252020022400bf8f2000b18f50
:0cc6cc001c00b08faf73400b2800bd278e
:020000040000fa
:020000041d01dc
:10c6d80000800340c011637c01000724290067140f
:10c6e80001800240402e437c0010804000188040aa
:10c6f8000028804000308040252000000080043c55
:10c708000000834000508440c00000000200004246
:10c7180000408420ffff6320f9ff60140000000040
:10c72800c0bf043c7806843400308440c0bf053c58
:10c738007006a524c0bf063cd006c62425380000d4
:10c748001000a610ff01093c00e0293500288940a7
:10c75800000087400000a88c0400a98c0800aa8c5f
:10c768000010894000188a4000508840c00000002e
:10c77800020000420c00a5200100e720f0ff001095
:0cc78800000000000800e00300000000ba
:020000040000fa
:020000041d01dc
:10c794000000a28c0400a38cc0ffbd273800b3aff7
:10c7a4003400b2af3000b1af2c00b0af3c00bfaf2b
:10c7b400258880002580a0000800b28c2000a2af4c
:10c7c400030060040c00b38c4408027c2000a2af78
:10c7d4002000a2271800a2af0a0002241400a2af6e
:10c7e4001000b2af0400c78c0000c68c2f5b400f52
:10c7f400252000021000068e2000a38f2538400259
:10c80400ffffc6241000a3af2330c2002128620218
:10c81400c764400f252020020400238e00016330ea
:10c82400040060103c00bf8f0400038e2a204300e4
:10c834000b1064003800b38f3400b28f3000b18f16
:0cc844002c00b08f0800e0034000bd276e
:020000040000fa
:020000041d01dc
:10c850002b0080100080033c0800888ce83463249f
:10c8600025000315f5ff0224020082840100032441
:10c870001e00431400000000180083941b00621483
:10c88000000000001a0082940300431004000324f7
:10c890001600431400000000300082901500401480
:10c8a00001000324e8ffbd272800a2931400bfafb6
:10c8b0002b10020001004224300083a0320085a426
:10c8c000310082a0340086a4b15c400f360087a4fa
:10c8d00003004204f7ff0224030042380100422c07
:10c8e0001400bf8f0800e0031800bd270800e00314
:10c8f000f6ff0224f7ff02240800e0030000000016
:08c900000800e003f5ff02242a
:020000040000fa
:020000041d01dc
:10c90800e0ffbd271400b1af0800918c0080023c05
:10c918002800838ce8344224261022021c00bfaf72
:10c928001800b2af1000b0af0b0060140b88020003
:10c938001c00bf8f020002241800b28f1400b18fb0
:10c948001000b08f020082a4180080ac1c0080acdc
:10c958000800e0032000bd27dc85400f258080000b
:10c96800259040002000228ecc87400f0000518c7b
:10c978001c00bf8f021022726210113cd34d312669
:10c98800020003241a0003a61c0000a6e7034224a1
:10c99800190051001400b18f10100000821102001c
:10c9a800211052002c0002ae1800b28f1000b08f78
:08c9b8000800e0032000bd2788
:020000040000fa
:020000041d01dc
:10c9c000d8ffbd271400b0af0000908c1800b1afa5
:10c9d0002400bfaf2000b3af1c00b2af190000129b
:10c9e000258880000c00028e160040102590000063
:10c9f000252840023293400f2520000225284000c0
:10ca0000252000022893400f259840001000248e16
:10ca10000400658e0c00828c09f84000010052264b
:10ca20003000062425280000a093400f2520600236
:10ca30000c00028e2b104202eeff4014252840020b
:10ca40000000308e1000248e0c00828c09f840000b
:10ca5000252800022400bf8f000020ae260020a65b
:10ca60002000b38f1c00b28f1800b18f1400b08f5c
:08ca70000800e0032800bd27c7
:020000040000fa
:020000041d01dc
:10ca78001c00a28c150044502b00a2901000828c40
:10ca880025004014251800001400828c1e00405414
:10ca9800010003240b00c0102510000009006010dd
:10caa800000000001000868c1d00c0140100062440
:10cab80004006610000000001400838c120060144b
:10cac800010003240800e003000000002900a390ef
:10cad8002b1002002118620002006228edff4010ae
:10cae8000000000004006224801002000a10827c0a
:10caf80005004054ff006330e4ff60501400828c4e
:10cb0800e4ff0010000000001c00a4ac2900a3a052
:10cb18000800e00301000224fbff0010ff0063305f
:08cb2800f9ff001025180000c0
:020000040000fa
:020000041d01dc
:10cb3000e0ffbd271400b0af258080002c00848c5e
:10cb40001800b1af1c00bfaf040080102588a00002
:10cb5000090006247e92400f020005241a002012cc
:10cb60002c0011ae1000248e1c00228e3c00069278
:10cb70000c0083940400479401000524080042241b
:10cb8000f8ff6324300004ae340003a6360007a685
:10cb90000600c510380002ae1c00bf8f1800b18f10
:10cba0001400b08f0800e0032000bd2725282002d4
:10cbb000252000021c00bf8f1800b18f1400b08f19
:10cbc0004462400b2000bd271c00bf8f300000ae28
:10cbd000340000ae380000ae1800b18f1400b08fe2
:08cbe0000800e0032000bd275e
:020000040000fa
:020000041d01dc
:10cbe8000080083cfc3508252c00038d28000b8d9f
:10cbf8002700a0502558600022006b102510000067
:10cc080000800a3c2538800082bf0d3c68344a25e4
:10cc18000b00001006000c248a31437d01006324b8
:10cc280001004224000026a13000068d2b3066004a
:10cc38001300a2100a18060012006b100200e72465
:10cc48000022a68d0600c630f3ffcc1421488200ce
:10cc5800403003008a49467d0100c6240100632450
:10cc68000000e9a08a31467d010042240100e6a0c7
:10cc78003000068d2b306600efffa2140a1806005c
:10cc8800255860002c000bad0800e00300000000f0
:08cc9800fcff00102510000054
:020000040000fa
:020000041d01dc
:10cca000d8ffbd271c00b3af0080133c40017326a2
:10ccb0002400bfaf2000b4af1800b2af1400b1af72
:10ccc0001000b0af1b006416faff02240300e0104e
:10ccd0002580a000080002240000e2ac140000122d
:10cce0000900d428080002240b10d40010004010c2
:10ccf00025a04000029d113c2590000070fe3126c9
:10cd00002520000225282002aa93400f2400062493
:10cd10000c00228e4c00648e2800102609f840007a
:10cd200001005226fcff02aef5ff921610003126dc
:10cd3000251000002400bf8f2000b48f1c00b38f8b
:10cd40001800b28f1400b18f1000b08f0800e003fc
:04cd50002800bd27d3
:020000040000fa
:020000041d01dc
:10cd54001900c0101000828c280040100000000050
:10cd64001c00868c0800438c2b20c30007008054d1
:10cd74000000428c0e004494211864002b206600ad
:10cd8400060080502b30a6000000428cf6ff405471
:10cd94000800438c0800e003000000000600c054b3
:10cda4000000428c2b186500030060540000428c84
:10cdb4000800e00300000000060040540800438c13
:10cdc4000e000010000000000c00401000000000e5
:10cdd4000800438c2b20a300fbff80540000428cee
:10cde4000e004494211864002b186500f6ff60546b
:10cdf4000000428c0800e003000000000800e0038b
:04ce0400000000002a
:020000040000fa
:020000041d01dc
:10ce08000000868c1700c5102510a0000b00c0106c
:10ce1800000000000000c38c0600a31400000000fe
:10ce2800080000102518c0000700c2500000468cfa
:10ce38002518c000fcff60540000668c0800e00361
:10ce4800251000000000468c0400858c1200a210fa
:10ce5800000066ac0800838cffff63240800e00331
:10ce6800080083ac0a00a010000000000400838cb6
:10ce78000e00a350040080ac0000a38c000083ac1b
:10ce88000800838cffff63240800e003080083acdc
:10ce98000800e00300000000040083ac0800838c55
:10cea800ffff63240800e003080083ace9ff0010db
:04ceb800000080ac4a
:020000040000fa
:020000041d01dc
:10cebc002a008010000000000000828c2700401027
:10cecc0000000000e0ffbd271800b2af1400b1afa6
:10cedc001c00bfaf1000b0afe797400f2588800053
:10ceec0025904000020042281000401425800000cc
:10cefc000390400f25200002708f400f252040002a
:10cf0c0008004010010010260000238e0400458c00
:10cf1c000800448c26186500241864000a00601070
:10cf2c001c00bf8ff2ff5016000000001c00bf8fca
:10cf3c001800b28f1400b18f1000b08f01000424c0
:10cf4c005481400b2000bd271800b28f1400b18f04
:10cf5c001000b08f0800e0032000bd270800e0039c
:04cf6c00251000008c
:020000040000fa
:020000041d01dc
:10cf7000f8ffbd270800acf70c00a38f0055627cba
:10cf800033044428150080100800a0d70010804406
:10cf90000010e0443260224610000145000000000d
:10cfa000029d043c0f006104a05984d40160244612
:10cfb0000000244601002c46ff0342280e004010ca
:10cfc0000800a1d70000a0f714006004029d023cf5
:10cfd0000800a0af0c00a0af0800a0d70800e00335
:10cfe0000800bd270800a1d7000024460100244600
:10cff000f1ff0010010021463c1120464008204668
:10d00000f5ff04450800a1f7029d023ca85940d451
:10d0100001082046f0ff00100800a0f7fdff0010f7
:04d02000985940d407
:020000040000fa
:020000041d01dc
:10d02400e8ffbd271000b0af1400bfaf0c87400f5e
:10d0340025808000160040101400bf8f0800028e67
:10d04400340004961000428c010043301300601039
:10d05400080045300700a010251800004000437c5c
:10d064000400423002004010401b030000106334ef
:10d0740024188300040002241a0002a603000224d8
:10d08400220003a63c0000ae1c0002a61400bf8fc1
:10d094001000b08f0800e0031800bd27f5ffa010b2
:10d0a4002518000000108330020042300020843034
:10d0b4000b188200040002241a0002a603000224b2
:10d0c400220003a63c0000aef0ff00101c0002a6e4
:020000040000fa
:020000041d01dc
:10d0d4000000838c1e006510000000002400601016
:10d0e400000000000000628c0600a2140000000092
:10d0f4000800001025106000070065500000a68c91
:10d1040025106000fcff40540000438c0800e0033d
:10d11400000000000000a68c0400838c060065104b
:10d12400000046ac0800838c2510a000ffff632498
:10d134000800e003080083ac0800838c040082ac80
:10d144002510a000ffff63240800e003080083ac5f
:10d154000700a010000000000400828c0600a2500a
:10d16400040080ac0000a28ceeff0010000082ac32
:10d174000800e00325100000eaff0010000080ac66
:020000040000fa
:020000041d01dc
:10d184000800a28c2100401000000000d8ffbd2739
:10d194002000b1af1c00b0af2400bfaf0400438c2b
:10d1a400010006244c00918cc4ffc37c040043acf2
:10d1b4000c00a28c0c00a8240800a7240400438cb3
:10d1c4002580800084f7c37c040043ac0401858c73
:10d1d4001400a0af1000a8af0c00a624ae3f400f6f
:10d1e4000800a5242b98400f252020020900405058
:10d1f4000401028e252020022400bf8f2000b18f5d
:10d204001c00b08f0897400b2800bd270800e003de
:10d2140000000000252020020800458c0400a524fd
:10d22400b396400f00e0a57cf3ff001025202002f8
:020000040000fa
:020000041d01dc
:10d23400e0ffbd271c00bfaf1800b1af8097400fbf
:10d244001400b0af1f004010258040003c00439004
:10d254000100022407006210258800001c00bf8f13
:10d26400251020021400b08f1800b18f0800e003cd
:10d274002000bd271c94400f25200002f8ff401019
:10d284001c00bf8f0800048e0400118e2388240222
:10d29400ffff22322b10c200010040542588c00039
:10d2a400ffff3132eeff20121c00bf8fcb92400fe4
:10d2b400253020020800028e21105100e7ff0010e3
:10d2c400080002ae1c00bf8f258800002510200234
:10d2d4001400b08f1800b18f0800e0032000bd27b0
:020000040000fa
:020000041d01dc
:10d2e400d8ffbd272000b1af0080113cd402228eac
:10d2f4001c00b0af2400bfaf0e004010258080009a
:10d304000c8e400f000000001000a4279d8f400fda
:10d314001000a2af0f0042241000a58f0418027c55
:10d32400be93400f252040000c0040102400bf8f06
:10d33400d40220ae01000052010010240f00102678
:10d344000418107c090000160080023c0c00032421
:10d35400c43743ac251000002400bf8f2000b18fd8
:10d364001c00b08f0800e0032800bd270400022e33
:10d37400040003240b806200b36e400f25200002da
:10d38400f5ff4054fcff50acf4ff00102400bf8fa5
:020000040000fa
:020000041d01dc
:10d394000400a28c0600422c260040140000000069
:10d3a4000000a58c0100a29003004330210060140a
:10d3b4000400432c1f0060140000000058008390f8
:10d3c40004006330030060100200a6240800e00398
:10d3d400020042240300c388380082240100072489
:10d3e4000000c3983b0083a8000043b85900829012
:10d3f400c418e27c590082a00100a2900800432cca
:10d40400f2ff60140600a6240300c3883c008224b3
:10d414000000c3983f0083a8000043b859008290dd
:10d424000421e27c590082a00100a2900800e003dc
:0cd43400020042240800e003ffff022475
:020000040000fa
:020000041d01dc
:10d440000d00829003004014000000000800e0037b
:10d4500000000000e0ffbd271400b0af2580800071
:10d460001800b1af1c00bfaf6398400f2588a00023
:10d470000c00039215006014ffff63246598400fb1
:10d48000252040000400028e15004010000020ae50
:10d49000000051ac040011ae0800028e01004224cd
:10d4a0006398400f080002ae0c0003922520400054
:10d4b000010063240c0003a21c00bf8f1800b18f71
:10d4c0001400b08f6598400b2000bd270c0003a20c
:10d4d0006598400f25204000ebff00100400028eed
:0cd4e000040011aeecff0010000011aec3
:020000040000fa
:020000041d01dc
:10d4ec00e0ffbd271800b2af1400b1af1c00bfaff6
:10d4fc001000b0af2588c0009e95400f2590a0006d
:10d50c004018020021186200c01803009897400fc1
:10d51c0021206200170020121c00bf8f6494400f62
:10d52c0025800000000042a20100102611001112fb
:10d53c001c00bf8f6494400f000000002128500293
:10d54c000700033207000424f7ff64140000a2a0b4
:10d55c009e95400f01001026401802002118620011
:10d56c00c01803009897400f21206200f1ff11169c
:10d57c001c00bf8f251000001800b28f1400b18f53
:0cd58c001000b08f0800e0032000bd2755
:020000040000fa
:020000041d01dc
:10d598002800801000000000096a023c67e6423457
:10d5a800000082ac67bb023c85ae4234040082ac0a
:10d5b8006e3c023c72f34234080082ac4fa5023c38
:10d5c8003af542340c0082ac0e51023c7f524224a0
:10d5d800100082ac059b023c8c684224140082ac8b
:10d5e800831f023cabd94234180082ace05b023c9a
:10d5f80019cd4234e8ffbd271c0082ac600080ac26
:10d60800640080ac680080ac780080ac1000b0afdb
:10d618001400bfaf6998400f258080001400bf8fa9
:10d62800700002ae251000001000b08f0800e00363
:0cd638001800bd270800e00353ff022487
:020000040000fa
:020000041d01dc
:10d6440086bf033c000060ac000160ac000260ac2b
:10d65400000360ac000460ac000560ac000660ac84
:10d6640099aa033c80bf023c55666324300040ac59
:10d67400300043ac6655033caa996334300043ac94
:10d684000000438c01000424e8ffbd27446b037ca5
:10d69400000043ac0b000324701443ac02000324c9
:10d6a400481643ac0000438c080005241400bfafa7
:10d6b400446b837c05000424000043ac300040ac80
:10d6c400c195400f0000000004000524c195400fdf
:10d6d400252000001400bf8f0080053402000424bc
:08d6e400c195400b1800bd27a1
:020000040000fa
:020000041d01dc
:10d6ec0025008014010006240080023ce83443909d
:10d6fc0023006610e83443241800a48c1e0080100c
:10d70c001c0064ac1000a48c0400a88c2000a9940c
:10d71c002400a78c240060a014008594e83446a053
:10d72c0002000224040062a4029d023cd819422487
:10d73c00060069a4080060a40c0068ac140064ac7a
:10d74c00180062ac0600a010200067ac1600849490
:10d75c005c0065a4251060000800e0035e0064a472
:10d76c0016008494004102245c0062a45e0064a450
:10d77c000800e003251060000800e003ffff02240e
:08d78c000800e003e834422428
:020000040000fa
:020000041d01dc
:10d79400e0ffbd271400b0af2580a00001000524e0
:10d7a4001c00bfafad7d400f1800b1af200040108a
:10d7b400252000021f79400f0400508c0b004010fc
:10d7c400feff11240e0043900600632c1600601027
:10d7d4009c00062690000626020007242528400007
:10d7e400255e400f25200002258800000900001254
:10d7f4001c00bf8f6398400f0000000000000392dc
:10d8040025204000010063246598400f000003a216
:10d814001c00bf8f251020021400b08f1800b18f98
:10d824000800e0032000bd27ecff001003000724dc
:08d83400f7ff0010ffff1124b3
:020000040000fa
:020000041d01dc
:10d83c002700a1041000a88f0001828c0800438ce3
:10d84c000c00448c1b0064500c0040ac0000648c39
:10d85c00080044ac0034060000e0a47c8001c6340f
:10d86c00422f050004000224080064ac040066acde
:10d87c000600a254000060ac0400628c0100042479
:10d88c008452827c040062ac000060ac0000028d0b
:10d89c000c004010140060ac0400642400e0847c94
:10d8ac00000043ac140044ac251000000800e00359
:10d8bc00000003ade7ff6014080040ac0800e00373
:10d8cc0003000224000003ad0800e0030000e3acf9
:08d8dc000800e003feff022436
:020000040000fa
:020000041d01dc
:10d8e400d8ffbd272000b3af1c00b2af1800b1af02
:10d8f4001400b0af2400bfaf259080000f0080a0bb
:10d9040025888000258000000f0013240000249245
:10d91400cf95400f01003126ff004230010003265d
:10d92400ffff22a20a004010ff006330f7ff7314c8
:10d93400258060002400bf8f2000b38f1c00b28fad
:10d944001800b18f1400b08f0800e0032800bd2731
:10d95400200004242118500201001026ff00023286
:10d964000f00422cfbff4014000064a02400bf8f72
:10d974002000b38f1c00b28f1800b18f1400b08f39
:08d984000800e0032800bd27a4
:020000040000fa
:020000041d01dc
:10d98c000d00829003004014000000000800e0032a
:10d99c0000000000e8ffbd271000b0af1400bfafbf
:10d9ac006398400f258080000c00039219006014ce
:10d9bc00ffff63246598400f252040000000028e75
:10d9cc00100040101400bf8f0800038e0400058e59
:10d9dc0005000010ffff632425206000ffff632477
:10d9ec0006004010000002aefbffa2540000428c67
:10d9fc00040000ae000000ae25206000080004ae5c
:10da0c001400bf8f0d0000a21000b08f0800e003bf
:10da1c001800bd270c0003a26598400f252040007c
:08da2c00e7ff00100000028e6c
:020000040000fa
:020000041d01dc
:10da34000d008290e0ffbd271800b1af1c00bfaffe
:10da44001400b0af07004014258800001c00bf8fed
:10da5400251020021400b08f1800b18f0800e003d5
:10da64002000bd27258080006398400f2588a000f2
:10da74000c00039213006014ffff63246598400fa9
:10da840025204000252000028273400f2528200213
:10da94006398400f258840000c0003922520400025
:10daa400010063246598400f0c0003a21c00bf8f83
:10dab400251020021400b08f1800b18f0800e00375
:10dac4002000bd270c0003a26598400f25204000cc
:08dad400edff00102520000207
:020000040000fa
:020000041d01dc
:10dadc00250080049080838fe8ffbd271400bfaf22
:10daec002a1083001b0040101000b0af8097400f2d
:10dafc000000000017004010258040003c004290c0
:10db0c000100032414004354251000004000038e30
:10db1c000300633010006054251000001400a210a4
:10db2c00020003240c00a31425100000618f400f89
:10db3c002520c00008004050251000004000038e36
:10db4c00140002ae010002240442437c02000010c7
:10db5c00400003ae251000001400bf8f1000b08fe2
:10db6c000800e0031800bd270800e00325100000a2
:08db7c00f2ff0010ffff02247c
:020000040000fa
:020000041d01dc
:10db8400190080049080868fe8ffbd271400bfaf82
:10db94002a10860010004010251800008097400fbe
:10dba400000000000d0040101400bf8f0500a050bd
:10dbb4004000438c4200a394400063300d00601485
:10dbc4004000438c240040ac01000424448c837c3a
:10dbd400400043ac010003241400bf8f25106000f3
:10dbe4000800e0031800bd27251800000800e00322
:10dbf4002510600048004494240045ac448c037c08
:10dc040000048430f0ff8014400043ac3f00449093
:10dc140002008430edff801401000424c418037c46
:08dc2400eaff0010400043acd0
:020000040000fa
:020000041d01dc
:10dc2c001800828c1400878c1c00868c2000838c3e
:10dc3c0023284700660088942b48c3001f0020113e
:10dc4c00ffffa530231043002318c7002118430001
:10dc5c0001006324ffff63302318a300ffff633030
:10dc6c000d00a3102b3003010900c010251000007b
:10dc7c006c00829442280500231868002b30a20007
:10dc8c000b10a6002a184300030060142510000096
:10dc9c000800e00300000000e8ffbd270100062497
:10dcac001400bfaf750b400f100005241400bf8f7c
:10dcbc00010002240800e0031800bd272318c3004c
:08dccc00e5ff0010ffff6330cb
:020000040000fa
:020000041d01dc
:10dcd400d8ffbd271c00b1af2588a0002f00052464
:10dce4002000b2af1800b0af2400bfaf2580800081
:10dcf4002d90400f2590c0000f0040105c000524bb
:10dd040001005024029d053c1000b2af25382002ca
:10dd140025300002d43fa5249d8e400f252000000d
:10dd24002400bf8f2000b28f1c00b18f1800b08f69
:10dd34000800e0032800bd272d90400f2520000295
:10dd4400efff4014029d053c1000b2af25382002bd
:10dd540025300002d43fa5249d8e400f25200000cd
:10dd64002400bf8f2000b28f1c00b18f1800b08f29
:08dd74000800e0032800bd27b0
:020000040000fa
:020000041d01dc
:10dd7c0055500000444f574e000000000d0a4e65f0
:10dd8c0074776f726b20496e666f3a0d0a00000053
:10dd9c0049502020202020203a2025752e25752e34
:10ddac0025752e25750d0a004d61736b20202020e2
:10ddbc003a2025752e25752e25752e25750d0a00f4
:10ddcc0047617465776179203a2025752e25752e6b
:10dddc0025752e25750d0a004d414320202020204d
:10ddec003a20253032583a253032583a25303258bc
:10ddfc003a253032583a253032583a253032580dbf
:10de0c000a0000004c696e6b202020203a202573fc
:08de1c000d0a00000d0a0000d0
:020000040000fa
:020000041d01dc
:10de2400e0ffbd271800b1af4400918c1400b0afdf
:10de3400258080001c00228e1800848c1c00bfaf3b
:10de440009f8400000000000010003240e00431004
:10de54001c00bf8f2000228e09f840001800048e99
:10de64000d004014840006263c00228e1800048e07
:10de740009f840002528000007004004040002249b
:10de8400900002ae1c00bf8f1800b18f1400b08f39
:10de94000800e0032000bd27200002920429027c30
:10dea400dc85400f200002a21c00bf8f7c0002ae64
:10deb400900000ae1800b18f1400b08f0800e0038a
:04dec4002000bd2756
:020000040000fa
:020000041d01dc
:10dec800e0ffbd271800b1af0080113c40012326b8
:10ded8001c00bfaf1400b0af17008314faff022470
:10dee800029d063c2580a000253880003431c624d8
:10def8003344400f252800000c000052252800025a
:10df08001000028e110040102510000204000010bd
:10df18000000428c0e0060101c00bf8f0000428c75
:10df2800fcff40541000438c25280002c143400fd9
:10df380040012426010002241c00bf8f1800b18f65
:10df48001400b08f0800e0032000bd271c00bf8f1d
:10df5800f5ff02241800b18f1400b08f0800e00309
:04df68002000bd27b1
:020000040000fa
:020000041d01dc
:10df6c00e8ffbd270100a5301000b0af1400bfaf13
:10df7c001400a0144c00908c0497400f2520000234
:10df8c000c97400f25200002f496400f252000022c
:10df9c00f896400f25200002fc96400f2520000229
:10dfac00b797400f25200002fdff401425200002ea
:10dfbc001400bf8f1000b08fef630524c997400b7e
:10dfcc001800bd270497400f25200002ba97400f78
:10dfdc0025200002fdff401400000000bd97400ffb
:10dfec0025200002e4ff401000000000bd97400f08
:10dffc0025200002f9ff401400000000deff001095
:04e00c000000000010
:020000040000fa
:020000041d01dc
:10e010002600c01000000000e0ffbd271400b0afd4
:10e020001400908c1c00bfaf1800b1af0900a01005
:10e03000060002260300a3880000a398030003aa99
:10e04000000003ba0400a390040003a20500a390fb
:10e05000050003a20300c388258880002520e00076
:10e060000000c398030043a8000043b80400c39015
:10e07000040043a00500c3900935400f050043a0ec
:10e080001000248e1c00bf8f0c0002a60c0083948d
:10e09000010002241800b18f0e0063241400b08f19
:10e0a0000c0083a40800e0032000bd270800e00363
:04e0b0002510000037
:020000040000fa
:020000041d01dc
:10e0b400e0ffbd271400b1af7880918f1c00bfaf83
:10e0c4001800b2af1a0020121000b0af1200a01452
:10e0d4000000000017008010251000000100052436
:10e0e4002590c000998c400f2580800010004010be
:10e0f4000100032442000496c418647c13004312f4
:10e10400420004a6020003240a004352080030ae71
:10e11400090000101c00bf8f0600801025100000ad
:10e124004200829440004230edff40140100052477
:10e13400251000001c00bf8f1800b28f1400b18f8f
:10e144001000b08f0800e0032000bd27f9ff001085
:04e15400040030aee5
:020000040000fa
:020000041d01dc
:10e15800756c033cc8ffbd27286e63241800a3af65
:10e168006c2903242800b2af2000b0af3400bfaf41
:10e178003000b4af2c00b3af2400b1af25908000bd
:10e188002510e0001c00a3a71e00a0a30200c010d9
:10e198001800b0272580c0000400b18c0800b38c9b
:10e1a800030040140000b48ce391400f25200002c6
:10e1b800020020062b1822020b1023021000b4af15
:10e1c800253860022528000225204002c764400f38
:10e1d800253040003400bf8f3000b48f2c00b38f3f
:10e1e8002800b28f2400b18f2000b08f0800e00310
:04e1f8003800bd2707
:020000040000fa
:020000041d01dc
:10e1fc000800878c20008394220085941000e28c08
:10e20c00080069300030a830253040000400067c3e
:10e21c000a10c90025304000c418067c0a10c8003a
:10e22c0025304000006068300421067c0a10c800cc
:10e23c0025304000001868304429067c0a10c800bc
:10e24c000001a830005066302530c8002540400041
:10e25c004408087c0a1006018000a53000286330b1
:10e26c002800868c25186500252840008410057c24
:10e27c000a10a3001000e2ac0000c2ac02000224a1
:10e28c00020082a4180080ac0800e0031c0080ace3
:020000040000fa
:020000041d01dc
:10e29c00e8ffbd271000b0af1400bfaf0c87400fd4
:10e2ac0025808000160040101400bf8f34000696a5
:10e2bc002000c2300d00405422000596dc85400f32
:10e2cc00000000002c00038e2b1043000f004010a8
:10e2dc0002000224252000021400bf8f1000b08f12
:10e2ec0001000524ef81400b1800bd2725200002fa
:10e2fc001400bf8f1000b08f4400400b1800bd27d6
:10e30c001000b08f0800e0031800bd27020002a621
:10e31c00f8ff023c1c0002ae180000ae1400bf8fc8
:10e32c001000b08ff8ff04247796400b1800bd271f
:020000040000fa
:020000041d01dc
:10e33c001d008004a880838fe8ffbd271400bfafa9
:10e34c002b1883001000b0af1300601025100000d4
:10e35c00b880908f802004000a80047e0f00001289
:10e36c001400bf8f740002968000433010006014bc
:10e37c0025200002010003248452627c740002a652
:10e38c0001000524475d400f252000020800405481
:10e39c0025200002010002241400bf8f1000b08f52
:10e3ac000800e0031800bd270800e003251000005a
:10e3bc00253000005871400f010005241400bf8f58
:10e3cc00010002241000b08f0800e0031800bd27e4
:020000040000fa
:020000041d01dc
:10e3dc005443502f495020737461636b20696e69ec
:10e3ec007469616c697a6174696f6e206661696cbd
:10e3fc00656420696e2025732e0d0a00496e7465c4
:10e40c007266616365202573206f6e20686f73746c
:10e41c00202573206177616974696e6720696e6964
:10e42c007469616c697a6174696f6e20696e2025fc
:10e43c00732e0d0a00000000496e746572666163ec
:10e44c00652025732061737369676e65642049507c
:10e45c0020616464726573732025642e25642e25f7
:10e46c00642e256420696e2025732e0d0a00000091
:020000040000fa
:020000041d01dc
:10e47c001d008010000000000f008590feffa324fb
:10e48c000200632c03006014251000000800e00358
:10e49c0000000000e0ffbd271c00bfaf0e00829003
:10e4ac000600422c0b00401003000324020003243e
:10e4bc000a00a310251080001000a4af029d043c9c
:10e4cc00130505246f90400f045a84240300001098
:10e4dc001000a28f0600a314251080001c00bf8f13
:10e4ec000800e0032000bd270800e0032510000011
:10e4fc001000a4af029d043c170505246f90400f3b
:0ce50c00045a8424f5ff00101000a28fb8
:020000040000fa
:020000041d01dc
:10e51800d8ffbd272000b3af0080133c1800b1af6f
:10e5280025888000683764261c00b2af1400b0af9d
:10e538002400bfafd880400f2590a0006837708ea8
:10e54800090000560c00028e11000010683764267e
:10e55800090051500400028e0000108e0c00005279
:10e56800683764260c00028e25284002f8ff401404
:10e57800252020020400028e09f840000800068ebb
:10e588000000108ef8ff00560c00028e68376426d3
:10e598002400bf8f2000b38f1c00b28f1800b18fea
:0ce5a8001400b08fa886400b2800bd278f
:020000040000fa
:020000041d01dc
:10e5b40012008004253800009080828fe8ffbd2778
:10e5c4002a108200090040101400bfaf8097400f4a
:10e5d4000000000005004010251840003c00449055
:10e5e4000100022407008210000000001400bf8f05
:10e5f4002510e0000800e0031800bd270800e00330
:10e604002510e0001c94400f25206000f7ff401007
:10e61400253840000000648c0200c01025108000e2
:10e624000800628c212845002b20a400efff8054b1
:10e63400253800000400628c2b104500ebff405489
:0ce6440025380000e9ff0010080065ac5c
:020000040000fa
:020000041d01dc
:10e65000e8ffbd271000b0af1400bfaf0c87400f1c
:10e66000258080000d0040101400bf8f34000296fa
:10e67000040043300c006050200003962800048ef4
:10e68000140080148000437c02000224020002a6d1
:10e69000180000ae1c0000ae1400bf8f1000b08f39
:10e6a0000800e0031800bd27f5ff60502800048e25
:10e6b00001000524ef81400f25200002f7ff4010e4
:10e6c0001400bf8f020002241a0002a6f2ff0010fd
:10e6d0001c0000a604006534100042300b18a20094
:08e6e000e9ff0010000083ac0b
:020000040000fa
:020000041d01dc
:10e6e8002300a010000000000000a28c20004010b1
:10e6f800000000001e00c01000000000d8ffbd2769
:10e708002000b2af1c00b1af1800b0af2400bfaffb
:10e718002590e0002588c000708f400f2580a0005c
:10e728000d004050faff0224420043940010633069
:10e73800030060100010433207006050f8ff022405
:10e748001000a0af253840022530200225280002fd
:10e75800c83d400f252040002400bf8f2000b28f05
:10e768001c00b18f1800b08f0800e0032800bd27f7
:08e778000800e003fbff02248e
:020000040000fa
:020000041d01dc
:10e780002100a010000000000000a28c1e0040101c
:10e790000000000013008010000000004200889478
:10e7a00040000a3103004015faff02240800e0038c
:10e7b00000000000e0ffbd270c00e0101c00bfaf10
:10e7c0000010083112000015010007241000a6af48
:10e7d000c83d400f040086241c00bf8f0800e003e2
:10e7e0002000bd270800e003faff02243961400f32
:10e7f0000000000002000324ffff04240b2062003d
:10e80000f5ff0010251080000800e003fbff022444
:08e81000f1ff0010f8ff0224e3
:020000040000fa
:020000041d01dc
:10e818007480828f88ffbd277400bfaf7000b1afce
:10e828000600401c6c00b0af7400bf8f7000b18f41
:10e838006c00b08f0800e0037800bd277880918fc6
:10e84800258080001000a527fb58400f240024864f
:10e85800060040501800038e5800a38f1000028e47
:10e868000d006250240024861800038e0200022442
:10e87800eeff62147400bf8f7480828fffff422402
:10e88800e9ff4014748082af1289400f25202002ce
:10e89800e5ff0010788080af2594400f0100052423
:08e8a800f2ff00101800038ebe
:020000040000fa
:020000041d01dc
:10e8b0000080053c4036a5243400a38c0b0060107a
:10e8c00000000000070064141c00628c130000109c
:10e8d00000000000070082501c00828c25184000b8
:10e8e0001c00628cfbff4014000000000800e003e5
:10e8f00025100000060040501c0062ac0c00868c05
:10e900000c00458c2128a6000c0045ac1c0062ac14
:10e91000251000000800e0031c0080ac06004050f9
:10e920001c00638c0c00678c0c00468c2130c700e7
:10e930000c0046ac1c00638c010002243400a3ac24
:08e940000800e0031c0080ac9c
:020000040000fa
:020000041d01dc
:10e94800e0ffbd271800b2af1c00bfaf1400b1af85
:10e958001000b0af03008010259000000800a0143c
:10e968002588a0001c00bf8f251040021400b18f1d
:10e978001800b28f1000b08f0800e0032000bd27f8
:10e988005283400f2580800005004010253020026a
:10e99800252800028e94400f252040002590200253
:10e9a8006398400f000000002881839325204000d1
:10e9b800010063246598400f288183a31c00bf8f42
:10e9c800251040021400b18f1800b28f1000b08fcc
:08e9d8000800e0032000bd2748
:020000040000fa
:020000041d01dc
:10e9e00082bf033c1022648c0080023cfc35422430
:10e9f0000e008430400044ac1022648c0e00843041
:10ea000014008010000000001022648c020084308a
:10ea10000700801002000424142264ac1022648ccd
:10ea2000010084300700805081bf033c3022648c99
:10ea30001022648c01008430fcff80140000000070
:10ea400081bf033c0200043c840064ac0400043c2d
:10ea5000840064ac2000438c0500601000000000be
:10ea60002400458c2000598c080020030200042457
:08ea70000800e00300000000b3
:020000040000fa
:020000041d01dc
:10ea7800b880838fe8ffbd271400bfaf1200601075
:10ea88001000b0afa880878f0f00e010258000002d
:10ea9800801010000a10627c253000000200052456
:10eaa8002520400005004010010010265871400f35
:10eab80000000000a880878fb880838f2b10070282
:10eac800f4ff401480101000ac80848f0c00828cfe
:10ead80009f8400025286000a480848fb88080afa2
:10eae80004008010a88080af8995400f00000000c6
:10eaf800a48080af1400bf8f1000b08f0800e0031f
:04eb08001800bd270d
:020000040000fa
:020000041d01dc
:10eb0c0011008004a880838fe8ffbd271400bfafdd
:10eb1c002b1883000900601025100000b880838f2b
:10eb2c00802004000a20647c04008010010003246f
:10eb3c00770085900600a3504c00838c1400bf8f87
:10eb4c000800e0031800bd270800e00325100000b2
:10eb5c00fbff60101400bf8f760083900300052428
:10eb6c000300651008000524f5ff65140000000083
:10eb7c000400828c0000838c23104300ffff42248e
:10eb8c008d8e400fffff46302310c200ebff0010ac
:04eb9c00ffff423005
:020000040000fa
:020000041d01dc
:10eba0002481828fe8ffbd271400bfaf14004014fa
:10ebb0001000b0af02000224248182af6398400f9e
:10ebc0002c8180af252040000080103c01000224f1
:10ebd0006598400f288182a3e295400fe42f042618
:10ebe00010004104e42f1026248180af1400bf8f51
:10ebf000251000001000b08f0800e0031800bd27aa
:10ec000001000324faff43141400bf8f0100022403
:10ec1000248182af1400bf8f1000b08f0800e00382
:10ec20001800bd27010002242c8190aff9ff0010cd
:04ec3000248182af0a
:020000040000fa
:020000041d01dc
:10ec340099aa033c80bf023c55666324300040ac73
:10ec4400300043ac6655033caa996334300043acae
:10ec54000000438c010004240463037c000043ace3
:10ec640001100324400043ac03000324500043acd0
:10ec7400ff01033cff016324600043acff01032454
:10ec8400700043ac1f30033c3d3f6324800043ac21
:10ec94008300033c01006324900043ac5000033c18
:10eca400a00043ac0000438c0463837c000043acad
:10ecb4003333033c33336324300043ac0800e003b4
:04ecc400000000004c
:020000040000fa
:020000041d01dc
:10ecc8000080083c54350825255000012510000116
:10ecd80025180000080009240000478c0f00871041
:10ece8000c00422401006324fcff69540000478c97
:10ecf80025100000feff0724080009240000438daa
:10ed08000f0067100c004a2501004224fcff4954fb
:10ed18000000438d0800e0037cff0224401003003c
:10ed2800211843008018030021400301000004adae
:10ed3800040005ad080006ad0800e003251000003a
:10ed4800401802002110620080100200f7ff001036
:04ed58002140020153
:020000040000fa
:020000041d01dc
:10ed5c00e0ffbd271800b1af1c00bfaf1400b0af6f
:10ed6c001600a0102588c0002580a000ad7d400fa6
:10ed7c000100052412004050ffff02240200201263
:10ed8c00080050ac000020ae6398400f0400518c7a
:10ed9c002520400000002292010042246598400f7b
:10edac00000022a21c00bf8f251000021800b18f9a
:10edbc001400b08f0800e0032000bd27fdff0224e3
:10edcc0001002056000022ae1c00bf8f2510000051
:10eddc001800b18f1400b08f0800e0032000bd278d
:020000040000fa
:020000041d01dc
:10edec000000a28c0b0040540400a38c1e000010e9
:10edfc00000000000800838c0000c2ac040082ac50
:10ee0c000000a28c0100632413004010080083aca6
:10ee1c000400a38c120062500400a0ac0000438cd0
:10ee2c000000a3ac0800a38c0400868cffff6324b5
:10ee3c000800a3acefffc014000040ac0800838caa
:10ee4c00000082ac040082ac0000a28c01006324a0
:10ee5c00efff4014080083ac0800e0030000000042
:10ee6c00f0ff00100000a0ac0800e0030000000060
:020000040000fa
:020000041d01dc
:10ee7c000000a28c0b0040540400a38c1e00001058
:10ee8c00000000000800838c0000c2ac040082acbf
:10ee9c000000a28c0100632413004010080083ac16
:10eeac000400a38c120062500400a0ac0000438c40
:10eebc000000a3ac0800a38c0400868cffff632425
:10eecc000800a3acefffc014000040ac0800838c1a
:10eedc00000082ac040082ac0000a28c0100632410
:10eeec00efff4014080083ac0800e00300000000b2
:10eefc00f0ff00100000a0ac0800e00300000000d0
:020000040000fa
:020000041d01dc
:10ef0c00e8ffbd271400bfaf6494400f0000000061
:10ef1c009080868f9480898fffff423000c04234ee
:10ef2c0000400724ffff08340d00c0181400bf8fe9
:10ef3c0025182001252000000000658c0100842488
:10ef4c000400a010040063242a00a5940600a2105b
:10ef5c0000000000f9ffc4540000658c1400bf8f42
:10ef6c000800e0031800bd270300485000c002341d
:10ef7c0001004224ffff4230ffffe724eaffe014c8
:10ef8c001400bf8f251000000800e0031800bd27f7
:020000040000fa
:020000041d01dc
:10ef9c00210080049080838fe8ffbd271400bfaf51
:10efac002a108300130040101000b0af8097400f60
:10efbc00000000000f004010258040003000428c03
:10efcc000400401000000000360002960b004014b4
:10efdc001400bf8f438f400f4c000426252840009f
:10efec00cc72400f252000023000028e0600401427
:10effc001400bf8f251000001400bf8f1000b08fbd
:10f00c000800e0031800bd27360002961000b08ff0
:10f01c000800e0031800bd270800e00325100000dd
:020000040000fa
:020000041d01dc
:10f02c00e8ffbd271400bfaf258c400f0000000087
:10f03c00a880868fb880898fffff423000c0423491
:10f04c0000400724ffff08340d00c0101400bf8fd0
:10f05c0025182001252000000000658c0100842467
:10f06c000400a010040063246200a5940600a21002
:10f07c0000000000f9ffc4540000658c1400bf8f21
:10f08c000800e0031800bd270300485000c00234fc
:10f09c0001004224ffff4230ffffe724eaffe014a7
:10f0ac001400bf8f251000000800e0031800bd27d6
:020000040000fa
:020000041d01dc
:10f0bc00c0ffbd270004023ca5ff03243c00bfafea
:10f0cc003800b1af3400b0af1000a3a32588800086
:10f0dc001400a2ab000084841100a2bb2580a00008
:10f0ec001800a2ab1000a527090006241030400f11
:10f0fc001500a2bb00002486a010107c2000a527c0
:10f10c0002142200040006241030400f2000a2af8d
:10f11c00000024861000a5275a00022401000624b2
:10f12c001030400f1000a2a33c00bf8f2510000030
:10f13c003800b18f3400b08f0800e0034000bd27c9
:020000040000fa
:020000041d01dc
:10f14c00e8ffbd271400bfaf150080101000b0af52
:10f15c000800838c020002241100621425808000b8
:10f16c0002008294010042300e00405025800000c5
:10f17c006398400f00000000000003920e00601422
:10f18c00ffff63246598400f252040001400bf8fbb
:10f19c00251000021000b08f0800e0031800bd27f6
:10f1ac00258000001400bf8f251000021000b08fc6
:10f1bc000800e0031800bd27000003a26598400f6b
:0cf1cc0025204000f8ff00101400bf8f49
:020000040000fa
:020000041d01dc
:10f1d8000080023cb43542240c00438c06006018c1
:10f1e800040005241800868c0500c510ffff632461
:10f1f800150060100c0043ac0800e003000000009c
:10f2080010004390fcff6010000000001000848c88
:10f21800e8ffbd271000b0af1400bfaf2496400f21
:10f228000400508c001902002310620080100200b4
:10f2380021200202060080101400bf8f1000b08f3a
:10f248005d8b400b1800bd276760400b0000000075
:0cf258001000b08f0800e0031800bd2774
:020000040000fa
:020000041d01dc
:10f26400fcffac240500882d040002240b10880147
:10f274001c0080112540400025500000251000008e
:10f2840003000e2404000d24140000112158480129
:10f2940021308a002140c800253800002318ca0004
:10f2a4000000c9908a196b7c0100c62426186900e5
:10f2b400faff06152538e3000a10c70104004a25a1
:10f2c4002340aa000500062d2b184c01eeff601404
:10f2d4000a40a6010800e00300000000f7ff001048
:0cf2e400030002240800e00325100000d5
:020000040000fa
:020000041d01dc
:10f2f0000c00a7af0c00a38f0800a6af251080005c
:10f3000002450300ff0705310e00a0140800a48f7a
:10f31000029d033c00088644785460d40008e7440a
:10f320000008052402082046000006440000674447
:10f330002520c0000055e67c0200c0102518e00022
:10f34000c1ffc524c2370400401803002518c300bc
:10f3500040200400000044ac00a0637c2000043c7a
:10f3600025188300ccfba52400080831040043ac19
:0cf37000080045ac0800e0030c0048acad
:020000040000fa
:020000041d01dc
:10f37c000004c2281300401402fcc328029d023c66
:10f38c00905e40d401fcc2240004432806006014a3
:10f39c00026320460263204602f8c224000444287b
:10f3ac00ff0303240a10640025200000ff034224fd
:10f3bc0000008444002d02000000e5440800e00336
:10f3cc0002602046f8ff60102510c000029d033c2f
:10f3dc00985e60d4c903c22402fc4328f2ff60107b
:10f3ec00026320469207c22402fc442802fc032438
:0cf3fc0002632046ecff00100b106400c0
:020000040000fa
:020000041d01dc
:10f40800e0ffbd271400b0af0080103c0037028e2b
:10f418001800b1af1c00bfaf08004010258880005d
:10f42800110020060037028e0080033c0437638ced
:10f4380023186200110000102b1871005857400f54
:10f44800000000000037028ef5ff401400000000a5
:10f45800ffff02241c00bf8f1800b18f1400b08f6b
:10f468000800e0032000bd270080033c0837638cb8
:10f4780023201100231843002b186400f4ff6014a4
:0cf4880021885100f3ff0010003711ae86
:020000040000fa
:020000041d01dc
:10f49400e8ffbd271400bfaf00606241c000000058
:10f4a4000d7b400f000000008ebf023c0000458c25
:10f4b4000300032480bf043c0429657c000045aca0
:10f4c4000000458c0410657c000045ac0000828c73
:10f4d4000429627c000082acfb7e400f0000000027
:10f4e4009f92400f00000000ef91400f00000000c9
:10f4f4009175400f00000000137e400f00000000d3
:10f50400477d400f00000000206062411400bf8f5f
:08f514000800e0031800bd2708
:020000040000fa
:020000041d01dc
:10f51c00029d023cf832428cd0ffbd27029d053c77
:10f52c002c00bfaf2800b0affc5fa5242520000045
:10f53c0009f840000080103c58371026080002ae35
:10f54c00029d023c643f42241400a2af010002243d
:10f55c001800a2af029d023c842c42241000a52767
:10f56c00252000001c00a2af0a0002242000a2af3c
:10f57c004e6e400f2400a0afd696400f040002ae92
:10f58c004d8a400f000000002c00bf8f2800b08f68
:08f59c000800e0033000bd2768
:020000040000fa
:020000041d01dc
:10f5a4000800828ce8ffbd271000b0af1400438c24
:10f5b4000a004694258080000000628c2528800083
:10f5c400029d043c1400bfaf09f84000d8198424fc
:10f5d4000900401401000324040002243c0000ae8e
:10f5e4001a0002a61c0002a61400bf8f1000b08fe0
:10f5f4000800e0031800bd27fbff431002000324aa
:10f60400180000ae1c0000a6020003a6f6ff410489
:10f614001e0002a61400bf8f1000b08f25204000ea
:08f624007796400b1800bd278a
:020000040000fa
:020000041d01dc
:10f62c00e8ffbd271000b0af1400bfaf0c87400f30
:10f63c0025808000100040101400bf8f340002960b
:10f64c00080042300f004010020002240012062471
:10f65c00252800005c80400f252000020600401089
:10f66c001400bf8f040002241a0002a60a00022410
:10f67c001c0002a61400bf8f1000b08f0800e0031e
:10f68c001800bd27020002a6faff023c1c0002aec5
:10f69c00180000ae1400bf8f1000b08ffaff0424c6
:08f6ac007796400b1800bd2702
:020000040000fa
:020000041d01dc
:10f6b400e8ffbd271400bfaf130080101000b0afe7
:10f6c4000000829410004010258080000c00828c81
:10f6d400020003240d004354258000001000a014f0
:10f6e4000400848c09008050258000000800838c6d
:10f6f400060062542580000002008294010042301a
:10f70400030040141400bf8f258000001400bf8f35
:10f71400251000021000b08f0800e0031800bd2778
:10f72400537c400f00000000f9ff40141400bf8f09
:08f73400f7ff00102580000022
:020000040000fa
:020000041d01dc
:10f73c002000828c010042301d00401400000000ab
:10f74c005480868fe0ffbd271400b0af0c00d98c1d
:10f75c001000908c1800b1af1c00bfaf2588800042
:10f76c000d00001225282002100003962528000207
:10f77c002520c00001006230f9ff40140000108efb
:10f78c0009f82003000000005480868ff6ff001655
:10f79c000c00d98c252820021c00bf8f1800b18fbb
:10f7ac001400b08f2520c000080020032000bd27c6
:08f7bc000800e003000000005a
:020000040000fa
:020000041d01dc
:10f7c400e0ffbd27401004001400b0af2110440036
:10f7d400258080000080043c80100200d8338424fb
:10f7e4001800b1af212082001c00bfaf348f400f3e
:10f7f4002588c0000f0020121c00bf8f0080043c2d
:10f8040000811000642d842421209000080082943b
:10f814000400838c0100423405006010080082a4b7
:10f82400253800000100062409f8600003291000af
:10f834001c00bf8f010002241800b18f1400b08f88
:08f844000800e0032000bd27cd
:020000040000fa
:020000041d01dc
:10f84c00d8ffbd272400bfafb669400f2000b0af72
:10f85c000100023c252800001000a42700c24234fd
:10f86c001000a2af1400a0af1800a0af655c400f51
:10f87c001c00a0af029d043c029d103cea8d400f81
:10f88c0008998424ea8d400f10990426029d043cab
:10f89c00ea8d400f50998424ea8d400f109904266c
:10f8ac00029d043cea8d400f90998424029d043cf7
:10f8bc00ea8d400fcc9984242400bf8f2000b08f98
:08f8cc000800e0032800bd273d
:020000040000fa
:020000041d01dc
:10f8d400e8ffbd271000b0af1400bfaf0c87400f86
:10f8e400258080000e0040101400bf8f3400029663
:10f8f400080042300d0040100012062425280000a4
:10f904005c80400f25200002050040101400bf8fca
:10f91400020002241a0002a61c0000a61400bf8fd5
:10f924001000b08f0800e0031800bd270200022475
:10f93400020002a6faff023c1c0002ae180000ae50
:10f944001400bf8f1000b08ffaff04247796400b89
:04f954001800bd27b3
:020000040000fa
:020000041d01dc
:10f95800e8ffbd271000b0af1400bfaf0c87400f01
:10f96800258080000e0040101400bf8f34000296de
:10f9780000f042300d00401006000524090005245f
:10f98800ef81400f25200002050040101400bf8fb2
:10f99800030002241a0002a61c0000a61400bf8f50
:10f9a8001000b08f0800e0031800bd27ef81400f5a
:10f9b80025200002faff40101400bf8f0500022422
:10f9c8001a0002a61c0000a61000b08f0800e00371
:04f9d8001800bd272f
:020000040000fa
:020000041d01dc
:10f9dc00e0ffbd271c00bfaf1800b1af1900a0108d
:10f9ec001400b0af2588a000ad7d400f01000524a8
:10f9fc0016004010252820020400508caf55400ff3
:10fa0c001000048e25884000020002960200423449
:10fa1c006398400f020002a60000039225204000cc
:10fa2c00010063246598400f000003a21c00bf8fe7
:10fa3c00251020021400b08f1800b18f0800e003cd
:10fa4c002000bd27f9ff0010f9ff1124f7ff00106b
:04fa5c00ffff112473
:020000040000fa
:020000041d01dc
:10fa60001e0080049080838fe8ffbd272a18830042
:10fa7000170060101400bfaf8097400f251880005a
:10fa8000140040101400bf8f2c00448c1100801013
:10fa90002530a0001000878c1c00848c0c00e5949d
:10faa000040088941400bf8f08008424f8ffa52464
:10fab000340045a4380044ac300047ac360048a4bc
:10fac0002528000025206000bf3e400b1800bd2700
:10fad0001400bf8f0800e0031800bd270800e003f2
:04fae0000000000022
:020000040000fa
:020000041d01dc
:10fae400130080049080878fe8ffbd271400bfaf08
:10faf4002a1087000a004010251800008097400f44
:10fb040000000000070040101400bf8f0600c05022
:10fb1400251060003c0044900800a4100100042457
:10fb24001400bf8f251060000800e0031800bd27f3
:10fb3400251800000800e00325106000f9ffa41454
:10fb44001400bf8f400044900000c58c01000324c2
:10fb54001f00843060008434180045acf0ff0010ae
:04fb6400400044a079
:020000040000fa
:020000041d01dc
:10fb6800d480848fe8ffbd27040080101400bfaf45
:10fb78001e93400f00000000d48080afe080858f86
:10fb88000080043c4693400f783784240080043c6e
:10fb980088378424cc8080af6376400f0000000053
:10fba800dc80848f05008010d880858f8995400f70
:10fbb80000000000dc8080afd880858f0500a01091
:10fbc800e080848f0c00828c09f84000000000005f
:10fbd800d88080af1400bf8fe08080af0800e003ba
:04fbe8001800bd271d
:020000040000fa
:020000041d01dc
:10fbec0080bf023c2006438cf0ffbd270c00bfaf4a
:10fbfc0000606541c000000000e0637c0000a5af20
:10fc0c0000400424200643ac0f000324040644ac3b
:10fc1c00040643ac99aa033c55666324080640ac21
:10fc2c00080644ac100640ac100643ac6655033cc9
:10fc3c00aa996334100643ac00800334080643ac25
:10fc4c000000a28f00608240c00000000c00bf8f3b
:10fc5c0081bf023c80000324180143ac0800e00380
:04fc6c001000bd27a0
:020000040000fa
:020000041d01dc
:10fc70000800828ce8ffbd271000b0af1400438c51
:10fc80001000468c258080000400628c25288000ae
:10fc9000029d043c1400bfaf09f84000d819842429
:10fca0000a0040040200032404004014040002245b
:10fcb0001a0002a6050002241c0002a61400bf8f31
:10fcc0001000b08f0800e0031800bd27180000ae38
:10fcd0001c0000a6020003a61e0002a61400bf8f8f
:10fce0001000b08f252040007796400b1800bd27ec
:020000040000fa
:020000041d01dc
:10fcf000e8ffbd271000b0af1400bfaf0c87400f66
:10fd0000258080000d0040101400bf8f3400029643
:10fd1000001042300c00401025280000ef81400ff9
:10fd200025200002050040101400bf8f02000224ad
:10fd30001a0002a61c0000a61400bf8f1000b08f8e
:10fd40000800e0031800bd2702000224020002a6fa
:10fd5000fbff023c1c0002ae180000ae1400bf8f77
:10fd60001000b08ffbff04247796400b1800bd27ce
:020000040000fa
:020000041d01dc
:10fd70000080033c400163241b0083142510000015
:10fd80002000839004006330170060100000000022
:10fd90004400828ce8ffbd271000b0af1000428cf9
:10fda000258080001400848c1400bfaf09f8400047
:10fdb000000000009000038e029d023cb85a4224cd
:10fdc000801803000a10437c09f840002520000237
:10fdd000200002921400bf8f1000b08f0001427cff
:10fde0000800e0031800bd270800e0030000000041
:020000040000fa
:020000041d01dc
:10fdf0000080033c4001632419008314faff0224ad
:10fe00001c00838c02000224170062140000000012
:10fe10001300a010251000004c00848ce0ffbd27cb
:10fe20001800b0af1c00bfaf2580a0009690400f17
:10fe30001000a2af030003241c00bf8f080003ae14
:10fe4000010003240c0003aedc0503241000a28f84
:10fe5000100003ae1800b08f0800e0032000bd279b
:10fe60000800e003000000000800e003feff022499
:020000040000fa
:020000041d01dc
:10fe700046524d54584f4b20000000008c60029dac
:10fe800046524d52584f4b20000000008460029da6
:10fe90005258425546434e54000000006055029da2
:10fea00052584f56464c4f57000000007c60029d50
:10feb0004643534552524f52000000007460029d69
:10fec000414c474e45525220000000006c60029d9c
:10fed00053434f4c46524d20000000006460029d89
:10fee0004d434f4c46524d20000000005c60029d87
:020000040000fa
:020000041d01dc
:10fef0000000a294e0ffbd271800b1af40004330de
:10ff00001400b0af1c00bfaf2580a0000b00601034
:10ff100025888000040005268d76400f0400842487
:10ff2000252800020000248e1c00bf8f1800b18f0e
:10ff30001400b08f2893400b2000bd271400232607
:10ff40008000423024008424040005268d76400f72
:10ff50000b206200252800020000248e1c00bf8fa9
:10ff60001800b18f1400b08f2893400b2000bd27dc
:020000040000fa
:020000041d01dc
:10ff70001d00801000000000e0ffbd271800b2af98
:10ff80001000b0af029d123c029d103c1400b1afb6
:10ff90001c00bfaf2588800078531026905352264e
:10ffa000080010260400028e2520200205004010c3
:10ffb00025284000d692400f000000000400405069
:10ffc0000000028ef7ff1216080010262510000010
:10ffd0001c00bf8f1800b28f1400b18f1000b08fbb
:10ffe0000800e0032000bd270800e0032510000002
:020000040000fa
:020000041d01dc
:10fff0000400a38cd8ffbd272510a0002000b3afbc
:020000041d02db
:100000001c00b2af1800b1af1400b0af2400bfaff6
:10001000259880002528e000252040002588e00064
:1000200009f860002590c0000900401025804000bc
:10003000040040122530200225284002cb92400fb8
:1000400025204000252800021075400f2520600261
:100050002400bf8f251000022000b38f1c00b28f38
:100060001800b18f1400b08f0800e0032800bd27ee
:020000040000fa
:020000041d02db
:10007000d3e160c35b99f340b2628264d1751060d2
:10008000e0045da383ff57a57d73a673d2b8d80d96
:10009000aaf6a6c35a91bb4579d73fd0c8fed11165
:1000a000b0391306828adfed528f018121b3febd84
:1000b000c343e797b87dbb63db1333ded9d1ece1f3
:1000c00077cfa6b71fe8ab1da46624ed6415e51c29
:1000d000cde2c7ca86e283990eeaeb91120415526b
:1000e0008b2295910281b02dd431f4c9f70427df1a
:020000040000fa
:020000041d02db
:1000f00004eec63bb231df2c630a1afbe724949d61
:10010000005a587851e1aa795e477347c8b05662e1
:100110001c18bddcdd8d99fc5fc2b92053d8cfac73
:10012000fb0bb8831205fad1ddd6c071318a601895
:10013000f03b73f5ede4d4d071f9de03fd7aea10fb
:100140005d9299b8af99aa075bdb4db9aa28c18d1a
:10015000174b56ee2a014d098896ff2282c955a8f1
:100160001969e069fa8ce007a180183a07dfae1739
:020000040000fa
:020000041d02db
:100170000800828ce8ffbd27010103241000b0af06
:100180001400bfaf300083a402004294320085a463
:10019000340086a4360082a4b15c400f2580800024
:1001a000060040041400bf8f030042382b100200e9
:1001b0001000b08f0800e0031800bd2702000224e1
:1001c000020002a6f7ff023c1c0002ae180000aebf
:1001d0007796400ff7ff04241400bf8f251000000e
:0c01e0001000b08f0800e0031800bd27dd
:020000040000fa
:020000041d02db
:1001ec00e0ffbd271c00bfaf537c400f0000000098
:1001fc000c0040101c00bf8f140043940f006014bf
:10020c001400442424004394080060142400442463
:10021c00a800062425280000a093400f25204000ac
:10022c001c00bf8f0800e0032000bd27bc30400f2e
:10023c001000a2aff6ff00101000a28fbc30400fd0
:10024c001000a2af1000a28f24004394f1ff6010a5
:0c025c00a8000624f5ff00102400442434
:020000040000fa
:020000041d02db
:10026800e0ffbd271800b1af1400b0af1c00bfaf4e
:1002780025808000d297400f2588a00007004010f5
:10028800251800001c00bf8f251060001800b18fd2
:100298001400b08f0800e0032000bd2706002012dc
:1002a800000000006897400f252000024398400f87
:1002b80025200002000022ae5c97400f2520000296
:1002c8001c00bf8f01000324251060001800b18fa7
:0c02d8001400b08f0800e0032000bd27d8
:020000040000fa
:020000041d02db
:1002e400e8ffbd271400bfaf1000b0af16008010a8
:1002f400548080af0400828c3800052409f8400043
:10030400258080000a004010252000020c00038e86
:1003140009f86000252840001400bf8f548090af76
:10032400010002241000b08f0800e0031800bd276c
:100334005480828f1400bf8f1000b08f2b100200e6
:100344000800e0031800bd271400bf8f251000002b
:0c0354001000b08f0800e0031800bd2767
:020000040000fa
:020000041d02db
:10036000e0ffbd271400b0af0d0090901c00bfafa0
:10037000070000161800b1af1c00bf8f2510000247
:100380001800b18f1400b08f0800e0032000bd27d3
:100390006398400f258880000c0023920a006014a7
:1003a000ffff63246598400f252040001c00bf8f8d
:1003b00025800000251000021800b18f1400b08fb6
:1003c0000800e0032000bd270c0023a26598400f21
:0c03d00025204000e9ff00101c00bf8f3a
:020000040000fa
:020000041d02db
:1003dc000500a010240085ac480082940004423033
:1003ec00090040503f0082900e00c0100000000039
:1003fc003c008590010003240c00a3102510000084
:10040c000800e0030000000002004230f6ff401438
:10041c00000000004000828cc418027cf4ffc01461
:10042c00400082ac0800e0032510000040008390df
:10043c000000c58c010002241f006330600063348f
:0c044c00180085ac0800e003400083a00d
:020000040000fa
:020000041d02db
:10045800021204004700432c03006014ff0084309c
:10046800e0ff4224ff0042304700832c0300601461
:100478003a00432ce0ff8424ff00843011006054cc
:10048800d0ff4224c9ff4224ff0042303a00832ca7
:1004980007006054d0ff8424c9ff8424ff008430ff
:1004a80000110200251044000800e003ff0042305c
:1004b800ff00843000110200251044000800e0030a
:0c04c800ff004230f1ff0010ff00423046
:020000040000fa
:020000041d02db
:1004d4001c00a010000000000000a88c19000011ee
:1004e400000000000080023c0c3746941500c01048
:1004f4001881828f05000010251800000600825024
:10050400420045940f0066106c004224fbff8014e7
:1005140001006324420045944000a530f9ffa01077
:10052400000000000400458c0800478c26280501c3
:100534002428a700f3ffa014000000000800e00333
:0c054400000000000800e003251000008b
:020000040000fa
:020000041d02db
:10055000090080100080023c1481828f0600405008
:100560000080023c4200439440006330120060541b
:10057000620043900080023c0c3745940c00a010b0
:100580001881828f25200000420043944000633090
:100590000500601001008424620043900100633074
:1005a0000800601400000000f7ff85146c0042246e
:1005b0000800e0032510000001006330eeff6050ea
:0c05c0000080023c0800e0030000000086
:020000040000fa
:020000041d02db
:1005cc000080053c4036a5243400a28c0a00401063
:1005dc000000000008008010000000000c00438c9c
:1005ec002b18640008006014000000000c00438c01
:1005fc00232064000c0044ac1400a28c1000a2acac
:10060c000800e003000000000c00438c0c0040ac20
:10061c001c00428cf8ff401023208300f6ff801052
:10062c00000000000c00438c2b186400f6ff6014d3
:0c063c0000000000edff001000000000b6
:020000040000fa
:020000041d02db
:100648000800e003000000002518e003009d043cba
:100658005837842416008010000000000000858ca4
:100668001300a010040084240000868c0400842455
:1006780000008b8404008424029d0c3c6c5b8c2558
:1006880080580b0021606c0100008c8d09f88001f6
:10069800000000002520400003008424fcff0624fd
:1006a8002420c4000000858cecffa014000000008a
:0c06b80025f860000800e00300000000ce
:020000040000fa
:020000041d02db
:1006c4001c00c010ffffc8240000a3800100a72461
:1006d400010082240e006010000083a02130a600d7
:1006e400060000102128a8000100e724ffffe48091
:1006f40009008010ffff64a0251060002340a700bc
:10070400f9ffc714010043240800e00300000000bf
:100714002518400025108000fbff001121206800ef
:1007240001006324feff8314ffff60a00800e003c0
:0c0734000a1082000800e003251080007d
:020000040000fa
:020000041d02db
:1007400020000524000082800d004510f7ff43249f
:100750000500632c0a0060142b0003240a004310d8
:100760002d00032403004314252800000100052464
:100770000100842425100000070000100a0007244f
:10078000f0ff001001008424f9ff0010252800006c
:10079000010084242310430000008380d0ff6324e1
:1007a0000a00662cfaffc054021047700100a050e6
:0c07b000231002000800e003000000001d
:020000040000fa
:020000041d02db
:1007bc000800828ce8ffbd27010303241000b0afb2
:1007cc001400bfaf300083a402004294320085a411
:1007dc0025808000b15c400f360082a406004004e6
:1007ec001400bf8f030042382b1002001000b08f92
:1007fc000800e0031800bd2702000224020002a634
:10080c00f7ff023c1c0002ae180000ae7796400fba
:10081c00f7ff04241400bf8f251000001000b08fc8
:08082c000800e0031800bd27dd
:020000040000fa
:020000041d02db
:100834000080023c400142240800441400000000ef
:100844000200e010200003240000e3ac0300a01029
:100854002000c62c0300c0502c004b8c0800e00381
:100864002510000030004a8c3400498c3800488c34
:100874003c00478c4000468c4400448c4800438c28
:10088400200002240000abac0400aaac0800a9ac10
:100894000c00a8ac1000a7ac1400a6ac1800a4acc3
:0808a4000800e0031c00a3acf6
:020000040000fa
:020000041d02db
:1008ac000400848ce8ffbd271400bfaf2400858ca6
:1008bc000900a0100080033cb43563241400628c42
:1008cc000800a58c3400638c231045002b104300ca
:1008dc0009004010000000001b6e400f140084241f
:1008ec001400bf8ffcff43240a180200251060007f
:1008fc000800e0031800bd271b6e400f2400842461
:10090c001400bf8ffcff43240a180200251060005e
:08091c000800e0031800bd27ec
:020000040000fa
:020000041d02db
:10092400740087940010e7300500e0104800838cc1
:1009340003006010010002240800e003000000002e
:10094400e8ffbd271000b0af440086242580800056
:10095400400085242b3807001400bfaf8771400f77
:10096400252060000a004010480002ae740003967f
:1009740001000424010002240463837c740003a6a0
:100984001400bf8f1000b08f0800e0031800bd27cb
:08099400fbff0010251000001c
:020000040000fa
:020000041d02db
:10099c00e8ffbd271000b0af2580800000008494d4
:1009ac001400bfaf0935400f000000000200049690
:1009bc000935400f000002a60400048e0635400fd6
:1009cc00020002a60800048e0635400f040002ae99
:1009dc000e0004960935400f080002ae1000049674
:1009ec000935400f0e0002a6120004960935400f7f
:1009fc00100002a61400bf8f120002a61000b08fc8
:080a0c000800e0031800bd27fb
:020000040000fa
:020000041d02db
:100a1400040002241600c210020002241200c210b4
:100a240000000000030002240f00a21000000000d8
:100a3400420082942400888c2800878c1800868cbd
:100a44001c00858c2000838cf8ff42300463027cf8
:100a5400100088ac140087ac040086ac080085ac98
:100a64000c0083ac420082a40800e00300000000f4
:100a740001000224efffa214420082940400a27c2d
:080a84000800e003420082a417
:020000040000fa
:020000041d02db
:100a8c001000a88c2000a78ce0ffbd270c0003955c
:100a9c001400b0af0800e73425808000f2ff632417
:100aac000080043c1800b1af1c00bfaf2588c0000b
:100abc002000a7ace43384240c0003a5348f400f32
:100acc002800b0ac050020161c00bf8f1800b18f99
:100adc001400b08f0800e0032000bd272520000281
:100aec001800b18f1400b08f0100062410000524eb
:080afc00f159400b2000bd2759
:020000040000fa
:020000041d02db
:100b0400e8ffbd271000b0af1400bfaf0c87400f43
:100b14002580800013004010090005243400069647
:100b240022000396fffdc230002064300002c63468
:100b34000b10c400fffe4630001063300001423445
:100b44000b3043005c80400f25200002060040105b
:100b54001400bf8f040002241a0002a60800022415
:100b64001c0002a61400bf8f1000b08f0800e00321
:040b74001800bd2781
:020000040000fa
:020000041d02db
:100b78000400a28c0600422c18004014000000005b
:100b88000000a58c0100a2900400432c13006014ff
:100b980000000000580083900400633003006010d8
:100ba8000200a6240800e003020042240300c388d0
:100bb800300082240000c398330083a8000043b8a3
:100bc80059008290010003244408627c590082a0e5
:100bd8000100a2900800e003020042240800e0039c
:040be800ffff0224e5
:020000040000fa
:020000041d02db
:100bec001a00c0102520c000e0ffbd271c00bfafbd
:100bfc001800b2af1400b1af1000b0af2588a00040
:100c0c00e391400f2580c0004100522c2000248e1f
:100c1c00400003240b1852002528000225306000e8
:100c2c00cb92400f259060002000228e2190520024
:100c3c00000040a21c00bf8f1800b28f1400b18faf
:100c4c001000b08f0800e0032000bd270800e0036f
:040c5c000000000094
:020000040000fa
:020000041d02db
:100c60001200a0500000828c0000a28c08004010ee
:100c7000000000000000468c0400838c0600621017
:100c80000000a6ac0800838cffff6324080083ac3f
:100c90000800e003000000000800838c040085ac1d
:100ca000ffff63240800e003080083acf8ff401056
:100cb000000000000400838c04004350040080ac5a
:100cc0000000438cefff0010000083acedff00102c
:040cd000000080acf4
:020000040000fa
:020000041d02db
:100cd400e8ffbd271000b0af1400bfaf3c00839005
:100ce4000100022406006210258080001400bf8fda
:100cf4000c0000ae1000b08f0800e0031800bd2700
:100d04000c00848cfaff80101400bf8f2000828caa
:100d140008004230f7ff40540c0000aecf7d400f76
:100d2400000000003e0002920c0000aeffff4224cf
:100d34003e0002a21400bf8f1000b08f0800e00331
:040d44001800bd27af
:020000040000fa
:020000041d02db
:100d48002c81828fe8ffbd270c0040101400bfaf34
:100d58006398400f00000000288183930e00601400
:100d6800ffff63246598400f252040001400bf8fc3
:100d78002c81828f0800e0031800bd27e87a400f15
:100d8800000000002c81828ff1ff40141400bf8ff7
:100d98000800e0031800bd27252040006598400f93
:100da800288183a31400bf8f2c81828f0800e00361
:040db8001800bd273b
:020000040000fa
:020000041d00dd
:100110000010a230080040140002a53002000224a2
:10012000020082a4fbff023c180080ac1c0082ace1
:100130007796400bfbff04240900a0140200022460
:100140002000c630020082a40b00c014180080ac4e
:10015000f8ff023c1c0082ac7796400bf8ff0424a9
:10016000020082a4f9ff023c180080ac1c0082aca3
:100170007796400bf9ff04240800e0031c0080acd4
:020000040000fa
:020000041d00dd
:100190004400828ce8ffbd271000b0af4000428cc5
:1001a000258080001800848c1400bfaf2538000023
:1001b0008400062609f840002528000006004004b7
:1001c0001400bf8f01000224900002ae1000b08f17
:1001d0000800e0031800bd27200002920429027cd9
:1001e000dc85400f200002a21400bf8f7c0002ae0d
:1001f000900000ae1000b08f0800e0031800bd278b
:020000040000fa
:020000041d02db
:100dbc000400a28c0600422c170040140000000016
:100dcc000000a38c04000224010065901200a21400
:100ddc0000000000580085900400a5300300a0100e
:100dec00060002240800e003000000000200632457
:100dfc00030066883400852400006698370086a8b6
:100e0c000000a6b859008390010005248410a37c2f
:100e1c000800e003590083a00800e003ffff022450
:020000040000fa
:020000041d02db
:100e2c0013008004251800009080828fe8ffbd27f6
:100e3c002a1082000a0040101400bfaf8097400fa8
:100e4c000000000006004010251840003c004490b3
:100e5c000100022408008210000000002518000088
:100e6c001400bf8f251060000800e0031800bd2798
:100e7c000800e003251060001c94400f2520600042
:100e8c00f7ff405025180000f5ff00100800638c98
:020000040000fa
:020000041d02db
:100e9c00e0ffbd271400b0af1c00bfaf1800b1af0e
:100eac0011008004258000009080838f2a1083001d
:100ebc000e0040101c00bf8f8097400f00000000f8
:100ecc0009004010258840003000428c010040543d
:100edc0036003096438f400f4c00242625284000c6
:100eec00cc72400f252020021c00bf8f2510000261
:100efc001800b18f1400b08f0800e0032000bd274c
:020000040000fa
:020000041d02db
:100f0c00e0ffbd271400b0af0080103c1c00bfaf49
:100f1c001800b1af6398400f40361026258840006a
:100f2c000400028e1800428c09f8400000000000fa
:100f3c001000038e2800068e2c00078e2318430009
:100f4c0025202002218866002b1823026598400f6b
:100f5c00218067001c00bf8f25102002251800027d
:100f6c001800b18f1400b08f0800e0032000bd27db
:020000040000fa
:020000041d02db
:100f7c00170080100080073cbc37e28cf0ff862401
:100f8c00150040102540e000f0ff838c0000458cdc
:100f9c0021488300070049141000a5241000428c3e
:100fac0021186500f0ff83ac000082ac0800e00360
:100fbc00bc37e6ac213845000300c7142118650086
:100fcc000800e003000043ac000082acbc3706ad67
:100fdc000800e00300000000fcff0010000080ace3
:020000040000fa
:020000041d02db
:100fec00180080100080033c0800858ce8346324d2
:100ffc001000a314f5ff02240200838402000224d3
:10100c000e006214000000000a00c050f7ff02241a
:10101c0001000224020082a404000224180082ac05
:10102c000100023c1c0082ac280086ac0800e003e6
:10103c00010002240800e003000000000800e003a7
:0c104c00f6ff02240800e003f5ff022478
:020000040000fa
:020000041d02db
:10105800180080100080033c0800858ce834632465
:101068001000a314f5ff0224020082840200032466
:101078000e004314000000000900c0100100032402
:10108800180082ac0100023c1c0082ac280086ac2f
:10109800200087a4020083a40800e00301000224c2
:1010a800f7ff02240800e003000000000800e00346
:0c10b800f6ff02240800e003f5ff02240c
:020000040000fa
:020000041d02db
:1010c400e0ffbd271400b0af2580a0000100052477
:1010d4001c00bfafad7d400f1800b1af0d004050f4
:1010e400ffff10240800438c03007014fdff10243c
:1010f400080040ac258000006398400f0400518c28
:101104002520400000002292010042246598400fef
:10111400000022a21c00bf8f251000021800b18f0e
:0c1124001400b08f0800e0032000bd277d
:020000040000fa
:020000041d02db
:10113000e0ffbd271800b1af258880001400b0afd4
:101140002520a0002580a0001c00bfafa390400f69
:10115000252820020a0040506400198e2800058ec0
:10116000240004866c00038e241045000a20447c71
:101170001000828c09f86000000040ac6400198ef9
:101180005c00048e252820021c00bf8f1800b18f40
:0c1190001400b08f080020032000bd27d1
:020000040000fa
:020000041d02db
:10119c00e0ffbd271400b0af280003244004f07c0e
:1011ac00140002241800b1af0b1070002588a000a9
:1011bc002128a600212845002530e000ffffa5309e
:1011cc001c00bfaf5f68400f258040000700401037
:1011dc001c00bf8f060020121800b18f1800438c22
:1011ec00218070001c0050ac1c00bf8f1800b18f08
:0c11fc001400b08f0800e0032000bd27a5
:020000040000fa
:020000041d02db
:101208001800a010000000000080023cbc35428c91
:101218001200401025408000d8ffbd270080043c04
:101228002548c0002518a0001000a6271000072494
:1012380025284000d43584242400bfaf1000a0af77
:101248001400a3af1800a9affc7f400f1c00a8af83
:101258002400bf8f0800e0032800bd270800e00332
:0c126800000000000800e003251000005a
:020000040000fa
:020000041d02db
:10127400e8ffbd271000b0af1400bfaf3583400fa7
:10128400258080004000028e25200002448c027cd0
:10129400958d400f400002ae2c00048e0300801098
:1012a400090006247e92400fefff052412000286f7
:1012b4008c80848f25280002801802009480828ffd
:1012c4000c00998c1400bf8f1000b08f21104300c4
:0c12d400000040ac080020031800bd27fb
:020000040000fa
:020000041d02db
:1012e0001600c01000000000140080049080888f59
:1012f000e8ffbd271400bfaf2a1888000c0060105b
:10130000251000008097400f0000000009004010e9
:101310001400bf8f5800438c0a0060542510000051
:10132000580046ac5c0047ac600045a42510c000e6
:101330001400bf8f0800e0031800bd270800e00379
:0c134000251000000800e0031800bd2785
:020000040000fa
:020000041d02db
:10134c0040008394420087946000869462008594e8
:10135c002118670021186600261865009880858f73
:10136c00e8ffbd27720083a482280500500085acdd
:10137c00780080a0010006241400bfaf750b400f4d
:10138c0002000524040040101400bf8f0400401814
:10139c00010002241400bf8f0800e0031800bd27d1
:0c13ac00ffff02240800e0031800bd272a
:020000040000fa
:020000041d02db
:1013b8001600800425100000a880838f2b18830056
:1013c80012006010b880838f802004000a20647c9b
:1013d8000e008010000000001c00838c2000858c0b
:1013e8002b1065000b004050231065001800828cfc
:1013f8001400848c23104500231864002110430036
:10140800010042240800e003ffff42300800e00327
:0c141800000000000800e003ffff42306d
:020000040000fa
:020000041d02db
:1014240018008010000000002400838ce8ffbd2712
:101434001000b0af1400bfaf0e0060102580800014
:101444003000838c0b00601424000624a093400f0a
:10145400252800004400028e09f840004000048e54
:10146400251000001400bf8f1000b08f0800e003a7
:101474001800bd27f9ff0324380003aef9ff00105c
:0c148400f9ff02240800e003f7ff022437
:020000040000fa
:020000041d02db
:10149000d0ffbd272400b1af2000b0af2588a00049
:1014a00025808000040005242c00bfaf2800b2afc7
:1014b000398c400f2590c00000000486ffff4632a3
:1014c0001030400f25282002000004861000a527b8
:1014d0005a000224010006241030400f1000a2a37d
:1014e0002c00bf8f251000002800b28f2400b18f80
:0c14f0002000b08f0800e0033000bd2792
:020000040000fa
:020000041d02db
:1014fc00200003240b20a5000b180500022c04006f
:10150c000400a0140212050010006334252880008a
:10151c00021205000400401402210200080063348a
:10152c002510a00002210200040080548210040047
:10153c000400633425204000821004000400405451
:10154c004210020002006334251080004210020099
:0c155c00010042380800e00325104300a5
:020000040000fa
:020000041d02db
:10156800e0ffbd271800b1af258880001400b0af98
:101578002520a0002580a0001c00bfafa390400f2d
:101588002528200208004010401006242800058e57
:10159800240004867000038e241045000a20447c31
:1015a80009f86000feff05246400198e5c00048eb3
:1015b800252820021c00bf8f1800b18f1400b08f9f
:0815c800080020032000bd27ec
:020000040000fa
:020000041d02db
:1015d000e0ffbd271800b2af259080001c00bfaf10
:1015e0001400b1afcc87400f1000b0af4c00519643
:1015f0002580400040801000ffff31266494400f9a
:10160000028822721b005000f401000210800000ca
:1016100021801102dc85400f000050ae1c00bf8ffe
:10162000040042ae1400b18f1800b28f1000b08fca
:081630000800e0032000bd27c3
:020000040000fa
:020000041d02db
:101638006880828fe8ffbd271400bfaf0500401cfb
:101648001000b0af1400bf8f1000b08f0800e00387
:101658001800bd27258080001000848c0100062416
:101668000262400f010005241800038e02000224c4
:10167800f5ff62141400bf8f6880828fffff422439
:10168800f0ff4014688082afda6f400f000000005e
:08169800ecff0010588080af48
:020000040000fa
:020000041d02db
:1016a0003c008284e8ffbd271000b0af0c0003248b
:1016b00025808000ac80848f1400bfaf760003a229
:1016c00080180200b880828f1400058e0c00868c72
:1016d0002110430009f8c000000040acac80848faa
:1016e0000c00828c09f840000000058eac80848fcd
:1016f000252800021400bf8f1000b08f0c00998cb9
:08170000080020031800bd27ba
:020000040000fa
:020000041d02db
:101708000e00a01000000000feff82242600422cdc
:101718000a004010000000000080023c0021040084
:10172800642d4224211044000000438c0500601001
:101738000000000003006510000000000800e0033e
:10174800251000000500c010000045ac0081838f03
:101758002b20c300201e037c0b3064000c0046a421
:081768000800e0030a0046a49a
:020000040000fa
:020000041d02db
:101770001c81828fe8ffbd270b0040101400bfaf13
:10178000c383400f000000001c81868f25380000b5
:1017900025204000c723400f252860001400bf8f7c
:1017a0000800e0031800bd27e490400f0100042466
:1017b000c383400f1c8182af1c81868f25380000b7
:1017c00025204000c723400f252860001400bf8f4c
:0817d0000800e0031800bd272a
:020000040000fa
:020000041d02db
:1017d8001c81828fe8ffbd270b0040101400bfafab
:1017e800c383400f000000001c81868f253800004d
:1017f80025204000c723400f252860001400bf8f14
:101808000800e0031800bd27e490400f01000424fd
:10181800c383400f1c8182af1c81868f253800004e
:1018280025204000c723400f252860001400bf8fe3
:081838000800e0031800bd27c1
:020000040000fa
:020000041d02db
:10184000e8ffbd271400bfaf1000a0101000b0af1c
:101850000b0002240900a2141400bf8f2528e00009
:101860002580c0002485400f2400a7af2400a78f47
:101870002138f0000000e0a01400bf8f2510000008
:101880001000b08f0800e0031800bd272f7c400f28
:10189000200005241400bf8f251000001000b08f19
:0818a0000800e0031800bd2759
:020000040000fa
:020000041d02db
:1018a8002b18a4000e006010251080002120a6002f
:1018b8002b1844000b006050212046000600c01081
:1018c80021184600ffff842400008580ffff632461
:1018d800fcff4314000065a00800e00300000000be
:1018e80021204600fcffc010251840000100a52457
:1018f800ffffa68001006324fcff6414ffff66a0bd
:081908000800e00300000000ec
:020000040000fa
:020000041d02db
:10191000160080100080033c0800848ce8346324a7
:1019200010008314f5ff0224c1bf033cc0ff628c8a
:10193000c0ff638c200006240006427c4006637cc6
:1019400010000424010042240500a0100b20c30055
:10195000251044000000a2ac0800e00325100000a0
:10196000251000000800e003000000000800e0036c
:04197000f5ff022459
:020000040000fa
:020000041d02db
:101974000800838ce8ffbd271000b0af1000628c14
:101984001400bfaf010005240600473004004634ac
:101994000a10c70038004730200046340a10c70038
:1019a400100062acef81400f2580800006004010db
:1019b4001400bf8f040002241a0002a601000224ae
:1019c4001c0002a61400bf8f1000b08f0800e003b3
:0419d4001800bd2713
:020000040000fa
:020000041d02db
:1019d800ecd6019d8841029dbc4f029dd454029dc6
:1019e8007438029d0c54019db020029de847029d69
:1019f8001448029dc421029df03a029dd483019da2
:101a0800cc26029d1019029d0c21029dec0f029d0f
:101a18005810029d6821029db43a029d5c44029dc3
:101a280004ba019d64a2019d9852029d984f029d9f
:041a38004048029d83
:020000040000fa
:020000041d02db
:101a3c000400a28c0900422c140040143d00032425
:101a4c000000a58c3c0082240000a3a00700032406
:101a5c000100a3a0010003240200a3a00b2044005a
:101a6c00030086880300a324090002240000869842
:101a7c000600a6a8000066b804008590040065a0c6
:101a8c00050084900800e003050064a00800e00352
:041a9c00ffff022422
:020000040000fa
:020000041d02db
:101aa000e0ffbd271400b0af0d0090901c00bfaf49
:101ab000070000161800b1af1c00bf8f25100002f0
:101ac0001800b18f1400b08f0800e0032000bd277c
:101ad0006398400f258880000c0023922520400049
:101ae000010063246598400f0c0023a21c00bf8fe7
:101af000251000021800b18f1400b08f0800e00319
:041b00002000bd27dd
:020000040000fa
:020000041d02db
:101b0400e8ffbd271400bfaf8097400f000000001e
:101b140004004010251800003c0044900500851086
:101b2400010005241400bf8f251060000800e003a5
:101b34001800bd27fbff8514251800004000458cc4
:101b44000300a730f8ffe0141400bf8f0000c38c1b
:101b54000442857c400045ac140043acf1ff001006
:041b64000100032455
:020000040000fa
:020000041d02db
:101b68000080023c0c3745940e00a0101881838f2a
:101b780042006294400042300c0040141481828f6d
:101b88000500001025200000420062944000423009
:101b9800060040141481828f01008424faff851402
:101ba8006c006324251800001481828f0300401004
:101bb800000000000800e003000000000800e00347
:041bc800148183af52
:020000040000fa
:020000041d02db
:101bcc000000a58c0001023c7f0042241300a210ef
:101bdc00000000000080023c0c3746940c00c01042
:101bec001881828f0400438c0a00a31000000000af
:101bfc0004000010251800000400448c0500a410fb
:101c0c000000000001006324fbff66146c004224fa
:101c1c00251000000800e003000000000800e003ad
:041c2c0025108000ff
:020000040000fa
:020000041d02db
:101c3000e8ffbd271000b0af1400bfafb26c400f7b
:101c400025808000060040041400bf8f0200423847
:101c50002b1002001000b08f0800e0031800bd2711
:101c600002000224020002a6f7ff023c1c0002aea2
:101c7000180000ae7796400ff7ff04241400bf8fc2
:101c8000251000001000b08f0800e0031800bd27e9
:020000040000fa
:020000041d02db
:101c9000e8ffbd271000b0af1400bfaf0c87400fa6
:101ca00025808000090040101400bf8f2800038e9b
:101cb000090060543400049602000224020002a6c7
:101cc000180000ae1c0000ae1400bf8f1000b08fd3
:101cd0000800e0031800bd278000827c0400453422
:101ce000100084300b10a400f3ff0010000062ac61
:020000040000fa
:020000041d02db
:101cf00090ffbd276800b0af258080006480848796
:101d00001000a5276c00bfaffb58400f3400a0aff8
:101d1000580002923400a38f4800048e4d004230d8
:101d200032004234280003ae09000324560003a603
:101d300003008010580002a24e6d400f25280000bd
:101d40006c00bf8f6800b08f0800e0037000bd27f3
:020000040000fa
:020000041d02db
:101d5000e8ffbd271000b0af1400bfafc88d400f23
:101d6000258080000a0040101400bf8f0400038efd
:101d70000700605025100000420003960800633001
:101d8000060060541000038e251000001400bf8f61
:101d90001000b08f0800e0031800bd27fcff60149e
:101da0001400bf8f1400028ef9ff00102b100200e8
:020000040000fa
:020000041d02db
:101db0000200022414008210010004242510e00017
:101dc000e8ffbd272538c0002530a0001400bfafb4
:101dd0006031400f25284000ffff03240700431017
:101de0009480848f80180200010005240a18837ce7
:101df0004000648c448ca47c400064ac1400bf8f11
:101e00000800e0031800bd270800e003ffff0224dc
:020000040000fa
:020000041d02db
:101e100025108000040003244227040003008310df
:101e2000251840000800e003000000000418037caf
:101e3000233043000f00a5242128c50002290500f6
:101e40000700a01000000000002905002128a300c1
:101e5000000075bc10006324fdff65140000000045
:101e60000f0000000020033c0800e00325104300a1
:020000040000fa
:020000041d02db
:101e700012008010000000000000878c0f00e010ae
:101e8000000000000080023c0c3746940b00c0109c
:101e90001881828f25200000420043944000633067
:101ea00004006010010084240400438c0600e31049
:101eb00000000000f8ff86146c0042240200a0100d
:101ec000251000001481828f0800e003000000004c
:020000040000fa
:020000041d02db
:101ed0005000838c14006010000000004400828ccd
:101ee000e0ffbd271c00bfaf3000428c09f8400066
:101ef000252060000a0041041c00bf8f029d053ca4
:101f0000029d043cac1106241c5ba524cc46842411
:101f10003577400f1000a2af1000a28f1c00bf8fba
:101f20000800e0032000bd270800e003f2ff0224c0
:020000040000fa
:020000041d02db
:101f30001c81828fe8ffbd270a0040101400bfaf4c
:101f4000f097400f000000001c81838f1400bf8faa
:101f50001800bd271b004300f40160000800e003e7
:101f600012100000e490400f01000424f097400f8d
:101f70001c8182af1c81838f1400bf8f1800bd2786
:101f80001b004300f40160000800e0031210000091
:020000040000fa
:020000041d02db
:101f9000f8ffbd270400bfaf006802400008033c03
:101fa0002510430000688240c000000081bf033c50
:101fb00001000424c40064ac2510000000488240e5
:101fc000c0000000ffff022400588240c000000053
:101fd00000680240c4de027c00688240c00000004d
:101fe0000400bf8fc80064ac0800e0030800bd27f0
:020000040000fa
:020000041d02db
:101ff0001500801000000000e0ffbd271800b2af00
:102000001400b1af1000b0af1c00bfaf258080003e
:102010002588c0006675400f2590a000050040147b
:102020001c00bf8f6c0012ae700011ae740000aec9
:102030001c00bf8f1800b28f1400b18f1000b08f3a
:102040000800e0032000bd270800e00353ff02243e
:020000040000fa
:020000041d02db
:102050001000828ce0ffbd271800b1af2b88c200b2
:102060000a3051001c00bfaf0c00c0101400b0af0c
:10207000258080001400848ccb92400f2588c000fe
:102080001400028e1000068e211051002388d1000a
:10209000140002ae100011ae000040a01c00bf8f63
:1020a0001800b18f1400b08f0800e0032000bd2796
:020000040000fa
:020000041d02db
:1020b000140080100080023c0800838ce834422425
:1020c00010006214000000000c00828ce8ffbd27a5
:1020d0001000b0af1c00428c258080001000848c62
:1020e0001400bfaf09f8400000000000000000a28b
:1020f0001400bf8f020000a61000b08f0800e0039c
:0c2100001800bd270800e00300000000ec
:020000040000fa
:020000041d02db
:10210c00140080100080033c0800858ce8346324a4
:10211c000e00a314f5ff02240200838402000224a3
:10212c000a006254f6ff022401000224020082a479
:10213c0003000224180082ac0100023c1c0082ac9b
:10214c00280086ac0800e003010002240800e0032c
:0c215c00000000000800e003f5ff022472
:020000040000fa
:020000041d02db
:10216800140080100080033c0800868ce834632447
:102178000e00c314f5ff0224020083840200022427
:102188000a006254f6ff022401000224020082a41d
:1021980006000224180082ac0100023c1c0082ac3c
:1021a800280085ac0800e003010002240800e003d1
:0c21b800000000000800e003f5ff022416
:020000040000fa
:020000041d02db
:1021c400140080100080033c0800858ce8346324ec
:1021d4000e00a314f5ff0224e8ffbd270200022429
:1021e4001400bfaf020082a4f4ff023c1c0082acc6
:1021f400180080ac7796400ff4ff04241400bf8fbe
:10220400251000000800e0031800bd270800e003c3
:0c221400000000000800e003f5ff0224b9
:020000040000fa
:020000041d02db
:10222000e8ffbd271000b0af1400bfaf0c87400f10
:102230002580800005004054340002961400bf8fb2
:102240001000b08f0800e0031800bd27040005242b
:1022500025200002ef81400f220002a6f8ff401067
:102260001400bf8f070002241a0002a61c0000a65b
:0c2270001000b08f0800e0031800bd272c
:020000040000fa
:020000041d02db
:10227c00e8ffbd271000b0af1400bfaf0c87400fb4
:10228c002580800005004054340002961400bf8f56
:10229c001000b08f0800e0031800bd2705000524ce
:1022ac0025200002ef81400f200002a6f8ff40100d
:1022bc001400bf8f060002241a0002a61c0000a600
:0c22cc001000b08f0800e0031800bd27d0
:020000040000fa
:020000041d02db
:1022d800e8ffbd271000b0af1400bfaf0c87400f58
:1022e8002580800005004054340002961400bf8ffa
:1022f8001000b08f0800e0031800bd270600052471
:1023080025200002ef81400f260002a6f8ff4010aa
:102318001400bf8f050002241a0002a61c0000a6a4
:0c2328001000b08f0800e0031800bd2773
:020000040000fa
:020000041d02db
:10233400e8ffbd271000b0af1400bfaf0c87400ffb
:102344002580800005004054340002961400bf8f9d
:102354001000b08f0800e0031800bd270a00052410
:1023640025200002ef81400f240002a6f8ff401050
:102374001400bf8f040002241a0002a61c0000a649
:0c2384001000b08f0800e0031800bd2717
:020000040000fa
:020000041d02db
:10239000e8ffbd27010005241400bfafad7d400f4d
:1023a0001000b0af0d00401025804000bc30400f41
:1023b000252040006398400f0400108e2520400027
:1023c0000000029201004224000002a21400bf8f0c
:1023d0001000b08f6598400b1800bd271400bf8f08
:0c23e0001000b08f0800e0031800bd27bb
:020000040000fa
:020000041d02db
:1023ec00000082948439027c251045000800c0103e
:1023fc00000082a40300c2880000c298100082acc6
:10240c000400c290140082a00500c290150082a0a6
:10241c000080023cc835428c01000324160083a4c2
:10242c000400e0100c0082ac040085241075400bf5
:0c243c002520e0000800e0030000000084
:020000040000fa
:020000041d02db
:10244800e0ffbd271400b0af2580800024008484fd
:102458001800b1afffff1124040091101c00bfaf9a
:102468002971400f00000000240011a60c00048e02
:1024780005008050252000028995400f00000000cb
:102488000c0000ae252000021c00bf8f1800b18f81
:0c2498001400b08f7072400b2000bd27b4
:020000040000fa
:020000041d02db
:1024a400130080049080868fe8ffbd271400bfaf1f
:1024b4002a1086000a004010251800008097400f5b
:1024c4000000000006004010010004244000438c7a
:1024d400280045a4448c837c400043ac01000324c1
:1024e4001400bf8f251060000800e0031800bd270a
:0c24f400251800000800e003251060001f
:020000040000fa
:020000041d02db
:102500001300a010212885001c81023cc59d423487
:1025100000310200401802002118660021186200f4
:10252000c031020001008424003a02002118660034
:10253000ffff86900016020021186700211043005b
:10254000f3ff85142610c2000800e003000000001d
:0c2550001c81023c0800e003c59d4234e1
:020000040000fa
:020000041d02db
:10255c0012008010000000004200839440006330a1
:10256c0003006014251000000800e00300000000c8
:10257c000000a58cffff02240a00a210000000003e
:10258c000800838c0400848c271003002510440061
:10259c00261045000800e0030100422c0800e0036f
:0c25ac00251000000800e00301000224dc
:020000040000fa
:020000041d02db
:1025b80050696e67696e672025642e25642e256430
:1025c8002e256420696e2025732e2e2e0d0a0000fc
:1025d80050696e6720737563636565646564206917
:1025e8006e2025732e0d0a0050696e67206661699a
:1025f8006c6564207769746820636f64652025754d
:0c26080020696e2025732e0d0a000000d2
:020000040000fa
:020000041d02db
:1026140014008010000000004567023c012342249e
:102624004c0082accdef023c89ab4234500082ac0a
:10263400ba98023cfedc4234540082ac3210023cb4
:1026440076544224580082ac5c0080ac000080ac1c
:10265400040080ac080080ac600080ac0800e0039b
:0c266400251000000800e00353ff0224d2
:020000040000fa
:020000041d02db
:10267000000082801300401000000000e0ffbd2732
:102680001800b0af1c00bfaf2580800001001026ed
:102690001000a2a301000524f352400f1000a4274c
:1026a000fdff40100100052400000282f8ff4014e5
:1026b000010010261c00bf8f1800b08f0800e00337
:0c26c0002000bd270800e003000000001f
:020000040000fa
:020000041d02db
:1026cc00130080100080033c0800858ce8346324e0
:1026dc000d00a314f5ff02240200838402000224df
:1026ec0009006254f6ff022401000224020082a4b5
:1026fc0005000224180082ac0100023c1c0082acd4
:10270c000800e003010002240800e00300000000c0
:08271c000800e003f5ff0224b0
:020000040000fa
:020000041d02db
:1027240040100100d05e029dc470009dac45029d26
:102734004460029d504c029df84f019db439029da6
:10274400cc49029d70fd019d446a019d4c60029d2f
:10275400c8de019d5ccf009d94a0019dfc48019db5
:10276400f0fd019da0cc019d3408029dbc44019d57
:0827740098b3019d4455029d3c
:020000040000fa
:020000041d02db
:10277c001300a010000000000c01828c0800468c95
:10278c000e00c010253800000000c38c040060143b
:10279c00000000000a0000100000a7ac2518800003
:1027ac000400c28c0000648c25306000c001427ca7
:1027bc000100422cf9ff80142138e2000000a7ac84
:0827cc000800e00325100000e5
:020000040000fa
:020000041d02db
:1027d4001300a010000000000401828c0800468c45
:1027e4000e00c010253800000000c38c04006014e3
:1027f400000000000a0000100000a7ac25188000ab
:102804000400c28c0000648c25306000c001427c4e
:102814000100422cf9ff80142138e2000000a7ac2b
:082824000800e003251000008c
:020000040000fa
:020000041d02db
:10282c000000c2940100433011006010800042305f
:10283c00e8ffbd271400bfaf040040141000b0af78
:10284c000000a294ffff42240000a2a40000848c8c
:10285c002580c0002893400f2528c000260000a624
:10286c001400bf8f1000b08f0800e0031800bd27c4
:08287c000800e0030000000069
:020000040000fa
:020000041d02db
:10288400e8ffbd272000073c1000b0af0600e72496
:102894002580800004000624140005241400bfaf22
:1028a4006784400f7800042407004010019d033c16
:1028b400010004243c7e6324080043ac0c0050acab
:1028c400700044a4580044a41400bf8f1000b08fbb
:0828d4000800e0031800bd2715
:020000040000fa
:020000041d02db
:1028dc00e0ffbd271400b0af258080002520a000ac
:1028ec00252800021800b1af1c00bfaf8d76400f39
:1028fc002588c00006004010251800000c00228e10
:10290c002528000209f8400025202002010003249c
:10291c001c00bf8f251060001800b18f1400b08f01
:08292c000800e0032000bd27b4
:020000040000fa
:020000041d02db
:1029340081bf033c00100424040007245476023ca5
:10294400080064ac00040624480167ac0004053c9c
:10295400103242240400073c880366ac2520400062
:10296400880367ac880365aca80366acd80365ac80
:10297400100062ac1000628cfeff441400000000e2
:082984000800e0030000000060
:020000040000fa
:020000041d02db
:10298c00029d063c251000008059c6244018020008
:10299c0021186600000067800300e0540000858c5d
:1029ac000800e00301006290010042240000a880ae
:1029bc0004000715ff004230010062900100a524bd
:1029cc00000085ac0b00432cf1ff60144018020092
:0829dc000800e0030000000008
:020000040000fa
:020000041d02db
:1029e400e0ffbd271800b2af1000b0af2590c000c3
:1029f40025808000ff00a5301c00bfaf1400b1afdc
:102a04005497400f2588e000ff0045325897400f47
:102a14002520000225282002252000021c00bf8f4b
:102a24001800b28f1400b18f1000b08fd08c400bff
:042a34002000bd279a
:020000040000fa
:020000041d02db
:102a3800e0ffbd271800b1af1400b0af2588c00073
:102a4800258080001c00bfaf5497400fff00a530c1
:102a5800ff0025325897400f252000025c97400f51
:102a6800252000026097400f252000021c00bf8f20
:102a7800040002241800b18f1400b08f0800e0038e
:042a88002000bd2746
:020000040000fa
:020000041d02db
:102a8c001200a010000000000c01828c0800468c83
:102a9c000d00c010253800000000c38c0400601429
:102aac0000000000090000100000a7ac25188000f1
:102abc000400c28c0000648c25306000c001427c94
:102acc00faff80142138e2000000a7ac0800e003f4
:042adc0025100000c1
:020000040000fa
:020000041d02db
:102ae0000400a28c0600422c1000401400000000dc
:102af0000000a38c04000224010064900b008214e7
:102b00000000000002006490060002241300a4a04c
:102b1000030064901200a4a0040064901100a4a01b
:102b2000050063900800e0031000a3a00800e00384
:042b3000ffff02247d
:020000040000fa
:020000041d02db
:102b34000400a28c0600422c100040140000000087
:102b44000000a38c04000224010064900b00821492
:102b54000000000002006490060002241700a4a0f4
:102b6400030064901600a4a0040064901500a4a0bf
:102b7400050063900800e0031400a3a00800e0032c
:042b8400ffff022429
:020000040000fa
:020000041d02db
:102b88000400a28c0600422c100040140000000033
:102b98000000a38c04000224010064900b0082143e
:102ba8000000000002006490060002241b00a4a09c
:102bb800030064901a00a4a0040064901900a4a063
:102bc800050063900800e0031800a3a00800e003d4
:042bd800ffff0224d5
:020000040000fa
:020000041d02db
:102bdc00020000005c8b009dd8f1019d03000000f9
:102bec005814019db052019d060000001496019de1
:102bfc00042f029d09000000b85a019d20f3009d8e
:102c0c000a000000d417019d806b019d0c00000090
:102c1c00bcd1009d3816029d0f000000789d009dd0
:042c2c0018e8019d06
:020000040000fa
:020000041d02db
:102c30000000043ce8ffbd2700008424030080104e
:102c40001400bfaf09f880000000000000008430cd
:102c50000000a530019d083c042a082509f8000160
:102c6000000000000000023c00004224030040106d
:102c70000000000009f8400000000000f9ff00100b
:042c80000000000050
:020000040000fa
:020000041d02db
:102c840003000000805b029d0600000000000000bd
:102c940002000000b04b029d09000000f45f029d99
:102ca4000a000000ec5f029d0c000000905b029d96
:102cb4000f0000007057029d20000000000000007b
:102cc400010000008002008040100000d851029de5
:020000040000fa
:020000041d02db
:102cd40000290400c21904000040a5304211040078
:102ce4000400633025186500080042308029040080
:102cf400251043004020a530c01804002528a20058
:102d040080036330801004002518650020004230e1
:102d1400251043004008847c0800e003251082004d
:020000040000fa
:020000041d02db
:102d24000400a28c0500422c0f004014029d043cb8
:102d34000000a28cec618324ec6185900100649016
:102d44000200639037000624000046a00300062416
:102d5400010046a0020045a0030044a0040043a0d3
:102d64000800e003050002240800e003ffff02243a
:020000040000fa
:020000041d02db
:102d74000000828c1000401000000000e8ffbd2716
:102d84001000b0af258080001400bfaf868c400fc8
:102d940025204000fa70400f24000426fa70400fea
:102da40014000426040004261400bf8f1000b08f02
:102db400fa70400b1800bd270800e0030000000073
:020000040000fa
:020000041d02db
:102dc400e0ffbd271800b1af258880002520a000b2
:102dd4001c00bfaf1400b0afe391400f2580a000ea
:102de400252840004089400f252000020c00238e36
:102df4001c00bf8f1800b18f1b004300f40160005a
:102e04001400b08f2000bd270800e003101000005c
:020000040000fa
:020000041d02db
:102e1400e0ffbd271c00bfaf1800b1af1400b0af76
:102e2400040080ac000080ac080080ac25808000e9
:102e34006398400f01001124252040006598400f3d
:102e44000c0011a21c00bf8f0d0011a2010002246e
:102e54001800b18f1400b08f0800e0032000bd27d4
:020000040000fa
:020000041d02db
:102e6400544350204e554c4c2064796e616d696317
:102e740020616c6c6f636174696f6e2068616e644d
:102e84006c652f696e6974206461746100000000d0
:102e9400205443502044796e616d696320616c6ce9
:102ea4006f636174696f6e206661696c65640000ac
:020000040000fa
:020000041d02db
:102eb4000e00800425100000a880838f2b18830047
:102ec4000a006010b880838f802004000a20647c8c
:102ed400060080100000000076008490fdff83242b
:102ee4000300632c03006010010002240800e003c7
:102ef40000000000080082380800e0030100422cb2
:020000040000fa
:020000041d02db
:102f0400c480828fe8ffbd27050040181400bfafbe
:102f14001800848c0200032404008350ffff422421
:102f24001400bf8f0800e0031800bd27fcff401405
:102f3400c48082afc080848ffaff80101400bf8fda
:102f44008995400f00000000f5ff0010c08080af9d
:020000040000fa
:020000041d02db
:102f5400e0ffbd271800b1af1400b0af1c00bfaf35
:102f640025888000040000102580a0000c00028e3b
:102f740009f84000000000001b6e400f25202002cd
:102f840025284000f9ff4014252000021c00bf8fb3
:102f94001800b18f1400b08f0800e0032000bd2793
:020000040000fa
:020000041d02db
:102fa400495076343a204661696c656420746f2018
:102fb400726567697374657220415250206e6f7434
:102fc400696669636174696f6e21200d0a000000ef
:102fd400495076343a2041525020656e74726965c6
:102fe4007320706f6f6c20656d707479210d0a0009
:020000040000fa
:020000041d02db
:102ff40011008010000000000300a0100000000079
:103004000000a28c040082ac0300c0100000000089
:103014000000c28c080082ac0400e050420082949c
:103024000000e28c0c0082ac420082941000a39356
:103034000463627c420082a40800e00300000000f4
:020000040000fa
:020000041d02db
:10304400d8ffbd272000b1af258880002400bfaf82
:103054001c00b0af00607041c0000000fe94400f3f
:1030640000000000252020028293400f1000a2af30
:103074009693400f010004322400bf8f1000a28fea
:103084002000b18f1c00b08f0800e0032800bd278a
:020000040000fa
:020000041d02db
:10309400e0ffbd271c00bfaf5283400f1000a0af5c
:1030a40004004010040006241000a5278e94400f4d
:1030b400252040006398400f00000000288183937e
:1030c40025204000010063246598400f288183a3d4
:1030d4001c00bf8f1000a28f0800e0032000bd2752
:020000040000fa
:020000041d02db
:1030e400a028057cd8ffbd27022c2500a5ff0224bb
:1030f4002400bfaf1000a2a3000084841400a5ab79
:10310400a010067c1100a5bb021422001800a2ab7b
:103114001000a527090006241030400f1500a2bb9b
:103124002400bf8f251000000800e0032800bd27fd
:020000040000fa
:020000041d02db
:10313400e8ffbd272800a28c1000b0af2580a000b6
:103144002400a584242082007000038e0a20857c3c
:103154001400bfaf4010062409f8600001000524e4
:103164003001028e1400bf8f01004224300102aef0
:0c3174001000b08f0800e0031800bd2719
:020000040000fa
:020000041d02db
:1031800001000224980282ac000000000000000050
:10319000000000000000000000000000000000002f
:1031a000000000000000000000000000000000001f
:1031b000000000000000000000000000000000000f
:0c31c000000000000800e0030000000018
:020000040000fa
:020000041d02db
:1031cc000400a28c0300422c0e00401401000324c6
:1031dc000000a28c010046900a00c31402000324d4
:1031ec0002004290050043140800a2ac58008290e3
:1031fc000400423003004014000000000800e0030b
:0c320c00030002240800e003ffff02247e
:020000040000fa
:020000041d02db
:103218000c00878c0f00e0100000838c0800888c5d
:1032280025280000000062940100a52425304000f4
:1032380001004230050040100400067c000066a42e
:103248002400828cffff4224240082acf5ffa714df
:0c325800211868000800e00300000000de
:020000040000fa
:020000041d02db
:103264000800801000000000020002240b00a210dd
:10327400010003240500a310251000000800e0034a
:10328400000000000800e0032510000042008294c2
:10329400100042380800e0030001427c420082949e
:0c32a400080042380800e003c000427c33
:020000040000fa
:020000041d02db
:1032b0004554484d4143000041333035334100000f
:1032c00031302e302e302e33370000003235352e7f
:1032d0003235352e3235352e3000000031302e306b
:1032e0002e302e3100000000302e302e302e3000d7
:0832f00066756c6c0000000023
:020000040000fa
:020000041d02db
:1032f8001c39019d1c60029dec01029d8c44029dbd
:10330800ecaa009dac2e019ddcf9019d9023029d45
:10331800004c029d5ced019dc410029dbc44029dc1
:10332800ec44029d1c45029d1c7d019d94d7019d86
:083338007c45029d4c45029dfd
:020000040000fa
:020000041d02db
:10334000b00285a4000000000000000000000000a2
:10335000000000000000000000000000000000006d
:10336000000000000000000000000000000000005d
:10337000000000000000000000000000000000004d
:083380000800e003000000005a
:020000040000fa
:020000041d02db
:103388000400a28c0300422c0d0040140000000031
:103398000000a48c35000224000082a00100022451
:1033a800010082a00c00a38c030005240300022462
:1033b800090066380a18a6000800e003020083a086
:0833c8000800e003ffff0224ee
:020000040000fa
:020000041d02db
:1033d0000400a28c0600422c0d00401400000000e6
:1033e0000000a38c040002240100649008008214f1
:1033f00002006324030066880c00a4240600022453
:10340000000066980f00a6a80800e003000086b838
:083410000800e003ffff0224a5
:020000040000fa
:020000041d02db
:1034180035000000cc31029d01000000bc0d029d6a
:1034280003000000780b029d0600000094d3019d64
:1034380036000000d033029d33000000e02a029dd0
:103448003a000000342b029d3b000000882b029daf
:08345800ff0000002c61029d41
:020000040000fa
:020000041d02db
:10346000e8ffbd271000b0af2580800000008494e5
:103470001400bfaf0935400f0000000002000496a1
:103480000935400f000002a6060004960935400fda
:10349000020002a61400bf8f060002a61000b08f23
:0834a0000800e0031800bd273d
:020000040000fa
:020000041d02db
:1034a800e8ffbd271000b0af0280a6701400bfafc0
:1034b800cf46400f2528000206004010251840007e
:1034c8002530000225280000a093400f2520400049
:1034d800251840001400bf8f251060001000b08f21
:0834e8000800e0031800bd27f5
:020000040000fa
:020000041d02db
:1034f000e8ffbd271000b0af1400bfaf708f400fc2
:103500002580a000090040101400bf8f42004394a2
:1035100000106330060060501000b08f2000038e52
:10352000c005637c0a1003001400bf8f1000b08f29
:083530000800e0031800bd27ac
:020000040000fa
:020000041d02db
:103538000080023c642d42240c81848f080043944f
:103548001400598c01008424020063340c8184af78
:1035580007002013080043a40080043c253800001d
:10356800020006240100052408002003742d842489
:083578000800e0030000000060
:020000040000fa
:020000041d02db
:10358000e8ffbd271000b0af0080103c4036102689
:10359000310005920800048e1400bfaf4296400f20
:1035a0000000000030000292040040141400bf8f9d
:1035b00001000224380002a21400bf8f1000b08f57
:0835c0000800e0031800bd271c
:020000040000fa
:020000041d02db
:1035c8008000a3280e006014251000008200a328a4
:1035d80003006014830003240900a3140000000002
:1035e8000000c28c070042240410027c0800432417
:1035f8000000c3ac000040d401000224000080f4a5
:083608000800e00300000000cf
:020000040000fa
:020000041d02db
:10361000e0ffbd271800b1af1400b0af2588c0008f
:10362000258080001c00bfaf5497400fff00a530dd
:10363000252000025897400fff0025322520000268
:103640001c00bf8f1800b18f1400b08f608c400b2e
:043650002000bd2772
:020000040000fa
:020000041d02db
:10365400e8ffbd271000b0af1400bfaf0300001097
:103664004c0090247e92400f00000000438f400fd6
:10367400252000022520400009000624f9ff4014fb
:10368400efff05241400bf8f1000b08f0800e00383
:043694001800bd2736
:020000040000fa
:020000041d02db
:10369800554450204e554c4c2064796e616d6963d9
:1036a80020616c6c6f636174696f6e2068616e6411
:1036b8006c6500005544502044796e616d69632043
:1036c800616c6c6f636174696f6e206661696c65ab
:0436d800640000008a
:020000040000fa
:020000041d02db
:1036dc0006000000000000000000000000000000d8
:1036ec00000000000a0000000000000000000000c4
:1036fc0000000000000000000000000000000000be
:10370c0000000000000000000000000000000000ad
:04371c0009000000a0
:020000040000fa
:020000041d02db
:103720000e008010000000004200839440006530cd
:103730000300a014251000000800e00300000000b2
:103740006200849001008430fbff801000000000c4
:10375000001062380800e0030003427c0800e00328
:043760002510000030
:020000040000fa
:020000041d02db
:10376400e8ffbd271400bfafb592400f0000000072
:10377400fdff401482bf033c010004241022628c2c
:103784004002427cfdff4410000000001022628cc5
:103794000002427cfdff40101400bf8f0800e003cc
:0437a4001800bd2725
:020000040000fa
:020000041d02db
:1037a800e0febd272401a2272401a5af2801a6af6a
:1037b8002c01a7af25308000253840001000a42731
:1037c800000105241c01bfafca70400f1001a2af51
:1037d8009c89400f1000a4271c01bf8f0800e0033c
:0437e8002001bd27d8
:020000040000fa
:020000041d02db
:1037ec0000606041c000000099aa033c80bf023c0d
:1037fc0055666324300040ac300043ac6655033c46
:10380c00aa996334300043ac80bf023c010003240e
:10381c00581243ac80bf023c5012428cfd8d400bc1
:04382c000000000098
:020000040000fa
:020000041d02db
:103830000080023c0037438ce8ffbd271000b0af8a
:103840001400bfaf03006014258040005857400f9c
:10385000000000000080023c0437438c1400bf8f3e
:103860000037028e1000b08f1800bd270800e0035b
:0438700023106200bf
:020000040000fa
:020000041d02db
:103874000080023ce83442240b0082140000000063
:103884002400829008004010029d193c3c00829460
:1038940028553927801002000ac8227f0080043c82
:1038a400080020030c3584240800e0030000000015
:020000040000fa
:020000041d02db
:1038b400e8ffbd2700800634252800001000b0afc3
:1038c4001400bfaf5c80400f2580800005004010cd
:1038d4001400bf8f010002241a0002a61c0000a6d7
:1038e4001400bf8f1000b08f0800e0031800bd273c
:020000040000fa
:020000041d02db
:1038f400e8ffbd271000b0af1400bfaf0c87400f26
:1039040025808000040040141400bf8f1000b08f85
:103914000800e0031800bd2734000696220005962f
:10392400252000021000b08f4400400b1800bd2772
:020000040000fa
:020000041d02db
:10393400e8ffbd27010005241000b0af1400bfaf9d
:10394400ef81400f25808000060040101400bf8fd7
:10395400040002241a0002a6090002241c0002a684
:103964001400bf8f1000b08f0800e0031800bd27bb
:020000040000fa
:020000041d02db
:10397400e8ffbd27090005241000b0af1400bfaf55
:10398400ef81400f25808000060040101400bf8f97
:10399400040002241a0002a6070002241c0002a646
:1039a4001400bf8f1000b08f0800e0031800bd277b
:020000040000fa
:020000041d02db
:1039b400401002240c008214000000000080023c2d
:1039c400400142242000439001006430060080102e
:1039d4000200643004008014010004244408837c41
:1039e4000800e003200043a00800e003ffff0224d6
:020000040000fa
:020000041d02db
:1039f400e8ffbd272510a0001000b0af0400052487
:103a0400258080001400bfaf4089400f252040006e
:103a14000c00038e1400bf8f1000b08f1b004300f6
:103a2400f40160001800bd270800e0031010000036
:020000040000fa
:020000041d02db
:103a34000800838c0c00828c2b2862000500a050a7
:103a44000400858c23104300ffff42240800e00398
:103a5400ffff42300000848c231062002328a4005e
:103a6400ffffa324231062000800e003ffff42309d
:020000040000fa
:020000041d02db
:103a7400e0febd272801a2272801a6af2c01a7af8d
:103a84002530a0001000a42725384000000105249b
:103a94001c01bfafca70400f1001a2af9c89400f38
:103aa4001000a4271c01bf8f0800e0032001bd27dc
:020000040000fa
:020000041d02db
:103ab4000c0080100080033c0800868ce8346324ea
:103ac4000600c314f5ff02240400a0102510000012
:103ad4003c00838c0800e0030000a3ac0800e00372
:0c3ae400000000000800e003f5ff0224d1
:020000040000fa
:020000041d02db
:103af0000c0080100080033c0800848ce8346324b0
:103b000006008314f5ff02240400c01025100000f5
:103b1000020083940800e0030000c3ac0800e00347
:0c3b2000000000000800e003f5ff022494
:020000040000fa
:020000041d02db
:103b2c00e8ffbd27252800001000b0af1400bfaf80
:103b3c00ef81400f25808000050040101400bf8fde
:103b4c00010002241a0002a61c0000a61400bf8f5c
:0c3b5c001000b08f0800e0031800bd2727
:020000040000fa
:020000041d02db
:103b6800e8ffbd27010005241000b0af1400bfaf67
:103b7800ef81400f25808000050040101400bf8fa2
:103b8800010002241a0002a61c0000a61400bf8f20
:0c3b98001000b08f0800e0031800bd27eb
:020000040000fa
:020000041d02db
:103ba4000400828c070040100000a0ac000045ac6b
:103bb4000800828c040085ac010042240800e00364
:103bc400080082ac0800828c040085ac000085ac3f
:0c3bd400010042240800e003080082ac5d
:020000040000fa
:020000041d02db
:103be0000000828c09004010000000000400838c5b
:103bf00008006250040080ac0000438c000083acdd
:103c00000800838cffff6324080083ac0800e003f6
:0c3c100000000000faff0010000080ac73
:020000040000fa
:020000041d02db
:103c1c000000828c09004010000000000400838c1e
:103c2c0008006250040080ac0000438c000083aca0
:103c3c000800838cffff6324080083ac0800e003ba
:0c3c4c0000000000faff0010000080ac37
:020000040000fa
:020000041d02db
:103c58000400828c070040100000a0ac000045acb6
:103c68000800828c040085ac010042240800e003af
:103c7800080082ac0800828c040085ac000085ac8a
:0c3c8800010042240800e003080082aca8
:020000040000fa
:020000041d02db
:103c94000a008010000000001000838c09006010ee
:103ca400251000000c0064940000638cfdff601478
:103cb400211044000800e003ffff42300800e00345
:0c3cc400251000000800e00300000000d4
:020000040000fa
:020000041d02db
:103cd0000400828c070040100000a0ac000045ac3e
:103ce0000800828c040085ac010042240800e00337
:103cf000080082ac0800828c040085ac000085ac12
:0c3d0000010042240800e003080082ac2f
:020000040000fa
:020000041d02db
:103d0c000000828c09004010000000000400838c2d
:103d1c0008006250040080ac0000438c000083acaf
:103d2c000800838cffff6324080083ac0800e003c9
:0c3d3c0000000000faff0010000080ac46
:020000040000fa
:020000041d02db
:103d48000c00800425100000a880838f2b188300a6
:103d580008006010b880838f802004000a20647ceb
:103d680004008010000000003e0082940800e00378
:0c3d78008002427c0800e0030000000014
:020000040000fa
:020000041d02db
:103d84000c00801000000000420083944000633067
:103d940003006014251000000800e0030000000088
:103da4000800828c0400838c271002000800e003c2
:0c3db400251043000800e003251000006b
:020000040000fa
:020000041d02db
:103dc0000c0080100000000042008394400063302b
:103dd00003006014251000000800e003000000004c
:103de00062008290010042300a2002000800e003d5
:0c3df000251080000800e00325100000f2
:020000040000fa
:020000041d02db
:103dfc00001104000080043c642d842421208200e6
:103e0c0008008294271805000001a53024184300ef
:103e1c000400a010080083a4f880838fffff6324a4
:0c3e2c00f88083af0800e00300000000f5
:020000040000fa
:020000041d02db
:103e3800e8ffbd271000b0af0080103c58371026af
:103e4800029d023c0800048e0833428c1400bfaf68
:103e580009f84000000000000400048e1400bf8f21
:0c3e68001000b08ff708400b1800bd27b9
:020000040000fa
:020000041d02db
:103e74000000848c03008104251000000800e00386
:103e840000000000e8ffbd271400bfaf027d400f13
:103e940000000000ffff0324010043502510000030
:0c3ea4001400bf8f0800e0031800bd27c9
:020000040000fa
:020000041d02db
:103eb000e0ffbd271800b0af1000a6af258080003e
:103ec0001c00bfaf2418400f1000a6270400038e6b
:103ed0001c00bf8fffff0424100063300b10830011
:0c3ee0001800b08f0800e0032000bd2790
:020000040000fa
:020000041d02db
:103eec000800c01025108000200003242318660051
:103efc000600601c0620c500252000000610c50029
:103f0c00252880000800e0032518a0000610c20038
:103f1c0004286500faff0010251045000800c010a9
:103f2c002510800020000424232086000600805cdd
:103f3c000418c200251800000428c20025106000d7
:103f4c000800e0032518a0000428c5000610820014
:083f5c00faff00102528a20065
:020000040000fa
:020000041d02db
:103f6400b032029db832029d00000000c032029db2
:103f7400cc32029ddc32029ddc32029de832029d8d
:103f8400f032029d000000002427029d0000000082
:083f9400000000000000000025
:020000040000fa
:020000041d02db
:103f9c000b00a010000000000900c0100000000081
:103fac0007008004000000009080828f2a18820095
:103fbc0003006010000000008d74400b0000000036
:083fcc000800e00325100000cd
:020000040000fa
:020000041d02db
:103fd400544350495020537461636b20417373659b
:103fe40072743a20696e2066696c653a2025732cd8
:103ff4002066756e633a2025732c206c696e653ad1
:084004002025642c200d0a00a8
:020000040000fa
:020000041d02db
:10400c000080023c0c3743942b188300080060108e
:10401c0025100000c0100400231044008010020082
:10402c00231044001881848f80100200211082001c
:08403c000800e0030000000091
:020000040000fa
:020000041d02db
:10404400e8ffbd271000b0af0080103c40361026ba
:104054000800048e1400bfaf118c400f380000a27a
:104064001400bf8f310002a2010002241000b08f9f
:084074000800e0031800bd275d
:020000040000fa
:020000041d02db
:10407c00251800000a00c310000000002110830066
:10408c00010063242138a30000004290ffffe79059
:10409c00f8ff4710231047000800e0030000000061
:0840ac000800e00325100000ec
:020000040000fa
:020000041d02db
:1040b400e8ffbd271400bfaf1000b0af1c00a5afd0
:1040c400e391400f258080001c00a58f252000026d
:1040d400b493400f010046241400bf8f1000b08f2a
:0840e4000800e0031800bd27ed
:020000040000fa
:020000041d02db
:1040ec0099aa033c80bf023c55666324300040ac67
:1040fc00300043ac6655033caa996334300043aca2
:10410c0001000324581243ac5012428cffff0010e4
:04411c00000000009f
:020000040000fa
:020000041d02db
:104120002538a000029d053ce8ffbd272530800012
:104130005852a5241400bfaf9d8e400f25200000cb
:104140004480828ffeff40141400bf8f0800e003fc
:044150001800bd276f
:020000040000fa
:020000041d02db
:104154002538a000029d053ce8ffbd2725308000de
:104164007852a5241400bfaf9d8e400f2520000077
:104174004880828ffeff40141400bf8f0800e003c4
:044184001800bd273b
:020000040000fa
:020000041d02db
:104188000080023ce8344224080082140000000049
:104198000400a38c1000a28c02000524040085a44e
:1041a8000c0083ac140082ac240080a00800e0035b
:0441b8000000000003
:020000040000fa
:020000041d02db
:1041bc002538a000029d053ce8ffbd272530800076
:1041cc000450a5241400bfaf9d8e400f2520000085
:1041dc004c80828ffeff40141400bf8f0800e00358
:0441ec001800bd27d3
:020000040000fa
:020000041d02db
:1041f000031905000900601000190300f0070224ec
:10420000140082acf00763302510a0000418027c73
:10421000180083ac0800e003000000000800e00381
:04422000ffff022476
:020000040000fa
:020000041d02db
:104224000000a290200382a00100a290210382a09a
:104234000200a290100382a00300a290110382a0a6
:104244000400a290000382a00500a2900800e003ed
:04425400010382a040
:020000040000fa
:020000041d02db
:10425800200382900000a2a0210382900100a2a066
:10426800100382900200a2a0110382900300a2a072
:10427800000382900400a2a0010382900800e003da
:044288000500a2a0eb
:020000040000fa
:020000041d02db
:10428c000800a28c09004010000000000400a38c60
:10429c008002637c0400601000a0033c0080033c9f
:1042ac000800e00325104300251043000800e0033c
:0442bc0000000000fe
:020000040000fa
:020000041d02db
:1042c0000a00801000000000420083944000633028
:1042d00003006014251000000800e0030000000047
:1042e0005e0082940800e003ecff42240800e00333
:0442f0002510000095
:020000040000fa
:020000041d02db
:1042f4000a008010000000004200839440006330f4
:1043040003006014251000000800e0030000000012
:104314006000828c0800e0030004427c0800e00393
:044324002510000060
:020000040000fa
:020000041d02db
:104328000a008010000000004200839440006330bf
:1043380003006014251000000800e00300000000de
:104348006000828c0800e0030004427c0800e0035f
:04435800251000002c
:020000040000fa
:020000041d02db
:10435c005443502f495020537461636b3a20486585
:10436c0061702044656c657465206661696c212000
:10437c004e6f207472616365206578697374730d78
:04438c000a00000023
:020000040000fa
:020000041d02db
:104390000080023c4c36428ce8ffbd27e80306242f
:1043a00019008200253800001400bfaf1220000061
:1043b000c723400f102800001400bf8f0800e0033f
:0443c0001800bd27fd
:020000040000fa
:020000041d02db
:1043c400f8ffbd270400bfaf006802400008033cab
:1043d4002510430000688240c00000000400bf8f25
:1043e40081bf023c01000324c40043ac0800e00385
:0443f4000800bd27d9
:020000040000fa
:020000041d02db
:1043f80081bf023c010003244000448c440043accc
:104408003881828f05004010010084303c81858fff
:104418003881998f08002003000000000800e0039d
:044428000000000090
:020000040000fa
:020000041d02db
:10442c000900801000000000e8ffbd271400bfaf9a
:10443c008589400f000000001400bf8f251000007c
:10444c000800e0031800bd270800e00353ff022416
:020000040000fa
:020000041d02db
:10445c00080080100080033c0800868ce83463243c
:10446c000500c314f5ff02243c0085ac0800e003f2
:10447c0025100000f5ff02240800e00300000000f6
:020000040000fa
:020000041d02db
:10448c0009008010020003240800828c06004314eb
:10449c000000000002008394ffff0424010063303d
:1044ac000800e0030a1083000800e003ffff022469
:020000040000fa
:020000041d02db
:1044bc00d8ffbd27010002241800a2af3800a28f3c
:1044cc001000a7af1400a2af2400bfafe348400f09
:1044dc00253800002400bf8f0800e0032800bd270a
:020000040000fa
:020000041d02db
:1044ec00d8ffbd27020002241800a2af3c00a28f07
:1044fc002400bfaf1400a2af3800a28fe348400fd6
:10450c001000a2af2400bf8f0800e0032800bd27d5
:020000040000fa
:020000041d02db
:10451c00d8ffbd27030002241800a2af3800a28fd9
:10452c001000a7af1400a2af2400bfafe348400fa8
:10453c00253800002400bf8f0800e0032800bd27a9
:020000040000fa
:020000041d02db
:10454c00d8ffbd27040002241800a2af3800a28fa8
:10455c001000a7af1400a2af2400bfafe348400f78
:10456c00253800002400bf8f0800e0032800bd2779
:020000040000fa
:020000041d02db
:10457c00d8ffbd27050002241800a2af3c00a28f73
:10458c002400bfaf1400a2af3800a28fe348400f45
:10459c001000a2af2400bf8f0800e0032800bd2745
:020000040000fa
:020000041d02db
:1045ac000080023c400142240500821400000000ff
:1045bc0020008290010042300300401400000000f3
:1045cc000800e00300000000c061400b0000000088
:020000040000fa
:020000041d02db
:1045dc000c00858c240080ac0700a0100000828c9d
:1045ec000800848c2518000001006324000040a4fe
:1045fc00fdff6514211044000800e00300000000da
:020000040000fa
:020000041d02db
:10460c0009008010000000004200839440006330d9
:10461c0003006014251000000800e00300000000f7
:10462c000800e0030400828c0800e0032510000061
:020000040000fa
:020000041d02db
:10463c0009008010000000004200839440006330a9
:10464c0003006014251000000800e00300000000c7
:10465c000800e0030c00828c0800e0032510000029
:020000040000fa
:020000041d02db
:10466c000900801000000000420083944000633079
:10467c0003006014251000000800e0030000000097
:10468c000800e0030400828c0800e0032510000001
:020000040000fa
:020000041d02db
:10469c000900801000000000420083944000633049
:1046ac0003006014251000000800e0030000000067
:1046bc000800e0030800828c0800e00325100000cd
:020000040000fa
:020000041d02db
:1046cc007372632f636f6e6669672f6c69627261b8
:1046dc0072792f74637069702f7372632f746370a7
:1046ec0069705f6d616e616765722e63000000001a
:020000040000fa
:020000041d02db
:1046fc0081bf023c80000324940043ac3081828f44
:10470c0005004010000000003481848f3081998fa7
:10471c0008002003000000000800e0030000000077
:020000040000fa
:020000041d02db
:10472c00a65ad0f345db4e0effe875c3a2e71f4235
:10473c00c7129d620ff5c119a9ef55f05185e0fb29
:10474c008581f9317517276e06e9607ddbcbcc2ea0
:020000040000fa
:020000041d02db
:10475c0063363377e41e86468deb0ab4a8ed683fca
:10476c006a134e47e014c700454e81e95358a569ba
:10477c00808aa38f2a72a62359915a9f8a04ca68e9
:020000040000fa
:020000041d02db
:10478c00000082800800401000000000251080000e
:10479c000100422400004380feff605401004224cb
:1047ac000800e003231044000800e003251000007b
:020000040000fa
:020000041d02db
:1047bc00029d053ce8ffbd27e45fa5241400bfafb4
:1047cc001a50400f252000001400bf8f0080033cbe
:0c47dc00583762ac0800e0031800bd274d
:020000040000fa
:020000041d02db
:1047e800070080100080033c0800858ce8346324af
:1047f8000400a314ffff02240800e00302008284df
:0c480800ffff02240800e0030000000095
:020000040000fa
:020000041d02db
:10481400070080100080033c0800858ce834632482
:104824000400a314f5ff02240800e0031e008284a0
:0c483400f5ff02240800e0030000000073
:020000040000fa
:020000041d02db
:10484000e8ffbd271400bfafb26c400f00000000ae
:1048500003004204f7ff0224020042380100422c08
:0c4860001400bf8f0800e0031800bd2703
:020000040000fa
:020000041d02db
:10486c001a0099940300222f0600401080101900a2
:10487c00029d193cac5e39270ac8227f0800200330
:0c488c00000000003c95400b0000000004
:020000040000fa
:020000041d02db
:104898001a0099940300222f060040108010190076
:1048a800029d193cb85e39270ac8227f08002003f8
:0c48b800000000003c95400b00000000d8
:020000040000fa
:020000041d02db
:1048c4001a0099940800222f060040108010190045
:1048d400029d193cd85239270ac8227f08002003b8
:0c48e400000000003c95400b00000000ac
:020000040000fa
:020000041d02db
:1048f0001a0099940600222f06004010801019001b
:10490000029d193cb85739270ac8227f08002003a6
:0c491000000000003c95400b000000007f
:020000040000fa
:020000041d02db
:10491c001a0099940300222f0600401080101900f1
:10492c00029d193cc45e39270ac8227f0800200367
:0c493c00000000003c95400b0000000053
:020000040000fa
:020000041d02db
:104948001a0099940500222f0600401080101900c3
:10495800029d193cf05939270ac8227f0800200314
:0c496800000000003c95400b0000000027
:020000040000fa
:020000041d02db
:104974001c0099940b00222f06004010801019008f
:10498400029d193ca04939270ac8227f0800200348
:0c499400000000003c95400b00000000fb
:020000040000fa
:020000041d02db
:1049a0007419029d3030019d24d0019da4f5019d14
:1049b00070fc019df86d019d7439029d040b029df0
:0c49c0003439029d2cf6019dfce1019da4
:020000040000fa
:020000041d02db
:1049cc000080023c400142240600821400000000da
:1049dc002000829001004330020060104408027ce9
:0c49ec00200082a00800e0030000000092
:020000040000fa
:020000041d02db
:1049f8000100a0542e0085a00800998c0300201304
:104a08002f0080a0080020030c00858c029d053c27
:0c4a18001853a5249d8e400b25200000a3
:020000040000fa
:020000041d02db
:104a2400444843503a204661696c656420746f20a1
:104a340072656769737465722049507634206669bb
:0c4a44006c74657221200d0a0000000057
:020000040000fa
:020000041d02db
:104a50000800c01000000000060080049080838fd2
:104a60002a1083000300401000000000c186400ba4
:0c4a7000000000000800e003251000001a
:020000040000fa
:020000041d02db
:104a7c00f8ffbd270400bfaf006802400008033cec
:104a8c002510430000688240c00000000400bf8f66
:0c4a9c00388180af0800e0030800bd274f
:020000040000fa
:020000041d02db
:104aa8000080033cfc3563242800648c2c00628c55
:104ab8002b2882000300a010000000003000638c47
:0c4ac800212064000800e003231082009d
:020000040000fa
:020000041d02db
:104ad4000080033cfc3563240c00628c0800648c69
:104ae4002b2882000300a010000000001800638c33
:0c4af400212083000800e0032310820052
:020000040000fa
:020000041d02db
:104b0000e0ffbd27feff02241000a2af2538000001
:104b1000253000001c00bfaf9d2e400f252800004f
:0c4b20001c00bf8f0800e0032000bd2730
:020000040000fa
:020000041d02db
:104b2c000800c01025108000213086002518800058
:104b3c000100a524ffffa79001006324fcff66146d
:0c4b4c00ffff67a00800e003000000006d
:020000040000fa
:020000041d02db
:104b5800000082800000a38003004314ff0063303c
:104b68000400405401008424ff0042300800e003a0
:0c4b780023104300f6ff00100100a524ec
:020000040000fa
:020000041d02db
:104b84000080043ce836822401000324080043ac7e
:104b94000080033cd0376324e83683ac0100033c37
:0c4ba400c0fd63240800e003040043ace3
:020000040000fa
:020000041d02db
:104bb0000500000001000000b00400003c000000ff
:104bc00002000000320000004b0000000100000065
:084bd0000300000001000000d9
:020000040000fa
:020000041d02db
:104bd80000000000002088bf000000004100000025
:104be800a057029d00000000f832029dfc5f029d64
:084bf80000000000c80200806b
:020000040000fa
:020000041d02db
:104c0000e8ffbd271400bfafad7d400f2528000091
:104c100002004050ffff02240c00428c1400bf8fa2
:084c20000800e0031800bd27a5
:020000040000fa
:020000041d02db
:104c2800e8ffbd271000b0af1400bfaf6897400f72
:104c380025808000252000021400bf8f1000b08f4f
:084c48004398400b1800bd2742
:020000040000fa
:020000041d02db
:104c50000080033c4001632405008314ffff02240d
:104c60002000839001006330010060541c00828c9e
:084c70000800e0030000000051
:020000040000fa
:020000041d02db
:104c780007008010000000000080023cbc35468c14
:104c88000300c0100080053c378a400bd435a524aa
:084c98000800e00325100000f4
:020000040000fa
:020000041d02db
:104ca0000000a29401004330050060100400027c63
:104cb0000000a2a42400828cffff4224240082acc6
:084cc0000800e0030000000001
:020000040000fa
:020000041d02db
:104cc8000c00838c2b18a300050060102510000031
:104cd8000800828c0000838c0220a27021108300bf
:084ce8000800e00300000000d9
:020000040000fa
:020000041d02db
:104cf00005008010000000000000838c01000224e9
:104d000003006210000000000800e003251000000e
:084d1000bd4f400b0000000044
:020000040000fa
:020000041d02db
:104d1800e8ffbd271000b0af1400bfafd58b400f20
:104d280025808000252000021400bf8f1000b08f5e
:084d38006376400b1800bd2753
:020000040000fa
:020000041d02db
:104d40004950763420496e69743a204661696c6531
:104d50006420746f20696e6974616c697a653a20a9
:084d6000256421200d0a00006a
:020000040000fa
:020000041d02db
:104d680007008010e080868f0500c010029d073c78
:104d78000080053c9853e7241a6d400b7837a5242a
:084d88000800e0032510000003
:020000040000fa
:020000041d02db
:104d90000700801000000000420083943c0084243f
:104da000400062300a2002000800e0032510800065
:084db0000800e00325100000db
:020000040000fa
:020000041d02db
:104db8005443502f495020537461636b3a20496e15
:104dc800697469616c697a6174696f6e2053746182
:084dd80072746564200d0a00ed
:020000040000fa
:020000041d02db
:104de000421104000029020081bf023cc00042249d
:104df000010003242110450004188300080043ac7f
:084e00000800e00300000000bf
:020000040000fa
:020000041d02db
:104e0800421104000029020081bf023cc000422474
:104e1800010003242110450004188300040043ac5a
:084e28000800e0030000000097
:020000040000fa
:020000041d02db
:104e3000421104000029020081bf023c40004224cc
:104e4000010003242110450004188300040043ac32
:084e50000800e003000000006f
:020000040000fa
:020000041d02db
:104e58000700801000000000f8ffbd270400bfaf66
:104e6800206062410400bf8f0800e0030800bd27ee
:084e78000800e0030000000047
:020000040000fa
:020000041d02db
:104e80000700c01025108000202c057c21308600f2
:104e90002518800001006324feff6614ffff65a053
:084ea0000800e003000000001f
:020000040000fa
:020000041d02db
:104ea800e8ffbd271000b0af1400bfafb181400fbd
:104eb800258080001400bf8f251000021000b08fdd
:084ec8000800e0031800bd27fb
:020000040000fa
:020000041d02db
:104ed000ff00a53021308600050086102510000057
:104ee000ffffc390ffffc224fbff65142530400085
:084ef0000800e00300000000cf
:020000040000fa
:020000041d02db
:104ef8000080033cbc37668c0500c01425100000f8
:104f0800bc3764ac100080ac000085ac0100022402
:084f18000800e00300000000a6
:020000040000fa
:020000041d02db
:104f2000000000000000f03f000000000000e03f33
:104f30000000000000005043000000000000b03fef
:084f4000000000000000204009
:020000040000fa
:020000041d02db
:104f4800e8ffbd271000b0af1400bfafdc93400fdf
:104f5800258080001400bf8f251000021000b08f3c
:084f68000800e0031800bd275a
:020000040000fa
:020000041d02db
:104f700002000010251080002510c0000100a524ab
:104f8000ffffa38001004624fbff6014ffffc3a0c6
:084f90000800e003000000002e
:020000040000fa
:020000041d02db
:104f9800e0ffbd27010002241000a2af1c00bfaf34
:104fa8001472400f000000001c00bf8f0800e003cf
:044fb8002000bd27f1
:020000040000fa
:020000041d02db
:104fbc000080023ce8344324040083140000000009
:104fcc00040080a4e83440a0140080ac0800e00386
:044fdc0000000000d1
:020000040000fa
:020000041d02db
:104fe0005f4452565f5048595f534d495472616e49
:104ff0007366657257616974436f6d706c65746533
:0450000000000000ac
:020000040000fa
:020000041d02db
:10500400644d49494d204173736572743a20257388
:105014002c20696e206c696e653a2025642c200d65
:045024000a0000007e
:020000040000fa
:020000041d02db
:105028000400a38c03006014ffff02240800e003bf
:10503800000000000000a38c000062a00800e0034c
:04504800010002243d
:020000040000fa
:020000041d02db
:10504c000080023cf835428c030044502000438c15
:10505c00cf7d400b00000000c418037c0800e00367
:04506c00200043ac31
:020000040000fa
:020000041d02db
:105070000c00828c05004010000000002000428cd3
:10508000080042380800e003c000427c0800e0034a
:0450900025100000e7
:020000040000fa
:020000041d02db
:10509400060080049080838f2a1083000300401050
:1050a400000000004e59400b000000000800e0031f
:0450b40025100000c3
:020000040000fa
:020000041d02db
:1050b800e8ffbd27010006241400bfaf750b400fa1
:1050c800100005241400bf8f0100422c0800e003e3
:0450d8001800bd27d8
:020000040000fa
:020000041d02db
:1050dc0006008010000000002c00828c3000838cb5
:1050ec00231043000800e003001102000800e00355
:0450fc00251000007b
:020000040000fa
:020000041d02db
:105100002414029d3c1b019da834029ddcea009df5
:10511000d055029da8c1019ddc50029dec55029d19
:045120000856029d8e
:020000040000fa
:020000041d02db
:1051240006008010251000004400828c030040100b
:10513400000000000800e0030400428c0800e003c3
:045144000000000067
:020000040000fa
:020000041d02db
:10514800200083349fff63241a00632c030060143b
:1051580001000224d0ff84240a00822c0800e00306
:045168000000000043
:020000040000fa
:020000041d02db
:10516c00d0ff83240a00632c040060140100022485
:10517c00200084349fff82240600422c0800e003a8
:04518c00000000001f
:020000040000fa
:020000041d02db
:105190000080043cc037828c954c033c2d7f6324f7
:1051a0000210437001004224c03782ac0800e003c3
:0451b00042140200a3
:020000040000fa
:020000041d02db
:1051b400e0ffbd272c00a7af2c00a7271c00bfaf22
:1051c400ca70400f1000a7af1c00bf8f0800e00397
:0451d4002000bd27d3
:020000040000fa
:020000041d02db
:1051d8000800000608000400000001000200f401b5
:1051e80037420000002088bfd819029dd84b029d85
:020000040000fa
:020000041d02db
:1051f80005008010000000000300a010000000005f
:10520800c23b400b000000000800e00353ff0224eb
:020000040000fa
:020000041d02db
:1052180005008010000000000300a010000000003e
:105228001048400b000000000800e00353ff022470
:020000040000fa
:020000041d02db
:1052380005008010000000000300a010000000001e
:105248002d3a400b000000000800e00353ff022441
:020000040000fa
:020000041d02db
:1052580050485920436f6e643a2025732c20696e9c
:10526800206c696e653a2025642c200d0a00000028
:020000040000fa
:020000041d02db
:10527800504859204173736572743a2025732c2065
:10528800696e206c696e653a2025642c200d0a0031
:020000040000fa
:020000041d02db
:10529800e0ffbd271000a0af1c00bfaf1472400f85
:1052a800000000001c00bf8f0800e0032000bd279d
:020000040000fa
:020000041d02db
:1052b8004452565f504859206f7065726174696f27
:1052c8006e206572726f723a2025640d0a00000024
:020000040000fa
:020000041d02db
:1052d8000c60029de49c019d58f9019d3423029db8
:1052e800d822029d7c22029d2022029da437019d86
:020000040000fa
:020000041d02db
:1052f8000100000002000000080000000400000097
:1053080010000000200000004000000080000000a5
:020000040000fa
:020000041d02db
:105318005061636b65742041636b3a206f727068eb
:10532800616e207061636b657421200d0a000000b6
:020000040000fa
:020000041d02db
:10533800000102240300c210010006240800e00353
:105348000000000001000524976a400b0c000424ab
:020000040000fa
:020000041d02db
:10535800000102240300c210010006240800e00333
:105368000000000001000524976a400b0f00042488
:020000040000fa
:020000041d02db
:10537800000000000000000001000000f45a029d37
:1053880002000000fc5a029d03000000005b029d21
:020000040000fa
:020000041d02db
:10539800080082900400401000000000cc80828f3a
:1053a800ffff4224cc8082af0800e0030000000029
:020000040000fa
:020000041d02db
:1053b8000080023c0c374224030044140000000023
:1053c8000800e003f480828f0800e003ffff022456
:020000040000fa
:020000041d02db
:1053d80006080200000001000008030000000000a9
:1053e800ffff040000000000ffff050000000000b0
:020000040000fa
:020000041d02db
:1053f8004219040081bf023c00190300c000422486
:105408000a10437c061082000800e00301004230c5
:020000040000fa
:020000041d02db
:10541800f8ffbd270400bfaf00606241c000000074
:105428000400bf8f010042300800e0030800bd27d8
:020000040000fa
:020000041d02db
:10543800e62b8a8ee8f141b6980566e3bfe3c049da
:1054480003dad4ac2cdf9f2280010a6739bc83d3ee
:020000040000fa
:020000041d02db
:10545800000000000000f03f0000000000002440b1
:10546800000000000000504300000000000014404d
:10547800000000000000e043000000000000e0c35e
:10548800000000f0ffff1f34000000000000f007dc
:020000040000fa
:020000041d02db
:1054980000008c90ffffc624010084240000aca00b
:1054a800fbffc0140100a5240800e00325108000bc
:020000040000fa
:020000041d02db
:1054b800445b029d901f029dc443029dcc5f029de8
:0c54c800000000009456029d3859029d1f
:020000040000fa
:020000041d02db
:1054d4000080033ce834632402008314ffff0224a9
:0c54e400040082840800e00300000000c7
:020000040000fa
:020000041d02db
:1054f00002000224020082a4f7ff023c180080ace4
:0c5500001c0082ac7796400bf7ff0424df
:020000040000fa
:020000041d02db
:10550c005f4452565f5048595f534d495472616e17
:0c551c00736665725374617274000000c5
:020000040000fa
:020000041d02db
:105528000460029d4849029d1c49029df048029d65
:0c553800c448029d9848029d6c48029dea
:020000040000fa
:020000041d02db
:105544000080033c40016324020083142510000002
:0c5554009c00828c0800e00300000000b6
:020000040000fa
:020000041d02db
:10556000e8ffbd271400bfaf2998400f00000000de
:0c5570001400bf8f0800e0031800bd27e6
:020000040000fa
:020000041d02db
:10557c004452562050485920696e697420666169fe
:0c558c006c65643a2025640d0a000000e4
:020000040000fa
:020000041d02db
:10559800002a0500007fa530007f0224340282ac77
:0c55a800380285ac0800e00300000000a1
:020000040000fa
:020000041d02db
:1055b4008833029d94bb019d242d029da0b7019dbb
:0c55c4000cc8009d3c1a029d2850029d5e
:020000040000fa
:020000041d02db
:1055d00004008010000000002c00828c0800e00312
:0c55e000001102000800e003251000008c
:020000040000fa
:020000041d02db
:1055ec0004008010000000003400828c0800e003ee
:0c55fc00001102000800e0032510000070
:020000040000fa
:020000041d02db
:1056080004008010000000003800828c0800e003cd
:0c561800380080ac0800e003f7ff02241b
:020000040000fa
:020000041d02db
:10562400040080100000000010000624a093400b2a
:0c563400252800000800e0030000000032
:020000040000fa
:020000041d02db
:1056400040100400211044000080043c801002003f
:0c565000d8338424438f400b21208200bb
:020000040000fa
:020000041d02db
:10565c00756e6b0065746800776c616e00000000fd
:0c566c0070707000673361647000000013
:020000040000fa
:020000041d02db
:10567800e8ffbd271400bfafc383400f0000000040
:0c5688001400bf8f0800e0031800bd27cd
:020000040000fa
:020000041d02db
:10569400f8ffbd270400bfaf00588440c0000000dd
:0c56a4000400bf8f0800e0030800bd27d1
:020000040000fa
:020000041d02db
:1056b00086bf023c0022040038004224211044002e
:0c56c000000045ac0800e0030000000002
:020000040000fa
:020000041d02db
:1056cc0086bf023c00220400340042242110440016
:0c56dc00000045ac0800e00300000000e6
:020000040000fa
:020000041d02db
:1056e80086bf023c002204003c00422421104400f2
:0c56f800000045ac0800e00300000000ca
:020000040000fa
:020000041d02db
:1057040086bf023c002204001400422421104400fd
:0c571400000045ac0800e00300000000ad
:020000040000fa
:020000041d02db
:10572000bfff83241a00632c020060102510800044
:0c573000200082340800e00300000000ac
:020000040000fa
:020000041d02db
:10573c009fff83241a00632c020060102510800048
:0c574c005f0082300800e0030000000055
:020000040000fa
:020000041d02db
:105758000000200201020006000000000b08000003
:08576800010000000000000038
:020000040000fa
:020000041d02db
:10577000010000000500000000000000050000001e
:0857800001000000010000001f
:020000040000fa
:020000041d02db
:105788000300801000000000c092400b00000000e1
:085798000800e00353ff0224a6
:020000040000fa
:020000041d02db
:1057a000e821019d1816019da05e029d00000000e9
:0857b0000000000000000000f1
:020000040000fa
:020000041d02db
:1057b8002c3b029df0fc019d1000009df438029dd9
:0857c800dc7a019d9ce2019dc9
:020000040000fa
:020000041d02db
:1057d0004d49494d5f50726f636573735f526561e8
:0857e00064457874000000002c
:020000040000fa
:020000041d02db
:1057e8004d49494d5f50726f636573735f577269b6
:0857f80074654578740000009f
:020000040000fa
:020000041d02db
:105800005f4452565f4d49494d5f52656c65617307
:08581000654f704463707400e1
:020000040000fa
:020000041d02db
:105818005f4452565f4d49494d5f4f704c697374f0
:0858280052656d6f766500000a
:020000040000fa
:020000041d02db
:105830002510c0006000d98c2530a00025288000ec
:08584000080020035c00448c09
:020000040000fa
:020000041d02db
:105848007f00a5307f000224240282ac280285aca8
:085858000800e003000000005d
:020000040000fa
:020000041d02db
:105860007f00a5307f000224340282ac380285ac70
:085870000800e0030000000045
:020000040000fa
:020000041d02db
:105878000300c3880800a28c0000c39826104300c8
:085888000800e0032b100200f0
:020000040000fa
:020000041d02db
:1058900003008010000000000800e003580082941c
:0858a0000800e003ffff0224f1
:020000040000fa
:020000041d02db
:1058a80003008010000000000000a28c0c0082acf5
:0858b8000800e00300000000fd
:020000040000fa
:020000041d02db
:1058c00003008010000000000000a28c100082acd9
:0858d0000800e00300000000e5
:020000040000fa
:020000041d02db
:1058d80003008010000000000000a28c140082acbd
:0858e8000800e00300000000cd
:020000040000fa
:020000041d02db
:1058f000208186af25308000029d043c01000724f2
:085900009a70400bb45f84248f
:020000040000fa
:020000041d02db
:105908000300a014000000000800e00300000000ed
:085918007893400b0000000031
:020000040000fa
:020000041d02db
:10592000f8ffbd270400bfaf0068024000700240ce
:08593000ffff00100000000061
:020000040000fa
:020000041d02db
:10593800f8ffbd270400bfaf004802400400bf8f36
:085948000800e0030800bd2780
:020000040000fa
:020000041d02db
:10595000485454500000000054454c4e455400003b
:085960004c57444151000000c6
:020000040000fa
:020000041d02db
:1059680000601a40bfff1b3cffff7b3724d05b035e
:0859780000609a401800004293
:020000040000fa
:020000041d02db
:1059800068076c094c836a9074a07ac000806888ac
:0859900000846c82008100001c
:020000040000fa
:020000041d02db
:10599800000000000000f0bf0000000000003043dd
:0859a800000000000000f03fc8
:020000040000fa
:020000041d02db
:1059b000ffffc6240000a0a0fdffc0140100a52425
:0859c0000800e003251080003f
:020000040000fa
:020000041d02db
:1059c80002000224020082a4180080ac0800e00350
:0459d8001c0080ac83
:020000040000fa
:020000041d02db
:1059dc00029d053c25308000b852a5249d8e400bbd
:0459ec002520000072
:020000040000fa
:020000041d02db
:1059f000dcfc009d9447019d1c8c019d0c3c019d8d
:045a00007449029d46
:020000040000fa
:020000041d02db
:105a04005f4452565f4d49494d5f4765744f70443a
:045a14006370740047
:020000040000fa
:020000041d02db
:105a18005f4452565f4d49494d5f4f7052657375eb
:045a28006c7400009a
:020000040000fa
:020000041d02db
:105a2c005f4452565f4d49494d5f5265706f7274b9
:045a3c004f700000a7
:020000040000fa
:020000041d02db
:105a40004d49494d5f50726f636573735f52656175
:045a500064000000ee
:020000040000fa
:020000041d02db
:105a54004d49494d5f50726f636573735f57726947
:045a64007465000065
:020000040000fa
:020000041d02db
:105a68004d49494d5f50726f636573735f5363614e
:045a78006e000000bc
:020000040000fa
:020000041d02db
:105a7c005f4452565f4d49494d5f50726f63657379
:045a8c00734f7000e4
:020000040000fa
:020000041d02db
:105a900080a9019d4cb0019d08b6019d7077019dc4
:045aa000fc7b019ded
:020000040000fa
:020000041d02db
:105aa4000400060008000a000e0014001c00280070
:045ab400300032008c
:020000040000fa
:020000041d02db
:105ab8009001009dd4b6019d2ca4019d24de019d7a
:045ac800d09d019dcf
:020000040000fa
:020000041d02db
:105acc002000828c8228050084f8a27c0800e00368
:045adc00200082ac78
:020000040000fa
:020000041d02db
:105ae0003000828c8228050084f8a27c0800e00344
:045af000300082ac54
:020000040000fa
:020000041d02db
:105af40066756c6c000000006c6f7700646f776ee5
:045b0400000000009d
:020000040000fa
:020000041d02db
:105b08002510a0002530000025288000f159400b01
:045b18002520400004
:020000040000fa
:020000041d02db
:105b1c005f5443504950537461636b5061636b65c0
:045b2c007454780035
:020000040000fa
:020000041d02db
:105b30005c56029d6056029d6456029d6c56029d05
:045b40007056029dfc
:020000040000fa
:020000041d02db
:105b440038818227000044ac040045ac0800e0031f
:045b5400000000004d
:020000040000fa
:020000041d02db
:105b5800029d053c25300000b461a524327b400b32
:045b680025200000f4
:020000040000fa
:020000041d02db
:105b6c00b059029d9854029d4806029d4806029d1c
:045b7c004806029d38
:020000040000fa
:020000041d02db
:105b80000a0000000000000000000000000000000b
:020000040000fa
:020000041d02db
:105b9000000000000a000000440000004300000074
:020000040000fa
:020000041d02db
:105ba0004452565f4554485048595f4f70656e00e7
:020000040000fa
:020000041d02db
:105bb0004452565f4d49494d5f5461736b73000009
:020000040000fa
:020000041d02db
:105bc00001000224080082ac0800e003000000008d
:020000040000fa
:020000041d02db
:105bd00000800234080282ac0800e00300000000ec
:020000040000fa
:020000041d02db
:105be00000800234040282ac0800e00300000000e0
:020000040000fa
:020000041d02db
:105bf00000800234040082ac0800e00300000000d2
:020000040000fa
:020000041d02db
:105c000000800234080082ac0800e00300000000bd
:020000040000fa
:020000041d02db
:105c100000020224040082ac0800e003000000003f
:020000040000fa
:020000041d02db
:105c200000020224080082ac0800e003000000002b
:020000040000fa
:020000041d02db
:105c300000010224040082ac0800e0030000000020
:020000040000fa
:020000041d02db
:105c400000010224080082ac0800e003000000000c
:020000040000fa
:020000041d02db
:105c500040028294046aa27c0800e003400282a40d
:020000040000fa
:020000041d02db
:105c6000400282940418a27c0800e003400282a44f
:020000040000fa
:020000041d02db
:105c700000080224680282ac0800e0030000000073
:020000040000fa
:020000041d02db
:105c800060028294c45a027c0800e003600282a48d
:020000040000fa
:020000041d02db
:105c9000600282940442a27c0800e003600282a4b5
:020000040000fa
:020000041d02db
:105ca000ffc0a530a40085ac0800e00300000000a0
:020000040000fa
:020000041d02db
:105cb000ffc0a530a80085ac0800e003000000008c
:020000040000fa
:020000041d02db
:105cc000002c0500080085ac0800e003000000007f
:020000040000fa
:020000041d02db
:105cd00008000224080282ac0800e0030000000073
:020000040000fa
:020000041d02db
:105ce00004000224080282ac0800e0030000000067
:020000040000fa
:020000041d02db
:105cf00080000224080082ac0800e00300000000dd
:020000040000fa
:020000041d02db
:105d0000480086ac580087ac0800e00300000000a3
:020000040000fa
:020000041d02db
:105d100002000224880282ac0800e00300000000b8
:020000040000fa
:020000041d02db
:105d200002000224840282ac0800e00300000000ac
:020000040000fa
:020000041d02db
:105d300001000224880282ac0800e0030000000099
:020000040000fa
:020000041d02db
:105d400001000224840282ac0800e003000000008d
:020000040000fa
:020000041d02db
:105d5000a00282940462a27c0800e003a00282a454
:020000040000fa
:020000041d02db
:105d6000a00282940420a27c0800e003a00282a486
:020000040000fa
:020000041d02db
:105d700004000224d80282ac0800e0030000000006
:020000040000fa
:020000041d02db
:105d800002000224980282ac0800e0030000000038
:020000040000fa
:020000041d02db
:105d900002000224940282ac0800e003000000002c
:020000040000fa
:020000041d02db
:105da00001000224940282ac0800e003000000001d
:020000040000fa
:020000041d02db
:105db00000800234880282ac0800e003000000008a
:020000040000fa
:020000041d02db
:105dc00000800234840282ac0800e003000000007e
:020000040000fa
:020000041d02db
:105dd000800282948428a27c0800e003800282a4ce
:020000040000fa
:020000041d02db
:105de0000300c2880000c2980800e0030800a2accb
:020000040000fa
:020000041d02db
:105df000040080ac000080ac0800e003080080ac28
:020000040000fa
:020000041d02db
:105e00009480828f802004000800e0030a10447c04
:020000040000fa
:020000041d02db
:105e1000e8ffbd271400bfaf4896400f0000000008
:020000040000fa
:020000041d02db
:105e2000e8ffbd271400bfaf4896400f00000000f8
:020000040000fa
:020000041d02db
:105e3000e8ffbd271400bfaf4896400f00000000e8
:020000040000fa
:020000041d02db
:105e400074637069705f736572766572000000003c
:020000040000fa
:020000041d02db
:105e500070696e675f676174657761790000000043
:020000040000fa
:020000041d02db
:105e6000ffff84240080023c0800e003c03744acfc
:020000040000fa
:020000041d02db
:105e7000494e4600696e66004e414e006e616e00ee
:105e8000494e4600696e66004e414e006e616e00de
:020000040000fa
:020000041d02db
:105e9000000000000000e07f000000000000600340
:020000040000fa
:020000041d02db
:0c5ea0002600023c0800e003a02542247c
:020000040000fa
:020000041d02db
:0c5eac00b438029d08c9019d049a019db4
:020000040000fa
:020000041d02db
:0c5eb8001460029dd4f8019dc859029da1
:020000040000fa
:020000041d02db
:0c5ec400683b029d50e6019d901c029d71
:020000040000fa
:020000041d02db
:0c5ed0005049433332494e54000000009a
:020000040000fa
:020000041d02db
:0c5edc00e000828c0800e003c001427c62
:020000040000fa
:020000041d02db
:0c5ee800e000828c0800e0038001427c96
:020000040000fa
:020000041d02db
:0c5ef400e000828c0800e0034001427cca
:020000040000fa
:020000041d02db
:0c5f0000d40085ac0800e00300000000a5
:020000040000fa
:020000041d02db
:0c5f0c00c80085ac0800e00300000000a5
:020000040000fa
:020000041d02db
:0c5f1800c40085ac0800e003000000009d
:020000040000fa
:020000041d02db
:0c5f2400d40085ac0800e0030000000081
:020000040000fa
:020000041d02db
:0c5f30000000828c0800e003c003427ceb
:020000040000fa
:020000041d02db
:0c5f3c00d00282900800e0030100423017
:020000040000fa
:020000041d02db
:0c5f4800d00282900800e0038000427c40
:020000040000fa
:020000041d02db
:0c5f54002000a48cd692400b2528c00031
:020000040000fa
:020000041d02db
:0c5f60000000998c0800200300000000e5
:020000040000fa
:020000041d02db
:0c5f6c000400998c0800200300000000d5
:020000040000fa
:020000041d02db
:0c5f78000800998c0800200300000000c5
:020000040000fa
:020000041d02db
:0c5f84000c00998c0800200300000000b5
:020000040000fa
:020000041d02db
:0c5f900001000624592c400b252880003d
:020000040000fa
:020000041d02db
:0c5f9c000080023c0800e0030c37429437
:020000040000fa
:020000041d02db
:0c5fa8002c0082240800e0030a10040012
:020000040000fa
:020000041d02db
:0c5fb4002081998f0800200325280000a0
:020000040000fa
:020000041d02db
:0c5fc0000080023c0800e0034c36428cdc
:020000040000fa
:020000041d02db
:0c5fcc00f505023c0800e00300e142344f
:020000040000fa
:020000041d02db
:0c5fd800286e696c290000002500000004
:020000040000fa
:020000041d02db
:085fe400b854029d000000000a
:020000040000fa
:020000041d02db
:085fec000a000000000200029f
:020000040000fa
:020000041d02db
:085ff4000a0000020000000099
:020000040000fa
:020000041d02db
:085ffc0000000000002088bf36
:020000040000fa
:020000041d02db
:086004000800e00300000000a9
:020000040000fa
:020000041d02db
:08600c00da8e400b00000000d9
:020000040000fa
:020000041d02db
:08601400da8e400b00000000d1
:020000040000fa
:020000041d02db
:08601c000800e0030000000091
:020000040000fa
:020000041d02db
:086024000800e0030000000089
:020000040000fa
:020000041d02db
:08602c000800e0030000000081
:020000040000fa
:020000041d02db
:08603400cf97400b00000000b3
:020000040000fa
:020000041d02db
:08603c006497400b0000000016
:020000040000fa
:020000041d02db
:086044000800e0030000000069
:020000040000fa
:020000041d02db
:08604c000800e003010002243a
:020000040000fa
:020000041d02db
:086054000004a300000000009d
:020000040000fa
:020000041d02db
:08605c003f98400b000000001a
:020000040000fa
:020000041d02db
:086064003d98400b0000000014
:020000040000fa
:020000041d02db
:08606c003b98400b000000000e
:020000040000fa
:020000041d02db
:086074003998400b0000000008
:020000040000fa
:020000041d02db
:08607c003798400b0000000002
:020000040000fa
:020000041d02db
:086084003598400b00000000fc
:020000040000fa
:020000041d02db
:08608c003398400b00000000f6
:020000040000fa
:020000041d02db
:086094005955400b25200000c6
:020000040000fa
:020000041d02db
:08609c000800e003500285a496
:020000040000fa
:020000041d02db
:0860a4000800e003e200829015
:020000040000fa
:020000041d02db
:0860ac000800e0032000828cd3
:020000040000fa
:020000041d02db
:0860b4000800e0033000828cbb
:020000040000fa
:020000041d02db
:0860bc000800e003b20085a01a
:020000040000fa
:020000041d02db
:0860c4000800e003b00085a014
:020000040000fa
:020000041d02db
:0860cc000800e00310018294ba
:020000040000fa
:020000041d02db
:0860d4000800e0034001829482
:020000040000fa
:020000041d02db
:0860dc000800e00300018294ba
:020000040000fa
:020000041d02db
:0860e4000800e0035001829462
:020000040000fa
:020000041d02db
:0860ec000800e003600182944a
:020000040000fa
:020000041d02db
:0860f4000800e0032001829482
:020000040000fa
:020000041d02db
:0860fc000800e003300182946a
:020000040000fa
:020000041d02db
:086104000800e003d000828cca
:020000040000fa
:020000041d02db
:08610c000800e003c0028294c8
:020000040000fa
:020000041d02db
:086114000800e003548080af95
:020000040000fa
:020000041d02db
:08611c000800e003f8ff022473
:020000040000fa
:020000041d02db
:086124000800e003080002245a
:020000040000fa
:020000041d02db
:08612c000800e003251000004b
:020000040000fa
:020000041d02db
:08613400ffffffffffff000069
:020000040000fa
:020000041d02db
:08613c0040008000000000009b
:020000040000fa
:020000041d02db
:0861440040008000c0000000d3
:020000040000fa
:020000041d02db
:08614c006c87400b02000724e0
:020000040000fa
:020000041d02db
:086154003a70400b000000004e
:020000040000fa
:020000041d02db
:08615c00cf7d400b00000000a4
:020000040000fa
:020000041d02db
:08616400858b400b00000000d8
:020000040000fa
:020000041d02db
:08616c000800e003251000000b
:020000040000fa
:020000041d02db
:086174000800e0031481828f92
:020000040000fa
:020000041d02db
:08617c000800e003ec80828fb3
:020000040000fa
:020000041d02db
:086184000800e003e880828faf
:020000040000fa
:020000041d02db
:08618c000695400b0000000025
:020000040000fa
:020000041d02db
:086194009693400b000000008f
:020000040000fa
:020000041d02db
:08619c000200000000010000f8
:020000040000fa
:020000041d02db
:0861a4000800e003feff0224e5
:020000040000fa
:020000041d02db
:0861ac000800e0030000000000
:020000040000fa
:020000041d02db
:0861b4000800e003f1fe0224e3
:020000040000fa
:020000041d02db
:0861bc000d0a00000820080094
:020000040000fa
:020000041d02db
:0861c4009c89400b2520a0007e
:020000040000fa
:020000041d02db
:0861cc000800e003ffff0224bc
:020000040000fa
:020000041d02db
:0861d4000800e003ffff0224b4
:020000040000fa
:020000041d02db
:0861dc000800e00300000000d0
:020000040000fa
:020000041d02db
:0861e4000800e00300000000c8
:020000040000fa
:020000041d02db
:0461ec0001030600a5
:020000040000fa
:020000041d02db
:0461f0006382536310
:020000040000fa
:020000041d02db
:0461f4000000000c9b
:00000001FF
