:020000040000fa
:020000041fc01b
:100000000300001000000000f0f3060000000000f4
:100010000600f00f0000000000601a40c0045a7f84
:100020000500401300000000039d1a3cb0aa5a27a7
:10003000080040030000000008801d3cf0ffbd27c1
:1000400000801c3cf07f9c27026009402058200162
:1000500007000a248449497d02608940c0000000ed
:1000600000e0dc41ffff4a25faff401500000000d8
:1000700002608b40c0000000039d083ca4b308252b
:1000800009f8000100000000029d083c480e082508
:1000900009f80001000000000080083c3800082535
:1000a0000080093c440129250300001000000000e5
:1000b000000000ad040008252b080901fcff2014f6
:1000c00000000000c0bf083c7005082509f80001c9
:1000d00000000000029d083cfc51082509f80001c1
:1000e0000000000081bf093c00000a3c30024a25a4
:1000f000e0072aad0000093c00002925010020117d
:100100000000000000488040ffff0a2400588a4099
:100110004000083c00600a4025500a0100608a4007
:10012000009d093c00002925c0000000017889409d
:100130000000093c0100292500000a2444492a7dc9
:1001400001608a408000093c0068894000800840c6
:100150008005097d404c0900006008405800013cc2
:100160002440010100010a3c2540480100240a3cca
:1001700025404801254028010060884000010a3cd4
:1001800000f8ca44c0000000039d083cacb3082539
:1001900009f800010000000000600840bfff013cba
:1001a000ffff2134244001010060884000008430ba
:1001b0000000a530029d083c487b0825080000018e
:0401c000000000003b
:020000040000fa
:020000041fc01b
:10038000039d1a3c94af5a27080040030000000068
:020000040000fa
:020000041fc01b
:1004b0000080094000000a2400000b2400000d24e5
:1004c00000000e240080013c244021012500001181
:1004d00001800940000000003800013c2440210157
:1004e000c24408000f0000110000000001000825b0
:1004f0000700013c2460210102640c0001008c25ee
:100500002550800101000b2404580b0104500a01fe
:10051000c001013c24402101824508000600082555
:1005200004500a01001c2831824208000d0000110d
:10053000000000000100082580032f31c2790f0060
:100540000100ef252568e00101000e2404700e0172
:1005500004680d0100e02831424308000600082528
:1005600004680d010800e003000000000000000026
:100570000080084007000924244828010200293986
:1005800004002011000000000800e003000000004b
:10059000000000002518e003c5ff11040000000062
:1005a00000600840feff0924244828010400293582
:1005b00000608940c000000000d0804000e0804022
:1005c000c0000000009d043c000084240100801451
:1005d000009d043c0400401121288a0021208b004a
:1005e000feff8514fcff88bc0080043c00008424ce
:1005f000010080140080043c0400a01121288d001b
:1006000021208e00feff8514fcff89bc0f00000036
:100610000080013c14002aac0080013c20002dac7d
:100620000080013c18002bac0080013c24002eac63
:100630000080013c1c002cac0080013c28002fac49
:1006400000608840c0000000008009400700293594
:10065000070029390300293500808940c0000000c7
:1006600025f860000800e003000000000000000022
:020000040000fa
:020000041d00dd
:10000000029d1a3cd0ef5a27080040030000000070
:020000040000fa
:020000041d00dd
:10010000029d1a3cf8ee5a27080040030000000048
:020000040000fa
:020000041d00dd
:10018000029d1a3c94eb5a2708004003000000002f
:020000040000fa
:020000041d00dd
:100200003950400b00000000ad50400b00000000d2
:100210002151400b000000009551400b00000000f0
:100220000952400b000000007d52400b000000000e
:100230000000023c00004224070040100000023c85
:100240000000422405004050039d023c3f00007026
:100250000800e00300000000039d023c28884224bf
:10026000030040100000000009f8400000000000fa
:080270000800e003000000009b
:020000040000fa
:020000041fc01b
:10067000000000d01f00c0001f00c400000000d216
:100680001f00c8001f00cc00000000f01700c000d1
:100690001700c400000000f21700c8001700cc00cb
:1006a000000000c01f0080001f008400000000c286
:1006b0001f0088001f008c00000000e01700800071
:1006c00017008400000000e21700880017008c006b
:020000040000fa
:020000041fc01b
:1004800000f89b40c0000000039d1b3c28887b2790
:10049000020060130000000000c09b4000f81b40f9
:0c04a000c00000001f000042000000002f
:020000040000fa
:020000041fc01b
:04ffc000fffffffe42
:020000040000fa
:020000041fc01b
:04ffc40098b1f9fff8
:020000040000fa
:020000041fc01b
:04ffc80039ff745f2a
:020000040000fa
:020000041fc01b
:04ffcc00d3f7ffff69
:020000040000fa
:020000041fc01b
:04ffdc00ffffffff25
:020000040000fa
:020000041fc01b
:04fff000ffff00000f
:020000040000fa
:020000041d00dd
:1002780090ffbd270f0005240a0004244800b0aff2
:100288006c00bfaf6800beaf6400b7af6000b6af28
:100298005c00b5af5800b4af5400b3af5000b2af74
:1002a8009ea3400f4c00b1af2580400001004230b2
:1002b800100040546210113c020010324700001632
:1002c800c080838f6c00bf8f6800be8f6400b78fbb
:1002d8006000b68f5c00b58f5800b48f5400b38fa0
:1002e8005000b28f4c00b18f4800b08f0800e00377
:1002f8007000bd27009d123c04000010d34d31262c
:100308000a0006249da6400f25208002efa9400f71
:100318000a000424e8ff401025a040002c00959610
:100328001400a22ef6ff4014f2ff05241c00968e3e
:100338000c00c28e0019427c0500432cf1ff6014aa
:100348000a000624801002002a10a202edff4014c1
:1003580002001e3c2000828e24f05e00e9ffc017d8
:10036800f1ff05241800938e000242301000632626
:10037800d80040142800a3af1000628e0c00638ed2
:100388002520a0021c00a2af000602241800a3af7b
:10039800ef44400f2000a2a7253000000c000524e0
:1003a8001800a427f744400f2200a2a72000838e3c
:1003b8002710020004006330b6016014ffff4630c6
:1003c8002528a002f744400f2520c002c100401094
:1003d800f6ff0524cbff00100a000624b9ff6010c1
:1003e8006210123c2588000025800000009d133c07
:1003f800d34d5226d080828f808010000a80507c96
:100408001f0000120b000224760004921c008210c8
:10041800c000023c3c00148e2410820229004010c7
:100428003e000296c005947e040043302900601403
:1004380010001524080042302f004014000000006e
:1004480076000392050002245400621000000000a8
:100458003300a0160100863a3e000296020043309f
:1004680036006014004042300400401003000224ab
:10047800760003925700621000000000c080838f4e
:1004880001003126208e117c2b102302d9ff401445
:10049800258020026c00bf8f6800be8f6400b78f74
:1004a8006000b68f5c00b58f5800b48f5400b38fce
:1004b8005000b28f4c00b18f4800b08f0800e003a5
:1004c8007000bd2725a8000004004330d9ff601044
:1004d80025a000003799400f000000002800038e77
:1004e80023104300d3ff40043e0002960800423028
:1004f800d3ff4010100015243799400f000000006a
:100508002c00038e23104300cdff40040500022475
:10051800760003921d016210100015240100863a2e
:100528002528a0029e0c400f252000023e000296be
:1005380002004330ccff6010004042303799400f32
:10054800000000002400038e23104300ccff420467
:10055800c080838f760005920a00a22c54014010b7
:10056800801005007c0563260a10627c08004000a4
:1005780000000000b80a009d2c0a009d740a009d26
:10058800f809009d4006009db80a009dd009009d0d
:10059800b80a009db80a009d4006009d3799400f93
:1005a800000000003000038e23104300a8ff400421
:1005b80001000624140005249e0c400f252000028b
:1005c80025280000ac46400f25200002acff001093
:1005d800c080838f3799400f000000002400038eed
:1005e80023104300a6ff4004c080838f7900039244
:1005f800840002921c0262101000052425200002cb
:100608009e0c400f020006243799400f0100312646
:1006180070000496b080858fc080838f022085701b
:10062800190092001020000082210400211082008d
:1006380094ff0010240002ae780002920500432cbb
:10064800da006010000000005000038e0100422410
:10065800ff00423025a00000110005241000048e80
:100668000c00068e40180300780002a223108600b2
:100678002b208600500003ae06008010ffff42309a
:100688000400038e0000048e231864002110430028
:10069800ffff4230640004965400038e100006ae3b
:1006a800253000002318620021104400540003aed6
:1006b800640002a69e0c400f252000026fff8012e6
:1006c80025280000ac46400f252000026cff0010d2
:1006d800c080838f7095400f2520c0021c008e8e2d
:1006e8000c00cb8e0200cd9500196b7dff006b319d
:1006f8003602a01180580b000e0067960c00629617
:100708000000cf95c080868f2138e2002138e701ac
:100718002638ed002d02c010ffffe73028008c8e30
:10072800d0808a8f251000002528000025b80000f9
:10073800080000100b0008241400831100000000ba
:100748000100a524202e057c2b18a6002c00601083
:100758002510a000801002000a10427df9ff4050c9
:100768000100a52476004490f6ff88500100a524d6
:10077800770043900200632cf2ff60500100a5242b
:100788004800438cecff6014000000001800801043
:1007980072004394ebffe3140100a5240000c48d0c
:1007a8006000438ce7ff8314000000004000448c85
:1007b8000c00638ee4ff8314202e057c01000324c3
:1007c800770043a02800a38fed02601048004cacce
:1007d800740043941000648e010005240463a37c14
:1007e800440044ac740043a41800001025b840002d
:1007f800d3ffa3510ab85700d2ff00100100a52467
:10080800f201e012010003240c00628e7700e3a2db
:100818004000e2ae2800a28f070040104800ecae6e
:100828007400e2961000638e010004240463827c45
:100838004400e3ae7400e2a60000e28e7200e7a670
:100848006000efa66200eda61000e2ae1000848ef4
:100858003e00e3960d00d3920c0082940040653070
:100868000800c88e23104b000c0082a40400a010be
:100878000400c98e02006330990060107900e0a27c
:100888007400e3967600e2920442037cb4014010bf
:100898007400e3a601000424890144500400623274
:1008a8001400b5262358ab02ffff6b31ecff6a2515
:1008b800ffff4a3101006c3286008015256840012f
:1008c80002006432030080101c00f58e0100ab2585
:1008d800ffff6d312000e48e2b28a402cc01a05428
:1008e80023a895001800e58e1400e68e23a8a4021c
:1008f8002320a60023a89500ffffb5325800eb8ef1
:10090800c601a01123582b01cb01a0520400733259
:10091800e90160052b207501080080140600643287
:100928002a207501040080142328ad022a28ab0070
:10093800c101a0540400733206006432cb01801454
:10094800100064327a0080100a00442cca0080101b
:10095800802002006c0945260a20a47c080080003b
:1009680000000000800c009d800c009d540e009d2e
:100978006c0b009d6c0b009d6c0b009d6c0b009d1f
:10098800800c009d6c0b009d280b009d3799400f33
:10099800000000003000038e23104300dffe4204f5
:1009a8001000152403ff001001000624aa01801678
:1009b80001000624140005249e0c400f2520000287
:1009c80040ff001025280000780002920500432c03
:1009d800f6ff60100000000001004224ff004230d2
:1009e8005000038e25a000001cff001010000524f5
:1009f800780002920500432cf8ff6054010042245d
:100a08000400032410ff8016760003a201000624c8
:100a1800110005249e0c400f2520000298fe0010ae
:100a2800c080838f780002920400432c69016054cf
:100a380001004224b080848f0500022425a0000014
:100a4800401904002318640080180300211864006a
:100a5800c0180300190072000200052410180000d5
:100a680082190300fdfe00100019030078000292ad
:100a78000300432c5c0160503e00039601004224b1
:100a8800ff0042305000038e25a00000f3fe001046
:100a9800120005242538c0002528c0022530a002f0
:100aa8005868400f2520800248fe00100000000012
:100ab80073fea012c080838f99038016010006245c
:100ac8002528a0029e0c400f252000026cfe001075
:100ad800c080838fedff6b2579ff0010ffff6d311c
:100ae8003000a9af2c00a8af3799400f2800abaf52
:100af8007000e396b080848f3000a98f2c00a88ff7
:100b0800021864702800ab8f1900710010180000db
:100b1800821903002110620059ff00102400e2ae80
:100b28005400e28e01004224c4000211252800006e
:100b38007a00e6962430de00f1fdc010020005249c
:100b48007c00e28eeffd40500a0006242800858ec6
:100b58008000e78e09f840003c00e486e8fd0010bc
:100b6800020005245400e78e2570e0001000e68e90
:100b78000800e58e2320a600060081042310070143
:100b88000400e28e0000ef8e23104f002120820027
:100b980023100701231044000d0040580c00e48e78
:100ba8007400e48e04000e240402843068018e145c
:100bb8000100042467014454253000000100ee249c
:100bc800444a437c5400eeae7400e3a60c00e48e65
:100bd8002318c4002b10c4006301401023186e00b2
:100be8000000e68e0400e28e231046002130020148
:100bf8002118c300030060182b1043008d0140101a
:100c0800dc0502243800e28ecb0140543c00aaaf38
:100c18007d0185503e00e2965400e78e0e00c29694
:100c28006e00e3962b186200010060546e00e2a685
:100c38006400e49621184800231867000700801410
:100c4800ffff6330060060507600e2923e00e296b5
:100c5800010004248431827c3e00e2a67600e29200
:100c680004000424610144106400e3a60600032480
:100c7800450243100000000020007332acff6016ec
:100c8800f8ff43240200632ca9ff60140600032424
:100c9800a8ff43507a00e6963a0040110000000091
:100ca8000c00c28e1c00e58e1800e48e0019427cf0
:100cb80080100200e301601921184b012a30a302b9
:100cc8000500c0102130a3002350ab02ffff4a31ba
:100cd80021184b012130a3002110c2022b308600bd
:100ce800ec02c0102400a2af2398850001007326ef
:100cf80023986b02d40260064000a3afffff733253
:100d0800010016242128ab00253860022400a627fc
:100d1800252080021000b6af2800aaaf3c00adaf76
:100d28003800acaf3400a9af3000a8af5d67400f02
:100d38002c00abaf2800aa8f1400e58e2400a6274c
:100d4800233853011000b6afffffe730252080029b
:100d58005d67400f25a840002110a202ffff423026
:100d68002800aa8f2c00ab8f3000a88f3400a98fe1
:100d78003800ac8f3c00ad8f4000a38f7f024251fa
:100d88005c00e28e1100a011000000007600e292e3
:100d9800fdff42240300422c040040543e00e2962a
:100da8001c00e28e2000e2ae3e00e29610004330c6
:100db8000902601401000624010003240421627c56
:100dc80008004430410280103e00e2a659ff8051dd
:100dd8007a00e6965800e38e2148a90101006324b1
:100de80054ff69547a00e6963e00e4967600e29253
:100df800010005248452a47c030005245800e3aeb6
:100e08000004de37890245103e00e4a60400432ca6
:100e180082016014040003246902431005000324be
:100e280088004354010006242520e00225300000f4
:100e38009e0c400f1000052425280000ac46400fea
:100e48002520e0023bff00107a00e6965400e78e6a
:100e5800dd0007152570e000030002247600e2a2f9
:100e680042ff001000011e24010005242520000275
:100e7800f26c400f3c00148e3e00029601000324e1
:100e88000004947e0400627c001006243e0002a642
:100e9800252800003483400f2520000278fd805665
:100ea800c080838f3e0002960a000324760003a2c6
:100eb8000400027c3e0002a671fd0010c080838ff2
:100ec8001bff401410006b320400601102007332e3
:100ed8005400f58e7d0015555400e8ae15ff60529c
:100ee8007a00e6960e00c296010029255800e9ae60
:100ef8006e00e2a66400e2a6c76f400f2520c0027c
:100f08003c00e38e000f637c890060106a00e2a653
:100f1800010062382b1002007400e39601000624d9
:100f2800c47b437c770060117400e3a6100005249d
:100f38009e0c400f2520e0023e00e29603000324a9
:100f480000404230950040147600e3a23e00e2964d
:100f580000011e244408027cf5fe00103e00e2a6b3
:100f680004006232b4ff401410006232480040149a
:100f780002007332b1ff6012252800000100292504
:100f88005800e9aec76f400f2520c0023c00e38e31
:100f9800000f637c530060106a00e2a6010062380b
:100fa8002b1002007400e3960100062412000524a9
:100fb800c47b437c7400e3a69e0c400f2520e0020e
:100fc80002000224dafe00107600e2a2ccfc001037
:100fd800f1ff05245000038eff00423025a00000d9
:100fe8009efd001002000524010063306ffe6014ae
:100ff80000000000490080160100062402000524b4
:101008009e0c400f252000021dfd0010c080838f1c
:10101800ffffb52639fe0010ffffb53247fe60110d
:1010280006006432030060052a20750143fe80141f
:101038000600643204007332befe60567a00e696fb
:1010480001000624100005249e0c400f2520e00214
:10105800b8fe00107a00e69601004224ff004230f4
:101068005000038e7dfd0010140005240400733227
:1010780072ff6012252800003e00e296010003245a
:1010880000081e24444a627c6cff00103e00e2a661
:101098002520e0025400e8ae253000009e0c400fe9
:1010a8000400052425280000ac46400f2520e00256
:1010b800a0fe00107a00e6962120ab01deff8058e2
:1010c800040073321dfe001006006432010006247d
:1010d800040005249e0c400f2520e00294fe001019
:1010e8005400f5ae0400e38e0000e58e40200200b7
:1010f800212082002310650043180400a9ff001076
:101108002a104300120005249e0c400f2520e002ff
:101118000200022486fe00107600e2a201004224aa
:10112800ff0042305000038e4cfd001025a0000047
:101138000400e38e0000e58e40200200212082009a
:10114800231065004318040073ff00102a104300a1
:1011580025300000100005249e0c400f2520e002d9
:1011680074fe00107a00e696211803010700601843
:10117800000000000400e28e0000e78e2310470004
:101188002b1043002b004010dc050224a0fec410e5
:10119800000000009cfe00103800e28e3799400fd6
:1011a800000000007000e396b080848f021864701d
:1011b8001900710010180000821903002110620044
:1011c80062ff00102400e2ae5400e8ae01000624dd
:1011d800040005242520e0029e0c400f2800a7af3c
:1011e8002800a78f52fe00105400e7ae6f00075189
:1011f8007400e29620007332a7fe6012000000001f
:101208004cfe00107a00e696000143305e00605400
:101218005400e78e004042306e0140543c00aaafb3
:101228003e00e2965400e78e4408027c7bfe0010e4
:101238003e00e2a63400e2ae4000aaaf3c00a3aff5
:101248003800abaf3400adaf3000acaf2c00a9af65
:101258003799400f2800a8afb080858f3400e68efc
:10126800e8030e243e00ef960230c5700c00e48eb1
:101278003c00a38f1000e58e44290f7c3e00efa6aa
:10128800211883002b38a4000c00e3ae2520600051
:101298002800a88f2c00a98f3000ac8f3400ad8fa8
:1012a8003800ab8f4000aa8f1b00ce00f401c001ac
:1012b800123000002110c2001901e0143800e2ae1b
:1012c8002b10a300240140545400e78e0400e28e42
:1012d8002b3062000700c0542b18a2000000e48ed7
:1012e80023204400231864000c00e3ae252060008e
:1012f8002b18a200060060547600e2920000e38eec
:10130800231043002328a2001000e5ae7600e292e5
:10131800030003240500431008000324040043507d
:101328000400de373afe00100800e58e0400de37c0
:1013380037fe00100800e58e3800abaf3400adafc3
:101348003000acaf2c00a9af3799400f2800a8afe8
:101358003800e38e2800a88f2c00a98f23104300a3
:101368003000ac8f3400ad8f3800ab8fa60041043d
:101378003c00aa8f0800e58e25fe00100c00e48ec4
:1013880032fd001025b8400025fe07550e00c29614
:101398007400e3960400633021fe60500e00c2968c
:1013a800fdfe42301dfe00103e00e2a60400423061
:1013b80091ff4050200073323c00aaaf3800abaf19
:1013c8003400adaf3000acaf2c00a9af3799400f57
:1013d8002800a8afb080858f88130324e80304246d
:1013e80002186570050005247600e5a22800a88f7c
:1013f8002c00a98f3000ac8f3400ad8f3800ab8f34
:101408003c00aa8f1b006400f40180001218000041
:101418002110620077ff00103000e2ae02000324c2
:1014280007ff4314090002247600e2a20100062403
:10143800110005249e0c400f2520e002bdfd001080
:101448007a00e69623104b00ffff633021b0c202fa
:101458002b1075002400b6af020040102598a0029a
:1014680025986000ffff73322110b3002b10820013
:101478004900401001000224231085000100562471
:10148800ffffc33201000a24253860002400a62784
:10149800252080021000aaaf3800adaf3400acaff1
:1014a8003000a9af2c00a8af5d67400f2800a3af9c
:1014b8002800a38f1400e58e01000a242318630274
:1014c800ffff67301000aaaf2400a627252080025e
:1014d8005d67400f25a840001400e38e2c00a88ffc
:1014e8003000a98f3400ac8f3800ad8f2110a202d4
:1014f80023b07602ffff42302118760021fe6216e3
:10150800000000007600e2925800e48e1c00e3ae72
:10151800fdff4224212064020300422c02004010f7
:101528005800e4ae0002de375c00e28effff0624be
:1015380014fe4610239853006800e5962128b3004e
:10154800f500a0045c00f3ae0efe601e21208500ad
:101558001800e28e211865002b2843005800e4aedd
:101568000600a0101c00e3ae1400e48e2310440013
:1015780027100200211862001c00e3aeffff0224be
:1015880000fe00105c00e2ae6afd07557a00e696a0
:101598002afe0010252800001000a2af253860029e
:1015a8002400a627252080023400adaf3000acaf60
:1015b8002c00a9af5d67400f2800a8af1c00e38e80
:1015c8003400ad8f3000ac8f211873002c00a98f28
:1015d800caff00102800a88f100005242520e0026b
:1015e8003400adaf3000acaf2c00a9af9e0c400f5b
:1015f8002800a8af2800a88f2c00a98f3000ac8f36
:10160800f2fd00103400ad8f3400e28e00fa04348d
:101618003c00aaaf4018020001fa02342b10620005
:101628000b2062003400e4ae3800abaf3400adaf3d
:101638003000acaf2c00a9af3799400f2800a8aff5
:10164800b080848f3400e38ee80306241000e58e12
:10165800021864700c00e48e5400e78e2800a88fee
:101668002370a4002338ee002b28a4005400e7ae12
:101678002c00a98f3000ac8f3400ad8f3800ab8fb1
:101688003c00aa8f1b006600f401c000121800007d
:10169800211062000600a0103800e2ae0400e28ebd
:1016a8000000e38e231043002338e2005400e7ae25
:1016b8003e00e296010003240800e58ec439627cee
:1016c8001000e4ae52fd00103e00e2a6c418627c91
:1016d8003400adaf3000acaf2c00a9af2800a8afe4
:1016e8003799400f3e00e2a6b080858f640003243e
:1016f800e8030424021865703400ad8f3000ac8f05
:101708002c00a98f2800a88f1b006400f40180001a
:101718001218000021106200acfd00102c00e2ae8f
:101728000400e28e0000e68e233046002130a60039
:101738002b38c300e7fee0502b3062005400e78ee0
:10174800233066001000e3ae2138e6005400e7ae0f
:10175800dffe0010252860000400e28e23286500c3
:101768002138e5002b2862005400e7aee7fea014fc
:101778001000e3aed9fe001025286000ffff042406
:101788005a0044102b2862016800e4965a00a01001
:10179800212082002b2883000700a0546800eaa6b5
:1017a8002b106200040040546800eaa623208b0036
:1017b800ffff8a306800eaa672fd00105c00ebaefd
:1017c8005400e28e98fd0211060002241cfe00104f
:1017d8007600e2a23800abaf3400adaf3000acaf5a
:1017e8002c00a9af3799400f2800a8af7000e396e6
:1017f800b080858fe80304243c00aa8f0218657026
:101808003800ab8f3400ad8f3000ac8f2c00a98f1f
:101818002800a88f1b006400f40180001218000043
:10182800211062007efe00102400e2ae7400e296f1
:10183800080003240001423001fe40107600e3a2b4
:10184800bcfc00107a00e6961400e28effff6625c5
:1018580025384001231082002310c200010004240f
:101868001000a4af2400a6272128a200252080026a
:101878003c00adaf3800acaf3400a9af3000a8af22
:101888002c00abaf5d67400f2800aaaf35fd0010f4
:101898002800aa8f01000224253840012128ab0026
:1018a8001000a2af2400a627252080024000a3af85
:1018b8003c00adaf3800acaf3400a9af3000a8afe2
:1018c8002c00aaaf5d67400f2800abaf4000a38f84
:1018d8003c00ad8f3800ac8f3400a98f3000a88f42
:1018e8002c00aa8f25fd00102800ab8f5c00ebae02
:1018f80024fd00106800eaa62b18830021fd601063
:101908002b208b001ffd80142310620121504201ff
:101918001cfd00106800eaa61afd00105c00e6ae87
:10192800780002925000038e2528a002010042246c
:0c193800ff00423049fb001025a0000019
:020000040000fa
:020000041d00dd
:10194400200900002d2d696e666f00002d2d68653d
:101954006c70000073686f7700000000736574009a
:101964004552524f523a204f6e6c79206f6e65206b
:10197400636f6d6d616e642076657262207065724e
:101984006d697474656420696e2025732e0a0000e5
:101994006163746976650000666c617368000000b9
:1019a400666163746f7279004552524f523a205502
:1019b4006e6b6e6f776e202725732720636f6e66bc
:1019c400696775726174696f6e20272573272069b2
:1019d4006e2025732e0a00004552524f523a204d74
:1019e4007573742073706563696679202773686ff3
:1019f4007727206f7220277365742720696e20254e
:101a0400732e0a002d2d7265706c616365000000f1
:101a14004552524f523a204d75737420737065636a
:101a240069667920736f75726520666f7220272549
:101a3400732720696e2025732e0a00004552524fe9
:101a4400523a20496e76616c696420736f757263d3
:101a540065202725732720666f722027257327208a
:101a6400696e2025732e0a002d2d69702d737472f2
:101a7400000000002d2d67772d73747200000000a4
:101a84002d2d6e6d2d737472000000002009222725
:101a9400000000002d2d74656c6e65742d706f72de
:101aa400740000002d2d6c776461712d706f727459
:101ab400000000004552524f523a204f7074696f33
:101ac4006e202725732720726571756972657320ee
:101ad40076616c756520696e2025732e0a000000fe
:101ae4004552524f523a2056616c75652027257332
:101af4002720696e76616c696420666f7220257395
:101b040020696e2025732e0a000000004552524fb2
:101b1400523a2056616c75652027256c7527206f15
:101b24007574206f662072616e67652028312d36ca
:101b3400353533352920666f7220257320696e2070
:101b440025732e0a000000002d2d74656c6e6574db
:101b54002d74696d656f7574000000002d2d6c7710
:101b64006461712d74696d656f7574002d2d7061dc
:101b74007373776f726400002d2d706572736f6ece
:101b8400000000002d2d74696d657374616d702201
:101b9400270000002d2d6465766963650000000050
:101ba4002d2d7463705f7469636b5f6d7300000047
:101bb4002d2d7365636c6576656c00004552524f3c
:101bc400523a20556e7265636f676e697a65642058
:101bd4006f7074696f6e202725732720696e202526
:101be400732e0a004552524f523a204e6f207665aa
:101bf4007262206f72206f7074696f6e20737065eb
:101c040063696669656420696e2025732e0a000085
:101c14004552524f523a20416363657373206465a1
:101c24006e6965642c206c6f67696e2072657175ce
:101c34006972656420696e2025732e0a0000000015
:101c440025730a00446973706c6179206f72206d8a
:101c54006f646966792045454d20636f6e666967d8
:101c640075726174696f6e207265636f7264732e2e
:101c74000a00000055736167653a0a2020636f6e9d
:101c8400666967205b2d2d696e666f7c2d2d6865f6
:101c94006c705d0a2020636f6e6669672073686fdd
:101ca40077203c6163746976657c666c6173687cdb
:101cb400666163746f72793e0a2020636f6e666991
:101cc4006720736574202d2d6f7074696f6e203cce
:101cd40076616c75653e205b4f5054494f4e535da1
:101ce4000a0a4465736372697074696f6e3a0a20f4
:101cf40020446973706c6179206f72206d6f646920
:101d0400667920456d626564646564204574686520
:101d1400726e6574204d6f64756c65202845454d61
:101d24002920636f6e66696775726174696f6e20ce
:101d34007265636f7264732e205468650a202027cd
:101d440073686f7727206f7065726174696f6e2096
:101d5400616c6c6f777320757320746f2073656c7e
:101d6400656374206f6e65206f66207468652074e7
:101d7400687265652045454d20636f6e66696775b9
:101d8400726174696f6e207265636f7264733a0a6c
:101d9400202027616374697665272c2027666c618f
:101da4007368272c206f722027666163746f7279c1
:101db4002720666f7220646973706c61792e2054d9
:101dc4006865202773657427206f70657261746974
:101dd4006f6e20616c6c6f777320757320746f0a5b
:101de40020206d6f64696679206f72206f7665724a
:101df4002d77726974652074686520636f6e6669f7
:101e04006775726174696f6e2073746f7265642094
:101e1400696e20666c617368206d656d6f72792ed2
:101e2400205769746820272d2d7265706c61636575
:101e3400270a20207765206e616d65202761637411
:101e440069766527206f722027666163746f7279e3
:101e54002720746f206f76657277726974652074b9
:101e6400686520666c61736820636f6e6669677568
:101e7400726174696f6e2e204f74686572202773c7
:101e84006574270a20206f7074696f6e7320616c0b
:101e94006c6f7720757320746f206d6f6469667939
:101ea40020696e646976696475616c206669656c25
:101eb400647320696e2074686520666c61736820a1
:101ec400636f6e66696775726174696f6e2e2053f5
:101ed40065766572616c0a20206669656c6473209e
:101ee40074616b652074686520666f726d206f661f
:101ef4002063686172616374657220737472696ec1
:101f040067732e205468657365206d757374206340
:101f14006f6e7461696e206e6f2073706163657398
:101f2400206f7220746162732e0a2020416e792022
:101f340071756f746174696f6e206d61726b732c4f
:101f4400206569746865722073696e676c65206fbb
:101f54007220646f75626c652c2077696c6c2062ea
:101f64006520696e7465727072657465642061734e
:101f74002064656c696d69746572730a20207261ee
:101f840074686572207468616e206d656d62657237
:101f940073206f662074686520737472696e672e8f
:101fa400205468697320636f6d6d616e642072657f
:101fb40073706563747320746865207365637572e8
:101fc400697479206c6576656c0a20206465636c9d
:101fd4006172656420627920746865206163746944
:101fe400766520636f6e66696775726174696f6e7a
:101ff4002e20496620746865207365637572697460
:1020040079206c6576656c206973203e20302c2025
:1020140074686520636f6d6d616e640a2020776952
:102024006c6c2070726f686962697420626f746886
:10203400202773686f772720616e64202773657487
:10204400272e206f7065726174696f6e7320756ed0
:102054006c65737320746865206368616e6e656c6b
:10206400207374617475732069730a20204c4f4780
:10207400494e5f504153532e20466f722074686559
:102084002054656c6e657420616e64204c57444125
:102094005120706f7274206e756d626572732c209e
:1020a400776520656e74657220612076616c756554
:1020b40020302d36353533352c20666f720a2020ba
:1020c400776869636820302077696c6c2064697371
:1020d40061626c6520746865207365727665722e22
:1020e4000a0a56657262733a0a202073686f772071
:1020f40020202020202020202020202020202020dc
:1021040020446973706c6179206163746976652c0d
:1021140020666c6173682c206f7220666163746f33
:10212400727920636f6e66696775726174696f6e28
:102134002e0a2020736574202020202020202020b7
:10214400202020202020202020204f7665722d770b
:10215400726974652074686520666c6173682063b5
:102164006f6e66696775726174696f6e20726563fc
:102174006f72642e0a0a53656c6563746f72733ae6
:102184000a202061637469766520202020202020a5
:1021940020202020202020202043757272656e7438
:1021a4006c792061637469766520636f6e66696714
:1021b40075726174696f6e2e0a2020666c61736893
:1021c400202020202020202020202020202020200b
:1021d40020436f6e66696775726174696f6e2073f0
:1021e400746f72656420696e20666c617368206d1b
:1021f400656d6f72792e0a2020666163746f72793f
:1022040020202020202020202020202020202046a4
:102214006163746f72792d64656661756c74206393
:102224006f6e66696775726174696f6e2e0a0a4f04
:102234007074696f6e733a0a20202d2d7265706c6c
:10224400616365203c636f6e6669673e20202020d1
:102254004f7665722d777269746520666c61736858
:10226400207769746820616374697665206f7220d1
:10227400666163746f727920636f6e6669677572e5
:102284006174696f6e2e0a20202d2d7365636c6551
:1022940076656c203c307c317c323e2020202053fb
:1022a4006574207365637572697479206c657665ed
:1022b4006c20746f2076616c756520302d322e0a87
:1022c40020202d2d70617373776f7264203c7374ba
:1022d400723e202020202020536574207061737387
:1022e400776f726420746f20737472696e672063f1
:1022f4006f6e7461696e696e67206e6f20776869ae
:10230400746573706163652e0a20202d2d706572cb
:10231400736f6e203c7374723e2020202020202096
:1023240020536574206f70657261746f72206e61e2
:102334006d6520746f20737472696e6720636f6ead
:102344007461696e696e67206e6f20776869746561
:1023540073706163652e0a20202d2d69702d7374ae
:1023640072203c7374723e202020202020202053b1
:10237400657420666c6173682049502061646472de
:1023840065737320746f20782e782e782e782e0a39
:1023940020202d2d67772d737472203c7374723e48
:1023a400202020202020202053657420666c617337
:1023b400682067617465776179206164647265730c
:1023c4007320746f206e657720737472696e672052
:1023d400782e782e782e782e0a20202d2d6e6d2db5
:1023e400737472203c7374723e20202020202020bd
:1023f4002053657420666c617368206e6574776f12
:10240400726b206d61736b20746f206e657720731f
:102414007472696e6720782e782e782e782e0a20b2
:10242400202d2d74696d657374616d70203c737417
:10243400723e20202020205365742074696d6573da
:1024440074616d7020746f20737472696e67206399
:102454006f6e7461696e696e67206e6f207768694c
:1024640074652073706163652e0a20202d2d6465c8
:1024740076696365203c7374723e202020202020fe
:10248400202053657420646576696365206e616df0
:102494006520746f20737472696e6720636f6e7445
:1024a40061696e696e67206e6f2077686974652054
:1024b40073706163652e0a20202d2d74656c6e6522
:1024c400742d706f7274203c706f72743e202053b0
:1024d400657420666c6173682054656c6e65742045
:1024e40073657276657220706f72742c203020745c
:1024f4006f2064697361626c652e0a20202d2d6c37
:10250400776461712d706f7274203c706f72743ec9
:1025140020202053657420666c617368204c5744f6
:1025240041512073657276657220706f72742c202d
:102534003020746f2064697361626c652e0a2020f8
:102544002d2d74656c6e65742d74696d656f75746d
:10255400203c733e202053657420666c61736820b0
:1025640054656c6e65742073657276657220746947
:102574006d656f757420696e207365636f6e647327
:102584002e0a20202d2d6c776461712d74696d6580
:102594006f7574203c733e20202053657420666c54
:1025a400617368204c57444151207365727665729b
:1025b4002074696d656f757420696e207365636f2f
:1025c4006e64732e0a20202d2d7463705f7469630a
:1025d4006b5f6d73203c6d733e2020202053657427
:1025e40020746370207469636b2065786563757407
:1025f400696f6e20706572696f6420696e206d6901
:102604006c6c697365636f6e64732e0a20202d2dc4
:10261400696e666f2020202020202020202020208a
:102624002020202053756d6d617279206f662074af
:1026340068697320636f6d6d616e642c206e6f200a
:102644006368616e676573206d6164652e0a20207e
:102654002d2d68656c702020202020202020202033
:1026640020202020202044657461696c6564206802
:10267400656c7020666f72207468697320636f6d77
:102684006d616e642c206e6f206368616e67657384
:08269400206d6164652e0a004f
:020000040000fa
:020000041d00dd
:10269c00a8ffbd273800b2af0080123c3400b1afa8
:1026ac00e45751262000228e3c00b3af3000b0af6f
:1026bc000200432c5400bfaf5000beaf4c00b7af6c
:1026cc004800b6af4400b5af4000b4af25808000e1
:1026dc001c0060142598c000380083901a006054c8
:1026ec000e00a22c06000324c502a314039d063c75
:1026fc002198f300000060a24c8182935302401495
:10270c00039d053c0080043c2528e00008588424e7
:10271c00dfa6400f6400a7af6a0240146400a78fc5
:10272c004c81829301000324380003a2540240140c
:10273c00010005248f8d400f04000486400000101a
:10274c00251000000e00a22c210240108010050064
:10275c00009d053c7027a5240a28a27c0800a00037
:10276c00000000003028009d7c28009d9029009dd1
:10277c00fc2b009ddc2f009dd82e009dfc26009d7f
:10278c00a827009d4c2a009d102b009ddc2f009d3e
:10279c00482b009ddc2f009d982b009d4c81829333
:1027ac0091024014039d053c3800029204004054f1
:1027bc000080113c2000228e170240140080113c36
:1027cc00e45745267d5c400f644f242602a6400f3b
:1027dc00644f242604000486253040006598400f81
:1027ec00644f25264c818293100240140000000097
:1027fc00251000005400bf8f5000be8f4c00b78fc7
:10280c004800b68f4400b58f4000b48f3c00b38fa6
:10281c003800b28f3400b18f3000b08f0800e00365
:10282c005800bd274c8182934a024014039d053cfd
:10283c0004000486fa8c400f2000052425100000ab
:10284c005400bf8f5000be8f4c00b78f4800b68f1e
:10285c004400b58f4000b48f3c00b38f3800b28f6a
:10286c003400b18f3000b08f0800e0035800bd2752
:10287c0086bf143c0300f1903002858e10000224b8
:10288c00402011004420057c1e008430252085004a
:10289c00300284ae3004858e0009247e0408057c49
:1028ac0025208500300484ae00600424180284ae18
:1028bc00fc000424180484ae20000424380384aee5
:1028cc00340382ae340382ae340382ae340382ae60
:1028dc00340382ae340382ae340382ae2002858e82
:1028ec00040004862004828e4003b07c020006366d
:1028fc000040a5300b80c5000400053604004630ae
:10290c000b80a60008000536080046300b80a60098
:10291c0010000536100046300b80a600200005364e
:10292c00200046300b80a6004000053640004630a3
:10293c000b80a60080004230800005360b80a20080
:10294c002528000210000224380382ae8f8d400f20
:10295c00000000004c818293a6ff4050251000001f
:10296c00039d073c019d043c98aae72425300002f6
:10297c002528200293a1400f34f88424b0ff0010c6
:10298c00251000004c8182930300f0900d0240143e
:10299c000400f19086bf033c3002648c40101000a0
:1029ac001e0042304420047c25104400300262acee
:1029bc003004648c0009027e0408047c2510440059
:1029cc00300462ac20000224340362ac00600224a8
:1029dc00140262acfc000224140462ac3002648c5d
:1029ec0040131100006042304473047c25104400f5
:1029fc00300262ac3004628c7c00243280003132b4
:102a0c008438027c25104400251051001000042449
:102a1c00300462ac340364ac25100000340364aca5
:102a2c00340364ac340364ac340364ac340364ac7e
:102a3c00340364ac380364ac82ff00105400bf8fc5
:102a4c004c818293d8014014039d053c38000292be
:102a5c006f0140502000228eff03622efe014010b9
:102a6c00019d043c4c818293b4014014019d043cb3
:102a7c002110f300019d043c000040a02528e0003b
:102a8c00f8f9842493a1400f6400a7af6400a78fca
:102a9c000080103cf4580226100128260000268ed7
:102aac000400258e0800248e0c00238e1000312685
:102abc00000046ac040045ac080044ac0c0043ac30
:102acc00f6ff2816100042240300e0102528e00031
:102adc00ff2d400ff45804262dab400ff45804265c
:102aec004c81829343ff405025100000019d043c13
:102afc002528600293a1400ffcf9842450ff00109c
:102b0c00251000004c8182937e014054039d053cae
:102b1c000080113c989a400f643b242602a6400f7b
:102b2c00643b242604000486253040006598400f41
:102b3c00643b252642ff0010251000004c81829337
:102b4c0076014014039d063c040004862530600287
:102b5c002528e0006598400f6400a7af6400a78f9c
:102b6c002198f300000060a24c81829321ff405019
:102b7c0025100000019d043c2528e00093a1400f86
:102b8c007cfa84242eff0010251000004c818293c7
:102b9c007f014014039d053c380002920400401450
:102bac000080023c2000228e9c0140140080023cdc
:102bbc00040004260400032401000624643b45247d
:102bcc000f00103c643b43a02781400f404210266d
:102bdc004400400fffff1026fdff00160000000010
:102bec0059a4400f0000000002ff00102510000047
:102bfc000700f3884c8182930300f4900400f3984f
:102c0c00a098137c59014014029c330004000486e4
:102c1c0025306002bd9e400f04000524990060120f
:102c2c0040b814000009827e1e00f7322800a2afc3
:102c3c0025b0000025a8000086bf143c00801e3c77
:102c4c003002828e00601124040012264420027c83
:102c5c001c004234300282ae3004848e10000224f8
:102c6c0003008434300484ae20000424340384ae86
:102c7c0000600424140284aefc000424140484ae0a
:102c8c003002848e4473047c300284ae3004848e13
:102c9c008438047c300484ae340382ae340382aeb8
:102cac00340382ae340382ae340382ae340382ae7c
:102cbc00340382ae380382ae0a000010000000001c
:102ccc003100801410000424380384ae300040140a
:102cdc00000000009b98400f25204002c0004004db
:102cec00ffff02243002848e100002244420047c56
:102cfc001c008434300284ae3004848e030084348f
:102d0c00300484aefc000424180291ae180484ae86
:102d1c0020000424380384ae340382ae340382ae24
:102d2c00340382ae340382ae340382ae340382aefb
:102d3c00340382ae2002858e2004848e4003a27c54
:102d4c00020046340040a5300b10c5000400453489
:102d5c00040086300b10a6000800453408008630ad
:102d6c000b10a60010004534100086300b10a60086
:102d7c002000873020004634400085300b10c700ff
:102d8c00cfffa0108000843010000224380382aee4
:102d9c003002848e2800a38f100002244420047c6f
:102dac0025209700300284ae3004848e643bc62705
:102dbc000408047c25208300300484ae00600424c5
:102dcc00180284aefc000424180484ae20000424f1
:102ddc00380384ae340382ae340382ae340382ae45
:102dec00340382ae340382ae340382ae340382ae3b
:102dfc002002858e2004848e4003a27c020047347e
:102e0c000040a5300b10e500040045340400873069
:102e1c000b10a70008004534080087300b10a700e2
:102e2c0010004534100087300b10a70020004534eb
:102e3c00200087300b10a70040004534400087303d
:102e4c000b10a70080008430800047342128a60294
:102e5c000b10e400100006240100b5260010042419
:102e6c00380386ae8c00a4120000a2a0ffff6226dd
:102e7c008a005650040011260100d62670ffd31686
:102e8c000000000004000296010006241000a52793
:102e9c002000a2a72000a4275a0002242781400f5b
:102eac001000a2a34c81829352fe405025100000ca
:102ebc00039d053c019d043c98aaa52493a1400fb9
:102ecc00dcf884245efe0010251000004c818293f7
:102edc000300f190820040140400f3904090110024
:102eec001e0052320009317e0500001086bf143cd2
:102efc009b98400f0400042639004004ffff022475
:102f0c003002848e100002244420047c2520920080
:102f1c00300284ae3004848e0408047c2520910099
:102f2c00300484ae00600424180284aefc00042437
:102f3c00180484ae20000424380384ae340382ae1b
:102f4c00340382ae340382ae340382ae340382aed9
:102f5c00340382ae340382ae2002858e2004848e2c
:102f6c004003a27c020046340040a5300b10c50083
:102f7c0004004534040086300b10a60008004534cc
:102f8c00080086300b10a600100045341000863067
:102f9c000b10a60020004534200086300b10a60034
:102fac0040004534400086300b10a6008000843071
:102fbc00800045340b10a40010000424380384aea8
:102fcc00cbff6216251000000bfe00105400bf8fc3
:102fdc004c81829324004014039d053cffff022486
:102fec005400bf8f5000be8f4c00b78f4800b68f77
:102ffc004400b58f4000b48f3c00b38f3800b28fc3
:10300c003400b18f3000b08f0800e0035800bd27aa
:10301c0092fe4050ff03622e019d043c93a1400f91
:10302c00a0f9842406fe0010ffff022402a6400f24
:10303c00644f2426019d043c2528400093a1400f99
:10304c0070f98424fefd001025100000019d043c45
:10305c0098aaa524fcf8842493a1400f6400a7af80
:10306c00a8fd00106400a78f019d043c98aaa5241c
:10307c0093a1400facfa8424f1fd0010ffff022451
:10308c00019d043c2528e00093a1400f0cf98424f9
:10309c00a8fd0010380005920400112625202002fe
:1030ac00ffffa6322781400f643bc5279b98400f3a
:1030bc002520200261004004039d063c6eff001099
:1030cc0025a80000019d043c2528e000380000a242
:1030dc0093a1400f2cf9842496fd00103800059222
:1030ec00039d073c019d043c98aae724253060020f
:1030fc002528200293a1400f54f8842478ff001057
:10310c0040901100019d043c98aaa52493a1400f66
:10311c004cfa84247ffe00100080113c019d043c7d
:10312c0098aac6242528600260fa842493a1400f33
:10313c006400a7af84fe00106400a78f25286002ee
:10314c00d4f9842493a1400f6400a7af48fe00106b
:10315c006400a78f019d043c98aaa52493a1400f5d
:10316c0074f88424b3fd001004000486039d073c0e
:10317c00019d043c98aae724253060022528800292
:10318c0093a1400f8cf88424a1fe00100400048647
:10319c00019d043c98aaa52493a1400f80fa842495
:1031ac007efe001038000292019d043c98aaa524d2
:1031bc00bcf9842493a1400f6400a7af23fe001038
:1031cc006400a78f039d073c019d043c98aae7244b
:1031dc00253020022528000293a1400f14f88424e6
:1031ec00edfd001086bf033c019d043c98aaa5246c
:1031fc0093a1400f5cf984246cfd001038000292fe
:10320c00019d043c2528400098aac62493a1400f98
:10321c00d4f784248afd0010ffff02244c81829392
:10322c006fff4050ffff0224019d043c93a1400f0f
:10323c0090fa84246aff0010ffff0224019d043cd5
:10324c0098aac6242528a00293a1400fb4f8842480
:10325c007bfd0010ffff02242528600293a1400f84
:0c326c0020fa842476fd0010ffff0224ed
:020000040000fa
:020000041d00dd
:103278007700839001000224c4016214000000005a
:10328800a8ffbd273c00b3af4c00938c4800b6aff5
:103298003800b2af3000b0af5400bfaf5000beaf7f
:1032a8004c00b7af4400b5af4000b4af3400b1af85
:1032b800258080002590a0001001601225b0c00074
:1032c8002000628e080043300c016014080042346c
:1032d8001000648e0100a330200062ae540060ae7e
:1032e800480060ae6c0060ae600060ae000080ac6c
:1032f8005e0060100c0080a43e00029601000424c9
:10330800fe0052320442827c3e0002a63e00029237
:1033180001000424030042300a0164143e0002a2a2
:103328001c00718e060042320c0023920439037c83
:10333800570040100c0023a2020057325d00e01233
:10334800030042324800048e02040224bf018010a8
:103358001c00a2a7cea4400f000000000c00238e82
:103368000c002492ecff42240019637c01006324c2
:103378000439647cffff42306c0002a60c0024a2d2
:1033880077000492a010027c01000324b501831089
:103398001e00a2a75400028e4600401403004232c9
:1033a800e996400f0000000025a0400065ac400fe2
:1033b8002c00a3afe7ac400f2800a2afe7ac400f4a
:1033c80025a840002c00a38f40291400c23e1400f9
:1033d80025f04000401103002320b4002510e2002e
:1033e8002b38a400232843002328a7008246040082
:1033f80080390400801105002320e4002510020113
:103408002b38e400232845002328a700c0280500fe
:10341800c03804004227040021a0f40025288500b4
:103428002b3887022128a3002128e50082161400e2
:1034380080290500252845002800a68f802605003c
:1034480000c8947e253800002520940082290500b4
:1034580000ac1500e42f400fffffde3325a8be02a5
:1034680021a8a20212000010540015ae1c00718e93
:103478003e0002920c002392030042303e0002a25a
:103488000439037c06004232abff40140c0023a22f
:103498000800038e1000028e120162106a00159651
:1034a800640002963b0140140000000002005732fd
:1034b80003004232a70040100200c23225a80000d3
:1034c80025a000000100d6320d00c012b080838f05
:1034d800780000a24011030023104300801002006e
:1034e800211043006210033cc0100200d34d632436
:1034f800190043001010000082110200500002aeb3
:103508003799400f000000005000048e3e000596d9
:103518005400038e21108200010004244408857c95
:10352800240002ae3e0005a6212074000c00229261
:1035380062000796600006965800058e0418027c03
:103548000c0022a2000027a6020026a6040023ae33
:10355800080025ae0d0032a2100020ae1000423245
:10356800540004ae0a00e012140014240100405074
:10357800080020ae740005960800a630cb00c050a5
:1035880001000324ffff6324040023ae1800142461
:103598000100433204006010010004247400039603
:1035a8008410837c740003a6060040501c00028e21
:1035b80074000296010003240442627c740002a68f
:1035c8001c00028e2000038e2b204300260080540e
:1035d800231062001800048e1400058e2310430087
:1035e8002318850023106200ffff42300e0022a638
:1035f800252020027095400f660002a60c00228e3e
:103608000c002392010004240019427c0500422486
:103618000439437c0c0023a2770002922300445013
:103628004000028e9500a012ffff02243800028e8f
:103638008e004014dc0502243799400f340002ae96
:103648003400038eb080858fe80304240218657067
:103658001b006400f40180001218000021106200b1
:1036680082000010380002aeffff4224ffff423004
:103678000e0022a6252020027095400f660002a6a3
:103688000c00228e0c002392010004240019427cb5
:10369800050042240439437c0c0023a277000292df
:1036a800e0ff4414000000004000028e3200401485
:1036b80000000000deffa0563800028effff022443
:1036c8002000638e5400bf8f5000be8fc418037c47
:1036d800200063ae4c00b78f4800b68f4400b58f0a
:1036e8004000b48f3c00b38f3800b28f3400b18fe4
:1036f8003000b08f0800e0035800bd27689d400fd8
:103708002520000283004010259840002000428cac
:103718004c00048e08004234200062ae6f00801016
:103728007700039201004232f4fe40543e000296b4
:103738003e0002920100042403004230f8fe6410a7
:103748003e0002a20c0002900439027c0c0002a088
:10375800340000005b004054790002923e00159648
:103768000200b5327800a0560100d6325400038e0c
:103778006eff0010252060005295400f25200002a2
:1037880038004010218895021000648e4800038e8e
:103798004400068e0c0082944000058e1c00768e34
:1037a80021108202380066ae3c0065ae400063ae70
:1037b8000c0082a41000c0a6600062900100423094
:1037c80019004014ffff3132252020020006022490
:1037d8001000a6af1400a5afef44400f1800a2a731
:1037e800253000000c0005241000a427f744400fe2
:1037f8001a00a2a727100200ffff463025288002e2
:10380800f744400f2520c002273802000e01a016f9
:10381800ffffe7301000648e10008394c418037c07
:10382800100083a41000c2a68500039286000292ad
:10383800252060022000a727253020020600052445
:103848002100a3a32000a2a32443400f2200a0a389
:10385800000060ae59ac400f252060028f00401474
:103868000000000072ffa0563800028e7700039215
:103878000100022492ff6210ffff02245400bf8f50
:103888005000be8f4c00b78f4800b68f4400b58fec
:103898004000b48f3c00b38f3800b28f3400b18f32
:1038a8003000b08f0800e0035800bd2701008424d1
:1038b800c418657c540004ae740005a634ff0010db
:1038c800180014245400048e25a800000100422486
:1038d800790002a215ff0010ffff832491ff00105a
:1038e8004c0013ae3e00029600014230f0fe40103c
:1038f8000200573264000296eefe40100300423286
:10390800ecfea0120000000001005236e7fe001095
:10391800ff0052325400bf8ffdff02245000be8fbb
:103928004c00b78f4800b68f4400b58f4000b48f65
:103938003c00b38f3800b28f3400b18f3000b08fa5
:103948000800e0035800bd270800c016000000006a
:103958007800029205004010ffff42245000038eb9
:10396800780002a242100300500002ae3799400fbf
:1039780025a800005000048e5400038e21108200f8
:10398800240002aee9fe0010252060000800e003d4
:10399800feff0224d9ac400f0000000005004014cf
:1039a8000800048e6c0002962b18a2020b10a302ca
:1039b80025a840001000028e2b1844005a00601001
:1039c8002538a00264000396232082002ba08300e0
:1039d8000a20740025a080002b20a40270008054c7
:1039e8003e000496ffff95327700059201000424fb
:1039f8002100a4100000000021105400100002aea5
:103a08003e000296000142300700401025b84002ef
:103a18000500741000000000030087120000000079
:103a280001005736ff00f732a0fe80522590e002d1
:103a3800640002960800f236ff0052322310550047
:103a4800640002a69ffe00100200f7325295400f54
:103a58002520000274004050770003923dfe0010bc
:103a68004800048e1c00a38f14002226170023aae6
:103a780048fe0010000043b870004010480060aed7
:103a88001000658e48006426560075a6540075a679
:103a9800500062aed8ff00100000a4ac0500a05290
:103aa800040052323800028e7a004010dc050224ed
:103ab80004005232100040125400bf8f7c00088e60
:103ac8000e000011251000007a00039608006330ec
:103ad8006cff60105000be8f8000078e4800058e76
:103ae8003c0004860800062409f800012800a2af5b
:103af80062ff00102800a28f251000005000be8f22
:103b08004c00b78f4800b68f4400b58f4000b48f83
:103b18003c00b38f3800b28f3400b18f3000b08fc3
:103b28000800e0035800bd270400068e0000088e38
:103b3800640003962328c2002120850023208800e2
:103b48002ba083000a20740025a080002b20a4024b
:103b5800250080543e000496ffff95322b208502f5
:103b6800140080542528a0022320850247008010d5
:103b78000100092477000a92200049110000000082
:103b8800211054002b2046009dff8014100002ae27
:103b98002330c8002310460099ff0010100002ae21
:103ba8000100052425a0a002c439a47c8eff0010c2
:103bb8003e0004a67700099201000424f1ff245571
:103bc800211054002a004010480060ae1000698e91
:103bd80048006426560065a6540065a6500062aeeb
:103be800e7ff0010000024ad0100092425a0a00271
:103bf800c439247dd9ff00103e0004a6210000111d
:103c0800ffff8430600069266e0064a66c0064a61d
:103c1800680068ae480069ae180040101000698e50
:103c2800ebff0010ffffa53001000224a4fe621084
:103c3800fcff022412ff00105400bf8f1000648e96
:103c48006dff0010000080ac1000638e5000658e80
:103c58002530a0021000629425206002080042343a
:103c68005868400f100062a4effe00101000c2a6b2
:103c78001000648ec2ff0010000080acc0ff00106e
:103c8800000020ade4ff0010480060aec9ff00103e
:103c9800ffffa5303799400f340002ae3400058e7f
:103ca800b080838fe8030424021865701b00640049
:103cb800f401800012180000211062007cff00103f
:043cc800380002ae10
:020000040000fa
:020000041d00dd
:103ccc00726561640000000073747265616d2d7221
:103cdc0065616400777269746500000073747265c5
:103cec00616d2d7772697465000000004552524f6a
:103cfc00523a20496e76616c696420616464726525
:103d0c007373202725732720696e2025732e0d0ac7
:103d1c00000000004552524f523a204d75737420ea
:103d2c00737065636966792062757320616363657e
:103d3c007373207479706520696e2025732e0a00c8
:103d4c002d2d7061636b6564000000002d2d646582
:103d5c0063696d616c0000004552524f523a20412c
:103d6c007474656d707420746f207772697465203b
:103d7c003e257520627974657320696e2025732e3b
:103d8c000a0000004552524f523a20416464726559
:103d9c0073732027257527206f7574206f6620722a
:103dac00616e676520696e2025732e0a0000000085
:103dbc004552524f523a20417474656d70742074a0
:103dcc006f2072656164203e25752062797465737d
:103ddc0020696e2025732e0a000000004552524fb8
:103dec00523a204f7074696f6e7320272d2d7061bd
:103dfc00636b65642720616e6420272d2d646563d9
:103e0c00696d616c2720696e636f6d706174696296
:103e1c006c6520696e2025732e0a000030782530e1
:103e2c0032583a20000000002530325800000000c3
:103e3c0025337500200000000a0000005265616403
:103e4c0020616e642077726974652066726f6d20d4
:103e5c007468652065696768742d626974206d509b
:103e6c00434965206275732e0a0000005573616723
:103e7c00653a0a20206d70636965203c7265616447
:103e8c007c73747265616d2d726561643e203c615a
:103e9c006464723e205b6c656e6774685d205b2d9c
:103eac002d646563696d616c7c2d2d7061636b6530
:103ebc00645d205b2d2d696e666f5d205b2d2d681a
:103ecc00656c705d0a20206d70636965203c7772ab
:103edc006974657c73747265616d2d777269746534
:103eec003e203c616464723e205b2d2d696e666fd2
:103efc005d205b2d2d68656c705d203c76616c756a
:103f0c00653e205b76616c75652e2e2e5d0a202039
:103f1c000a53756d6d6172793a0a20205772697473
:103f2c00657320746f20616e642072656164732008
:103f3c0066726f6d20746865206d5043496520650d
:103f4c00696768742d626974206275732e20466fe0
:103f5c007220626f746820616374696f6e732c20b9
:103f6c007765206d7573740a2020737065636966bc
:103f7c007920616e2065696768742d6269742061af
:103f8c0064647265737320276164647227206569a9
:103f9c007468657220617320686578616465636913
:103fac006d616c2077697468206120273078272038
:103fbc00707265666978206f720a202061732064c4
:103fcc006563696d616c2077697468206e6f207011
:103fdc0072656669782e205468652027777269743b
:103fec00652720616e64202773747265616d2d776f
:103ffc007269746527206f7065726174696f6e7376
:10400c002077726974652061730a20206d616e7966
:10401c002076616c75657320617320776520706103
:10402c007373206f6e2074686520636f6d6d616ea5
:10403c0064206c696e652e20546865202777726940
:10404c00746527206f7065726174696f6e2073746c
:10405c00617274732077726974696e670a202061cb
:10406c0074206c6f636174696f6e20276164647275
:10407c002720616e6420696e6372656d656e747362
:10408c0020746865206c6f636174696f6e20616663
:10409c0074657220656163682077726974652e207f
:1040ac005468650a20202773747265616d2d7772d0
:1040bc00697465272077726974657320616c6c2054
:1040cc00627974657320746f207468652073616df8
:1040dc0065206c6f636174696f6e20276164647214
:1040ec00272e2054686520636f6d6d616e6420729d
:1040fc00656164730a202062797465732061732092
:10410c00612073706163652d64656c696d6974659c
:10411c006420737472696e672065697468657220b7
:10412c00696e2068657861646563696d616c206f88
:10413c007220646563696d616c2c206a75737420e0
:10414c00617320666f720a20207468652027616491
:10415c006472272e205468652027726561642720bd
:10416c006f7065726174696f6e2072656164732023
:10417c00276c656e67746827206279746573206696
:10418c00726f6d20636f6e73656375746976650a03
:10419c0020206c6f636174696f6e732c2073746173
:1041ac007274696e67206174206c6f636174696fdf
:1041bc006e202761646472272e2054686520277353
:1041cc00747265616d2d7265616427206f70657204
:1041dc006174696f6e2072656164730a2020276cac
:1041ec00656e677468272062797465732066726fd8
:1041fc006d207468652073616d65206c6f636174ec
:10420c00696f6e202761646472272e2049662077bf
:10421c0065206f6d697420276c656e677468272c38
:10422c002069742064656661756c74730a2020744f
:10423c006f20312e2042792064656661756c742c78
:10424c00207468652072657475726e65642062797d
:10425c007465732077696c6c206265207772697461
:10426c0074656e206173207369787465656e206265
:10427c007974657320746f2061206c696e652c0aeb
:10428c0020206561636820627974652074776f20e3
:10429c0068657861646563696d616c2064696769e0
:1042ac007473207365706172617465642066726fdb
:1042bc006d20697473206e65696768626f72732014
:1042cc00627920612073706163652c20616e640ad1
:1042dc002020776974682065616368206c696e655d
:1042ec00206f66207369787465656e2062797465d9
:1042fc0073207374617274696e67207769746820b7
:10430c00746865206d5043496520616464726573ff
:10431c0073206f66207468652066697273740a2056
:10432c0020627974652c206578707265737365648e
:10433c0020696e2068657861646563696d616c20c5
:10434c007769746820612027307827207072656641
:10435c0069782e20576974682074686520272d2d84
:10436c00646563696d616c27206f7074696f6e2c66
:10437c000a20207468652062797465732072656107
:10438c00642077696c6c2062652065787072657347
:10439c0073656420617320646563696d616c20765c
:1043ac00616c7565732073657061726174656420ee
:1043bc006279207370616365732e2057697468206d
:1043cc007468650a202027636f6d70616374272001
:1043dc006f7074696f6e2c207468652062797465d7
:1043ec00732077696c6c2062652072657475726ecf
:1043fc0065642061732061207061636b6564207358
:10440c007472696e67206f66206865786164656395
:10441c00696d616c0a202062797465732c2065616a
:10442c00636820627974652074776f2064696769aa
:10443c007473206f6e6c792c2077697468206e6fa2
:10444c0020736570617261746f72732c206e6f20b3
:10445c006e65776c696e65732c20616e64206e6f6f
:10446c000a202061646472657373206d61726b65e0
:10447c0072732e0a20200a56657262733a0a202043
:10448c00726561642020202020202020205265614c
:10449c0064206d756c7469706c65206279746573d9
:1044ac002066726f6d20636f6e73656375746976c9
:1044bc0065206d50434965206c6f636174696f6e44
:1044cc00732e0a202073747265616d2d72656164a0
:1044dc00202052656164206d756c7469706c652068
:1044ec0062797465732066726f6d207468652073d1
:1044fc00616d65206d50434965206c6f6361746913
:10450c006f6e2e0a2020777269746520202020207f
:10451c002020205772697465206d756c7469706cfd
:10452c006520627974657320746f20636f6e736598
:10453c00637574697665206d50434965206c6f63b3
:10454c006174696f6e732e0a202073747265616dcd
:10455c002d7772697465205772697465206d756c5e
:10456c007469706c6520627974657320746f207443
:10457c0068652073616d65206d50434965206c6fd3
:10458c00636174696f6e2e0a20200a53656c656333
:10459c00746f72733a0a20206c656e677468202001
:1045ac002020202020546865206e756d6265722075
:1045bc006f6620627974657320746f207265616414
:1045cc002e0a20200a4f7074696f6e733a0a2020ed
:1045dc002d2d646563696d616c2020202044697306
:1045ec00706c6179206279746573207265616420e6
:1045fc00617320706f736974697665206465636993
:10460c006d616c2076616c7565732e0a20202d2de2
:10461c007061636b65642020202020446973706c8a
:10462c0061792062797465732072656164206173ad
:10463c00207061636b65642068657861646563698b
:10464c006d616c2e0a20202d2d696e666f20202046
:10465c0020202020446973706c61792061206f6e7a
:10466c00652d6c696e652073756d6d617279206f47
:10467c006620636f6d6d616e642c206e6f206275a9
:10468c0073206163636573732e0a20202d2d68657a
:10469c006c7020202020202020446973706c61797c
:1046ac0020746869732068656c7020746578742c4c
:1046bc00206e6f20627573206163636573732e0abd
:1046cc00000000004552524f523a204e6f20766542
:1046dc007262206f72206f7074696f6e20737065d8
:1046ec0063696669656420696e2025732e0a000073
:020000040000fa
:020000041d00dd
:1046fc0098ffbd274400b1af0080113c845f222697
:10470c006400bfaf6000beaf5c00b7af5800b6af7f
:10471c005400b5af5000b4af4c00b3af4800b2afcb
:10472c00b30044144000b0af0c81838fffff6224b0
:10473c000200422cae0040103081908fa00000127d
:10474c0001000224b60062101c80928f845f2296b6
:10475c0096014010259000004c00028e3500401050
:10476c00252040004400028e1800428c09f84000bd
:10477c000000000042000296004042302e00401023
:10478c00845f22964400028e1400428c09f840008b
:10479c004c00048e03014004020003242600431441
:1047ac00845f22964400028e5000048edc050324a4
:1047bc004000428c1000a5272000a3af1000a0af32
:1047cc001400a0af1800a0af1c00a0af2400a0af35
:1047dc002800a0af09f840002c00a0af1000a28f59
:1047ec00408005243f0002aa3c0002ba1400a393a7
:1047fc0042000296400003a21500a393410003a2bd
:10480c001800a38f2b180300446b627c420002a695
:10481c002800a38f2000a48fbf3f4230600003a26a
:10482c002400a38f251045005e0004a6610003a29e
:10483c00420002a6845f2296010052262a184202e8
:10484c00c5ff60146c0010260c81848f01000324ba
:10485c00a4008310000000002c81828f5f014010a7
:10486c00000000002481828f06004014000000002c
:10487c002881828f1081838f251043005d004010aa
:10488c006400bf8f2481828f580140140000000007
:10489c002881838f3081908f845f22963f01601036
:1048ac0025900000288180af0d02401025a8000043
:1048bc000d0000100080143c002042300600401017
:1048cc00845f22964400028e3800428c09f8400026
:1048dc005000048e845f22960100b5262a10a20295
:1048ec00c60040106c001026420002964000423078
:1048fc00f9ff4010845f22964400028e5000048e13
:10490c005400428c09f840005a001396e1ac400f59
:10491c00259862025a000496ffff7632271816007b
:10492c00241864005a0003a6e3ac400f2520400075
:10493c004400028e5c0003965000048e5000428ca2
:10494c0025b0c302252860025c0016a609f84000b9
:10495c0016007332d8ff6052420002964400028e59
:10496c005000048e252800003400428c09f84000c9
:10497c0025300000252840000c004010fc5c8426eb
:10498c0053a3400f280050ac4400028e5000048efc
:10499c00252800003400428c09f840002530000026
:1049ac0025284000f6ff4014fc5c84261c81828f75
:1049bc00010042241c8182afbfff0010420002960e
:1049cc000881828f09f840001000a4270900401cc0
:1049dc006400bf8f060040540c8180af1000a48f80
:1049ec00030080500c8180af3726400f0000000080
:1049fc006400bf8f6000be8f5c00b78f5800b68f0d
:104a0c005400b58f5000b48f4c00b38f4800b28f58
:104a1c004400b18f4000b08f0800e0036800bd2750
:104a2c00ffff02244aff4216845f2296039d063c38
:104a3c00e884c624252800008eaa400f0500042413
:104a4c0025804000900152101c8082af709b400f5b
:104a5c000080103c80200200212082006210053c66
:104a6c00e7038424d34da524190085000080123c53
:104a7c0084530326e455522610200000822904009a
:104a8c004021050023208500802004002120850082
:104a9c00c02004001b008200f40140001220000022
:104aac00188184af040000102036047c10006324ad
:104abc00840172104c0182240000628cfcff405077
:104acc00100063240a006284f9ff40501000632434
:104adc002b2844000b10c5000c0062a4f3ff00103f
:104aec000a0062a4b50040103081928f2528400244
:104afc00258000002518000000040924010008246a
:104b0c004200a494000c86301f00c91004386800c1
:104b1c002580070201006324f9ff43146c00a524cf
:104b2c000100032404104300ffff4224a400505052
:104b3c00029d053c845f22960700401425980000d6
:104b4c001d010010029d053c845f22962a10620212
:104b5c00180140106c0052264000428e4040033c2d
:104b6c0024104300f8ff4010010073262528400252
:104b7c000300072404000624007d400f845f2426d4
:104b8c00f2ff0010845f22962036047c98ffc1044b
:104b9c0040008430e0ff805001006324ddff0010f2
:104bac0025800702252800020300072404000624a0
:104bbc00007d400f845f24264200029601000324ee
:104bcc0001005226c47b627c420002a6845f2296be
:104bdc002a184202e0fe60146c0010261bff001025
:104bec000c81848f2881828fa30040100080103ca0
:104bfc00288180af010012240080143c039d023cec
:104c0c003000a2af039d023c0080133c3400a2afe5
:104c1c00039d023c25800000645373260080153ce4
:104c2c003800a2af62a3400ffc5c84261400401035
:104c3c0025f040001400c28fef44400f0c00449448
:104c4c0006080424e40044503000a28f0008042419
:104c5c00ff0044503400a28fffff043406014410bf
:104c6c00010006242520c0039da6400ff3ff052458
:104c7c0062a3400ffc5c8426eeff401425f040003c
:104c8c00e1ac400f000000001800639625204000a6
:104c9c000400037ce3ac400f180063a6845f2296eb
:104cac00160040103081908f25980000420002962b
:104cbc00400042300d004010010073265c0002964b
:104ccc008606433005006050620003922081838f7a
:104cdc0001006324208183af6200039202006430e0
:104cec0024008014252060005c0000a6845f2296be
:104cfc002a106202edff40146c0010265e00405634
:104d0c000080103c0080123c0080103c8453102624
:104d1c00e45552260000028e080003960500401050
:104d2c0010001026030060100000000009f840007d
:104d3c0000000000f8ff12560000028e1081828fd6
:104d4c002cff40106400bf8f0080023c7853428cd3
:104d5c0028ff40100080043c253800000001062488
:104d6c000100052409f840007453842421ff00102d
:104d7c006400bf8f001045340400633000084234d7
:104d8c004408047c620004a20b2843003274400fd8
:104d9c0025200002d5ff00105c0000a6c3ff405484
:104dac0025980000d8ff00100080123c0c81838fe6
:104dbc0001000224a9fe62542c81828f029d053cc5
:104dcc000200022428e6a5242520000073ac400f25
:104ddc000c8182afa1fe00102c81828f669a400f4d
:104dec00000000009ffe001000000000248180af36
:104dfc0065ac400f00000000e996400f2580400094
:104e0c0025204000253000022538000025286000b0
:104e1c0025904000e42f400f259860006210063c5e
:104e2c00d34dc62419000602048182af2538000038
:104e3c00252040022528600210300000e42f400f8e
:104e4c0082310600008182af1881838f1481828f9a
:104e5c002310430037004018148182af2881838fc0
:104e6c003081908f51006014845f22968eff401425
:104e7c00010012240080103c845310260080123c48
:104e8c000080133c25880002e455522605000010d2
:104e9c00645373260c0024a6100031261c00321219
:104eac00000000000000228efcff40501000312654
:104ebc000a002386f8ff60101881848f0c0022965c
:104ecc0023104400ffff42302026027cf1ff801c9f
:104edc0021104300080023960400288e2328330257
:104eec00020063342520200225380000020006242d
:104efc00032905000c0022a6e7ff0011080023a6d9
:104f0c0009f8000110003126e4ff00100000000039
:104f1c00e1ac400f00000000080063962520400023
:104f2c004408037ce3ac400f080063a67aff001032
:104f3c000000028e845f23964d014224148182afbf
:104f4c0028ff60103081908f25900000420002965f
:104f5c00400042300e004010010052264400028ee8
:104f6c002400428c09f840005000048e6200049228
:104f7c0001000524251880004408a37c8410437c80
:104f8c0001008430020044100400437c620003a240
:104f9c00845f22962a184202ecff60146c001026e3
:104fac002881838fb1ff60103081908f3dfe0010ff
:104fbc0001001224029d053cffff02242530000253
:104fcc00e4e5a524252000002ca2400f0c8182af23
:104fdc0088fe00106400bf8f010016241800042402
:104fec000100083c54a557242000c28ff05ca92670
:104ffc002528c00304ac027c251048002000c2af59
:10500c0053a3400f212024012410160205ff401445
:10501c00000000000200e59625801602002905001c
:10502c0021206502080082940400838c0100423424
:10503c00fcfe6010080082a4253800000100062444
:10504c0009f8600002290500f6fe001000000000bf
:10505c005ca55724010002240200e59601000624f9
:10506c000400e88e402005002120850080200400eb
:10507c00ddff001004b046003800a28f64a5572451
:10508c00f5ff001002000224029d053c74e5a524e6
:10509c00050006242ca2400f252000006f75400f40
:1050ac0000000000029d053cffff0624a4e5a5249a
:1050bc00252000002ca2400f0c8190af4dfe00105b
:1050cc006400bf8f1b004400f40180003081908f7e
:1050dc0012100000022044709cfd0010148184af5b
:0850ec00c6fe00100080143c18
:020000040000fa
:020000041d00dd
:1050f40058febd279801b6af8401b1af8001b0afaf
:1051040025b080002580a0001800a427009d113c34
:10511400a401bfafa001beaf9c01b7af9401b5af6e
:105124009001b4af8c01b3afa48b400f8801b2af30
:10513400441925263d8a400f252000024f014010c6
:1051440025804000009d023c3401a2af009d023c3a
:105154003001a2af009d023c3c01a2af009d023c85
:105164003801a2af009d023c4401a2af009d023c65
:105174004801a2af009d023c5801a2af009d023c31
:105184005c01a2af009d023c6001a2af009d023c05
:105194006401a2af009d023c6801a2af009d023ce5
:1051a4006c01a2af009d023c7001a2af009d023cc5
:1051b4007401a2af009d023c7801a2af009d023ca5
:1051c4004001a2af0080023c4c01a2af009d023c12
:1051d4005001a2af029d023c25f000002590000082
:1051e400009d133c009d143c009d153c009d173c04
:1051f4005401a2af48196526dfa6400f25200002fe
:10520400ed004010009d053c50198526dfa6400f97
:1052140025200002f7004010009d053c5819a526e2
:10522400dfa6400f25200002230040106019e52668
:10523400dfa6400f252000024800401400000000b3
:105244004b014016441925263d8a400f25200000b5
:10525400258040001800be27e6ff00160100122436
:105264000080023c0458428c040040102528c003ee
:105274001c10c28ec3005214039d063c1001062468
:105284000180400f10bd043ca401bf8fa001be8f5c
:105294009c01b78f9801b68f9401b58f9001b48f9c
:1052a4008c01b38f8801b28f8401b18f8001b08fdc
:1052b4000800e003a801bd272d0140164419252646
:1052c4003d8a400f252000008f00401025884000b3
:1052d400009d053c9419a524dfa6400f252040001d
:1052e4007a004014009d053c0080023ce4574224af
:1052f400252840002000428c0400401001000224b4
:105304001c10c38e9f006214039d063c1808d0260f
:105314003b61400f25200002009d053c2530000222
:10532400441ca524fc9e400f2520c002a401bf8f6d
:10533400a001be8f9c01b78f9801b68f9401b58fe1
:105344009001b48f8c01b38f8801b28f8401b18f27
:105354008001b08f0800e003a801bd27210140129d
:105364003401a28f25200002dfa6400f081a45242d
:10537400af0040103001a28f25200002dfa6400fad
:105384006c1a4524640040103801a28f25200002c5
:10539400dfa6400f781a4524600040103c01a28f1c
:1053a4004401a28f25200002dfa6400f841a452461
:1053b4005a0040103c01a28f4801a28f2520000210
:1053c400dfa6400f981a4524c40040105801a28f4c
:1053d40025200002dfa6400fa81a4524c000401073
:1053e400441925265c01a28f25200002dfa6400f68
:1053f4004c1b4524e60040106001a28f25200002ca
:10540400dfa6400f601b4524e20040104419252606
:105414006401a28f25200002dfa6400f701b4524e3
:105424000c0140106801a28f25200002dfa6400f66
:105434007c1b45241c0140106c01a28f2520000216
:10544400dfa6400f881b45242a0140107001a28f5b
:1054540025200002dfa6400f981b4524440140107c
:105464007401a28f25200002dfa6400fa41b45244f
:10547400490140107801a28f25200002dfa6400fc9
:10548400b41b452460014014441925263d8a400f6d
:10549400252000000e014010259040000a0006243b
:1054a4002801a527eaa6400f252040002801a38f44
:1054b40000006380490160140300432c48016050dc
:1054c400039d023c2a0000103800a2af9c19a524b9
:1054d400dfa6400f252020020c0040100080023c73
:1054e400009d053ca419a524dfa6400f2520200219
:1054f40094004014029d053c0080023c50c1a52448
:105504007cff0010e45742240080023c1800a527c9
:1055140078ff0010e45742243c01a28f25200000ac
:105524003d8a400f901a4524252040002c01a527d0
:105534000564400f25904000b40040103001a28f54
:1055440025200002dfa6400f6c1a452415004010e8
:105554003801a28f25200002dfa6400f781a4524c7
:105564005800401425284002d3a7400f9900a427cf
:10557400441925263d8a400f2520000036ff0010df
:1055840025804000009d053c68b0c624141ca52459
:10559400fc9e400f2520c0020300022463ff00107c
:1055a4001c10c2ae25284002d3a7400f7a00a427be
:1055b400f0ff0010441925262520c0020400400fe6
:1055c400481ca524a401bf8fa001be8f9c01b78fe6
:1055d4009801b68f9401b58f9001b48f8c01b38f6d
:1055e4008801b28f8401b18f8001b08f0800e0037d
:1055f400a801bd272520c0020400400f781ca52463
:10560400a401bf8fa001be8f9c01b78f9801b68ff4
:105614009401b58f9001b48f8c01b38f8801b28f40
:105624008401b18f8001b08f0800e003a801bd2779
:10563400441925263d8a400f252000007c00401097
:10564400259040004001a28f25204002dfa6400f94
:10565400941945241f0040104c01a28f5001a28fc1
:1056640025204002dfa6400fa419452483004014de
:105674005401a28fbeff001050c15e24039d063c5e
:10568400009d053c2520c00268b0c624fc9e400f46
:10569400e81ba524a401bf8fa001be8f9c01b78f76
:1056a4009801b68f9401b58f9001b48f8c01b38f9c
:1056b4008801b28f8401b18f8001b08f0800e003ac
:1056c400a801bd27d3a7400fb800a427a9ff001045
:1056d40044192526a6ff0010e4575e244419252604
:1056e4003d8a400f25200000790040100a0006245e
:1056f4002801a52725204000eaa6400f7c01a2af7f
:10570400259040002801a28f000042808d004014a3
:105714007c01a38f0100023c2b1042027e0040104a
:105724004801a28f25200002ffff5232dfa6400f5e
:10573400981a45248eff40541601b2a78cff00101e
:105744001801b2a7039d023c68b04224009d053ca9
:105754001000a2af2538200225300002ac19a52480
:10576400fc9e400f2520c002f1fe0010a401bf8f53
:10577400039d063c009d053c68b0c6246419a5241d
:10578400fc9e400f2520c002e9fe0010a401bf8f3b
:10579400441925263d8a400f252000004c00401066
:1057a400259040000a0006242801a527eaa6400ff8
:1057b400252040007c01a2af2801a28f0000428076
:1057c400860040145c01a28f25200002dfa6400f52
:1057d4004c1b45240b0040147c01a28f64ff001075
:1057e4002001a2af039d063c009d053c68b0c62481
:1057f400dc19a524fc9e400f2520c002ccfe00101d
:10580400a401bf8f5aff00101c01a2af039d073ce7
:10581400029d053c68b0e72425304002b0d7a5249a
:10582400fc9e400f2520c002c1fe0010a401bf8fc2
:10583400039d073c009d053c68b0e7242530000229
:10584400141aa524fc9e400f2520c002b8fe0010a7
:10585400a401bf8f3c01a28f252000003d8a400f88
:10586400901a45241a00401025284000d3a7400f61
:105874003c00a4273fff001044192526039d023c49
:1058840068b04224009d053c1000a2af25384002b8
:1058940025300002401aa524fc9e400f2520c0029a
:1058a400a3fe0010a401bf8f3c01a28f252000009d
:1058b4003d8a400f901a45240500401025284000d9
:1058c400d3a7400f5b00a4272aff00104419252604
:1058d400039d073c009d053c68b0e7242530000289
:1058e400b81aa524fc9e400f2520c00290fe00108b
:1058f400a401bf8f441925263d8a400f25200000ae
:10590400f3ff401025284000d3a7400fd700a42759
:1059140018ff001044192526039d023c68b0422458
:10592400009d053c1000a2af25380002253040023e
:10593400101ba524fc9e400f2520c0027cfe0010f5
:10594400a401bf8f039d023c68b04224009d053c26
:105954001000a2af2538000225306000e41aa52407
:10596400fc9e400f2520c00271fe0010a401bf8fd1
:105974003c01a28f252000003d8a400f901a452447
:10598400d3ff401025284000d3a7400ff600a427da
:10599400f8fe001044192526441925263d8a400f97
:1059a40025200000caff4010259040000a0006246c
:1059b4002801a527eaa6400f252040002801a38f2f
:1059c4000000638006006054039d023c04004050c4
:1059d400039d023ce6fe00102001a2af039d023ca1
:1059e40068b04224009d053c1000a2af2538000297
:1059f40025304002e41aa524fc9e400f2520c00255
:105a04004bfe0010a401bf8f039d073c009d053c85
:105a140068b0e72425300002c01ba524fc9e400f7b
:0c5a24002520c00242fe0010a401bf8f2c
:020000040000fa
:020000041d00dd
:105a3000600100a0000800000000000038000080a5
:105a40000400000000000000e45500800002000097
:105a500000000000000000800200000001000000c3
:105a6000010100003c000080010000000000000077
:105a700002000080010000000100000001000000a1
:105a8000400000800400000000000000e457008097
:105a90001001000000000000045a00800001000016
:105aa00000000000240b0080201000000000000017
:105ab000440000800400000000000000441b00803f
:105ac00020100000000000004800008001000000dd
:105ad00000000000a00a00803c000000010000005f
:105ae000d4b1029dffff0000000000001700302e1f
:105af000302e302e300000000000000000000000ba
:105b00000000000000000000000000000000000095
:105b1000000000000000000000000000180b0080e2
:105b20000c00000001000000f4010000d00700009c
:105b30000100000044010080180000000100000086
:105b4000010000000100000000000000281d029d6f
:105b5000145c029d00000200d05f00801000000075
:105b600000000000005e00806c00000000000000eb
:105b70004c0000800800000000000000540000807d
:105b80000400000000000000b85b0080a8000000d6
:105b90000000000058000080040000000000000029
:105ba0006009008040010000010000004074029d77
:105bb00000000000000000000000000000000000e5
:105bc00000000000000000000000000000000000d5
:105bd00000000000000000000000000000000000c5
:105be00000000000000000000000000000000000b5
:105bf00000000000000000000000000000000000a5
:105c00000000000000000000000000000000000094
:105c10000000000000000000000000000000000084
:105c20000000000000000000000000000000000074
:105c30000000000000000000000000000000000064
:105c40000000000000000000000000000000000054
:105c50000000000000000000000000000000000044
:105c60000000000000000000000000000000000034
:105c70000000000000000000000000000000000024
:105c80000000000000000000000000000000000014
:105c90000000000000000000000000000000000004
:105ca00000000000000000000000000000000000f4
:105cb00000000000000000000000000000000000e4
:105cc00000000000000000000000000000000000d4
:105cd00000000000000000000000000000000000c4
:105ce0000000000000000000000000005c000080d8
:105cf0000400000000000000e05f008010000000d1
:105d000000000000600000800e00000000000000a5
:105d1000700000800c000000000000000400008003
:105d20000600000001000000ffffffffffff000072
:105d30006c5e008048000000000000007c000080d5
:105d40000800000000000000385f0080280000000c
:105d5000000000008400008001000000000000003e
:105d60008800008006000000000000009000008015
:105d70001500000000000000a600008004000000e4
:105d800000000000ac0000801c00000000000000cb
:105d9000106000801800000000000000605c0080bf
:105da0009000000000000000c8000080100000000b
:105db00000000000f05f0080100000000000000004
:105dc000d80000800200000000000000dc0000801d
:105dd0000800000000000000286000800c000000a7
:105de00000000000006000801000000000000000c3
:105df000e40000800a00000000000000f0000080c5
:105e00000800000000000000bc5f008014000000db
:105e100000000000f8000080080000000000000002
:105e2000f05c0080900000000000000064530080df
:105e30008002000000000000000100800c00000053
:105e4000000000000c0000800400000001000000c1
:105e5000ffffffffa45f00801800000000000000ab
:105e6000845f008020000000000000000c01008022
:105e70002000000000000000100000800200000070
:105e80000100000001000000045b0080b40000007d
:105e900000000000f85e00804000000000000000ec
:105ea0002c0100801000000000000000644b008006
:105eb0000004000000000000805d00808000000001
:105ec00000000000b45e00804400000000000000fc
:105ed000120000800100000001000000010000002d
:105ee0003c0100800100000000000000642b0080e5
:105ef00000100000000000004001008004000000cd
:105f000000000000f45800801001000000000000b4
:105f1000644f0080ff03000000000000643b00802d
:105f20000010000000000000dc0a00803c000000bf
:105f30000100000094b3029dffff0000000000007c
:105f40005a00302e302e302e3000000000000000ad
:105f50000000000000000000000000000000000041
:105f60000000000000000000000000000000000031
:105f7000400581bf78010000010000000002000020
:105f80003002000030020000300200003002000049
:105f90003002000030020000300200003002000039
:105fa0003002000030020000300200003002000029
:105fb0003002000030020000300200003002000019
:105fc0003002000030020000300200003002000009
:105fd00030020000300200003002000030020000f9
:105fe00030020000300200003002000030020000e9
:105ff00030020000300200003002000030020000d9
:1060000030020000300200003002000030020000c8
:1060100030020000300200003002000030020000b8
:1060200030020000300200003002000030020000a8
:106030003002000030020000300200003002000098
:106040003002000030020000300200003002000088
:106050003002000030020000300200003002000078
:106060003002000030020000300200003002000068
:106070003002000030020000300200003002000058
:106080003002000030020000300200003002000048
:106090003002000030020000300200003002000038
:1060a0003002000030020000300200003002000028
:1060b0003002000030020000300200003002000018
:1060c0003002000030020000300200003002000008
:1060d00030020000300200003002000030020000f8
:1060e00030020000300200003002000030020000e8
:1060f00030020000d80681bf14000000010000003b
:1061000030020000300200003002000030020000c7
:1061100030020000f40681bf4000000001000000d2
:1061200030020000300200003002000030020000a7
:106130003002000030020000300200003002000097
:106140003002000030020000300200003002000087
:106150003002000030020000300200003002000077
:10616000400781bffc000000010000003002000079
:106170003002000030020000300200003002000057
:106180003002000030020000300200003002000047
:106190003002000030020000300200003002000037
:1061a0003002000030020000300200003002000027
:1061b0000802000010020000180200003002000077
:1061c0003002000030020000300200003002000007
:1061d0002002000030020000300200003002000007
:1061e00030020000300200003002000030020000e7
:1061f00030020000300200003002000030020000d7
:1062000030020000300200002802000030020000ce
:1062100030020000300200003002000030020000b6
:1062200030020000300200003002000030020000a6
:106230003002000030020000300200003002000096
:106240003002000030020000300200003002000086
:106250003002000030020000300200003002000076
:106260003002000030020000400881bf0c00000036
:106270000100000030020000300200003002000087
:10628000500881bf0400000001000000300200003f
:10629000580881bf14000000010000003002000017
:1062a0003002000030020000300200003002000026
:1062b000740881bf180000000100000030020000d7
:1062c0003002000030020000300200003002000006
:1062d00030020000940881bf0400000001000000ab
:1062e00030020000140000802400000001000000c3
:1062f000ffffffffffffffff01000000ffffffffa9
:10630000ffffffff01000000ffffffffffffffff98
:106310000100000034600080080000000000000060
:106320005c0100800400000001000000010000008a
:106330003c6000800400000000000000605f0080fe
:106340002400000000000000406000800400000005
:10635000000000000000000066666666666666660d
:020000040000fa
:020000041d00dd
:1063600098fdbd272510a0004402b1af019d113c4e
:106370004802b2af443d25262590800025204000ec
:10638000010002246402bfaf6002beaf5c02b7af7f
:106390005802b6af5402b5af5002b4af4c02b3af1f
:1063a0004002b0af1502a0a31402a0a33d8a400f83
:1063b0001002a2af3701401025804000009d023c32
:1063c0001802a2af009d023c1c02a2af009d023c3d
:1063d0002002a2af009d023c2402a2af009d023c1d
:1063e0003002a2af009d023c3c02a0af25a00000fd
:1063f0002802a0af25a800003402a0af2c02a0af55
:10640000019d163c019d173c3802a2af483dc526b0
:10641000dfa6400f2520000218014010503de52660
:10642000dfa6400f25200002220140101802a28f93
:1064300025200002dfa6400fcc3c452425f040007b
:106440001c02a28f25200002dfa6400fd43c452469
:10645000259840002002a28f25200002dfa6400fd1
:10646000e03c45242700c013000000009c0060169b
:1064700000000000b00040102402a28f252000027e
:10648000dfa6400fe83c4524010003240aa862006f
:1064900001001424443d25263d8a400f252000009c
:1064a000252040001502a527ca8b400f25804000fb
:1064b00026004014443d2526039d073c009d053cd5
:1064c00008b0e72425300002f83ca524fc9e400fcc
:1064d000252040026402bf8f6002be8f5c02b78f2e
:1064e0005802b68f5402b58f5002b48f4c02b38f4e
:1064f0004802b28f4402b18f4002b08f0800e0031f
:106500006802bd276b0040102402a28f25200002e4
:10651000dfa6400fe83c4524660040100000000064
:10652000dbff6012443d25263d8a400f25200000f8
:10653000252040001502a527ca8b400f258040006a
:10654000deff4010039d073c443d25263d8a400f59
:10655000252000002580400001000224abff00162a
:106560002802a2af3402a28f750040102c02a28f25
:1065700064014014039d063c7300a0161002a28f14
:10658000460040102588000086bf1e3c009d103c40
:106590001502a3933002c58f10000224402003008f
:1065a0004420057c1e008430252085003002c4afc5
:1065b0003004c48f0009637c010031260408047c88
:1065c000251864003004c3af006003241802c3af71
:1065d000fc0003241804c3af200003243803c3af16
:1065e0003403c2af3403c2af3403c2af3403c2af0b
:1065f0003403c2af3403c2af3403c2af2002c48f2e
:106600002004c38f4003827c020045340040843064
:106610000b10a40004004434040065300b10850006
:1066200008004434080065300b1085001000443425
:10663000100065300b1085002000443420006530c8
:106640000b10850040004434400065300b1085007d
:1066500080006330800044340b10830025304000fc
:1066600010000324343e0526252040023803c3af22
:10667000fc9e400f1402a2a3050080161002a28ff8
:106680001502a293010042241502a2a31002a28fb8
:106690002b102202bfff40141502a393009d053c5e
:1066a000443ea524fc9e400f252040028aff001096
:1066b0006402bf8f76ff6012010015242402a28fae
:1066c0002520000201001524dfa6400fe83c4524e8
:1066d00070ff4050010014246fff0010443d252638
:1066e000f7ff40102402a28f25200002dfa6400ff2
:1066f000e83c4524f2ff40102402a28f2802a28f1a
:10670000070140103002a28f25200002dfa6400fb3
:106710004c3d4524420040103802a28f2520000243
:10672000dfa6400f583d4524400040142802a28fa8
:1067300085ff00102c02a2af55ff001001001524a8
:106740006200a0121002b08f3c02a28f61ff4010c5
:106750001502a7931000a5272158a20086bf1e3c52
:1067600020000a2400600924fc00082410000224f0
:106770003002c48f401807001e0063304420047ca0
:10678000251864003002c3af3004c68f0009e37cd3
:106790000000a4900408067c251866003004c3afee
:1067a0003403caaf1402c9af1404c8af3002c68f95
:1067b000401b0400006063304473067c25186600ab
:1067c0003002c3af3004c38f7c0086308000843039
:1067d0008438037c25186600251864003004c3af94
:1067e0000100a5243403c2af0100e4243403c2af86
:1067f0003403c2af3403c2af3403c2af3403c2aff9
:106800003403c2af3803c2af01008052ff008730ab
:10681000d7ff65156402bf8f30ff00106002be8f86
:106820002802a28f48ff00103402a2af1002a52751
:106830001c8f400f25200002c1004010039d073c23
:106840008e00a0161402a5271002a28f0102422c6e
:106850003eff4014443d2526039d073c009d053c1a
:1068600008b0e72400020624bc3da524fc9e400f8e
:106870002520400218ff00106402bf8f009d053cd8
:10688000483ea5240400400f2520400212ff0010be
:106890006402bf8f039d063c009d053c08b0c624e2
:1068a000d046a524fc9e400f252040020aff001080
:1068b0006402bf8f009d053c783ea5240400400f74
:1068c0002520400204ff00106402bf8f01ff001268
:1068d000009d023c009d173c86bf1e3c1802a2afe3
:1068e000009d133c009d153c14000010009d113cc0
:1068f000343ea526fc9e400f0100d6262b10d00268
:10690000403e2526550040142520400203008016f5
:106910001502a293010042241502a2a31802a28f1d
:1069200025204002fc9e400f443e45241002a28fc9
:1069300023805000e7fe00121002b0af1502a693ac
:10694000100002241100032e283ee52625204002d7
:10695000fc9e400f0a8043001502a29325b0000060
:106960003002c48f401802001e0063304420047cb3
:10697000251864003002c3af3004c48f0009437c83
:10698000100002240408047c251864003004c3affe
:10699000006003241802c3affc0003241804c3af33
:1069a000200003243803c3af3403c2af3403c2afa3
:1069b0003403c2af3403c2af3403c2af3403c2af37
:1069c0003403c2af2002c48f2004c38f4003827cf3
:1069d00002004534004084300b10a400040044340d
:1069e000040065300b108500080044340800653051
:1069f0000b10850010004434100065300b1085002a
:106a000020004434200065300b10850040004434e1
:106a1000400065300b1085008000633080004434f6
:106a20000b108300100003243803c3af2c02a38f84
:106a3000253040003c3e652625204002acff60101a
:106a40001402a2a3fc9e400f0100d6262b10d002f8
:106a5000403e2526adff401025204002fc9e400f01
:106a600000000000beff80161502a2930100422420
:106a7000ff004230baff00101502a2a3ca8b400fdc
:106a800025200002120040101402a5273c02a28f0c
:106a90001402a4932118a203010042243c02a2afd5
:106aa0000102422ca8fe4014100064a0039d073c84
:106ab000009d053c08b0e72400020624643da5249f
:106ac000fc9e400f2520400283fe00106402bf8f11
:106ad000ca8b400f252000025cff40141002a28fd9
:106ae0001402a693039d073c009d053c08b0e724d3
:106af000903da524fc9e400f2520400276fe00100c
:106b00006402bf8f009d053c08b0c624e83da52463
:106b1000fc9e400f252040026ffe00106402bf8fd4
:106b2000039d063c009d053c08b0c624203da524dd
:106b3000fc9e400f2520400267fe00106402bf8fbc
:106b4000019d053c08b0e72425300002583da524ee
:106b5000fc9e400f252040025ffe00106402bf8fa4
:020000040000fa
:020000041d00dd
:106b6000b8ffbd275c00a28f2800b2af4400bfafc2
:106b70001000a2af2500a22c4000beaf3c00b7af72
:106b80003800b6af3400b5af3000b4af2c00b3afaf
:106b90002400b1af2000b0af060040105800b28f03
:106ba00001000224258080002588a0000500a21491
:106bb0002598c0000080023c160003245a000010f3
:106bc000406043ac3c00028e4c00038e2b18430007
:106bd0002b006010010043243c0003ae00004990ec
:106be00020000224f7ff2211f7ff22250500422c86
:106bf000f4ff4014d5ff22254408027c0b0040140a
:106c000025a000003c00028e4c00038e2d0034397c
:106c10000100942e2b1843001d00601023a01400c7
:106c2000010043243c0003ae000049901c002012e8
:106c30004c00038e10000224850122123000022431
:106c4000029d023c9dc54224211022010000429079
:106c50002b105100550040140a000224040060105b
:106c6000252800003c00028effff42243c0002aebb
:106c7000f5a6400f25200002cfff00100080023c47
:106c80001486400f25200002d5ff00102548400043
:106c90001486400f25200002e4ff00102548400024
:106ca00030000224e6ff22550a0011243c00028e27
:106cb0002b1843002c006010010043243c0003ae5d
:106cc0000000499020002235780003243500431449
:106cd000000000003c00028e4c00038e2b18430085
:106ce00025006010010043243c0003ae00004990e1
:106cf000029d023c9dc542242110220100004290c9
:106d00001000422c2b004054100011244c00028e25
:106d10004b014010253800001b0060123c00028e21
:106d2000feff42243c0002ae2538000025f00000a2
:106d30004400bf8f2518c0032510e0004000be8f1f
:106d40003c00b78f3800b68f3400b58f3000b48f59
:106d50002c00b38f2800b28f2400b18f2000b08f99
:106d60000800e0034800bd271486400f25200002dc
:106d7000d4ff0010254840001486400f2520000253
:106d8000dbff001025484000ffff42243c0002ae1c
:106d900025280000f5a6400f25200002e3ff001083
:106da00025380000830020120a0002247a002212f3
:106db0009919153cffff2726029d133c24a8f100da
:106dc000f500a0169dc5732617000224021022723a
:106dd000029d033c90c563244011427c2110430076
:106de0000000568021106902000057902b10f1021c
:106df000040040100008023c2b10a2026f00405417
:106e00003c00028e2530c002ffff0424ffff052452
:106e10001c00a9afcba3400f1800b5af1800a78f77
:106e20001c00a98f25f000001400a2af25a8600067
:106e300021106902000057902b10f1029e004010b3
:106e40002b10be029d004054029d133c0400d51738
:106e50001400a28f2b10470098004054029d133c51
:106e60003c00028e4c00038e2b1843006000601023
:106e7000010043243c0003ae000049902520e000bf
:106e80002528c0032530c002daa3400f1800a9af9f
:106e90002538e20225f06000e5ff00101800a98ff8
:106ea0004c00038e2b184300360060100100432471
:106eb0003c0003ae000042900a00072402186772eb
:106ec00021386900d0fff32425484000d0ff222557
:106ed0000a00422c030040102b107502f0ff4054b2
:106ee0003c00028e9919153c2538600225f00000ff
:106ef0009a99b536d0ff33250a00622e87004010dc
:106f00002b10d5036c004010ffffa2260600c2170d
:106f10000a0002249999023c9a9942342b10e2000b
:106f2000650040100a0002241900470010b8000054
:106f300012b0000002185e7021b87700ffff032432
:106f40000400e316271013002b1056005b0040547a
:106f5000029d133c3c00028e4c00038e2b18430014
:106f60001000601000000000010043243c0003ae4c
:106f700000004990213876022b40f600ddff00101a
:106f800021f01701252000021486400f1400a9af3c
:106f9000c9ff00101400a98f25980000cbff001036
:106fa0009999b5361486400f25200002f1ff001094
:106fb000254840007fff0010080011244c00038e7c
:106fc0002b18430006006010010043243c0003ae70
:106fd000000049900438d50282ff001025a8f70070
:106fe0001486400f25200002faff001025484000bb
:106ff000252000021486400f1800a7af2548400046
:107000009eff00101800a78f4c00038e2b18430022
:107010005d006010010043243c0003ae0000499075
:107020000210357221a85600211069020000569006
:107030002b10d102050040101c07023cc7714224ee
:107040002b10a202f0ff40543c00028e2538a00213
:1070500025f0000021106902000055902b10b102ac
:10706000150040101900f100122000000900c013a3
:107070001028000019003e02126000002110ac0030
:107080002b104c001068000021104d000b004054e4
:10709000029d133c0210d173ffff032425b0800032
:1070a00021b845003e00e316271015002b104400c0
:1070b0003c0040503c00028e029d133c9dc573264f
:1070c00021483301000022912b1051001400405040
:1070d0004c00028e3c00028e4c00038e2b184300a5
:1070e0003e006010010043243c0003ae00004290cb
:1070f00021106202000042902b105100f5ff401455
:107100000080023c220003241000be8f406043ac8c
:1071100001004232253840020ba002004c00028ed2
:10712000050040101000a28f3c00028effff422499
:107130003c0002ae1000a28f2b10c2033900401495
:107140001000a28f03005e142b10f20036004014d2
:10715000ffff022401004232250040141000a28fdc
:10716000220080160080023c22000324406043acd1
:107170001000a28fffff47262b90f200ffff512443
:10718000ebfe001021f051021486400f2520000272
:10719000a3ff001025484000a3ff001025a8000011
:1071a0003c00028e4c00038e2b1843000700601039
:1071b000010043243c0003ae000049902138b60290
:1071c0002b40f600a3ff001021f017011486400f9a
:1071d00025200002f9ff0010254840001486400fca
:1071e00025200002c3ff0010211062021000a28fb0
:1071f0002b105e00050040141000a28f0900c2177a
:107200002b10470208004010ffff02240080023cc0
:1072100022000324406043ac25384002c4fe001025
:107220001000be8fffff0224c1fe821623401e0005
:10723000233807002b100700bdfe001023f00201c9
:10724000bbfe601625f00000d2fe001025280000cd
:1072500096fe2211029d023c7bfe00109dc5422439
:020000040000fa
:020000041d00dd
:10726000d0ffbd270f0005240c0004242c00bfaf65
:107270002800b4af2400b3af2000b2af1c00b1af00
:107280009ea3400f1800b0af030042303c004010f6
:107290002c00bf8f5cac400f2588000035004018e3
:1072a0002590400004000010009d133c0100312691
:1072b000300051120000000013a4400f25202002ce
:1072c000faff401025a040004200429440004230a6
:1072d000f7ff4050010031262520800276aa400f9a
:1072e0008880908f4018020021186200c0180300a7
:1072f00023186200801803002180030258000392c3
:1073000001006230eaff405001003126560002962b
:10731000feff44240700842c2000801420006330ea
:107320000e00432ce1ff6010801002003c736326c6
:107330000a10627c0800400000000000ac72009d52
:10734000b877009de876009d8474009dc474009d0c
:107350004077009dac75009d0078009dd476009d1f
:10736000d873009d0074009d9076009d0c76009d62
:107370001c75009dcd96400f7c8084872c00bf8fac
:107380002800b48f2400b38f2000b28f1c00b18f6f
:107390001800b08f0800e0033000bd27e1ff601047
:1073a0000e00432c2000038edeff60100e00432ce5
:1073b000ddac400f000000002000038e500004965a
:1073c000231043002b104400270140100100062425
:1073d000d3ff001056000296ddac400f0000000005
:1073e0000800038e1000048e231043002b1044006d
:1073f000afff4054010031260a000224560002a6c5
:10740000253800000900062425288002a332400ff9
:1074100025200002a6ff401001003126ddac400f00
:10742000000000000c0002ae09000524568b400f3e
:10743000252080020800058e1400028e1000048ea4
:107440000c00038e2110450023104400231043003c
:1074500058000492421002003c00432c3c000524da
:107460008410047c0b10a300580004a2ddac400f74
:107470001c0002ae040002ae0b0002248cff0010c0
:10748000560002a6252880021d5c400f2520000220
:107490000a000324b00043100000000084ff4050a5
:1074a0000100312658000392010005240200042443
:1074b000c418a37c7dff4414580003a204000224d6
:1074c000560002a65400029601000724030003247c
:1074d000020042380b38620003000624252880028f
:1074e000a332400f2520000271ff40100100312619
:1074f000ddac400f00000000080002ae02000524d1
:10750000568b400f25208002cf98400f2520000287
:107510000500022466ff0010560002a625288002fe
:107520001d5c400f252000020a00032460ff435425
:1075300001003126ddac400f000000000800038e82
:107540001800048e231043002b104400ed0040145b
:107550000200033c580002920100632420004430e2
:1075600009008010540003ae2000038e01000424a3
:107570004429827c04006014580002a2ddac400f54
:1075800000000000200002ae580002920100032417
:1075900007000524c439627c580002a2568b400fb4
:1075a0002520800242ff0010010031262c00028eaf
:1075b000253000001000a527252080022071400ff3
:1075c0001000a2afba0040101000a527cb7c400fde
:1075d00025208002252880022520000203000724a0
:1075e000a332400f0400062407000224ddac400f44
:1075f000560002a6040002ae05000524568b400f7b
:10760000252080022aff00100100312601000724f6
:107610000900062425288002a332400f25200002fd
:1076200023ff401001003126ddac400f00000000b8
:107630000c0002ae0a000524568b400f2520800264
:107640000800058e1800028e1400048e0c00038eb4
:1076500021104500231044002310430058000492d9
:10766000421002003c00432c3c0005248410047ca2
:107670000b10a300580004a2ddac400f1c0002aeaa
:10768000040002ae0d00022409ff0010560002a6fd
:10769000252880021d5c400f2520000225a0400007
:1076a0000a00022402ff825601003126ddac400fa1
:1076b000000000000800038e1400048e2310430015
:1076c0002b104400700040140c000224f7fe001040
:1076d000560002a6252880020568400f25200002da
:1076e000f3fe001001003126252800000966400f36
:1076f0002520000258000296280000ae030007244f
:10770000f9004230580002a6010006242528800214
:10771000a332400f25200002e5fe40500100312633
:1077200001000524568b400f25208002cf98400f82
:107730002520000203000224dcfe0010560002a6f1
:10774000252880021d5c400f252000020a0003242a
:10775000d7fe4354010031263799400f0000000046
:107760000400038e0000048e231043002b104400fd
:10777000cffe4054010031264c0002960200033c2b
:107780000100632440100200ffff42304100442cfe
:1077900002008014540003ae400002244c0002a6f4
:1077a000580002922000433079ff6050010003240a
:1077b0006eff00102000038ee8a4400f25208002f9
:1077c000bbfe405001003126540002960200032403
:1077d0004700431003000424480044100a00022418
:1077e000560003a64800048eb1fe805001003126e9
:1077f000067e400f01000524adfe00100100312679
:10780000ddac400f000000000400038e2310430095
:107810000a00422ca6fe4054010031265800029274
:107820000200033c01006324200044300900801062
:10783000540003ae2000038e010004244429827cfe
:1078400004006014580002a2ddac400f00000000ec
:10785000200002ae5800029201000324c439627c69
:1078600092fe0010580002a2010005248e95400fe0
:107870002520800258000392560002964429037c7a
:10788000a7fe0010580003a2ddac400f000000006e
:107890000400038e1c00048e231043002b104400b0
:1078a00082fe4050560014a681fe001001003126d1
:1078b000dfac400f000000000400038e520004966d
:1078c000231043002b10440079fe40540100312660
:1078d000252880020568400f252000021000a527fa
:1078e000cb7c400f2520800271fe00100100312664
:1078f00004000224bbff0010560002a6b9ff0010ce
:10790000560002a6ddac400f000000000400038e0c
:107910001c00048e231043002b10440064fe4054ce
:10792000010031260c00022460fe0010560002a661
:020000040000fa
:020000041d00dd
:1079300068ffbd27a400a7af0000c0d41000a28c30
:107940007800beaf1800a0f7000080441800a1d74f
:107950000000e0446400b3af3c0820466000b2afd2
:107960005c00b1af5800b0af7c00bfaf7400b7afe0
:107970007000b6af6c00b5af6800b4af8800b6f762
:107980008000b4f79800a4af2588a0000000b28c56
:107990000400be8c0800b38c4000a2af0800014573
:1079a0000c00b08c040042323900401408005432fc
:1079b0000f00801225b060020a000010200002248f
:1079c0001800a28f1c00a38f2000a2af0080023cf1
:1079d000261043002400a2af2000a1d72d000224ce
:1079e0001800a1f7000002a2ffff76260100142470
:1079f0001c00a28f1800a48f2118140200f0427cf2
:107a0000270080142800a3aff07f033c2500431417
:107a1000f07f053ca400a28fbfff51241a00312e35
:107a20001d002012039d053c039d053ce4afa524e9
:107a3000d3a7400f2800a48f02a6400f25200002e4
:107a40009800a48f1000b2af2538600225280002ec
:107a50007274400f253040007c00bf8f7800be8fcd
:107a60007400b78f7000b68f6c00b58f6800b48f4c
:107a70006400b38f6000b28f5c00b18f5800b08f8c
:107a80008800b6d78000b4d70800e0039800bd276f
:107a9000d4ff00102b000224e5ff0010e8afa5245e
:107aa000f07f053c0100a3242b1843000500605023
:107ab000a400a28f0c0045141800a1d70a00801062
:107ac000a400a28fbfff51241a00312e04002052bf
:107ad000039d053c039d053cd5ff0010ecafa5249c
:107ae000d3ff0010f0afa524039d053c039d023c8d
:107af000320920462c00a2afb8a5b4d41f0004451b
:107b000025a80000a400a48f19aa400f2000a5af4b
:107b10002014027c2000a58f3401c00767000424d4
:107b20002900441425b840000100c05301001e2460
:107b3000fcffa42a030080142a20be022501801421
:107b4000000000002a0000106500172406052046ea
:107b50000100b52602a022461800a1d73c0a204603
:107b6000faff08452c00a38f039d043c251000005c
:107b7000c8a580d40f000010c0a562d4f5ff001086
:107b8000c0a542d4d4fea42a0800805003a52246f2
:107b9000050040141800a1d702a5204601000224c8
:107ba000420820461800a1f703a52246ffffb5268c
:107bb0001800a1d73c0b3446f2ff0d45a400a48f5a
:107bc000d1ff001000000000660004240800e41645
:107bd0000100de270300a10667000424b8a5b4d481
:107be00025a80000020044106600172421f0d503e8
:107bf0001800a0d786a52046252800002000a0f761
:107c00002000a0d74c00a5af4800a2af4186400f8e
:107c1000030336462000a28f0080073c4d0020461b
:107c20003000a2af2400a28f4400a1e786b3204613
:107c30002610e2003400a2af3000a1d70603204690
:107c4000a521400f1000a1f700006d440080073c03
:107c50002610ed002400a2af2c00a28f4c00a58faf
:107c600000000c44c0a540d40100a5242000acaf06
:107c700083b52046e2ffc5174800a28f039d043c50
:107c8000d0a58ed42000a0d782b32e463c042e4629
:107c90005e00114532052e46050014454400a38fb1
:107ca000000080440000e044010064309203244658
:107cb0002c00a38f1800a0d7c0a576d400002e46b4
:107cc00082a53646000004443eb6204652001845c0
:107cd00000006544660007245000e7160100b52641
:107ce0000100de272548a00223183e011800a3af9b
:107cf00025f0800225600000257800001800a38f81
:107d0000060069102568c00310002a8efbff4a2573
:107d10002b50ca0346004055000084440600e0157d
:107d2000100042320400401021680d022e0002248f
:107d30000100de270000a2a121201e02650002240e
:107d40002200e216000080a00300a1062528000002
:107d500023a81500010005244000a28ffeffcc26b9
:107d60000a000b24ffff422421480202000020a148
:107d7000020009248600a016213089018400201dfc
:107d80002b0003242d0009240b1825012528600051
:107d900021180202ffff65a0a400a38ffeff42246a
:107da00021280202bfff71241a00312e450003244e
:107db0000bb871002a38c2030000b7a00300e0101e
:107dc000feffd624d3a7400f00000000030042327c
:107dd0000200032418ff43140000000016ffc01a1d
:107de0000000000002a6400f252000022a185400bf
:107df000710060102530c0022800a48fc9a7400f71
:107e0000300005240cff001025980000007080440d
:107e1000a7ff00100070e04486a520466500e93aff
:107e20002518a0020a180900afff001025486000bd
:107e30005000a2af0000e5444c00acaf030336464f
:107e40004800afaf4400a9af3000adaf2000a4aff1
:107e50004186400f2400a5af4d00204600080a448b
:107e600009000e240a0058290a50d80110004e3289
:107e70002570ca012000a48f2400a58f3000ad8f8b
:107e80004400a98f4800af8f4c00ac8f0b00c01589
:107e90005000a28f67000e2408004e14000000005e
:107ea0001d00200501008e252568c00321c01e028b
:107eb000257080010f00001030001924fbffe055f1
:107ec0002568c003f9ff23052568c00321680d025a
:107ed0002e000e240100de27ffffd6260000aea1f3
:107ee000f1ff001001000f24000019a3ffffce25b1
:107ef00001001827fcffc015ffffc62621680d02f0
:107f00000100c7272168ac0130004a2523b0cc000e
:107f100021f0ec000000aaa100800a3c4c00a2afb6
:107f2000261045013800a4af3c00a2af3800a1d70d
:107f300086b32046060320461000a1f74800aeafe6
:107f40004400afaf3000a9af2000a4afa521400f7f
:107f50002400a5af2c00a28f00000c4400006d444b
:107f60003000a98fc0a540d44800ae8f00800a3ce5
:107f70002520800126284d0183b52046ffff2925b5
:107f80002560c0014c00a28f5cff00104400af8f41
:107f90001a00ab02f4016001ffff4224213002020b
:107fa000ffff29251050000030004a250000caa01c
:107fb00070ff001012a80000211802020000648067
:107fc0002118c20221180302000064a087ff0010dc
:107fd000ffff422403ffa10667000424fafe0010fd
:107fe00066001724d2fe001006001e24d0fe4410a6
:0c7ff00006001e24f4fe001025b840001e
:020000040000fa
:020000041d00dd
:107ffc0028fdbd27c002b4af25a0800024008484d6
:10800c00000206241000a527b002b0afd402bfaf07
:10801c00d002beafcc02b7afc802b6afc402b5af88
:10802c00bc02b3afb802b2af624e400fb402b1aff4
:10803c00258040001000a227211050001000a4271a
:10804c000c00032e8402a2af7c02a4af5700601474
:10805c00251000001000a28fffff44308802a2af51
:10806c001400a28f8c02a2af1800a28f9002a2afb4
:10807c001c00a227ef44400f8002a2af8a02a497f3
:10808c00ef44400f8802a2a79202a49725884000d3
:10809c00ef44400f8a02a2a78e02a4979202a2a7d5
:1080ac00ef44400f030031329002a497ef44400f8d
:1080bc008e02a2a78c02a497ef44400f9002a2a7b5
:1080cc008c02a2a78802a2275402a2af1000a227fa
:1080dc005802a2af7c02a2275c02a2af6002b0a73a
:1080ec00310020166402a0af25900000020003248a
:1080fc00d60043128802a22703000324da0043129d
:10810c00010003243e0143520600429404004294b1
:10811c0025004010ffff53241002b5275c02b68fd8
:10812c001002a0a32580a0020800c88e0400c28ef5
:10813c002548c00225b800001c0002512510000083
:10814c000000439001005e245600601004003ead18
:10815c00c0006430c00005244000851025886000f4
:10816c003c00001223201e015002aa2723185001a4
:10817c002a1071001a0040102558000023582302c1
:10818c0016006014258860012b20910007008014d4
:10819c00251000002110d103040022ad21882302f8
:1081ac00e7ff021521b8f10225100000d402bf8fa1
:1081bc00d002be8fcc02b78fc802b68fc402b58f67
:1081cc00c002b48fbc02b38fb802b28fb402b18fad
:1081dc00b002b08f0800e003d802bd2725886000ec
:1081ec002b209100f1ff80142510000025200002a7
:1081fc00253020022528c003a802a8afa402abafeb
:10820c00d4a6400fa002a9afa002a98f2180110211
:10821c005002aa272110d1032b500a02040022add0
:10822c00a402ab8f05004011a802a88f2e000324d6
:10823c00000003a20100f72601001026d8ff6011f0
:10824c00251820022320020125f04000ceff00104b
:10825c0025886001ccff001025180000001a0300cf
:10826c00d1ff1e11003f6330010046905802a58fcc
:10827c006002a49721186600020042242140a40049
:10828c002b208300040022ad6c02a5afc6ff801426
:10829c007402a8af2110a3007002a2afa6ff0010b9
:1082ac006c02a92707000012000000000400151240
:1082bc002e000224ffff038221006250ffff1026d4
:1082cc00000000a2b8ffe01a5402a28f0000848eb6
:1082dc002528a002f174400f0000509404004010b7
:1082ec00258840002400429417005050000022962c
:1082fc006402b18f060020520800d78e000022962f
:10830c0080004230a9ff4054251000000800d78e91
:10831c000400d08e160040162310f0020400422cec
:10832c00a2ff405425100000040010260400d0ae1b
:10833c003e006012ffff622678ff00102598400077
:10834c00dfff0010fffff7268000423096ff40143d
:10835c006402a28fa6004014000000000800d78e13
:10836c000400d08e6402b1afecff40122310f00277
:10837c000a00422c9402a0af9802a0af8aff4014ce
:10838c009c02a0a70300038a0700028a0800069239
:10839c000000039a090005920400029a0a001e26a6
:1083ac00022403000400deae9402a3af9c02a6a339
:1083bc009d02a5a3ef44400f9802a2af9c02a49784
:1083cc009602a2a7ef44400fa802a2af9802a48f76
:1083dc009c02a2a7ec44400fa402a2af9402a49763
:1083ec009802a2afef44400fa002a2af9402a2a742
:1083fc0023b8fe02a002a68fa402a38f04002012b1
:10840c00a802a58f010004243e00a4100000000067
:10841c002bb8e30265ffe0562510000021f0c303e2
:10842c000400deaec4ff6016ffff62260100522678
:10843c0004000224100042126802a0af5402a28f62
:10844c00020003242dff431603000324080042946a
:10845c0031ff4014ffff53246802a0af01005226e5
:10846c00f7ff00105402a28f0a0042942aff401416
:10847c00ffff53246802a0af6402a28f4bff405051
:10848c00251000002400438c0478037c47ff6050c7
:10849c002510000000004394260045901c00848e9b
:1084ac000442037c80006334000043a40300a0104a
:1084bc002a0040a0010003242a0043a02700439077
:1084cc00050060501800438c2a004390020063346e
:1084dc002a0043a01800438c0400605426008396a5
:1084ec00b0040324180043ac26008396080044ac67
:1084fc000c0044acffff6224260082a62bff001068
:10850c0001000224430045101c000424c1ff445404
:10851c002bb8e30210000224beff62542bb8e30216
:10852c002a00229202004230baff40502bb8e302dc
:10853c0027002492220082962b108200b5ff405017
:10854c002bb8e3021000f72e6c02a0af7002a0afa4
:10855c007402a0af14ffe0167802a0af0d00098ad8
:10856c001100088a1500058a1400228e0a00099a47
:10857c001900038a00210400211044000e00089aff
:10858c002520a0001600039a1200049a030049a8a3
:10859c00000049b8070048a81a0010267802a3afbb
:1085ac00040048b86c02a9af7002a8af7402a4af63
:1085bc000400d0ae0b0044a8080044b80f0043a838
:1085cc000c0043b81800228e2b18c2000400605413
:1085dc00180026ae0300405427002292180026ae45
:1085ec00270022920100422451ff0010270022a2f2
:1085fc0047ff22520800d78eecfe00102510000019
:10860c00c5fe4014ffff53246802a0af94ff001076
:10861c0001005226040002247eff62542bb8e302b0
:10862c0026002492200082962b10820079ff405065
:10863c002bb8e3020400f72edbfee0166c02a0afb1
:10864c000d00028a1000238e1800288e0a00029a50
:10865c0080280400211865000e0010262b28c80065
:10866c006c02a2af0400d0ae0300a014000062acf8
:10867c000300005501008424180026ae0100842458
:08868c002bff0010260024a2c0
:020000040000fa
:020000041d00dd
:1086940068ffbd2700600644006067443000a427db
:1086a4009800acf78400bfaf6000b0af8800b4f7a7
:1086b400a000aef7a800b4d78000beaf7c00b7af6f
:1086c4007800b6af7400b5af7000b4af6c00b3af50
:1086d4006800b2afa88f400f6400b1afa000aed75e
:1086e4002000a42700700644a88f400f0070674440
:1086f40000a0064400a06744a88f400f1000a427e0
:108704003800b08fa000aed7cb03022a050040107a
:108714009800acd72800a68fcb03c22803004014ce
:108724001800a28f0600001021658e4ecb0343284b
:1087340011006014cb0303240100435421658e4ec1
:108744008400bf8f06a020468000be8f7c00b78fb8
:108754007800b68f7400b58f7000b48f6c00b38f3f
:108764006800b28f6400b18f6000b08f8800b4d706
:108774000800e0039800bd273000a88f2000aa8fce
:108784002400a48f3400ac8f19000a012180060252
:1087940023905000127000004000aeaf4000b78f2d
:1087a400107800004400afaf4400a38f1900040107
:1087b400124000001048000019008a011250000005
:1087c40021b00a012b28c8021058000021502b01a7
:1087d4002128aa00190084012158c3022b20630117
:1087e40012600000212885012120a40010680000e7
:1087f4002b50ac0021504d012b188500258880009a
:10880400a500401a21506a004000432a1000a98f95
:108814006d0060101400a88f252020012528000178
:10882400253040025400aaaf5000abafa000aef711
:108834009800acf74c00a9afdaa3400f4800a8afea
:108844004c00a98f4800a88f400006242520200151
:10885400252800012330d20025984000cba3400fe7
:108864004000a3af4000a78f9800acd7a000aed7bc
:108874005000ab8f5400aa8f25484000254060006b
:108884002c00a28f3c00b28f269042021c00a28fc3
:10889400ac00521421f077022b18d30321b0eb0063
:1088a40021b076002b10c7020700401401000524f4
:1088b4000500f654252800002b98d3030300601606
:1088c40021a031012528000021a031012b108902ab
:1088d40021180a0121a0b400211843002b28850285
:1088e40021a8a300252080028098400f2528a002fb
:1088f400ffff5124400006242330d1002520c0036b
:10890400cba3400f2528c002253020022520800259
:108914002528a00225b84000daa3400f259860005e
:10892400253020022520c0032528c00225b8e202f4
:10893400daa3400f25986302251043002b10020090
:10894400400010262510e2022520400006004012b7
:1089540025286002233002002b1806002338130058
:108964002520c0002328e3000000844423301102a2
:108974000000e544c4fbc328ce0060102103a046d8
:10898400c3fb0324cf00c354802d1300ac0040125a
:10899400039d033ce0a562d432102c46ab00004595
:1089a400401d0200039d023ce8a540d4039d023c07
:1089b400f0a554d402632046206320462163004678
:1089c4005fff001002653446c0ff5226c0ff5024ea
:1089d40025980000aaff4012253800004000422ad2
:1089e400500040105800aaaf4000a48f4000152446
:1089f40023a8b202252860012530a0025400a7afa5
:108a04005000a8af4c00a9afa000aef79800acf797
:108a1400daa3400f4800abaf4800ab8f4000a48fef
:108a24002530400225286001cba3400f25b8430020
:108a34005800aa8f252020022530a00225284001b5
:108a44002bb8170025b0600025b8e202daa3400f66
:108a54004800aaaf4800aa8f2558c3022520200247
:108a640025284001253040024000abafcba3400f86
:108a740025b8e20225884000255060004000ab8ff5
:108a84009800acd7a000aed74c00a98f5000a88f97
:108a94007bff00105400a78f2390020205004016ac
:108aa4001000b38f1400a78f2548000074ff001036
:108ab400254000004000422a1f0040101000b48fdf
:108ac4001400b58f400006242330d20025208002f4
:108ad4002528a0024800aaaf4000abafa000aef723
:108ae400daa3400f9800acf725104300253040026c
:108af400252080022528a002cba3400f2b9802003a
:108b040025986202253860002548000025400000b1
:108b14009800acd7a000aed74000ab8f58ff001030
:108b24004800aa8f0100172425580000258800005a
:108b340053ff00102550000001001324daff001039
:108b44002538000023f0f3022b18fe0223b067013e
:108b540023b0c3022b107601010005240600401443
:108b6400253000000400cb562528000003006014c3
:108b74002360290225280000236029022ba82c0247
:108b8400231848012318750023a085012b60940144
:108b94002318660023a86c001200a10623203101cb
:108ba40023f077022b987e0223b0eb0023b0d3028c
:108bb4002b10240123180a0125a0d60321a885001f
:108bc400231862002ba014002b20a4022118660095
:108bd40023a0b402211883002ba8b40223a8750093
:108be4000100522e251095023eff40142510d60395
:108bf400d3fe405021658e4e2520c0038098400f3f
:108c04002528c002ffff512407002106c01f1600bb
:108c140042101e00251062000100de3325105e00a4
:108c240049ff001042981600253020022520c00379
:108c3400daa3400f2528c00243ff001025986000e6
:108c4400039d033c54ff0010d8a562d419006010a2
:108c5400c01f13004220020025206400010042309e
:108c640042981300254082000040023c0600401256
:108c740025485300231008002b1802002320090064
:108c8400254040002348830000008844039d023ca3
:108c94000000e944f0a54cd42100a0460000204681
:108ca4000100224602032c468100204602632c4622
:108cb4002163024ccb8f400f00000000a0fe001087
:108cc4000605204680250200821202002b200400a3
:108cd4002510a20025108200823d02000448137c66
:108ce4002528f3000600401280220200231004000d
:108cf4002b18020023380500252040002328e30018
:108d0400000084440000e544eaff00102103a0466b
:020000040000fa
:020000041d00dd
:108d14002518e0000400c78c0000c68c70ffbd2736
:108d24008000baf70000864400d080440000e74485
:108d340000d0e0441000a28c3c003a464c00b3af93
:108d44004800b2af4400b1af4000b0af6400bfaf61
:108d54006000beaf5c00b7af5800b6af5400b5af0b
:108d64005000b4af7800b8f77000b6f76800b4f7f5
:108d74009000a4af0000b28c0400b18c0800b38c46
:108d84002000a2af080001450c00b08c0400423260
:108d940037004014080057320d00e01225f060023d
:108da40008000010200002240080023c2610470026
:108db4001c00a2af1800a6af1800a68f1c00a78f36
:108dc4002d000224000002a2ffff7e2601001724ca
:108dd400bfff65242548c00000f0e27c2800c014d1
:108de4001a00a52cf07f033c26004314f07f0a3cb4
:108df400212017022000a010039d113c039d053c77
:108e0400d4afa524d3a7400f00000000d8af242678
:108e140002a6400f000000009000a48f1000b2af23
:108e240025386002252800027274400f2530400066
:108e34006400bf8f6000be8f5c00b78f5800b68f90
:108e44005400b58f5000b48f4c00b38f4800b28fdc
:108e54004400b18f4000b08f8000bad77800b8d7f3
:108e64007000b6d76800b4d70800e0039000bd27af
:108e7400d4ff00102b000224e2ff0010d8af2526f7
:108e8400f07f0a3c010043252b18430005006010c5
:108e9400212017020d004a54000086440b00205183
:108ea400000086440700a010039d113c039d053c6f
:108eb400dcafa524d3a7400f00000000d4ff0010ae
:108ec400e0af2426fbff0010e0af2526300002248b
:108ed4000000e744000082a032013a46580003240f
:108ee40078000224039d093c0b10650025a80000ae
:108ef400a900044568a034d500c086440000342a83
:108f0400180009240a48340286a5204600c0e74414
:108f1400010082a0010034252510000003c3364659
:108f24003000a5af2400a2af1800a6af1c00a7af65
:108f34004186400f039d163c820036462400a28fd2
:108f44002800b6af1800a68f010042241c00a78f8a
:108f54003000a58f01c6224680a0c2d60400210697
:108f640082b5224632c53a4603001545039d043caa
:108f7400eaff8216039d043c88a082d482b0224674
:108f84003cc62246a000194532c7224608001e45a9
:108f9400000086440d002046000004440000804484
:108fa400010084300000e04492002446000086441e
:108fb4000200f7260000e744000022461800a0f74c
:108fc4001c00a38f1800a48f0400801400f0667c9a
:108fd400f07f043c87ffc4102120170223100200f5
:108fe400feffc6272400a2af25f0e00225100000f2
:108ff40025a0000025b000002000a38ffbff6424ff
:109004002b20c4031c0080102538c0031800a0d7ef
:109014003c00a5af3800a6af030334462c00a2af32
:109024004186400f3000a7af4d002046000804449d
:109034003000a78f2c00a28f3800a68f75008014f3
:109044003c00a58f7c00c0522ba0140001004224d8
:10905400020034461800a1d72800a38fffffd626ac
:10906400010820461800a0f780a060d42400a38f34
:10907400e1ff761402a520461400801621201e026a
:10908400a600405010004232a300201a01004732cb
:10909400a100e0142e000724000087a021385e0000
:1090a4002138070230000924010089a0010084242a
:1090b400feff8754010089a021f05e002710020002
:1090c4000100de272130460021201e02000080a07e
:1090d4000300a1062510000023a8150001000224a6
:1090e4002000a38fffffc62401000b24ffff71247f
:1090f400213811020000e0a00a000a24010007241c
:109104007400a01621a0c7007200eb102b000324ea
:109114002d0006240b18c20025106000211811022e
:10912400ffff62a0feff31265000072470000224d6
:109134000a384500212811022a88d103030020128d
:109144000000a7a0d3a7400f000000000300423294
:10915400020003240c004314feff91262cff201a66
:109164002520000202a6400f252000022a185700dd
:10917400620060102530200230000524c9a7400f8a
:10918400212017022598000021ff0010252000024d
:10919400060520460100b52600a034460008864492
:1091a4000008e7443c0a2046f9ff0845039d093cb2
:1091b40070a020d5039d093c78a022d50601204645
:1091c400000886440008e7443c0c34464bff124533
:1091d40000c0864482a1204632333a4608000e4538
:1091e40002a524460008864402a522460008e74456
:1091f40042082246000806440008674402a52446a3
:10920400efff0010ffffb5260010804467ff001039
:109214000010e044090080162558c0030700c0125e
:109224002e000924213807020100de27ffffc6248f
:109234000000e9a0010014242558c00321601e0287
:10924400253840000300001030000d24ffffe72400
:1092540001008c25fdffe05400008da121584b0036
:10926400ffffc6240100de270a0087282330c2003e
:1092740021f0c20321580b020200e010570082249f
:10928400300082241100a050000062a12000473465
:109294009fffe7241a00e72c0c00e050000062a1b5
:1092a400252040003c00a5af3800abaf2c00a6af92
:1092b40020aa400f3000a0f73c00a58f3800ab8fe8
:1092c4002c00a68f3000a0d7000062a160ff001020
:1092d400251000001a00aa02f4014001ffff312604
:1092e40021601102ffffe724104800003000292507
:1092f400000089a182ff001012a8000021180202b8
:10930400000064802118820221180302feff64a079
:1093140096ff0010ffff4224100042326bff4050c2
:1093240021201e022e0002240100de2766ff001009
:04933400000082a013
:020000040000fa
:020000041d00dd
:1093380018ffbd27dc00b4afd800b3afd400b2af7c
:10934800d000b1afe400bfafe000b5afcc00b0af24
:10935800259080002588c000b800a5af259800009a
:10936800039d143cb800a58f0000a280e4004010c3
:10937800ffff02249c00a2af1800a227a400a2affe
:10938800800002249800a0afa000a0afa800a2af60
:1093980025800000250003242110b0000000428031
:1093a8000300401000000000fbff4354010010269a
:1093b8000600001225300002a09b400f2520400225
:1093c800b800a28f21105000b800a2afb800b58f26
:1093d800250002240000a382c20062140100b52601
:1093e800b800b5af2b0005242d0006243000032457
:1093f8002000072423000824b800a48f00008280de
:109408001b0045509800a28f2c0049281e002011ef
:1094180000000000180047509800a28f180048501c
:109428009800a28f2a0003241e0043500000228eb9
:10943800bb94400f00000000a000a2afb800a38fab
:1094480000006280d0ff42240a00422c2100401014
:1094580001006324f9ff0010b800a3af01004234f3
:10946800010084249800a2afe3ff0010b800a4af65
:10947800fbff001004004234f9ff001008004234da
:10948800f7ff001010004234f4ff46509800a28ff6
:10949800e5ff43542a0003249800a28ff0ff001030
:1094a8000200423401008424b800a4af040043241d
:1094b8000000428c000023ae06004104a000a2afc9
:1094c8009800a38f23100200a000a2af0100633808
:1094d8009800a3af9800a28f0100433002006010eb
:1094e8004408027c9800a2afb800a28f2e00032483
:1094f800000044800d008314010044249c00a0afa8
:10950800b800a4af010045802a0003242300a31457
:1095180002004224b800a2af0000228e04004324b7
:109528000000428c000023ae9c00a2afc09d400ffb
:10953800b800a427c000a2afb800a28f19aa400f94
:10954800000044806900032477004310c000a58f01
:109558006a0043282f00601063000324be004310f4
:10956800640043281800601025000324cb00431032
:10957800610003244f00435025302002ffff0224de
:10958800b800b5af9800a0afa000a0af9c00a2aff4
:109598001000a0afc900001025380000bb94400f90
:1095a800000000009c00a2afb800a38f00006280fa
:1095b800d0ff42240a00422cdcff40100100632443
:1095c800f9ff0010b800a3af64000324560043104d
:1095d80068004228eaff4010ffff022425302002dd
:1095e80070a1400fb000a42797004010b800a28fc8
:1095f800b000a6279800a52701004324b800a3af10
:10960800000047804c1e400f252040023500001006
:1096180021800202700003246e0043107100432869
:10962800130060106e000324830043106f000324ae
:10963800d3ff4314ffff0224253820022530000001
:10964800995a400fb000a4277f004010b800a28f9d
:10965800b000a6279800a527010042242520400233
:109668006676400fb800a2af1e00001021800202eb
:10967800750003243a004310780003244600431081
:1096880073000324bdff4314800002246e00a2145b
:10969800b800a28f2538000001004224b800a2af0c
:1096a8000000228e04004324000023ae7600001040
:1096b8000000468c70a1400fb000a4276200401043
:1096c800b800a28fb000a6279800a5270100432460
:1096d800b800a3af000047804523400f2520400273
:1096e80021800202218070022a98130277006012fa
:1096f8000080023c4f000324406043acffff13246a
:10970800e400bf8f25106002e000b58fdc00b48f45
:10971800d800b38fd400b28fd000b18fcc00b08ff7
:109728000800e003e800bd272538200201000624d0
:10973800995a400fb000a42743004010b800a28fe8
:10974800b000a6279800a527010042242520400242
:10975800b167400fb800a2afe2ff001021800202fb
:109768002538200225300000995a400fb000a42760
:1097780035004010b800a28fb000a6279800a52792
:109788000100422425204002c183400fb800a2af47
:10979800d4ff001021800202253820022530000065
:1097a800995a400fb000a42727004010b800a28f94
:1097b80001004324b800a3af00004780b000a627eb
:1097c8009800a527fb4b400f25204002c5ff00103d
:1097d800218002022538200225300000f0000524ef
:1097e800995a400fb000a42717004010b800a28f64
:1097f800b400a38f01004224b800a2afb000a28f2a
:1098080025104300edff40147800072402a6400ffe
:10981800b8b184269800a38fa000a78f25304000f8
:109828001000a3afb8b185267274400f25204002fe
:10983800acff00102180020225382002213070027e
:10984800cf79400fb000a427b800a28f01004224ae
:10985800a4ff0010b800a2af80000224faffa214ef
:10986800b800a28f01000724b000a62701004224f7
:10987800b800a2af0000228e040043240000428cee
:10988800000023aeb000a2a39800a527668a400f67
:109898002520400293ff001021800202800002244c
:1098a800e9ffa214b800a28fa000a78f01004224ec
:1098b800b800a2af9800a28f1000a2af039d053c8c
:1098c80001000624d8ff0010c0b1a524a5fe001091
:0498d80025980002cd
:020000040000fa
:020000041d00dd
:1098dc0090ffbd274800b0af0800908c6c00bfaf64
:1098ec006800beaf6400b7af6000b6af5c00b5af48
:1098fc005800b4af5400b3af5000b2af42000012e6
:10990c004c00b1af0400968c4000c05225a0000062
:10991c002800c28e3d00405025a000000c00918c08
:10992c003a00205225a000001000928c3600401204
:10993c000080033c0000878c1400868c0000258e70
:10994c00a45f622401000424a45f67ac040056ac3d
:10995c00080050ac0c0051ac100052ac3800a410f4
:10996c00140046acfeff432625102002ffff052401
:10997c0004000010010006240000448c3100861005
:10998c00ffff6324fcff6514080042242528000017
:10999c0065a7400f252000000080033c29014014de
:1099ac008c5f62ac25300000019d053c6018a5243d
:1099bc002ca2400f2520000001000624019d053c2f
:1099cc00781aa5242ca2400f252000006f75400f9b
:1099dc0025a000006c00bf8f251080026800be8f90
:1099ec006400b78f6000b68f5c00b58f5800b48fe1
:1099fc005400b38f5000b28f4c00b18f4800b08f21
:109a0c000800e0037000bd2725a000006c00bf8f8c
:109a1c00251080026800be8f6400b78f6000b68f7f
:109a2c005c00b58f5800b48f5400b38f5000b28fc8
:109a3c004c00b18f4800b08f0800e0037000bd27c8
:109a4c00251020020400448c0080133c25280000c3
:109a5c003800b3af3400a4af65a7400f845f732602
:109a6c003000a2af42004010080062ae3400a28f5a
:109a7c003000a48f6c0006240000438c0800828cfc
:109a8c002528000209f840000c0063ae2d004010a0
:109a9c00308182af3000b58f253000022528c002fe
:109aac008593400f2520a0020800401425a04000fb
:109abc00019d053c2530a002d018a5242ca2400ff6
:109acc0025200000bdff0010030006243800a38fe2
:109adc00ffff0232040072ae845f62a4ce00001a53
:109aec003081978f25f0c0020400001025a80000db
:109afc006c00f726230015123800de2725300000f5
:109b0c002528e0028345400f2520c003f8ff405470
:109b1c000100b526019d053c0419a5242520000053
:109b2c002ca2400f2530a002019d053c25300002df
:109b3c004819a5242ca2400f252000009fff0010df
:109b4c0004000624c03010002330d0008030060002
:109b5c002330d000019d053c803006009018a524d0
:109b6c002ca2400f2520000094ff001002000624b8
:109b7c003400a28f8cff4050253000008aff00106b
:109b8c000000468c3081978f02006d962560000096
:109b9c002558e0022530a0012550000001004a257f
:109bac004400678d0e000a126c006b2525206001a5
:109bbc00040000102518400101006324f7ff031274
:109bcc006c0084244400858cfcffa75401006324a2
:109bdc000100c624ffffc630f7ff001025604000cf
:109bec00020080512530a001020066a68d00c01431
:109bfc002528e002253800001800a68c0100e72477
:109c0c006c00a5247200c0142a10f000fbff405415
:109c1c001800a68c3800a28f845f42942c8180aff0
:109c2c001800a0af1c00a0af2000a0af2400a0af74
:109c3c00210040102800a0af039d023c78ac4224c8
:109c4c004000a2af019d023c6400f72625f0000005
:109c5c004400a2afffffe7921800a227f4fffea674
:109c6c008038070021a847004000a28f0000aa8e70
:109c7c002520e0020a38477c4400a28f1000aaafce
:109c8c0007000524101a4624b4a8400f3c00aaafc4
:109c9c003800a28f0600e0a23c00aa8f845f429499
:109cac000100de2701004a252a10c2030000aaaedb
:109cbc00e8ff40146c00f7260080043c8002062468
:109ccc0025280000c9a7400f645384243400a28fb8
:109cdc000080033c0080153c0400478c0800468c37
:109cec000c00458c1000448c00004a8cf05cb526ae
:109cfc00bc5f6224108180afbc5f6aac040047accf
:109d0c00080046ac0c0045ac100044ac9000b726e3
:109d1c002520a002ddab400f0c00b526fdfff5168b
:109d2c002520a002180060ae1b00001a3081978f0e
:109d3c0025a80000e892400f2000c48e252040008a
:109d4c004408047c0100032407008310019d053c9a
:109d5c0025304000181aa5242ca2400f2520000005
:109d6c0016ff00100700062425304002252820028b
:109d7c00252060021c0062ae100077ae1536400f35
:109d8c00140075ae2d0040100100b5266c00f726ae
:109d9c00e8ff15163800d6263000a48f1800828ce8
:109dac0009f84000000000000008432c18ff605028
:109dbc006c00bf8f019d053c253040004c1aa5243a
:109dcc002ca2400f2520000011ff00106c00bf8f4b
:109ddc0091ff40103800a28f1800a28c0800c2100e
:109dec002518a0002510e0000100422482ff021279
:109dfc006c0063241800648cfcffc4140100422422
:109e0c00019d053ccc19a5242ca2400f2520000057
:109e1c00eafe0010060006240200669680ffc05081
:109e2c002c8180af019d053c8819a5242ca2400fe4
:109e3c0025200000e1fe001005000624dffe0010c6
:0c9e4c00080006240000028c3400000016
:020000040000fa
:020000041d00dd
:109e5800039d023c4cb243244cb2468c04006394ec
:109e680098ffbd27401002246400bfaf6000b5af63
:109e78005c00b4af5800b3af5400b2af5000b1affc
:109e88004c00b0af4000a6af4400a3a73800a0af75
:109e9800ff0082143c00a0a70080133c60097026d4
:109ea8002000029201004330ef0060142590000268
:109eb80002004230f70040546400bf8f0400b18ca8
:109ec8000c00228ef30040106400bf8f0800b28c93
:109ed800f0004012000000001800428eee004050d2
:109ee800ffff12241c00428eea0040100080043c50
:109ef8003001062425280000c9a7400f70098424d2
:109f0800ffff03240080023c180003ae140003aed8
:109f1800200a4224000055bc0f0000000080023ccb
:109f2800300a4224000055bc0f0000000080023cab
:109f3800400a4224000055bc0f0000000080023c8b
:109f4800500a4224000055bc0f0000000c00248e6b
:109f58000400258e0800228e990006245c0004aeb9
:109f6800940006ae36002496640002ae600005ae8a
:109f78003000258e01008230240005aefcff052448
:109f88000b18a20010002f8e14002e8e18002d8e94
:109f98001c002c8e100000ae220004a6280003ae80
:109fa8000000438e2000049208004a8e0c00498e5f
:109fb8001000488e1400478e1800468e1c00458eef
:109fc80004004b8effff62300421047c0400422c05
:109fd800200004a268000fae6c000eae70000dae3b
:109fe80074000cae2c0003ae30000bae34000aae89
:109ff800380009ae3c0008ae400007ae440006ae8b
:10a0080003004010480005ae040002242c0002a6fc
:10a018002e0002968000442cc20080108000032489
:10a0280088bf123c00205226990004242e0003a663
:10a038004c0012ae00a0400fb00000aea76c400f5d
:10a04800252000029400048eb5a7400fffff1524b9
:10a0580000060524a5ac400f252040024400148ebc
:10a068004800058e0000828e09f840002520000077
:10a078009f005510030005241400838e140002aebf
:10a0880009f8600025200000990055100000000024
:10a098004800038e3c00058e2c00878e08006694cd
:10a0a8000c00648c1400638c1800a6af2000a4afc9
:10a0b8000080063c0f0004241c00a5af2400a4afb8
:10a0c800180002ae2800a3afd809c6241800a52797
:10a0d80009f8e0002520400085004004ffc0053451
:10a0e80089ab400f25204002039d083c252800002d
:10a0f800251000000100072474a408250800062480
:10a1080004184700570063308020020003006010e5
:10a11800010042240a20047d2528a400f9ff4614e2
:10a128000418470088bf123c8dab400f002044261e
:10a138003000052491ab400f00204436020005246e
:10a14800adac400f0020443625280000afac400fce
:10a158000020443695ab400f0020443699ab400fa1
:10a16800002044369dab400f002044363b00228a35
:10a178003c0025923d0024923800229a4000a38f8b
:10a188003400a5a33000a2af690043103500a4a392
:10a198003800a38f6c0043103400a39788bf043c99
:10a1a8003000a527a7a4400f002084242c00059682
:10a1b800039d123c1000b0af78a947260200062480
:10a1c800c46b400f252000022c000396480043145e
:10a1d80078a94726300005961000b0af0100062484
:10a1e800c46b400f25200002300003964000431442
:10a1f80000000000320012963000401603000624ca
:10a208003400129635004016020006246880828fba
:10a2180010000212259000023500401400000000d2
:10a228009400048e2000338e00a0400f2400318e4d
:10a23800b5a7400f9400048e9c0000ae980000aeb5
:10a24800a40000aea00000aea80013aeac0011ae92
:10a25800688090af20000292010003241c0003ae26
:10a268000400627c200002a26400bf8f2510400217
:10a278006000b58f5c00b48f5800b38f5400b28f64
:10a288005000b18f4c00b08f0800e0036800bd2774
:10a298006400bf8fffff1224251040026000b58fb5
:10a2a8005c00b48f5800b38f5400b28f5000b18f48
:10a2b8004c00b08f0800e0036800bd272528400245
:10a2c800575e400f252000020900421600000000da
:10a2d80034001296cdff4012253000002528400298
:10a2e800575e400f60096426c9ff52106880828f4c
:10a2f800eb71400f600964266400bf8fffff1224d2
:10a30800251040026000b58f5c00b48f5800b38ff1
:10a318005400b28f5000b18f4c00b08f0800e0039a
:10a328006800bd270f0042243dff0010f0ff4330b6
:10a338003400a4974400a39796ff83143800a38f92
:10a348009bff00102c0005963c00a29794ff621416
:0ca3580088bf043c96ff00102c00059606
:020000040000fa
:020000041d00dd
:10a36400c0ffbd270f000524020004242400b1af60
:10a374003c00bfaf3800b6af3400b5af3000b4af67
:10a384002c00b3af2800b2af9ea3400f2000b0afa3
:10a3940025884000010042300e0040140080133c28
:10a3a400020031323b0020160080123c3c00bf8f7b
:10a3b4003800b68f3400b58f3000b48f2c00b38fc3
:10a3c4002800b28f2400b18f2000b08f0800e00372
:10a3d4004000bd27040000106c5e732602000624b2
:10a3e4009da6400f25204002efa9400f020004243f
:10a3f400ebff4010259040001800508e04a1400f40
:10a40400252000020000039601000224f3ff6214d9
:10a41400f2ff05240400039606040224f0ff6214ec
:10a42400020006241b00148a2800558e0400768e30
:10a434001800149a2520a00276aa400f1c00b4af7d
:10a444001100038a002102002320820080200400de
:10a45400251060000a20c47e0e00029a1800a52769
:10a46400f174400f1800a2af0500401025b0400061
:10a4740008000626252840009480400f2520a002cd
:10a484000400a28ea30082524200a296d3ff0010c1
:10a49400020005246c5e52261800438e6210023cb2
:10a4a400d34d4224d007632419006200180043ae40
:10a4b40010100000821102005cac400f140042ae88
:10a4c40025a84000b9ff40180400518e140031261d
:10a4d40025a0000013a4400f252080021000308e18
:10a4e4001d000012259840001400428e0800048ebe
:10a4f4003400438e231044002b1043004800405482
:10a504004200769607000010100036260800048edc
:10a514003400438e231044002b1043004000405469
:10a5240042007696ecff248e51a7400ffcff0526cf
:10a53400d37e400f2520c00204000526ffff072418
:10a54400253000006380400f252060021000308e0b
:10a55400eeff00561400428e0000308e1e000052a2
:10a56400ecff228e1400438e0800048e3000428ecd
:10a57400231864002b1062000a004050ecff248e64
:10a5840015000010ecff228e0800048e3000438e6c
:10a59400231044002b1043000f004054ecff228e84
:10a5a400ecff248e51a7400ffcff0526d37e400ffd
:10a5b4002520200204000526fdff07242530000085
:10a5c4006380400f252060020000308eeeff0056ad
:10a5d4001400428eecff228e2000238e2400428c35
:10a5e4002b104300340040502400228e0100942696
:10a5f400b8ffb4163c0031263c00bf8f3800b68f3c
:10a604003400b58f3000b48f2c00b38f2800b28f84
:10a614002400b18f2000b08f0800e0034000bd2764
:10a624001f0000100010d632120004962b10820076
:10a63400190040500000108e3800468e0800058e28
:10a644001400428e02208670231045002b10440013
:10a65400110040540000108e0100052425206002e2
:10a664000300c012000163300b0060500000108e24
:10a674000400078e0400668e148082271400a0afa5
:10a68400f74c400f1000a2af1200029601004224c2
:10a69400120002a60000108eb0ff00520000308e9f
:10a6a400fcff039600026230dfff405442004296f2
:10a6b400ddff001040004296ccff401025b00000a2
:10a6c4000c0000100000000051a7400fecff248e86
:10a6d400fcff072425300000040005266380400f9a
:10a6e400252060022400228e2b10c202c0ff40509d
:10a6f40001009426d37e400f252020020100d62697
:10a7040025804000f0ff4014fcff4524b8ff0010f2
:10a71400010094260010423030ff4014020005244a
:10a724001000c0122520a002060003960100022496
:10a734002aff6214020005241100078a0400a68e71
:10a744003c00a2260e00079a080010261400a2afaf
:10a754001000b0aff74c400f2520a0021fff0010df
:10a764000200052476aa400f0400748e001902002a
:10a77400231062008010020021a082020000848e57
:10a784001800a5279077400f08001626e7ff4050d1
:10a794000600039600004394020063300700601033
:10a7a4002530c0021400872680000524879c400fb2
:10a7b40025204000ddff00100600039625284000f8
:10a7c4009480400f2520a002d8ff001006000396b5
:020000040000fa
:020000041d00dd
:10a7d400c8ffbd27010002242800b6af2400b5af8e
:10a7e4002000b4af1800b2af3400bfaf3000beaf2a
:10a7f4002c00b7af1c00b3af1400b1af1000b0af62
:10a8040025a0a0002590800025a8c0000300a21068
:10a8140025b0e000bb00c01400000000b18e400f62
:10a8240000000000f400401025984000e1ac400f07
:10a8340000000000b4808393b8006014ffff632419
:10a84400e3ac400f25204000c080848f0f008010af
:10a85400d080858f0000a28c060040142580000063
:10a864001300001025b800000a10a27c110040500b
:10a87400c480848f010010262086107c2b180402cb
:10a8840080101000f8ff601425b80002e1ac400ffe
:10a89400ffff1024b480839325204000010063242b
:10a8a400e3ac400fb48083a38a0000103400bf8f50
:10a8b400c480848f880006240800828c09f8400034
:10a8c40001000524c480848fb880859725884000c2
:10a8d4000400828c09f840000100a524c480848f00
:10a8e400b680859725f040000400828c09f840006a
:10a8f4000100a524ab002012c480848faa00c05399
:10a9040025284000a7004010b8808397d080848f0a
:10a91400b68085970100632480b81700212845007c
:10a924002118c30321b89700140022ae1802022490
:10a93400180025ae040023ae3c0030a600003eae55
:10a944006a0022a6e1ac400f0000f1aeb48083930c
:10a954002520400001006324e3ac400fb48083a3ae
:10a96400740023963e0022960000258ef3fd63308a
:10a97400740023a67400248e1400278e6200299686
:10a98400ffff63304450027c01000624000242347d
:10a994000008847c080025ae0c0025ae100025ae0e
:10a9a40000206830ffff0524720029a61c0027ae92
:10a9b400200027ae380020ae340020ae540020ae74
:10a9c4005c0025ae640026a66e0026a6600020a6c4
:10a9d4003e0022a6400020ae790020a2020000150d
:10a9e400770024a2480020ae00406330010060508c
:10a9f400440020aeff00423201000324870020a25d
:10aa040024004312770022a24c0020ae61004014bf
:10aa140000000000740022960408427e2500801283
:10aa2400740022a6620033a63799400f600035a651
:10aa34003e00249601000324240022ae4408647cd2
:10aa44004a0043123e0024a6770022920100032408
:10aa5400370043504000228e0b000324760023a2cb
:10aa64003400bf8f251000023000be8f2c00b78f3a
:10aa74002800b68f2400b58f2000b48f1c00b38f3c
:10aa84001800b28f1400b18f1000b08f0800e003db
:10aa94003800bd27689d400f252020025800401033
:10aaa4004c0022ae740022960408427e28008016d0
:10aab400740022a63e00229601000324620033a6fd
:10aac4000400627c3e0022a6760020a2720033a617
:10aad4003400bf8f251000023000be8f2c00b78fca
:10aae4002800b68f2400b58f2000b48f1c00b38fcc
:10aaf4001800b28f1400b18f1000b08f0800e0036b
:10ab04003800bd27e1ac400f2598c000b480839382
:10ab14004bff601025a80000ffff632425204000a0
:10ab2400e3ac400fb48083a348ff0010c080848f3f
:10ab3400caff40100b000324f997400f2520200280
:10ab4400c5ff400401000324c5ff0010760023a2c2
:10ab5400620033a63799400f600035a63e00239665
:10ab6400240022ae4408437e3e0023a6b7ffc01251
:10ab7400770022920000c38eb5ff605001000324c9
:10ab840001000424ecff4410400023aeb3ff001086
:10ab94000b0003240399400f25202002ccff001052
:10aba400ffff1024252840000c00828c09f8400087
:10abb400ffff1024c480848f0c00828c09f84000ad
:10abc4002528c003c480848f0c00828c09f84000bf
:10abd40025282002e1ac400f00000000b4808393dc
:10abe4002520400001006324e3ac400fb48083a31c
:10abf400b8ff00103400bf8fb5ff0010ffff102412
:08ac040082ff0010770022928c
:020000040000fa
:020000041d00dd
:10ac0c005e008004a880878fe0ffbd271c00bfafcb
:10ac1c002a1087001800b0af530040102518000010
:10ac2c00e1ab400f2580c0004f0040102520a00054
:10ac3c000080a6305400c010847b047c01000524e5
:10ac4c001000832cf100601080200400019d033c57
:10ac5c006cac63240a20647c0800800000000000b7
:10ac6c0038af009d90af009d64af009df0ae009d8d
:10ac7c00acae009d90ae009d84ae009d78ae009d64
:10ac8c0060ae009d54ae009dacac009d40ae009dee
:10ac9c0028ae009d18ae009d00ae009d20af009d1b
:10acac0031000012251800000000038e01006430f2
:10acbc0009008010020064300400058e4000448cb2
:10accc000100a530c418a47c0421a47c8410a47cad
:10acdc00400044ac02006430050080100400643075
:10acec000400048e4000847c440044ac04006430b6
:10acfc0007008010080064300400048e480045945e
:10ad0c008000847c0400857c480045a408006430e5
:10ad1c0007008010100064300400048e4800459435
:10ad2c00c000847c4408857c480045a41000643035
:10ad3c0006008010200063300400048e4000458c17
:10ad4c000001847c8494857c400045ac0600601036
:10ad5c00010003240400048e4000458c4001847cd7
:10ad6c00c49c857c400045ac1c00bf8f2510600046
:10ad7c001800b08f0800e0032000bd272518000044
:10ad8c000800e003251060000040a530acffa014c3
:10ad9c00020005241000852cf3ffa0108020040075
:10adac00019d033cc0ad63240a20647c0800800034
:10adbc0000000000ecaf009dd4af009dbcaf009d27
:10adcc00f0ae009dacae009d90ae009d84ae009d9b
:10addc0078ae009d60ae009d54ae009dacac009d65
:10adec0040ae009d28ae009d18ae009d00ae009dab
:10adfc0020af009d480044942b3010000100032428
:10ae0c000400c47cd8ff0010480044a42b30100070
:10ae1c00440046acd4ff00100100032448004494c5
:10ae2c002b30100001000324444ac47cceff0010d8
:10ae3c00480044a44800449401000324c440047e08
:10ae4c00c9ff0010480044a4630050a0c6ff0010c6
:10ae5c00010003244000448c2b301000010003241b
:10ae6c000484c47cc0ff0010400044ac620050a0bd
:10ae7c00bdff0010010003243d0050a0baff0010dc
:10ae8c0001000324252040005c96400f1000a2af67
:10ae9c001000a28f01000324b3ff0010100050a477
:10aeac004000448c00028530afffa0142518000030
:10aebc002b8010008002847cabff90500100032497
:10aecc00252040005c96400f1000a2af1000a28f0e
:10aedc00010003244000448c8452047ea2ff001025
:10aeec00400044ac4000438c030006320408c37c91
:10aefc004100c010400043ac010004240442837c98
:10af0c00ffff0424400043ac140044ac96ff001037
:10af1c0001000324480044940100062e0100032480
:10af2c008452c47c90ff0010480044a44000478c1d
:10af3c003f0044900100a3380100632c0100062e51
:10af4c000400647c8410c77c400047ac3f0044a0e4
:10af5c0085ff0010010003244000478c3f00449003
:10af6c000100a3380100062e0100632c0421c77ccc
:10af7c008410647c400047ac3f0044a07aff001072
:10af8c00010003244000478c3f0044900100a3388b
:10af9c000100632c0100062e4408647cc418c77c95
:10afac00400047ac3f0044a06fff00100100032499
:10afbc004000448c0100062e010003240421c47cb3
:10afcc0069ff0010400044ac4000448c0100062e88
:10afdc0001000324c418c47c63ff0010400044ac7f
:10afec004000448c0100062e010003248410c47c14
:10affc005dff0010400044ac0442037c400043acb5
:10b00c00140040ac58ff00100100032456ff001040
:04b01c0025180000f3
:020000040000fa
:020000041d00dd
:10b0200088ffbd275c00b0af258080000c008494b1
:10b030007400bfaf7000b5af6c00b4af6800b3afc1
:10b040006400b2af0f0080146000b1af08000224aa
:10b05000080002ae11808293ba0040540000058eb1
:10b060007400bf8f7000b58f6c00b48f6800b38f11
:10b070006400b28f6000b18f5c00b08f0800e00305
:10b080007800bd270800028e0900432c9100601053
:10b0900080180200019d023ca8b042240a10437ca3
:10b0a000080040002588a000ccb0009d0cb1009d98
:10b0b0008cb1009dccb1009dd4b2009d40b2009dea
:10b0c00098b2009db4b2009d54b0009d0080023c37
:10b0d0004da9400fd45f448c870040040200032434
:10b0e000a200431012808293deff40107400bf8fd5
:10b0f000039d053c019d043cc4aca52493a1400fd5
:10b1000018388424d6ff0010128080a313a4400fa7
:10b1100025200000f9a1400f25204000d1ff40105c
:10b120007400bf8f0e001126eb9d400f25202002da
:10b130000000058e019d043c2530200293a1400fa4
:10b140003c3884244c808293060040140200022480
:10b150006f72400f00000000010002244c8082a3a7
:10b1600002000224080002ae7400bf8f7000b58f89
:10b170006c00b48f6800b38f6400b28f6000b18f31
:10b180005c00b08f0800e0037800bd272528800010
:10b19000253000002b6b400f01000424ffff032427
:10b1a000040002a60e0006260c0007965f0043105e
:10b1b0000000058e019d043c93a1400f8c3884242f
:10b1c00003000224a6ff0010080002ae9c9f400f5f
:10b1d00004000486a3ff40107400bf8f040004869f
:10b1e000b366400f1800a5275b0040500000058e95
:10b1f0001c00b2931d00b3931e00b4933799400f07
:10b200001f00b5930000058e019d043c340002ae82
:10b21000253860021400b5af1000b4af25304002ed
:10b2200093a1400fbc38842409f820022520000295
:10b23000120040040500022489ff0010080002ae3d
:10b240009c9f400f040004860d0040500000058eb6
:10b2500071a3400f04000486090040540000058ecd
:10b260003000028e550040140000000009f8200252
:10b27000252000027bff41047400bf8f0000058e73
:10b28000019d043c93a1400f103984240600022440
:10b2900073ff0010080002ae078b400f0400048605
:10b2a000ffff0224040002a602000224aeff0010e9
:10b2b000080002ae13a4400f25200000e1a9400fb2
:10b2c0002520400066ff4054080000ae65ff0010d6
:10b2d0007400bf8f1080829362ff40107400bf8f94
:10b2e0000000058e019d043c93a1400f6839842421
:10b2f0005bff0010108080a3128082930300401433
:10b300000700022456ff0010080002ae039d053c12
:10b31000019d043cc4aca52493a1400fa83784240c
:10b32000070002244eff0010080002ae019d043cfd
:10b3300093a1400f603884240700022448ff0010c6
:10b34000080002ae019d043c93a1400f50398424b3
:10b3500043ff0010118080a3019d043c93a1400f86
:10b36000e4388424b0ff00100000000013a4400f54
:10b37000252000002588400090a8400f252040008f
:10b38000252020025fac400f259040000000118e68
:10b39000df76400f25204000019d043c2538400009
:10b3a000253040022528200293a1400fdc37842459
:10b3b000010002242aff0010080002ae2f98400f5f
:10b3c0000400048605004010000000003799400f7b
:10b3d00000000000a5ff0010340002ae3799400fb6
:10b3e000000000003000058e3400048e4019050076
:10b3f00023186500801803002118650023104400fd
:10b40000c01803002b18620098ff6010019d043cd7
:10b410000000058e93a1400f2c39842406000224dd
:08b4200092ff0010080002aecb
:020000040000fa
:020000041d00dd
:10b42800b0ffbd270000a2943000b2af0400928c98
:10b438004000b6af3800b4af3400b3af2c00b1afa2
:10b448004c00bfaf4800beaf4400b7af3c00b5af3b
:10b458002800b0afc439027c240096842588a00057
:10b46800259880000000a2a42900b0905d00401239
:10b478001c00b48cf89a400f252040029b00401015
:10b48800f9ff03240100062425282002a884400f80
:10b498002520400295004010f9ff0324c5008012c2
:10b4a80029002292cf0002521c00228e040010268e
:10b4b800808010000a80907ec50000161000b0af92
:10b4c800b781400f2520c002ae0040102530000093
:10b4d800252800007d8b400f2520c002b196400f23
:10b4e8002520c002a7004010258040001c00278ea0
:10b4f80025300000010005240400e724f94a400f24
:10b508002520c002290022921c00238e1800658e77
:10b5180004004224801002000a10627c2000a62742
:10b528002520c002b3a6400f2000a2af3500052495
:10b53800b59c400f2520c002e7ac400f000000007a
:10b54800ffff423025204000ef44400f240022a690
:10b5580000010424ef44400f1000a2a701000424b6
:10b56800ef44400f1200a2a71000a38f1400a2a757
:10b578001600a0a71800a0af1400a28f030003aa0a
:10b58800000003ba070002aa040002ba0b0000aace
:10b59800080000ba2000328e0c0004260d00032695
:10b5a8002528400201005226ffff42925c0040100d
:10b5b8002e0006242f000824740046102c000724af
:10b5c800570048103e000624040047502310450247
:10b5d800f5ff465401005226231045025200001080
:10b5e800ffff52240800848c040006241000a527bd
:10b5f8001000a0af1400a0af1800a0af087a400f49
:10b608001c00a0af1c00248e04000624087a400ffa
:10b618001000a527dbac400f259000002520400036
:10b6280004000624087a400f1000a5275cac400fe0
:10b63800000000000500401c25a840000c00001078
:10b648001000b2270a00b2521000b22713a4400f0c
:10b65800252040022520400004000624087a400fd7
:10b668001000a527f7ff4014010052261000b2274a
:10b678002000a4272510400225f000000000438c7c
:10b68800040042242b180300fcff821421f0c3039a
:10b6980025a800000000578e040052260d00e01275
:10b6a8002520e002f89a400f00000000ffffc6279f
:10b6b8002630d5000100c62c2528200205004010a0
:10b6c8002520e002a884400f0000000073ff40140a
:10b6d800000000000100b52604000224eeffa25677
:10b6e8000000578e1c0020aef9ff03244c00bf8fca
:10b6f800251060004800be8f4400b78f4000b68f09
:10b708003c00b58f3800b48f3400b38f3000b28f4f
:10b718002c00b18f2800b08f0800e0035000bd272f
:10b7280023904502ffff5226000092a025304002d8
:10b73800d4a6400f2520600021905200000040a2ae
:10b74800010040a2280023920500422623805000d1
:10b75800ffff103201000224020043a2253000003e
:10b76800252800022520c002030040a27d8b400f3f
:10b77800040042a29438400f2520c002dbff50107d
:10b7880001000324d9ff0010f6ff03242398450283
:10b79800ffff7326000093a025306002d4a6400f57
:10b7a8002520600021205300252840027dff00103d
:10b7b8000100832442ff02121c00348e040010266c
:10b7c800808010000a80907e3dff00121000b0af0c
:10b7d8001000a527cb7c400f2520800238ff0010e1
:10b7e8000000000032ff54540400102634ff0010fb
:04b7f800000000004d
:020000040000fa
:020000041d00dd
:10b7fc00a0ffbd275c00bfaf5800beaf5400b7af71
:10b80c005000b6af4c00b5af4800b4af4400b3af76
:10b81c004000b2af3c00b1af3800b0af0000a28026
:10b82c006e00401025b08000040000100a000324b4
:10b83c000000a2806a00401025a00000fcff4354c9
:10b84c000100a524029d033c1800a3af029d033cfc
:10b85c001c00a3af029d033c2000a3af029d033c40
:10b86c002400a3af029d033c2800a3af029d033c20
:10b87c002c00a3af0100a280029d033c3000a3afbb
:10b88c00029d033c0100b12425a00000029d173c41
:10b89c003400a3af029d1e3c510040100a00052449
:10b8ac0029a5400f2520200265004010259040005e
:10b8bc00233051023a000524bca2400f252020025f
:10b8cc00690040105c00bf8f010043242b187200ec
:10b8dc009200601020000324010044808f00831428
:10b8ec002398510002005024253060027851e5263f
:10b8fc00252020025ea1400f23a8500248004010d2
:10b90c001800a28f25306002252020025ea1400f76
:10b91c0088514524610040101c00a28f2530600224
:10b92c00252020025ea1400f985145246300401051
:10b93c002000a28f25306002252020025ea1400f3e
:10b94c00a4514524650040102400a28f25306002cc
:10b95c00252020025ea1400fb05145246700401005
:10b96c002800a28f25306002252020025ea1400f06
:10b97c00c4514524770040102c00a28f2530600262
:10b98c00252020025ea1400fd051452479004010a3
:10b99c003000a28f25306002252020025ea1400fce
:10b9ac00d85145247a0040103400a28f2530600213
:10b9bc00252020025ea1400fe85145247b00401059
:10b9cc000a000624000042820a000324110043509e
:10b9dc0001004282b0ff00102588400225a0000023
:10b9ec005c00bf8f251080025800be8f5400b78fab
:10b9fc005000b68f4c00b58f4800b48f4400b38f05
:10ba0c004000b28f3c00b18f3800b08f0800e003cb
:10ba1c006000bd27010052269fff001025884002c0
:10ba2c001000b0af2538a0028051c6271f00052496
:10ba3c00b4a8400f6200c426e2ff00100100942657
:10ba4c0002a6400f25202002219022022330510211
:10ba5c003a000524bca2400f252020029bff401475
:10ba6c00010043245c00bf8ffeff142425108002cc
:10ba7c005800be8f5400b78f5000b68f4c00b58f56
:10ba8c004800b48f4400b38f4000b28f3c00b18f9c
:10ba9c003800b08f0800e0036000bd271000b0af85
:10baac002538a0028051c6271f000524b4a8400fda
:10babc008100c426c3ff0010010094261000b0af13
:10bacc002538a0028051c6271f000524b4a8400fba
:10badc00a000c426bbff0010010094261000b0afdc
:10baec002538a0028051c6271f000524b4a8400f9a
:10bafc004300c426b3ff0010010094261000b0af21
:10bb0c002538a0028051c6271f000524b4a8400f79
:10bb1c00bf00c426abff0010010094265c00bf8f51
:10bb2c00fdff1424251080025800be8f5400b78fdf
:10bb3c005000b68f4c00b58f4800b48f4400b38fc3
:10bb4c004000b28f3c00b18f3800b08f0800e0038a
:10bb5c006000bd271000b0af2538a0028051c62769
:10bb6c001f000524b4a8400f2400c42695ff001024
:10bb7c00010094260a00062425280000eaa6400f9e
:10bb8c0025200002fe00c2a68eff001001009426a4
:10bb9c000a00062425280000eaa6400f25200002f2
:10bbac002000c2ae87ff001001009426252800005b
:10bbbc00eaa6400f252000020401c2ae81ff00104e
:04bbcc0001009426ba
:020000040000fa
:020000041d00dd
:10bbd0001800838cb8ffbd27030002244400bfafc8
:10bbe0004000beaf3c00b7af3800b6af3400b5afd1
:10bbf0003000b4af2c00b3af2800b2af2400b1af17
:10bc00008d0062102000b0af0080133c6c5e752682
:10bc10000c00b18e7b002016259080006b00a010d8
:10bc200025b8a0000400a2900400b08e00009494f7
:10bc3000080000121000a2a2030040146c5e628e85
:10bc4000050054500800448e806f400f0000000033
:10bc50000400b08e0800448e0800ea8e0c00e98ec5
:10bc60001000e88e1400e68e2000e58e2400e28e9f
:10bc70000800a4ae6c5e74ae3000aaae3400a9ae6b
:10bc80003800a8ae3c00a6ae4000a5a617000012e2
:10bc90004200a2a676aa400f1000448e1000a49283
:10bca0005f008014002102000c00a28e010010240d
:10bcb000010042240c00a2ae4400bf8f25100002f8
:10bcc0004000be8f3c00b78f3800b68f3400b58f70
:10bcd0003000b48f2c00b38f2800b28f2400b18fb6
:10bce0002000b08f0800e0034800bd270800828cc8
:10bcf0003c00062409f840002528800225b04000b9
:10bd0000320040100400a2ae0000e28e6c5e648e31
:10bd100040a0020021a08202c0a014007c00801874
:10bd200028009426029d023c1000a2af039d023c15
:10bd30001400a2af039d023c039d1e3c1800a2af5d
:10bd40000800a48e0400828c09f840002528800297
:10bd50002580400028004a241000a28f708ac9273d
:10bd600025200002d05448241400a28fc0a94524e5
:10bd70001800a28f1300001264af42240000eb8e63
:10bd800000000aae18000a2408000aae01000a24c6
:10bd9000040016ae0c000bae10000aae140009ae83
:10bda000180008ae1c0005aebaa5400f200002ae78
:10bdb0000000d0ae749f400f0400c4263a00401427
:10bdc00000000000806f400f000000004400bf8fa3
:10bdd00025800000251000024000be8f3c00b78f78
:10bde0003800b68f3400b58f3000b48f2c00b38f7d
:10bdf0002800b28f2400b18f2000b08f0800e0032c
:10be00004800bd271000448e76aa400f0400b08e73
:10be10001000a492a5ff80500c00a28e0021020009
:10be200023208200802004004c9f400f2120040228
:10be30009eff00100c00a28e0080023c6c5e42242b
:10be4000100050900e0000164000be8f4400bf8fbf
:10be500001001024251000023c00b78f3800b68f77
:10be60003400b58f3000b48f2c00b38f2800b28f10
:10be70002400b18f2000b08f0800e0034800bd27e8
:10be80001000848c76aa400f0400518c002102001f
:10be900023208200802004004c9f400f2120240298
:10bea00086ff00104400bf8f749f400f1400c4260b
:10beb000c4ff40102400c426749f400f01003126a7
:10bec000c0ff4010000000000000c28e1800e48e89
:10bed0003c00d6260c00428c02104470eb51043c0e
:10bee0001f858434630042241900440010100000b0
:10bef00042110200f8ffc2ae1c00e28efcffc2ae8f
:10bf00006c5e628e2a1022028eff40540800a48ebe
:10bf10000100063c0200c6241c0005243f78400fa7
:10bf20003800042404004010039d043c68a18424cc
:10bf3000080044ac0c0040ac019d053cd007062431
:10bf400064a3a524020004241d99400f4400a2ae5e
:10bf50000080043c8c5e8424d7ac400f1c00a2ae51
:10bf60004400a48e97ff8010000000001c00a48ee7
:10bf700094ff80100000000092ff401000000000bd
:10bf80000400b08e1800a0ae42ff00101400a0ae56
:020000040000fa
:020000041d00dd
:10bf90002540c0002518e000255080009800e014de
:10bfa0002510a0002b30a6003500c01000000000b6
:10bfb000202805710600a0102320050006208a0015
:10bfc0000410a2000440a800251082000450aa001a
:10bfd000023408001b004600f401c000ffff0531d9
:10bfe00002240a00123800001010000000140200a1
:10bff000252044000248a7702b5889000a006011d0
:10c000002510e000212088002b58880006006015cc
:10c01000ffffe2242b58890004006051232089008f
:10c02000feffe22421208800232089001b008600d7
:10c03000f401c0001030000000340600122000009f
:10c040000238a470ffff45312528c5002b48a70002
:10c050000800201125308000212805012b40a80070
:10c0600004000015ffff86242b28a7000100a05420
:10c07000feff8624001402000800e003251046009d
:10c0800004000015010002241b004800f401000117
:10c090001240000020580b71230060152000072477
:10c0a0002328a80001000324023408001b00a60076
:10c0b000f401c000ffff073102240a00122800002b
:10c0c0001010000000140200252044000248e57012
:10c0d0002b5889000a0060112510a000212088003b
:10c0e0002b58880006006015ffffa2242b588900fa
:10c0f0000400605123208900feffa2242120880033
:10c10000232089001b008600f401c000ffff4a3194
:10c1100010280000002c05002528aa00122000008d
:10c12000caff00100238e4702338eb0004406801b5
:10c130000648e400023408000638e5001b00e6006b
:10c14000f401c0000410650125482201ffff0231ff
:10c15000021c09001228000010380000003c0700f3
:10c160002538e300025045702b60ea000a00801178
:10c170002518a0002138e8002b60e8000600801593
:10c18000ffffa3242b60ea00040080512338ea005b
:10c19000feffa3242138e8002338ea001b00e60054
:10c1a000f401c000ffff25311230000010380000fc
:10c1b000003c07002528e500021046702b48a2002d
:10c1c0000a0020112538c0002128a8002b48a8000b
:10c1d00006002015ffffc7242b48a20004002051b1
:10c1e000001c0300feffc7242128a800001c030038
:10c1f000045064012328a200abff0010251867003b
:10c200002b40a700251800004e0000152510000047
:10c210002050ea7007004015200009242b28e50073
:10c220004800a014010002242b1086000800e0033f
:10c230000100423823482a0106102601043847012c
:10c240002538470004184501024407000628250147
:10c250001b00a800f4010001ffffeb3006102401d1
:10c2600025104300021c02001228000010480000a4
:10c27000004c090025482301026065712b682c01e0
:10c280000a00a0112518a000214827012b682701ca
:10c290000600a015ffffa3242b682c010400a05169
:10c2a00023482c01feffa3242148270123482c0109
:10c2b0001b002801f4010001ffff4530124000007f
:10c2c00010480000004c090025282501025868711b
:10c2d0002b10ab000a004010254800012128a700c0
:10c2e0002b10a70006004014ffff09252b10ab0000
:10c2f0000400401000140300feff09252128a700b8
:10c300000014030004304601251049001900c20042
:10c310002328ab00103800002b18a700070060147a
:10c32000123000000700a714251800000420440163
:10c330002b2086000300801000000000ffff422435
:10c34000251800000800e003000000002548c00098
:10c35000251080008b00e0142518a0002b30a600cb
:10c360003300c01020502a7108004011025c0900ff
:10c370000418450123280a000628a400044849019e
:10c380002518a30004104401025c09001b006b0087
:10c39000f4016001ffff2431121800001028000092
:10c3a00002306470001c0500022c02002518650094
:10c3b0002b2866000800a050231866002118690089
:10c3c0002b2869000300a0142b2866000100a0544c
:10c3d00021186900231866001b006b00f40160013e
:10c3e000ffff423010300000121800000258647045
:10c3f000001c0600251062002b184b00090060503d
:10c4000023104b00211049002b18490005006054ef
:10c4100023104b002b184b000100605421104900e1
:10c4200023104b00061042010800e003251800000d
:10c4300004002015010003241b006900f401200101
:10c440001248000020502a711f00401520000724c8
:10c450002328a900025c09001b00ab00f401600165
:10c46000ffff243112280000101800000230a470d1
:10c47000002c0300021c02002528a3002b18a60094
:10c48000080060502330a6002128a9002b18a9001d
:10c49000030060142b18a600010060542128a90095
:10c4a0002330a6001b00cb00f4016001ffff4230e7
:10c4b00010280000123000000258c470003405003b
:10c4c000cdff00102510c2002338ea0004484901be
:10c4d0000618e400023409000638e5001b00e600f7
:10c4e000f401c00004104501ffff28312518620047
:10c4f000022c030012380000106000000210e870e7
:10c50000003c0c002538e5002b28e2000800a05074
:10c510002338e2002138e9002b28e9000300a014a9
:10c520002b28e2000100a0542138e9002338e20062
:10c530001b00e600f401c000ffff65301230000070
:10c5400010380000003c07002528e5000230c870c4
:10c550002b10a60009004010041044012128a90056
:10c560002b10a90005004014041044012b10a60054
:10c57000010040542128a90004104401b5ff001017
:10c580002328a6002b40a7005c0000152070ee7049
:10c590000a00c0152b40e500030000152b40860063
:10c5a0005600001500000000231086002328a70075
:10c5b0002b1882000800e0032318a30020000b249e
:10c5c00023586e01066066010438c70125388701cb
:10c5d0000440c501024c0700062865011b00a900a4
:10c5e000f40120010610640125104800ffffe83027
:10c5f00002640200122800001050000000540a00db
:10c6000025504c01021805712b6043010a0080116e
:10c610002568a000215047012b60470106008015c6
:10c62000ffffad242b6043010400805123504301e0
:10c63000feffad2421504701235043011b00490157
:10c64000f4012001124800001050000000540a00bc
:10c6500002280971ffff4830254048012b100501d1
:10c660000a00401025502001214007012b1007012e
:10c6700006004014ffff2a252b100501040040107e
:10c6800000640d00feff2a252140070100640d0013
:10c690000410c60125608a011900820123400501aa
:10c6a0000418c401106800002b200d012528a001ea
:10c6b00012600000050080141230000007000d1504
:10c6c0002b206c000600801023306600233082018e
:10c6d0002338a7012b6086012328ec002330660055
:10c6e0002b18660023400501231803010410630181
:10c6f0000630c601251046000618c3010800e003f5
:04c700000000000035
:020000040000fa
:020000041d00dd
:10c7040053657473206c6f67696e20666c61672073
:10c7140069662070617373776f726420636f7272dd
:10c724006563742e0a00000055736167653a0a0058
:10c7340020202573205b70617373776f72645d20b2
:10c744005b2d2d696e666f5d205b2d2d68656c70a9
:10c754005d0a00000a53756d6d6172793a0a2020f2
:10c764004163636570747320612070617373776fc4
:10c77400726420737472696e672c207768696368c9
:10c7840020697420636f6d706172657320746f200b
:10c794007468652070617373776f726420696e20aa
:10c7a4007468652045454d27732061637469766517
:10c7b4000a2020636f6e66696775726174696f6eb3
:10c7c4002e2049662074686579206d617463682c35
:10c7d4002074686520636f6d6d616e642073657489
:10c7e400732074686973206368616e6e656c73206e
:10c7f40073746174757320746f206c6f67676564fc
:10c804002d696e2c0a2020616e6420646973706c3b
:10c81400617973207468652063757272656e742023
:10c824007365637572697479206c6576656c2e2006
:10c83400496620746865207365637572697479202c
:10c844006c6576656c20697320302c206c6f67678b
:10c85400696e20696e0a20206d616b6573206e6fae
:10c8640020646966666572656e63652e2041742076
:10c874006c6576656c20312c207765206d7573743a
:10c88400206c6f6720696e20746f20646973706c0c
:10c894006179206f72206d6f646966792045454d1a
:10c8a40020636f6e6669672d0a2020757261746952
:10c8b4006f6e2069656c64732e204174206c6576fc
:10c8c400656c20322c207765206d757374206c6f35
:10c8d4006720696e206265666f72652077652064e3
:10c8e4006f20616e797468696e67206f7468657211
:10c8f400207468616e206c6f6720696e2e0a202098
:10c904004966207468652070617373776f72642060
:10c91400646f6573206e6f74206d617463682c207e
:10c924006c6f67696e207365747320746865206327
:10c9340068616e6e656c2073746174757320746fb6
:10c944002061206c6f67696e206661696c75726521
:10c954000a2020636f64652e20446570656e6469e7
:10c964006e672075706f6e20686f7720746865201d
:10c97400636f6d6d756e69636174696f6e20636852
:10c98400616e6e656c206973207365742075702cfc
:10c99400207468697320636f6465206d6179206316
:10c9a400617573650a2020696d6d656469617465dc
:10c9b40020636c6f73757265206f662074686520e0
:10c9c4006368616e6e656c2e0a0a4f7074696f6ecf
:10c9d400733a0a20202d2d696e666f2020202020b6
:10c9e4002020205072696e742061206f6e652d6c5a
:10c9f400696e652073756d6d617279206f66207440
:10ca040068697320636f6d6d616e642e0a20202d3a
:10ca14002d68656c70202020202020202050726911
:10ca24006e7420746869732068656c70207465780e
:10ca3400742e0a004c6f67696e20737563636565b5
:10ca44006465642c207365637572697479206c6500
:10ca540076656c20256420696e2025732e0a0000fb
:10ca64004c6f67696e206661696c65642c20736520
:10ca7400637572697479206c6576656c2025642011
:08ca8400696e2025732e0a00e3
:020000040000fa
:020000041d00dd
:10ca8c0088febd276001b0af7c8090876401b1af98
:10ca9c0025888000252000027001b4af6c01b3af73
:10caac006801b2af7401bfaf2590a00025a0c000f3
:10cabc00b781400f2598e0002c01422c9d004014ba
:10cacc0025284002f288400f252000022530000066
:10cadc0001000524032b400f2520000201006232c7
:10caec0004004014253040022800228e9c00405443
:10cafc002800262601000524c888400f25200002a6
:10cb0c00020073321c006012251000005801a62789
:10cb1c000100052425200002a591400f5801a2af69
:10cb2c0025188002c418037c010002241e006250e8
:10cb3c005800228203000224930082121200a427c0
:10cb4c002a000624c9a7400f252800004000238e88
:10cb5c00010104241000a4a70700022406000424e9
:10cb6c001200a4a3220082161400a3af2c00228e64
:10cb7c001f0000101c00a2af0400428e5801a62713
:10cb8c000100052425200002a591400f5801a2aff9
:10cb9c0025188002c418037c01000224e6ff6214ed
:10cbac00030002245800228272004104000000009d
:10cbbc004000338e580022922a00062425280000bb
:10cbcc008410027c580022a2c9a7400f1200a4278f
:10cbdc0001010324f9ff82261000a3a74408027c5c
:10cbec00060003241200a3a3e0ff40101400b3af0f
:10cbfc003c0042260a1012000300438804004890af
:10cc0c0005004790000043982c0006241000a5272f
:10cc1c00252000022c00a3af3000a8a3f7a3400fdf
:10cc2c003100a7a3c000062425280000c9a7400f87
:10cc3c001000a427c00006241000a527f7a3400f5e
:10cc4c00252000023801062425280000c9a7400f22
:10cc5c001000a427039d023cf4af428c2520000257
:10cc6c00039d113c1000a2af1400a227b781400f06
:10cc7c004801a2affcff42244c01a2af04000224e5
:10cc8c005001a2af039d023c5401b4af388342243f
:10cc9c0014a7312602000010039d133c0000228ec5
:10ccac004801a52709f84000252040020400312640
:10ccbc004300400430a765264c01a48f5001a68f79
:10cccc004801a38f232082002130460021106200ee
:10ccdc004c01a4af5001a6aff0ff25164801a2af3e
:10ccec00ec00c2242c01422c04004010ffffc63083
:10ccfc00400002245001a2af400006241000a527da
:10cd0c00f7a3400f252000029438400f2520000285
:10cd1c007401bf8f010002247001b48f6c01b38fba
:10cd2c006801b28f6401b18f6001b08f0800e0031d
:10cd3c007801bd279438400f252000027401bf8f65
:10cd4c00251000007001b48f6c01b38f6801b28f95
:10cd5c006401b18f6001b08f0800e0037801bd273a
:10cd6c0001000524b3a6400f2520000265ff00102a
:10cd7c0002007332e7ac400f000000002598400021
:10cd8c008cff0010400022ae5400239602000224b7
:10cd9c0084ff62102a00062425280000c9a7400f32
:10cdac001200a4274000228e010103241000a3a727
:10cdbc00060003241200a3a38dff00101400a2afe1
:10cdcc0025200002253000007d8b400f2528000017
:10cddc007401bf8f251000007001b48f6c01b38fec
:10cdec006801b28f6401b18f6001b08f0800e0035d
:04cdfc007801bd27d6
:020000040000fa
:020000041d00dd
:10ce0000b0ffbd270f000524030004244c00bfaf72
:10ce10004800beaf4400b7af4000b6af3c00b5af6e
:10ce20003800b4af3400b3af3000b2af2c00b1afb4
:10ce30009ea3400f2800b0af010042300d00401407
:10ce40000080133c4c00bf8f4800be8f4400b78f5a
:10ce50004000b68f3c00b58f3800b48f3400b38fdc
:10ce60003000b28f2c00b18f2800b08f0800e00393
:10ce70005000bd27039d143cefa9400f030004247c
:10ce8000f0ff4010258840001800328e4000032437
:10ce900000004292f00042300d004314f2ff0524de
:10cea0000000508e808010003c0010321400022ed2
:10ceb00008004014030006241000228effff1532e4
:10cec0000c0042942b10550006004010000000009a
:10ced000030006249da6400f25202002e6ff001037
:10cee00000000000ef44400f0200449625b04000cf
:10cef0002b105500f6ff4014f2ff052444a3400f09
:10cf0000252020022b105600f1ff4014f2ff0524cb
:10cf10002800378eeeffe012ecff05244200e29677
:10cf200040004230030040540c00438ee9ff0010e3
:10cf300003000624ffff0224e5ff6210f5ff05242d
:10cf40000800e28e0400e48e271002002510440041
:10cf5000e0ff62100300062410005e8eddffc013a8
:10cf6000f4ff05240400428e0c00438e0000468e20
:10cf70000800458e022402001000a6af1c00a3afdb
:10cf80001400a2af1800a5af2000beafef44400fc1
:10cf90001200b6a71600a2a71400a28fff3f033c01
:10cfa00024104300caff4014f2ff05242000228e03
:10cfb000000142302b004010253000000400e48eb8
:10cfc0000800e38e241083001000c213ffff052425
:10cfd0002b00c513e080828f2718030025186400fa
:10cfe0002700c3132000a393e0000524f000633062
:10cff000530065100001033c7f0063245500c313f8
:10d00000010042305300c41300000000e480828f0e
:10d01000e480838ffdff431400000000acff40104c
:10d02000ecff0524a493400ff05f6426f05f728e3e
:10d03000252800024b0040122520200208004292c1
:10d04000fcff40500000528e0400428e09f8400060
:10d05000000000003600401400000000f4ff001043
:10d060000000528e2528a002f744400f25204002e0
:10d07000d3ff40500400e48e95ff0010f6ff052416
:10d0800002004230e1ff4014000000001800308e22
:10d090001000258e0000028e0c00a394020004965e
:10d0a000801002003c004230ffff52302318720013
:10d0b000211002021c0022aeef44400f0c00a3a47a
:10d0c0000600049623905200020002a6ef44400f8f
:10d0d0002c0032a609000392060002a6ffff62247c
:10d0e000ff0042301100432c79ff6010f1ff05244e
:10d0f00080100200a08783260a10627c0a0040107c
:10d10000ff3f033c0400048e241864005aff60149f
:10d110000100062425282002dd90400f2520400034
:10d1200055ff40140000000069ff0010f1ff0524c6
:10d13000349a400ff05f6426d5ff00101800308e3f
:10d1400004004230d2ff40501800308eafff001074
:10d1500000000000adff401400000000ccff0010f4
:10d160001800308e349a400ff05f642658ff00108c
:04d17000ecff0524a7
:020000040000fa
:020000041d00dd
:10d17400d0ffbd272000b4af1c00b3af1800b2af7e
:10d184001400b1af1000b0af2c00bfaf2800b6af91
:10d194002400b5af2580800025a00000258800006c
:10d1a400029d123c029d133c0000028e09f84000cf
:10d1b4001000048e5c004004000000000d000424f4
:10d1c4001d0044101408038e0a000424390044107e
:10d1d400080004242d0044107f0004242b00441074
:10d1e400e0ff44245f00842c0b008050ff07632c75
:10d1f4002128030201006324212003021400a2a0b9
:10d20400140803ae140080a00c0004929000801453
:10d2140025304000ff07632c0c0060501810068e68
:10d22400e2ff20520000028e270080520c0002927e
:10d23400ddff001025888002ff07632c0100142401
:10d24400d9ff6014010011241810068e029d053cbc
:10d254006437a524fc9e400f25200002140800ae6c
:10d26400140000a22c00bf8f2800b68f2400b58fb5
:10d274002000b48f1c00b38f1800b28f1400b18f3c
:10d284001000b08f0800e0033000bd27e4ff6010f9
:10d29400ffff63240c000292deff4010140803ae6b
:10d2a4008c3745260400400f25200002d9ff0010ca
:10d2b4001408038e13008016ff07632ce3ff6050ed
:10d2c4001810068e0c00029266004014029d053c64
:10d2d4001408028ee3ff40102510000020000524ee
:10d2e400090006242120020214008380fdff6550fa
:10d2f400010042241700665414005224f9ff001060
:10d3040001004224d1ff60501810068eedff201654
:10d3140025a020020000028e09f840001000048eaf
:10d32400a7ff43040d000424e6ff20162c00bf8f42
:10d334002800b68f2400b58f2000b48f1c00b38f53
:10d344001800b28f1400b18f1000b08f0800e003f2
:10d354003000bd275f00601021901202040000100d
:10d36400090008240a006810150042242510a000b2
:10d3740001004524213005021400c38025386000d3
:10d384004429077cf7ffe014000000001500422444
:10d39400218802021400c0a014008280b1ff401052
:10d3a4000080023c0458428c0200422c09004014c4
:10d3b400010002241c10038e06006210029d053c2d
:10d3c4009837a524dfa6400f252040023a00405498
:10d3d4001810068e4880958f2700a01a0080163cee
:10d3e400e455d62625a0c0020300001025980000ad
:10d3f40022007512253040020000848e2528400248
:10d40400dfa6400f08009426f9ff4054010073265c
:10d41400c09813002198d3020400798e16002013bb
:10d4240025282002252000022c00bf8f2800b68f5b
:10d434002400b58f2000b48f1c00b38f1800b28f66
:10d444001400b18f1000b08f080020033000bd27f6
:10d4540090376526fc9e400f252000026dff0010ca
:10d464001408038e9437a5240400400f25200002dd
:10d4740098ff00101408028e253040022520000277
:10d484002c00bf8f2800b68f2400b58f2000b48fe6
:10d494001c00b38f1800b28f1400b18f1000b08f2e
:10d4a400039d073c029d053c50b0e724d037a524da
:10d4b400fc9e400b3000bd27029d053ca037a524ef
:10d4c400fc9e400f252000020300022465ff00108b
:10d4d4001c1002ae25884002aeff001025308000eb
:020000040000fa
:020000041d00dd
:10d4e4001800838cc8ffbd27030002243400bfaf9b
:10d4f4003000b7af2c00b6af2800b5af2400b4afee
:10d504002000b3af1c00b2af1800b1af86006210a8
:10d514001400b0af8c80928f1600401225b88000a2
:10d524001000e48e420082940800423088004014c7
:10d53400253000008c80828f0100102401004224d9
:10d544008c8082af3400bf8f251000023000b78f6b
:10d554002c00b68f2800b58f2400b48f2000b38f21
:10d564001c00b28f1800b18f1400b08f0800e003c4
:10d574003800bd270080153c385fb126385fa0ae67
:10d58400040020ae080020ae0c0020ae100020ae37
:10d59400140020ae180020ae1c0020ae200020aee7
:10d5a4009000a010240020ae1000a38c02000224de
:10d5b4008c0062102598a0000400a68c0800848cbe
:10d5c40040800600218006020400828c0081100045
:10d5d40028001026100024ae09f840002528000277
:10d5e4008000401025b040002530000225280000ae
:10d5f400c9a7400f252040000400628e2800c326de
:10d604000000c3ae0c00c2ae010002241000c2ae82
:10d61400029d023c807d42241400c2ae029d023c65
:10d624001c0642241800c2ae039d023c28b14224c9
:10d634001c00c2ae029d023c3000032488584224e0
:10d644000800c3ae2000c2ae2520c002baa5400f18
:10d654000400d6ae0c00648e1400638e0800678e3e
:10d664001000668e0400658effff7430ffff823069
:10d674001000422480a0140021a08202ffff022493
:10d68400385fb6ae240022a6140027ae200024a6dc
:10d69400220023a6180026ae1400a01c80a01400ab
:10d6a40030000010019d053c20002396200000aeb0
:10d6b400100000ae8020030003006010140000aed0
:10d6c400100002ae211044002200239603006010d3
:10d6d40000210300140002ae211044000400638ef4
:10d6e4002a1843021e006010200002ae25284002c2
:10d6f4005ba7400f2520c0021000248e2580400027
:10d70400252880020400828c09f84000010052267a
:10d71400e5ff4014040002ae7a84400f2520200265
:10d7240088ff0010258000001000848c4200829441
:10d734000800423083ff401001001024253000000f
:10d74400148a400f252800007fff00103400bf8f8b
:10d75400148a400f2528000077ff00108c80828fe8
:10d76400019d053cc8000624fc63a5241d99400fb7
:10d774000f000424190040100c0022ae240030864f
:10d78400ffff022466ff0256908091af1800248e9a
:10d7940025300000d1ac400f350005240f00501097
:10d7a4002590400053000524d3ac400f25204000b1
:10d7b4005300422c1800401025300000530006246a
:10d7c40005000524032b400f2520400212004014bd
:10d7d400253000000583400f252040029e9c400f09
:10d7e400385fa4263400bf8f258000002510000276
:10d7f4003000b78f2c00b68f2800b58f2400b48f6b
:10d804002000b38f1c00b28f1800b18f1400b08faa
:10d814000800e0033800bd2702000524032b400f55
:10d8240025204002039d063c25380000d4a4c624cc
:10d8340000010524de97400f25204002e5ff40103b
:10d8440000000000240032a635ff0010908091af44
:020000040000fa
:020000041d00dd
:10d8540078ffbd276c00b1af1000918c8000b6af8b
:10d864007c00b5af7800b4af7400b3af7000b2af52
:10d874006800b0af8400bfaf1c00908c42002296b9
:10d884001400879425908000845a027e25a8a00065
:10d894002598c000580027a6420022a64400348ed2
:10d8a4000e00a0105400368e0c00c01000008596a7
:10d8b4000000a28e5900a210feffc3242510a0026e
:10d8c40004000010ffff06240000448c5400a41040
:10d8d400ffff6324fcff66140800422401000224b5
:10d8e4005400025200004296019d073c029d103ce8
:10d8f400d0bbe724a07a10260a000010029d143c35
:10d9040009f8e000252040021b0040500000069664
:10d914000c001026f47a83262a0003525000248e29
:10d924000400078ef6ffa012252800008d00601267
:10d93400000005960000a28e1f004510feff63261e
:10d944002510a00204000010ffff06240000448cf0
:10d954001a00a410ffff6324fcff6614080042248d
:10d964002528000009f8e00025204002e9ff405482
:10d974000c00102600000696029d053c6803a524b1
:10d98400252000002ca2400f6000a2af6000a28fef
:10d994008400bf8f8000b68f7c00b58f7800b48f71
:10d9a4007400b38f7000b28f6c00b18f6800b08fb9
:10d9b4000800e0038800bd272510a002d0ff001056
:10d9c4000400458cf3ff80108400bf8f4400228e36
:10d9d400010006244c00428c09f8400096070524f7
:10d9e400620040108400bf8f430023928000b68ff2
:10d9f4003f00633040006334430023a27c00b58fb2
:10da04007800b48f7400b38f7000b28f6c00b18f44
:10da14006800b08f0800e0038800bd272510a0022d
:10da24000400568c01000224afff0216540036aee7
:10da3400000042960800438e3e00a7a73c00a2a720
:10da4400039d023c40b142241000a2af039d023c5e
:10da54004cb142241400a2af039d023c58b14224ad
:10da64001800a2af029d023cfce042242000a2afb9
:10da7400029d023cec4242242400a2af039d023cde
:10da8400749a42242800a2af029d023ce0bc4224c6
:10da94002c00a2af039d023c50ac42241c00a3af57
:10daa4003800a0af4000a0af4400a0af4800a0af32
:10dab4004c00a0af3000a2afc5ac400f3400b1aff2
:10dac400c7ac400f4000a2a73f00238a4000249225
:10dad4001c00458e3c00239a4c00a4a341002492d0
:10dae4001800468e4500a5a34800a3af4400a6a392
:10daf4004d00a4a3000084960800838e4200a2a7d0
:10db04001000a2274600b0a75000a0a35400a2af63
:10db14005800b6af09f860005000a527ffff102495
:10db24001b0050104c0022ae1c00828e0000849614
:10db340009f84000030005246bff5014500022ae86
:10db44000400868e029d053c500020ae4c0020aea1
:10db54004403a5242ca2400f252000008cff0010b4
:10db64002510000066ff0010252860024400238e63
:10db7400029d053c9c03a5240400668c252000001e
:10db84002ca2400f6000a2af81ff00106000a28fa2
:10db94000400868e029d053c4c0020ae1403a5248f
:10dba4002ca2400f2520000079ff00102510000052
:020000040000fa
:020000041d00dd
:10dbb40060ffbd270f000524060004248400b2afd3
:10dbc4009c00bfaf9800b7af9400b6af9000b5af5c
:10dbd4008c00b4af8800b3af8000b1af9ea3400ff8
:10dbe4007c00b0af25904000010042300e0040148c
:10dbf4000080153c02005232290040169c00bf8f61
:10dc04009800b78f9400b68f9000b58f8c00b48fb6
:10dc14008800b38f8400b28f8000b18f7c00b08ff6
:10dc24000800e003a000bd27130000100080163c8c
:10dc34001800118e253800002530e00225286002e6
:10dc4400252000025868400f0c00348e0700401451
:10dc5400f6ff052400006296080003247a0043506e
:10dc64002800048e46004010f3ff05240600062415
:10dc74009da6400f25200002efa9400f06000424b2
:10dc8400dcff4010258040002c0017960800e22e8f
:10dc9400e7ff40501c00138ef4ff0010f2ff052430
:10dca4003799400f0080113c1000a427ddab400fd2
:10dcb400259040001060308e1400001225280000ca
:10dcc400050000100400028e1000401025280002f8
:10dcd400258040000400028ed480838f23104202ea
:10dce4002b104300f8ff40540000028e3f96400f73
:10dcf400106024262528000253a3400f1000a427f7
:10dd04000000028ef2ff4014252800020080113c1e
:10dd1400090000101c6031261c00028e04004050d3
:10dd24002528000209f840002000078e252800025b
:10dd340053a3400f2520200262a3400f1000a42704
:10dd440025804000ffff062425284000f2ff4014f0
:10dd5400080044249c00bf8f9800b78f9400b68fae
:10dd64009000b58f8c00b48f8800b38f8400b28f7d
:10dd74008000b18f7c00b08f0800e003a000bd27b5
:10dd84001060b18ebaff20120600062404006496c7
:10dd94000400001025280000580040102528200207
:10dda4002588400012002296fbff44540000228e76
:10ddb4001000239606006296f7ff62540000228e3c
:10ddc40008002a8e0c00298e1000288e1400278e3d
:10ddd4001800268e1c00238e2000228e1060a4269c
:10dde4005800aaaf5c00a9af6000a8af6400a7af59
:10ddf4006800a6af6c00a3af3f96400f7000a2afbf
:10de04002528200253a3400f1c60c4266c00a28f57
:10de140008007326f8fff7266400b3af6800b7a7bd
:10de24005c00b4af91ff4010020005247000a78f7e
:10de3400252820022530000009f840005800a427b6
:10de44008aff001002000524e39c400f10002526e1
:10de540086ff4014f1ff05241c00048e2800118e57
:10de640002008294000080a4ff0046300800c3240e
:10de7400ff006330252840000800672c0800e010ec
:10de84000438657c003a427c01004224ff004230a1
:10de940003004014047a457c0900c6240438c57c78
:10dea400020085a42530000001000524252000027d
:10deb400e060400f000000ae1800028e2530000024
:10dec400252800020c00438c1000428c1000a4276b
:10ded4004800a3af4c00a2afb13b400f5000b1af1c
:10dee40065ff401406000624faff05249da6400f92
:10def4002520000260ff0010000000005bff0010fe
:04df0400f3ff0524fe
:020000040000fa
:020000041d00dd
:10df0800c8ffbd273400bfaf3000beaf2c00b7af8d
:10df18002800b6af2400b5af2000b4af1c00b3afe3
:10df28001800b2af1400b1af3f8f400f1000b0af70
:10df38009b004010039d123c25884000c4ab52262c
:10df4800039d133c039d143c039d163c039d153c07
:10df5800039d173c9000308e430000120000000023
:10df68001000028e0400428c62002216ba030524b7
:10df78000f000392020002244d006214bb03052423
:10df88000c000292ffff4224ff0043300500632c7f
:10df980050006010c70305240e00049201000324fa
:10dfa8008b00831000000000d8ab632680100200ad
:10dfb8000a10627c2528000209f84000252020026a
:10dfc8000e0002920600432c46006010000000007c
:10dfd8000500422c240040140000000010001e8e92
:10dfe8000400c28f47002216bc0405240d000292cb
:10dff80001004230130040540c0003920800c28f05
:10e00800440040500c0003920e000492ffff83244a
:10e018000400632c73006054080007960700832ce3
:10e028008300601005000324590083102530000088
:10e03800080007962528000209f840002520c0039b
:10e048000c00039203000224070062100200072458
:10e058009000262625280002866d400f25202002e4
:10e06800bdff00109000308ee1ac400f00000000b2
:10e07800000023922520400001006324000023a211
:10e088003400bf8f3000be8f2c00b78f2800b68faa
:10e098002400b58f2000b48f1c00b38f1800b28ff6
:10e0a8001400b18f1000b08fe3ac400b3800bd27cf
:10e0b8008da4400f252040020c000292ffff42244d
:10e0c800ff0043300500632cb4ff60540e00049237
:10e0d800c70305248da4400f252040020700022411
:10e0e8000e0002a289ac400f1000248eb8ff001069
:10e0f8000e0002928da4400f252040029dff0010c3
:10e108000f0003928da4400f74ab8426b8ff001053
:10e118000d00029203000224d3ff621000000000e9
:10e1280090003e8e3500c013560205249400228ebe
:10e138003900c253940020ae0000c28f900022ae76
:10e148009800228e02000324ffff4224980022ae8a
:10e158000f00c293320043140601052427001e163f
:10e1680056020524a000228e280040100000c0afef
:10e1780000005eaca0003eaea400228e0100422446
:10e18800a40022ae0300022472ff00100f00c2a3f5
:10e19800040002240e0002a2a5ff00100800c28f8e
:10e1a8003400bf8f3000be8f2c00b78f2800b68f89
:10e1b8002400b58f2000b48f1c00b38f1800b28fd5
:10e1c8001400b18f1000b08f0800e0033800bd279d
:10e1d80087ac400f1000248e0c00029272ff0010d2
:10e1e800ffff4224010006242528000209f8400008
:10e1f8002520c00393ff00100c0003928da4400f4c
:10e2080034ada426d8ff0010a000228ea0003eae98
:10e21800d9ff00109c003eaec9ff0010900020ae50
:10e228008da4400f60a9c426ccff00100000000098
:10e23800f30405248da4400f60abe4260800c28fc8
:08e248007bff0010ecff06242f
:020000040000fa
:020000041d00dd
:10e25000c0ffbd272000b0af3c00bfaf3800b6af55
:10e260003400b5af3000b4af2c00b3af2800b2af6c
:10e270002400b1af0d00800425800000a880828fab
:10e280002a1082000a0040103c00bf8fe1ab400f13
:10e290000000000005004010258840003c0052901e
:10e2a000010002240c004212000000003c00bf8f5d
:10e2b000251000023800b68f3400b58f3000b48fbf
:10e2c0002c00b38f2800b28f2400b18f2000b08fb4
:10e2d0000800e0034000bd2763a8400f252020026e
:10e2e000f3ff40103c00bf8f4000278e0002e23059
:10e2f000530040500800308e0c00228e5400509481
:10e30000ebff00123c00bf8f1400228e5000401023
:10e310008000e230500040102400248e4f008050d6
:10e320008001e77c0300e2300200032489004310ef
:10e33000000000001400228e0c00338e1800238e83
:10e340000002e7303c0062ae380063ae400064aecd
:10e350004e00e0101c00748e540070964800752624
:10e360000800022408001626ffffd6321000638e34
:10e370002a0024960c00659421104500ef44400fbc
:10e380000c0062a428002496ef44400f000082a6ef
:10e39000020082a6ef44400f2520c0022400238ef5
:10e3a000040082a6060080a660006390020063302d
:10e3b0004f0060503c00638e3c0063924800228e08
:10e3c000e0000424f0006330c028497c63002892f8
:10e3d0003a0064104002427c1c00a7272530c0028e
:10e3e00011000524252060021e00a2a31d00a8a381
:10e3f0002443400f1c00a9a3000060ae25100000bc
:10e40000340062a659ac400f25206002a8ff4014da
:10e410003c00bf8f4000228e1000638e000242300d
:10e42000230040100c0060a4540060a62000628eff
:10e4300025800000c418027c9cff0010200062ae02
:10e440000000228e23800202adff0010ffff103279
:10e4500096ff0010258000008001e77c180026262a
:10e460006383400f1400252625204000f8ff40104c
:10e47000240022ae40002292c0ff03242510430056
:10e48000400022a2a7ff00104000278e0000228e2d
:10e490000800308e25a8000023800202ffff103202
:10e4a00008000226ffff4230b0ff001025b04000f8
:10e4b0000000228eddff0010080022ae0b90080144
:10e4c0001c00a7272530c00211000524252060026a
:10e4d0001e00a2a31d00b2a32443400f1c00a9a349
:10e4e0004000228e000060aec5ff00108004427c18
:10e4f0003800678e253000001400a3af0c000524ff
:10e50000001103241000a4271800a3a71000a7af30
:10e51000f744400f1a00a2a74000238e27100200e4
:10e520000002633011006010ffff46300800052430
:10e53000f744400f252080020800a48e2710020017
:10e54000ffff4630f744400f252800029aff0010d5
:10e55000060082a680a3400f00000000140022ae37
:10e560002400248e74ff00104000278e2528c0024e
:10e57000f744400f252080028fff0010060082a67e
:020000040000fa
:020000041d00dd
:10e58000029d023c6853438ce0ffbd276853422440
:10e590001c00bfaf1800b1af1400b0af25808000e1
:10e5a0000400448c030003aa000003ba0800438c53
:10e5b000070004aa0c0045900d004290040004ba24
:10e5c0000b0003aa080003ba0d0004260c0005a2e4
:10e5d00082a1400f0d0002a2029d043c7853858c5d
:10e5e0000d00432478538424211803020400868cf0
:10e5f000030065a8000065b80800858c070066a8c0
:10e600000c0089900d0088900e008790040066b879
:10e610000b0065a81b005124080065b821201102d9
:10e620000c0069a00d0068a0eb9d400f0e0067a0d4
:10e63000029d033c8853648c218822028853632402
:10e64000211011020400658c030044a8000044b8a6
:10e650000800648c070045a80c0067900d006690c8
:10e660000e006390040045b80b0044a80e0031264c
:10e67000080044b8212011020c0047a00d0046a05c
:10e68000009e400f0e0043a0029d033c9853648cf3
:10e690002188220298536324211011020400658c02
:10e6a000030044a8000044b80800648c070045a893
:10e6b0000c0067900d0066900e006390040045b852
:10e6c0000b0044a80e003126080044b82120110296
:10e6d0000c0047a00d0046a0159e400f0e0043a061
:10e6e000029d033ca853648c21882202a853632412
:10e6f000211011020400658c030044a8000044b8f6
:10e700000800648c070045a80c0067900d00669017
:10e710000e006390040045b80b0044a80e0031269b
:10e72000080044b8212011020c0047a00d0046a0ab
:10e73000b799400f0e0043a0029d033cb853648c70
:10e7400021882202b8536324211011020400658c31
:10e75000030044a8000044b80800648c070045a8e2
:10e760000c0067900d0066900e006390040045b8a1
:10e770000b0044a8080044b80e0043a02520000068
:10e780000c0047a013a4400f0d0046a0dba4400fcf
:10e79000252040000e0023263800401021180302d7
:10e7a00055000224000062a050000224010062a073
:10e7b000020060a010003126029d033cd053648cff
:10e7c000d0536324211011020400658c030044a877
:10e7d000000044b80800648c070045a80c0067904e
:10e7e0000d0066900e006390040045b80b0044a82d
:10e7f000080044b80e0043a0252000000c0047a0ec
:10e8000013a4400f0d0046a0e1a9400f25204000b1
:10e810000e0023260c004010218003025500022424
:10e82000000002a250000224010002a2020000a285
:10e830001c00bf8f100022261400b08f1800b18f6b
:10e840000800e0032000bd27029d023cc853438c12
:10e85000c853422404004490030003aa000003baf2
:10e86000040004a21c00bf8f120022261400b08fe7
:10e870001800b18f0800e0032000bd27029d023c74
:10e88000c853448cc853422404004290030064a837
:10e89000000064b812003126c7ff0010040062a017
:020000040000fa
:020000041d00dd
:10e8a000d0ffbd271400b1af2510a000029d113c80
:10e8b0002800b6afe0ad252625b080002520400019
:10e8c0002c00bfaf2400b5af2000b4af1c00b3af25
:10e8d0001800b2af3d8a400f1000b0af1e004010cc
:10e8e000258040002598000025a80000029d123ccc
:10e8f0000a000010029d143cdfa6400f25200002f4
:10e9000031004014e0ad25263d8a400f252000004f
:10e91000010013240c00401025804000e4ad452682
:10e92000dfa6400f25200002f3ff4014ecad852642
:10e93000e0ad25263d8a400f25200000010015246a
:10e94000f6ff4014258040002f00a0562520c0026d
:10e95000770060562520c0021808d0262520000226
:10e960006039400f019d113c2530000248292526c1
:10e97000fc9e400f2520c0026e86400f252000021d
:10e980002530000248292526fc9e400f2520c00284
:10e990001c10c28e0500432c7d0060108018020000
:10e9a000019d023cb4e942240a10437c0800400067
:10e9b0000000000010eb009d00eb009dc4ea009dec
:10e9c00038ea009d20eb009d253000022520c00282
:10e9d0002c00bf8f2800b68f2400b58f2000b48f85
:10e9e0001c00b38f1800b28f1400b18f1000b08fcd
:10e9f000039d073c029d053c38b0e724f4ada524f7
:10ea0000fc9e400b3000bd272c00bf8f2800b68f26
:10ea10002400b58f2000b48f1c00b38f1800b28f74
:10ea20001400b18f1000b08f019d053ccc27a524a8
:10ea30000400400b3000bd27019d023c7029438c2f
:10ea4000702942240400449005004290030003aa68
:10ea5000000003ba040004a2050002a2019d053cc7
:10ea6000253000028829a524fc9e400f2520c002e5
:10ea70000080023c0458468c019d053c9c29a5243d
:10ea8000fc9e400f2520c0024c8182933400401030
:10ea90002520c0022c00bf8f2800b68f2400b58f20
:10eaa0002000b48f1c00b38f1800b28f1400b18ff8
:10eab0001000b08f019d053cb029a524fc9e400ba1
:10eac0003000bd27019d023c6429448c6429422406
:10ead0000400438c030004aa0800469009004590f6
:10eae0000a004290000004ba070003aa040003ba17
:10eaf000080006a2090005a2d8ff00100a0002a221
:10eb0000019d023c5829448cf1ff001058294224f1
:10eb1000019d023c4c29448cedff00104c294224fd
:10eb2000019d023c7829438cc6ff001078294224bd
:10eb30002c00bf8f2800b68f2400b58f2000b48f23
:10eb40001c00b38f1800b28f1400b18f1000b08f6b
:10eb5000019d053cf027a5240400400b3000bd2793
:10eb60002c00bf8f2800b68f2400b58f2000b48ff3
:10eb70001c00b38f1800b28f1400b18f1000b08f3b
:10eb8000019d053cc429a524fc9e400b3000bd27f7
:10eb9000019d023c8029438c802942240400428c40
:10eba000030003aa000003ba070002aaabff00108b
:04ebb000040002baa1
:020000040000fa
:020000041d00dd
:10ebb400d8ffbd272400bfaf1000b0af2000b4af12
:10ebc4001c00b3af1800b2af1190400f1400b1afe6
:10ebd400009d053c029d043cf450a524d69d400fa5
:10ebe400cc408424019d103c029d043c240a05264b
:10ebf400d69d400fd4408424029d043c240a05265b
:10ec0400d69d400fdc408424019d053c029d043cbc
:10ec1400c835a524d69d400fe4408424019d053cbd
:10ec2400029d043cd829a524d69d400fec408424a1
:10ec3400009d053c029d043c6063a524d69d400fc5
:10ec4400f4408424019d053c029d043cec6ba52406
:10ec5400d69d400ffc408424019d053c029d043c4c
:10ec6400a0e8a524d69d400f04418424bc54400f41
:10ec7400252000003799400f000000000300001019
:10ec8400258040004400400f000000003799400fe9
:10ec940000000000231050006400422cf9ff4014cf
:10eca40086bf033c3002648c100002244420047ca0
:10ecb40010008434300264ac3004648c0408047c96
:10ecc40002008434300464ac00600424180264ac90
:10ecd400fc000424180464ac20000424380364ac4d
:10ece400340362ac340362ac340362ac340362ac0c
:10ecf400340362ac340362ac340362ac2002658c2e
:10ed04002004648c4003a27c020046340040a530f9
:10ed14000b10c50004004534040086300b10a60017
:10ed240008004534080086300b10a6001000453456
:10ed3400100086300b10a6002000453420008630d9
:10ed44000b10a60040004534400086300b10a6008e
:10ed540080008430800045340b10a4000100423050
:10ed640010000424380364ac4e004050029d043c5f
:10ed74000080113ce45724260080123ca48b400ff1
:10ed84000100103cd05f522605000010a08610360a
:10ed94004400400f00000000bc54400f2520000236
:10eda4004da9400f0400448e02000324f8ff4314cd
:10edb4000080063c0080053c0080043c8458c62446
:10edc4006558a524345a400f46588424039d033cb7
:10edd4000080103cd8946324240b03ae039d033cb1
:10ede400240b022608956324040043ac039d033cd2
:10edf40060826324080043ac010003240c0043a098
:10ee0400029d033c4841632425204000181043ac74
:10ee1400010003241c1043ac8599400f100040ac42
:10ee2400e4572226fe0047940401468c00014594d1
:10ee34000801448c0080123c0080113cdc0a43260b
:10ee4400a00a22260c0067a4300066ac0c0045a47e
:10ee5400300044ac019d143c029d133c4400400f1f
:10ee6400000000005d34400f240b0426381f852663
:10ee7400082c400fdc0a44262280829338c0652681
:10ee840003004010a00a2426082c400f00000000b4
:10ee94000700043cbc54400f20a18434efff001051
:10eea400000000006b7f400f0c418424029d043c51
:10eeb4002dab400f60c28424aeff00100080113cd3
:020000040000fa
:020000041d00dd
:10eec400c0ffbd273c00bfaf3800b5af3400b4afbe
:10eed4003000b3af2c00b2af2800b1af4500c0146e
:10eee4002400b0af2598a000020014244000828cb6
:10eef400360040102590a000258880003c00852421
:10ef04007f9a400f252040003d00401025a80000b6
:10ef14003f00438840004590410044903c004398a2
:10ef24001400a5a31500a4a31000a3af400022aeb3
:10ef34001000b0270000438e250060542510000007
:10ef44002528400228a1400f252040001f00401022
:10ef540025884000280042ae000807243c004624cf
:10ef640025280002eb89400f252040025300a016fb
:10ef7400010006242000428e25284002100042345d
:10ef8400200042aeac95400f252020021000001056
:10ef940001000224ec80828f5b0040140080103c4e
:10efa400019d053c25300000f074a524a897400f6e
:10efb4002520000053004014ec8082af029d053ce4
:10efc400607fa5242ca2400f2520000025100000fe
:10efd4003c00bf8f3800b58f3400b48f3000b38f3e
:10efe4002c00b28f2800b18f2400b08f0800e003fa
:10eff4004000bd2725988000bcff001001001424a8
:10f004003c00358effff02242600a2124000308e01
:10f0140080a3400f252000022100a2524000308e20
:10f024000400001203000224630003925b00625098
:10f034001000a0af3c00229220004224ff00423086
:10f044001000422c460040543d0022923c00238e86
:10f054000400028e0800048e26106200241044006e
:10f064002500401401001524010007241000a627e0
:10f074001800a52725200002628c400f1800a3afba
:10f084000200032442004310010003244408027ccc
:10f09400ceff431425800000a6ff00104000228efe
:10f0a400ffff02241000a2af1400a2a70100152440
:10f0b400251000029fff00101000b02744a3400f4a
:10f0c400252040025e002396f2ff4224ffff4230d7
:10f0d4002b186200beff605425100000adff001223
:10f0e40025284002589b400f2520200227100200ab
:10f0f400b7ff0010c21702000c00038edaff0010e5
:10f10400020015240080103c00600426a493400fe4
:10f11400580031960080043c62a3400f2860842488
:10f12400230040101800a38f252840000060042607
:10f134000c0043ac040054a0050051a053a3400f9d
:10f14400080053ac349a400f006004262000438e1c
:10f1540001000224080063349dff0010200043ae28
:10f164003e002396010004247f0042301000a4a72f
:10f174005e0004241300a2a31200a4a31400a3a7f6
:10f184004000228e1000b0276aff001001001524f1
:10f194004000228e67ff00101000b0271400a0a7c3
:10f1a4004000228e1000b02762ff001001001524d9
:10f1b400029d053c907fa5242ca2400f2520000031
:10f1c400349a400f0060042681ff001025100000cf
:020000040000fa
:020000041d00dd
:10f1d40050febd279401b0af7c8090879c01b2aff4
:10f1e4002c000624259080004801a5272520000234
:10f1f400ac01bfafa801b5afa401b4afa001b3afd8
:10f204009801b1af624e400f4801a0a34801a393f7
:10f21400020002240e006210c000062425880000ab
:10f22400cd96400f25200002ac01bf8f251020028f
:10f23400a801b58fa401b48fa001b38f9c01b28f34
:10f244009801b18f9401b08f0800e003b001bd278d
:10f2540025280000624e400f25200002c000032430
:10f26400efff431425880000380106241000a52769
:10f27400624e400f2520000225a040000400422ccd
:10f28400e7ff401425880000039d023c1000a38f73
:10f29400f4af428ce2ff6214000000005cac400f4b
:10f2a4000000000025a840002e0040188880938f9d
:10f2b40003000010000000002a00b1125c00732655
:10f2c40013a4400f25202002fbff4010010031262b
:10f2d4004200439440006330f7ff601000000000d8
:10f2e4005800639201006330f3ff601000000000d7
:10f2f40056006396c418037cfdff6324fdff63304e
:10f30400edff60144c01a48f4000638eeaff831468
:10f31400060006243c0045243da4400f6401a427b4
:10f32400e5ff4014000000001000531225200002e5
:10f334008491400f25280000ac01bf8f2588000070
:10f3440025102002a801b58fa401b48fa001b38faa
:10f354009c01b28f9801b18f9401b08f0800e00333
:10f36400b001bd27aeff4016258800005800429228
:10f374000400423007004014fcff942659004292d6
:10f38400010003240400627c5801a38f590042a2a7
:10f394002c0043ae1400a227039d113c7c01a0afb6
:10f3a4008001a0af8401a0af8801a0af8c01a0af01
:10f3b4007401a2af7801b4af34813126039d153caa
:10f3c400039d133c95ff801a7401a68f3500022417
:10f3d4000000c4901a00821001000324d083a226e6
:10f3e400108465260b0083500400428c08004224dc
:10f3f400fcff45540000438c0100c29002004224eb
:10f404002130c20023a082027401a6afedff0010d8
:10f414007801b4af7401a52709f840002520400203
:10f42400090040187401a38f7801b48f2118620079
:10f4340023a082027401a3afe2ff00107801b4afed
:10f44400f4ff00102510200275ff401425880000e9
:10f454007c01b18f02000324090023128001a28fd2
:10f46400050004240c002452540044962400438ec6
:10f474006bff62542588000069ff00100000000043
:10f4840058004392240042ae010002248410437cbd
:10f4940063ff0010580043a20900835058004392b0
:10f4a4002400438e5eff6254258800007401a52762
:10f4b4000966400f2520400259ff0010000000009b
:10f4c400240042ae010002248410437cf7ff0010a4
:04f4d400580043a2f7
:020000040000fa
:020000041d00dd
:10f4d800c8ffbd270f000524090004242800b2af87
:10f4e8003400bfaf3000b4af2c00b3af2400b1afcd
:10f4f8009ea3400f2000b0af0100523025004016f7
:10f50800000000003400bf8f3000b48f2c00b38f90
:10f518002800b28f2400b18f2000b08f0800e003cc
:10f528003800bd272518830077006a540100e724b6
:10f53800010002243c0002a2480002960200423068
:10f5480005004010e000032410006292f0004230f1
:10f558001d004314f1ff05242528200253a3400f62
:10f568004c00042660000296000142300900401059
:10f57800000000005800028e060040100000000045
:10f588005c00078e2800258e1200048609f84000ca
:10f5980000010624efa9400f09000424d9ff4010f8
:10f5a800258840002c0022960800422c06004014b2
:10f5b800f2ff05242000228e4004427c07004050c0
:10f5c8001c00348ef1ff0524090006249da6400f77
:10f5d80025202002efff001000000000ef44400f3c
:10f5e80004008496258040002c002296f6ff5014d3
:10f5f800f2ff052406008296050040101800338e9d
:10f608002000228e000442305200401000110224d3
:10f6180000008496ef44400ff8ff102602008496fd
:10f62800ef44400f000082a6a880898f020082a6be
:10f63800040090a6e3ff201928002b8eac80888f49
:10f648002538000002000d3c01000c240f000a249c
:10f658000000108d2c0000520100e7244000058ea8
:10f668002418ad00280060500100e72462000492cd
:10f678005400038e2a186400230060500100e72418
:10f688002a000396200062540100e7243c000392fc
:10f6980023006c5028000e961b0060540100e724dc
:10f6a80028000e9600008696251840022000c611f4
:10f6b800252000000400a63002006e340b18c60195
:10f6c8002400068e05006651040084341200c01020
:10f6d8000800a6300100c054040063341c00068ee4
:10f6e80090ffc050080063341000a5308dffa0546f
:10f6f800080063341800258e0c00a58c1100c55035
:10f70800080084340100e724d1ffe9140400082527
:10f71800adff0010f1ff0524f0ff00100400633472
:10f728000000869625180000e2ffc6152520400235
:10f738002400068ee5ff661502008434e7ff0010fa
:10f748000400843478ff8a54251883007bff001056
:10f75800480002961800a2a71000638e0400829643
:10f768000c00678e253000000c0005241000a4272b
:10f778001400a3af1000a7aff744400f1a00a2a7c8
:10f788002000238e27100200040063300a00601056
:10f79800ffff46302538c0002528800225300002aa
:10f7a8005868400f2520200299ff4010f6ff0524d5
:10f7b80086ff00100900062425280002f744400fa0
:0cf7c80025208002f8ff00100000000067
:020000040000fa
:020000041d00dd
:10f7d40052454a45435445443a20496d6d65646930
:10f7e400617465206c6f67696e20726571756972ea
:10f7f4006564206279207365637572697479206c1d
:10f804006576656c20256420696e2025732e0a00b8
:10f81400425954455f575249544520746f2025641a
:10f82400206f6620256420696e2025732e0a00004f
:10f83400425954455f524541442066726f6d2025fc
:10f8440064206f6620256420696e2025732e0a00cb
:10f85400425954455f504f4c4c206f66202564201c
:10f86400666f7220256420696e2025732e0a0000bd
:10f8740056455253494f4e5f5245414420696e20cc
:10f8840025732e0a0000000053545245414d5f5227
:10f894004541442066726f6d202564206f662025e3
:10f8a4006420627974657320696e2025732e0a00c2
:10f8b4004552524f523a204661696c656420746f18
:10f8c40020777269746520256420627974657320d9
:10f8d400696e2025732e0a0053545245414d5f52e0
:10f8e40045414420636f6d706c65746520696e20ba
:10f8f40025732e0a000000004c4f47494e20696ec4
:10f904002025732e0a0000004c6f67676564206928
:10f914006e20776974682070617373776f726420e6
:10f92400272573272e0a000052454a45435445446f
:10f934003a204c6f67696e20617474656d70742031
:10f94400776974682070617373776f7264202725f8
:10f9540073272e0a00000000434f4e4649475f526a
:10f9640045414420696e2025732e0a005472616e4d
:10f97400736d697474656420636f6e66696775720c
:10f984006174696f6e206f662025642063686172fc
:10f994006163746572732e0a0000000052454a4583
:10f9a400435445443a204e6f74206c6f6767656416
:10f9b40020696e2e0a000000434f4e4649475f57a8
:10f9c4005249544520696e2025732e0a0000000018
:10f9d40041636365707465643a20636f6e6669673a
:10f9e40020256420636861726163746572732e0af2
:10f9f400000000002573000057726f7465206e6567
:10fa04007720636f6e66696775726174696f6e20c3
:10fa1400746f20666c6173682e0a000052454a4573
:10fa2400435445443a20436f6e6669677572617446
:10fa3400696f6e20737472696e6720746f6f206cc7
:10fa44006f6e672e0a0000004d41435f52454144ea
:10fa540020696e2025732e0a000000004543484f9c
:10fa6400206f6620257520627974657320696e2085
:10fa740025732e0a0000000025730a005245424fe8
:10fa84004f5420696e2025732e0a000052454a45c2
:10fa9400435445443a206e6f74206c6f6767656405
:10faa40020696e2e0a0000004552524f523a2055ea
:10fab4006e7265636f676e69736564206d657373d9
:0cfac40061676520696e2025732e0a0022
:020000040000fa
:020000041d00dd
:10fad000d0ffbd272c00bfaf2800b5af2400b4afc6
:10fae0002000b3af1c00b2af1800b1af1900c010b6
:10faf0001400b0af1800a01025800000160080048c
:10fb0000c080828f2b10820013004010d080918f14
:10fb1000802004000a88247e100020522c00bf8f11
:10fb20004c00228e0c004010030003247600229229
:10fb3000130043102590a000080003241000431078
:10fb4000000000007700239201000224560062505a
:10fb50000800238e258000002c00bf8f2510000296
:10fb60002800b58f2400b48f2000b38f1c00b28f03
:10fb70001800b18f1400b08f0800e0033000bd27db
:10fb8000aca2400f25202002eeff40102598400037
:10fb90002b8046000800248e0b3050000400228e7b
:10fba000ffffd030211890002b1862003300601046
:10fbb00025a0000225308002d4a6400f252840024f
:10fbc0000800268e1000238e2130d4001700c310a9
:10fbd000080026ae740024962016047c3c004004e5
:10fbe000640025962b1066005b0040500400228eb6
:10fbf0002330c300ffffc6306a0022962b38a600d0
:10fc00000b30a7002b10c2004d0040100000000078
:10fc10006e002296421002002b30c2004800c01035
:10fc2000000000003e00e050000884303e002296b4
:10fc300004004330c9ff60142c00bf8f010003246f
:10fc40008410627c3799400f3e0022a6b080848fda
:10fc500080180400211864006210043cc0180300de
:10fc6000d34d842419006400101800008219030089
:10fc700021106200b8ff0010280022ae23a044002b
:10fc8000ffff953225284002d4a6400f2530a00260
:10fc90000000248e2310140221905502080024ae87
:10fca000c4ff0010ffff54301000228eaaff621024
:10fcb0002580000064003096a8ff00122c00bf8f42
:10fcc00075a8400f25202002a3ff0010258000000a
:10fcd0003e00229620004230c3ff40142b106600e5
:10fce0000400278e0000288e23107002ffff423090
:10fcf0002338e800433807002a10e200baff401416
:10fd00002b1066001a00a014000000003e0022968e
:10fd1000010003244429627c8fff00103e0022a6cc
:10fd200007008014000000003e002286c0ff42044d
:10fd30003e0022960c00228ebdff62543e002296a9
:10fd400086ffa0502c00bf8f75a8400f25202002f1
:10fd500082ff00102c00bf8f0000278e231043006d
:10fd60002330c70021304600a3ff0010ffffc6303c
:10fd700075a8400f25202002e5ff00103e002296c6
:020000040000fa
:020000041d00dd
:10fd80004552524f523a204e6f2076657262206f74
:10fd900072206f7074696f6e207370656369666935
:10fda000656420696e2025732e0a00007365740057
:10fdb000636c6561720000004552524f523a204f09
:10fdc0006e6c79206f6e6520636f6d6d616e64205f
:10fdd00076657262207065726d69747465642069fd
:10fde0006e2025732e0a000053657473206f7220f5
:10fdf000636c656172732074686520646562756701
:10fe000020666c61672e0a0055736167653a0a20a7
:10fe1000206465627567203c7365747c636c656102
:10fe2000723e205b2d2d696e666f5d205b2d2d6807
:10fe3000656c705d0a0a53756d6d6172793a0a20be
:10fe40002053657473206f7220636c656172732038
:10fe500074686520646562756720666c61672074ec
:10fe6000686174206973207573656420746f206500
:10fe70006e61626c6520636f6e736f6c652070726b
:10fe8000696e7420636f6d6d616e64730a20206605
:10fe90006f7220646562756767696e672e205468ab
:10fea000652064656661756c742073746174652087
:10feb0006f66207468697320666c6167206f6e20be
:10fec000726573657420697320736574206279208c
:10fed0006120636f6e7374616e7420696e0a2020f6
:10fee00074686520736f7572636520636f64652c39
:10fef000206275742077652063616e206368616e8f
:10ff000067652074686520666c6167206475726936
:10ff10006e672072756e2d74696d652077697468df
:10ff2000207468697320726f7574696e652e0a0a91
:10ff300056657262733a0a2020736574202020206f
:10ff400020202020202020536574207468652064c0
:10ff50006562756720666c61672c206465627567f1
:10ff6000207072696e747320656e61626c65642eb8
:10ff70000a2020636c656172202020202020202030
:10ff800020436c65617220746865206465627567e2
:10ff900020666c61672c20646562756720707269e9
:10ffa0006e74732064697361626c65642e0a0a4f13
:10ffb0007074696f6e733a0a20202d2d696e666f1a
:10ffc00020202020202020205072696e7420612083
:10ffd0006f6e652d6c696e652073756d6d617279dc
:10ffe000206f66207468697320636f6d6d616e6445
:10fff0002e0a20202d2d68656c70202020202020c6
:020000041d01dc
:1000000020205072696e7420746869732068656c72
:0c0010007020746578742e0a0000000057
:020000040000fa
:020000041d01dc
:10001c00b0ffbd273c00b0af0400908c4800b3afdc
:10002c004400b2af4c00bfaf4000b1af2590800090
:10003c002c00a0af2800a0af3000a0af2000a0afd4
:10004c001c00a0af2400a0af1400a0af1000a0af04
:10005c001800a0af039d133c9000118e1a002012c3
:10006c001c00a28f9400028e73002252940000aeea
:10007c000000228e900002ae9800028e0200032433
:10008c00ffff4224980002ae0f0022926600431438
:10009c00060105241000228e5a0042122000a28f65
:1000ac0055004010000020ae000051ac2000b1af54
:1000bc002400a28f9000118e01004224e9ff20162b
:1000cc002400a2af1c00a28f2800a58f2800b12706
:1000dc00900002ae2000a28f940002ae2400a28fea
:1000ec000800a010980002ae020007242530200260
:1000fc00866d400f252000022800a58ffbffa01461
:10010c0002000724039d133c9c00118e1a00201240
:10011c001000a28fa000028e59002252a00000ae47
:10012c000000228e9c0002aea400028e0300032469
:10013c00ffff4224a40002ae0f0022924c00435455
:10014c00060105241000228e400042121400a28fda
:10015c003b004010000020ae000051ac1400b1afc9
:10016c001800a28f9c00118e01004224e9ff20167a
:10017c001800a2af1000a28f2800a58f2800b1276d
:10018c009c0002ae1400a28fa00002ae1800a28f39
:10019c000800a010a40002ae0300072425302002a2
:1001ac00866d400f252000022800a58ffbffa014b0
:1001bc00030007240400428e4c00bf8fffff052470
:1001cc000400449402004394000040a6ffff8424e2
:1001dc008410037c0c0045ae4800b38f4400b28ff2
:1001ec004000b18f3c00b08f040044a4020043a433
:1001fc000800e0035000bd272000b1afacff001099
:10020c001c00b1af2c00a28f1f004010000020aecc
:10021c00000051ac2c00b1af3000a28f0100422481
:10022c008dff00103000a2af8da4400f60a9642692
:10023c0099ff00101000228e8fff0010900000ae6e
:10024c001400b1afc6ff00101000b1af2c00a28f8c
:10025c0010004010000020ae000051ac2c00b1afdb
:10026c003000a28f01004224a7ff00103000a2af83
:10027c008da4400f60a96426b3ff00101000228edd
:10028c00a9ff00109c0000ae2c00b1afe2ff0010e3
:10029c002800b1af2c00b1aff1ff00102800b1afb6
:020000040000fa
:020000041d01dc
:1002ac00ac80828fd0ffbd272c00bfaf2800b6af2b
:1002bc002400b5af2000b4af1c00b3af1800b2af30
:1002cc001400b1af970040101000b0af0200a23084
:1002dc00259880002588a00025a0c00025a8e00056
:1002ec002900401025900000e1ac400f00000000f8
:1002fc00948083932a006014ffff6324e3ac400fc7
:10030c00252040002b004012a880848f0c00801800
:10031c00ac80828f0000438c2c00601004004224bf
:10032c000400001025800000fcff438c2900605065
:10033c00a480848f01001026fbff041604004224c5
:10034c00e1ac400fffff10249480839325204000e4
:10035c0001006324e3ac400f948083a32c00bf8f77
:10036c00251000022800b68f2400b58f2000b48f12
:10037c001c00b38f1800b28f1400b18f1000b08f17
:10038c000800e0033000bd27e1ac400f2590c00011
:10039c0094808393d9ff601025a00000ffff632495
:1003ac0025204000e3ac400f948083a3d7ff401678
:1003bc00a880848f698e400f00000000e0ff401081
:1003cc0025904000d1ff0010a880848f258000006c
:1003dc00a480848f640006240800828c09f84000f5
:1003ec0001000524d6ff401025b04000ac80828f60
:1003fc00801810002086107c211043001200d0a61b
:10040c00e1ac400f000056ac948083932520400053
:10041c0001006324e3ac400f948083a34000c28ea0
:10042c000300032480002432046b627e2a00d2a6cf
:10043c002800d4a63c00d3a23d00c3a26200c3a2f4
:10044c00210080104000c2ae01000324444a627cab
:10045c001000c0a64000c2ae0001223205004010c0
:10046c00010031324000c28e01000324c45a627c68
:10047c004000c2ae17002012010002244800c396af
:10048c00010004244000c2928410837c4800c3a65f
:10049c002c00bf8f8420027c1c0042344000c2a27e
:1004ac002400b58f251000022800b68f2000b48fd1
:1004bc001c00b38f1800b28f1400b18f1000b08fd6
:1004cc000800e0033000bd279c808297e2ff0010fb
:1004dc001000c2a6a2ff62162c00bf8fa1ffa012b3
:1004ec00251000024000c28e0000a38e0442627ee2
:1004fc004000c2ae2c00bf8f251000021400c3ae0a
:10050c002400b58f2800b68f2000b48f1c00b38f49
:10051c001800b28f1400b18f1000b08f0800e003e8
:0c052c003000bd278dff0010ffff1024e1
:020000040000fa
:020000041d01dc
:10053800b8ffbd273400b3af3000b2af2800b0af6a
:100548004400bfaf8880908f4000b6af3c00b5af85
:100558003800b4af2c00b1af2598800076aa400fc0
:100568002590a0004018020021186200c01803005e
:100578002318620080180300218003024400028ec1
:100588000f0040100000000009f84000252060021c
:100598000b0040102588400002a6400f252040008f
:1005a8000200432c060060140100422458001492f3
:1005b800400094320a1014000500001025a04000e5
:1005c8005fac400f252060022588400025a0000070
:1005d8001000a0af1400a0af1800a0af1c00a0af7f
:1005e8002000a0af2400a0a3140027262510200275
:1005f8001000a3272000062401004224ffff4480a6
:10060800f7ff8524050086100500a52c0300a0141b
:1006180000000000000064a001006324f7ffe2145a
:100628000100422402a6400f1000a4273800401001
:100638002580400025b000001000b327780015245d
:1006480000006492d3ff82240200422c050040146b
:100658000100d62699a8400f000000000100405074
:10066800000075a22a10d002f5ff4014010073267d
:100678001000a283200042349fff42241a00422c1b
:1006880003004014ffff1326780002241000a2a3e1
:100698001000a2272198530099a8400f00006492e7
:1006a8000200401478000224000062a2250080564f
:1006b800000020a20400428e020013262b105300d3
:1006c80037004014253000020000448e0c0002243c
:1006d800000082a0010090a01000a527d4a6400f1a
:1006e80002008424251060024400bf8f4000b68faa
:1006f8003c00b58f3800b48f3400b38f3000b28f10
:100708002c00b18f2800b08f0800e0034800bd27f7
:1007180001008056000020a2251000004400bf8f71
:100728004000b68f3c00b58f3800b48f3400b38fcb
:100738003000b28f2c00b18f2800b08f0800e00382
:100748004800bd270400428e020013262b105300d8
:10075800130040140c0003240000428e25300002d0
:100768001000a52702004424000043a0010050a067
:10077800d4a6400f010010262a1090020aa00202f7
:10078800253080021000a52725202002d4a6400f7e
:1007980021a03402ffff80a2d3ff001025106002c1
:0807a800deff0010ffff022438
:020000040000fa
:020000041d01dc
:1007b000d0ffbd274800828c2400b0af2580a00068
:1007c0002800b1af2c00bfaf258880001800a0a77b
:1007d0001000a0af1400a52709f840002520000252
:1007e000250040041000a6272800228e252800009e
:1007f00009f84000252000021400a2970800432cad
:100800008600601080180200019d023c1c084224f2
:100810000a10437c0800400000000000c009019d50
:100820003c08019dec08019d1c09019d4809019da2
:100830008809019d8c08019db808019d5400228ef5
:100840001800a52709f84000252000020a004004ee
:1008500001000324680043101800a2876c004104c3
:10086000252800004c00228e1400a0af09f840009b
:1008700025200002010002242c00bf8f2800b18f28
:100880002400b08f0800e0033000bd275000228e06
:100890001000a68f2528000009f84000252000023e
:1008a000f5ff400401000324530043100700022415
:1008b0004d0000101400a2a75400228e1800a52796
:1008c00009f8400025200002ebff4004010003244a
:1008d000490043101800a2973800039624104300e3
:1008e0002b100200e4ff0010231002005800228e9b
:1008f0001000a78f380006962528000009f8400050
:1009000025200002dcff4004010003243a004310cc
:1009100003000224340000101400a2a75000228e0d
:100920001000a68f2528000009f8400025200002ad
:10093000d1ff4004010003242f00431004000224cf
:10094000290000101400a2a75400228e1800a52729
:1009500009f8400025200002c7ff400401000324dd
:10096000250043101800a397380002962420620047
:10097000c1ff8214ffff0224050002241600a3a772
:10098000190000101400a2a71600a69738000396bd
:100990005800228e1000a78f2630c30025280000a3
:1009a00009f8400025200002b3ff400401000324a1
:1009b00011004310060002240b0000101400a2a72f
:1009c0005000228e1000a68f2528000009f8400054
:1009d00025200002a8ff4004010003240700431063
:1009e0002c00bf8f1400a3a74c00228e1400a58feb
:1009f00009f84000252000022c00bf8f01000224ce
:100a00002800b18f2400b08f0800e0033000bd271c
:100a100002000224f4ff00101400a2a796ff0010a9
:040a2000f7ff0224b6
:020000040000fa
:020000041d01dc
:100a2400c0ffbd271800b0af2510a000029d103ce8
:100a34001400a4afe0ad0526252040003c00bfaf64
:100a44003800beaf3400b7af3000b6af2c00b5af3e
:100a54002800b4af2400b3af2000b2af3d8a400fea
:100a64001c00b1af8400401025f04000019d023c01
:100a7400010014242598000025b0000025a80000da
:100a8400029d113c029d123c019d173c1200001076
:100a94001000a2afdfa6400f2520c0033100401094
:100aa4001000a28f2520c003dfa6400fb0fd45240f
:100ab400600040142530c0033100601625a00000fa
:100ac40001001324e0ad05263d8a400f25200000d7
:100ad4001000401025f04000e4ad2526dfa6400fad
:100ae4002520c0031d004010ecad4526dfa6400fb5
:100af4002520c003e7ff4014acfde526e0ad052644
:100b04003d8a400f2520000001001624f2ff401406
:100b140025f040003900a0561400a48f2900c056c7
:100b24001400a48f540060123c00bf8f4c8194a326
:100b34003800be8f3400b78f3000b68f2c00b58fcd
:100b44002800b48f2400b38f2000b28f1c00b18f13
:100b54001800b08f0800e0034000bd27d9ff001043
:100b640001001524060060162520c003010013248b
:100b7400dfa6400fb0fd4524d2ff00100aa00200fa
:100b8400039d063c019d053c2cb0c624b8fda5245c
:100b94001400a48f3c00bf8f3800be8f3400b78f81
:100ba4003000b68f2c00b58f2800b48f2400b38f8b
:100bb4002000b28f1c00b18f1800b08ffc9e400b38
:100bc4004000bd273c00bf8f3800be8f3400b78f74
:100bd4003000b68f2c00b58f2800b48f2400b38f5b
:100be4002000b28f1c00b18f1800b08f019d053c0e
:100bf40008fea5240400400b4000bd273c00bf8f25
:100c04003800be8f3400b78f3000b68f2c00b58ffc
:100c14002800b48f2400b38f2000b28f1c00b18f42
:100c24001800b08f019d053ce8fda5240400400b8d
:100c34004000bd271400a48f3c00bf8f3800be8f36
:100c44003400b78f3000b68f2c00b58f2800b48fd6
:100c54002400b38f2000b28f1c00b18f1800b08f16
:100c6400039d073c029d053c2cb0e724f4ada5246c
:100c7400fc9e400b4000bd27039d063c019d053ca6
:0c0c84002cb0c624c2ff001080fda52487
:020000040000fa
:020000041d01dc
:100c9000d8ffbd271000b0af1800908c2000b4af73
:100ca0001c00b3af1400b1af2400bfaf1800b2af47
:100cb00044009290000002924600839425888000b0
:100cc00014005226040004240439827c822012007d
:100cd0000418827c0100633025a0a0002598e00064
:100ce0000c006010000002a24500249214000226ad
:100cf0002118120280200400211044000400442422
:100d00002b18830094040424000044a453006014ae
:100d1000020040a421304602010000a254006012eb
:100d2000ffffc430000062922000433006006010d4
:100d30001000433025180000010005248410a37c16
:100d4000010003a210004330060060100800433089
:100d50000100039201000524c418a37c010003a232
:100d60000800433006006010070043300100039282
:100d7000010005240421a37c010003a207004330e5
:100d80000400601000000000010003924439437c1d
:100d9000010003a2ef44400f00000000fc80839795
:100da000020002a601006224ffff4230252040001d
:100db000ef44400ffc8082a7040002a6ef44400fde
:100dc00025200000060002a60200639220006014a5
:100dd000010003240100629264000324090014a2ac
:100de0000a106200080002a23c00228e3800238e06
:100df0004000248e0a0000a60c0003ae100002aed4
:100e000060008290040042303400405025200002ef
:100e10001000258e1800228e2400bf8f0c00a39492
:100e2000211052002000b48f219043020c00b2a484
:100e30001c00b38f1c0022ae280024ae1800b28f15
:100e40001400b18f1000b08f0800e0032800bd2708
:100e50008473627cdfff0010060002a62130460288
:100e6000040040a0ffffc430aeff6016010000a2e6
:100e7000ef44400f00000000fc808397020002a6b0
:100e800001006224ffff423025204000ef44400f64
:100e9000fc8082a7040002a6ef44400f252000003a
:100ea000060002a664000224080002a2090014a29f
:100eb0003c00228e3800238e4000248e0a0000a6bb
:100ec0000c0003ae100002ae6000829004004230bd
:100ed000d0ff40541000258e252000022530000050
:100ee000f744400f252840024000248ec8ff001020
:040ef0000a0002a64c
:020000040000fa
:020000041d01dc
:100ef400d0ffbd272400b3af0080133c1800b0af6f
:100f0400600970261c00b1af2c00bfaf2800b4af3d
:100f14002000b2af53000416258800007400028e2e
:100f24002590c0002588a0001400a0af0500401043
:100f34001000a0af0080043c0500052409f840001f
:100f4400700a84240080053c1400a7271000a627fb
:100f5400100aa524125f400f6009642625a04000f2
:100f64007400028e04004010060005240080043c36
:100f740009f84000700a8424ffff82260200422cf4
:100f840041004014000000005e0080562801028edb
:100f94001400a38f0400628cc005447c5f00805061
:100fa4002401028e0000638c0001043c24186400b8
:100fb4001000043c241044002510620057004054e3
:100fc4002401028e1801028e010042240200201224
:100fd400180102ae000020ae2800048eb800118e65
:100fe40024000386bc000296248824020a88237ef7
:100ff400fcff4524eeff42241000238e0800648c7d
:10100400000060acbc0005a60e0085240c0062a4a0
:10101400140024ae3799400f180025ae1400a48f95
:101024002000238e240022ae0000858c2510600051
:101034000431027c080046348007a37c3d00601024
:10104400200026ae28004234200022ae06004012c2
:101054002c00bf8f0000838c0400828c000043ae00
:10106400040042ae2c00bf8f251020022800b48f4c
:101074002400b38f2000b28f1c00b18f1800b08ff2
:101084000800e0033000bd27020020120100022402
:10109400000022aeb800058e1100a0102c00bf8ff6
:1010a4007400028e050040100080043c05000524f5
:1010b40009f84000700a8424b800058e6553400f77
:1010c400600964267400028e0400401006000524a2
:1010d4000080043c09f84000700a84242c00bf8f6f
:1010e40025880000251020022800b48f2400b38f27
:1010f4002000b28f1c00b18f1800b08f0800e003ed
:101104003000bd2701004224e2ff2012280102ae74
:10111400f6ff0224dfff0010000022ae010042248b
:10112400dcff2012240102aef5ff0224d9ff0010d7
:10113400000022ae0400a2044800423418004234e5
:10114400c2ff0010200022aec0ff0010200022ae1b
:020000040000fa
:020000041d01dc
:101154001800838cc8ffbd27030002243400bfafee
:101164003000b3af2c00b2af2800b1af7a006210e8
:101174002400b0af8080828f258080005500401409
:101184002588a0002500a0105c0006240800828c9d
:10119400000085940800438c25204000708082afb5
:1011a400ffff022409f860007c8082a71b00401026
:1011b400888082af009d053c050006246072a5244a
:1011c4001d99400f0c0004240080043ce05f84243b
:1011d400d7ac400f748082af259840000c00229653
:1011e4000800238e02010724253000002528400032
:1011f400010004247a8083a7109b400f788082a783
:1012040025904000ffff02240c0042161000a62780
:101214007c8092a75781400f000000003400bf8fec
:10122400251000003000b38f2c00b28f2800b18f3e
:101234002400b08f0800e0033800bd270500052412
:101244005c48400f252040021000a2970002422c67
:10125400090040107a8086970002022400020624c6
:101264000500052425204002032b400f1000a2a7ef
:10127400470040107a808697253800000100052435
:10128400f94a400f2520400241004010253000005b
:1012940002000524032b400f25204002039d063c39
:1012a40025380000b4a4c62400010524de97400fad
:1012b40025204002360040107480828fd5ff4010f4
:1012c4007c8092a7d3ff6012000000000000029609
:1012d400848082af1400038e0400258e1000048ed7
:1012e4004010030021104300c010020023104300eb
:1012f4008880838f8010020042008694211062004f
:101304002a3805000a0003240a286700500045a46f
:10131400020005244e0045a40100c330e80305245f
:10132400580040a016006014520045a48080838faa
:101334000100022401006324808083af3400bf8f46
:101344003000b38f2c00b28f2800b18f2400b08fef
:101354000800e0033800bd271000848c4200839409
:1013640001006330f5ff6010010002240100052430
:10137400b274400f1800a2aff0ff00101800a28f43
:10138400b274400f01000524e9ff00108080838fb0
:101394000583400f25204002ffff02245781400fa0
:0c13a4007c8082a79eff00103400bf8fe9
:020000040000fa
:020000041d01dc
:1013b000a020047c0800e00302142400a020047c88
:1013c0000800e00325108000a020047ca028057cf4
:1013d000021425000800e003021c2400fcffa824de
:1013e0001b000105010007348500a0102518c0006e
:1013f000ffffa824040000150000000000008390f7
:101400000f00001021186600ffff082506000015d8
:101410000100839000008890001a030025186800de
:1014200007000010211866000000899002008890d3
:10143000001a0300251869002118680021186600a9
:10144000024c0300ffff6a306d00001021182a01d2
:10145000110000001300c000010082300300893039
:101460000f00201104000b342358690125400000af
:1014700000008898ffff29250500201108000a3484
:10148000ffff29250200201108004a2508004a25ef
:1014900004404801010007712328ab0021208b0084
:1014a0004219050040310300130060100000888cd1
:1014b0000400898c0100077108008a8c01002771e3
:1014c0000c008b8c0100477110008c8c010067713f
:1014d00014008d8c0100877118008e8c0100a7719b
:1014e0001c008f8c0100c771ffff63240100e771ae
:1014f000edff0010200084242328a6000219050017
:10150000003103000b0060100000888c0400898cff
:101510000100077108008a8c010027710c008b8c78
:1015200001004771ffff632401006771f5ff0010a0
:10153000100084242328a600c2180500c030030030
:10154000070060100000888c0400898c010007717e
:10155000ffff632401002771f9ff001008008424b5
:101560002328a600821805008030030003006010c5
:101570000000888c04008424010007712328a60041
:101580000f00a0100100a6300400c01400000000ed
:101590000100888809000010024408000200a630fb
:1015a0000400c01400000000000088880300001040
:1015b0000246080002008888024208000100077104
:1015c0001048000012400000211828012b58680024
:1015d000020060110000000001006324024c0300bf
:1015e000ffff6a3021182a01024c0300ffff6a3016
:1015f00021182a010200401000000000a018037cfe
:0c160000271060000800e003ffff4230ec
:020000040000fa
:020000041d01dc
:10160c00d0ffbd272000b2af1c00b1af1800b0afa7
:10161c002c00bfaf2800b4af2400b3af2590c0009e
:10162c00258880007400c0142580a00025280000a7
:10163c0025200002c9a7400f6c0006240800248e48
:10164c0025a0000025980000780080103c0005269d
:10165c004962400f000000000c00248e0564400f0e
:10166c00180005261000248e0564400f1c0005266a
:10167c001400248e0564400f200005261800248ecb
:10168c000564400f240005261c00248e0564400fc1
:10169c00280005262800228e08004010440002aec7
:1016ac0000004394020003a602004390ffff622453
:1016bc000400422c0b004014630003a23a004016b5
:1016cc00251000002c00bf8f2800b48f2400b38f8e
:1016dc002000b28f1c00b18f1800b08f0800e003ff
:1016ec003000bd270400238e2c000226252040004c
:1016fc0003006888070067880b0066880f00658800
:10170c0000006898040067980c00659808006698bb
:10171c00030048a8000048b8070047a8040047b8d1
:10172c000b0046a8080046b80f0045a84a88400f91
:10173c000c0045b8420002962400238e01000424bc
:10174c000463827c0410027c01006530480003a60f
:10175c003d00a014420002a61800058e1c00048e49
:10176c002000038e0463027c040005ae080004ae66
:10177c000c0003ae420002a64200029601000324b4
:10178c002400058e2800048e4429627ce7ff423039
:10179c00c418627c420002a6100005ae140004ae10
:1017ac00c8ff4012010002241000a48f640003261d
:1017bc00670004aa000064b81400a493040064a099
:1017cc001500a493050064a01600a493060064a061
:1017dc002c00bf8f540014ae580013a62800b48ff1
:1017ec002400b38f2000b28f1c00b18f1800b08f73
:1017fc000800e0033000bd27070006246400a52480
:10180c00dda7400f1000a42725280000252000028a
:10181c006c0006245400148ec9a7400f5800139670
:10182c000800248e8aff80143c0005263c0000a290
:10183c000100a0a00200a0a00300a0a00400a0a092
:10184c0085ff00100500a0a00400827ccaff0010d8
:04185c00420002a69e
:020000040000fa
:020000041d01dc
:101860005443502f495020537461636b3a204865ac
:101870006170206372656174696f6e206661696c66
:1018800065642c20747970653a2025640d0a000087
:101890005443502f495020537461636b3a204e6576
:1018a00074776f726b20636f6e66696775726174af
:1018b000696f6e20616c6c6f636174696f6e206616
:1018c00061696c65643a20256c750d0a00000000a2
:1018d0005443502f495020537461636b3a20506138
:1018e000636b657420696e697469616c697a61748f
:1018f000696f6e206661696c65643a20307825787e
:101900000d0a00005443502f495020537461636bfb
:101910003a2044656661756c7420466c617368207a
:101920004e6574776f726b20636f6e666967757250
:101930006174696f6e206c6f6164206661696c65ab
:10194000642025640d0a00005443502f4950205351
:101950007461636b3a204e6574776f726b20636fae
:101960006e66696775726174696f6e20696e6974fd
:1019700069616c697a6174696f6e206661696c6512
:10198000643a2025640d0a005443502f49502053d7
:101990007461636b3a204e6574776f726b20636f6e
:1019a0006e66696775726174696f6e3a20416c6921
:1019b00061736573206e6f7420737570706f7274cd
:1019c00065643a2025640d0a000000005443502f3e
:1019d000495020537461636b3a204e6574776f727f
:1019e0006b20636f6e66696775726174696f6e3aba
:1019f00020696e76616c696420495020616464726c
:101a00006573733a2030782538780d0a000000009d
:101a100025732564000000005443502f4950205383
:101a20007461636b3a20506f776572204d6f646507
:101a300020696e697469616c697a6174696f6e207e
:101a40006661696c3a2025640d0a00005443502fea
:101a5000495020537461636b3a2044796e616d691b
:101a600063206d656d6f7279206973206c6f773ab2
:101a700020256c750d0a00005443502f4950205307
:101a80007461636b3a20496e697469616c697a614b
:101a900074696f6e206661696c6564202564202d11
:101aa0002041626f7274696e6721200d0a00000088
:020000040000fa
:020000041d01dc
:101ab0003e008294c8ffbd272400b0af0100423031
:101ac000258080003400bfaf3000b3af2c00b2af30
:101ad0002800b1af050040104c00848c74000296c1
:101ae000000443304a006010000000000400801031
:101af00001000224770003925800621001001324b1
:101b00007a0006967c00118e2430c5003800c01083
:101b10008000078e36002012010013243c0012863c
:101b20004800058e660060162520000274000396aa
:101b30003e0002960000088ef3fd6330740003a699
:101b40007400048e14000a8e62000c96ffff63304e
:101b50004450027c01000924000242340008847cc5
:101b6000080008ae0c0008ae100008ae00206b3074
:101b7000ffff082472000ca61c000aae20000aae6b
:101b8000380000ae340000ae540000ae5c0008ae79
:101b9000640009a66e0009a6600000a63e0002a629
:101ba000400000ae790000a202006015770004a298
:101bb000480000ae0040633001006050440000aeb9
:101bc000870000a2760000a23600c0102520400247
:101bd00025c820023400bf8f3000b38f2c00b28f95
:101be0002800b18f2400b08f080020033800bd27e3
:101bf000252000023400bf8f3000b38f2c00b28f3d
:101c00002800b18f2400b08f0399400b3800bd2706
:101c10000700801001000324770006920500c354da
:101c20007a000696030042300c0040102598000010
:101c30007a0006967c00118e2430c5001600c01074
:101c40008000078eb5ff2016259800002590000023
:101c500025280000b5ff0010253000002000828cf0
:101c600008004230210040104c0000ae7a00069679
:101c70007c00118e2430c5001900c0108000078e32
:101c8000a7ff20563c001286259000002528000062
:101c9000a4ff00102530000025900000a3ff0010d5
:101ca000252800003400bf8f3000b38f2c00b28f86
:101cb0002800b18f2400b08f0800e0033800bd2752
:101cc0001800a7af1400a5af0399400f1000a6afee
:101cd0001000a68f1400a58fbbff00101800a78f5f
:101ce000259000008fff001025280000bb90400fba
:0c1cf0001000a5afddff00101000a58f54
:020000040000fa
:020000041d01dc
:101cfc00b8ffbd273c00b0af4400bfaf4000b1af50
:101d0c000300c01425808000ff7f063cffffc63413
:101d1c002700a4270418047c000095bc0f000000c9
:101d2c000020023c252082000c0080ac080080ac16
:101d3c000000a38c4d0060104c00118e0100ec30a3
:101d4c000801088e80010d2401000a240200e730ee
:101d5c001200001004000b244d006304feff02244b
:101d6c000c00838c000040ac28006010140040acc8
:101d7c000400492400e0297d000062ac140069ac29
:101d8c000400a5240c0082ac0000a38c250060107c
:101d9c00ffffc6242400c0500800828c0800028d6e
:101dac000c00098d370049500c0000ad0000498c27
:101dbc00080009ad00e0697c080049ac0400801102
:101dcc0004004dac0400498c444a497d040049ace4
:101ddc000500e010424f03000400498c0463497d68
:101dec00040049ac424f0300dbff2b150000000040
:101dfc000400438c8452437d040043ac0c00838c60
:101e0c00000040acdaff6014140040ac0c0082ac53
:101e1c00080082ac0400a5240000a38cddff601434
:101e2c00ffffc6240800828c100040100c00822496
:101e3c000c01058e01000324080087240c00a62445
:101e4c00252000021400a3af1000a2afc54f400f15
:101e5c000800a524abac400f252020022c004050dc
:101e6c000c01028e71ab400f2520200225100000c2
:101e7c004400bf8f4000b18f3c00b08f0800e003de
:101e8c004800bd27cbff4014080000ad030002241e
:101e9c000801078e0800838c0c00858c110065509e
:101eac000c0080ac0000658c0c00e68c080085ac46
:101ebc000400652400e0a57c000060ac1100c0109b
:101ecc00140060ac0000c3ac1400c5ac0c00e3ac57
:101edc000c00858c0800838cf3ff65540000658c26
:101eec000c0080ace2ff6010080080ac0c00e68cab
:101efc000400652400e0a57c000060acf1ffc01478
:101f0c00140060ac0c00e3ace2ff00100800e3ac82
:101f1c00252020020800458c0400a5240aab400fa4
:0c1f2c0000e0a57ccfff001000000000ca
:020000040000fa
:020000041d01dc
:101f38000800838cd0ffbd27030002242c00bfaf0c
:101f48002800b3af2400b2af2000b1af4b0062103d
:101f58001c00b0af0400902425888000c5a8400f5d
:101f6800252000025081838f001006242330c300ef
:101f78002b2046000b3044002e00c0140080053c86
:101f880025006010251000000080103c642b029290
:101f9800a500042453004454040003240900622cbf
:101fa8002e004014642b10260800128a0500129a8d
:101fb800a090127c029432000a0053262b10730062
:101fc8002600401421105002090043905a000224b0
:101fd800500062140080073c0400058a6d2be7243a
:101fe8000100059a2530400225202002a028057c02
:101ff800a709400f022c2500080040042c00bf8fc1
:102008005081828f2b1862022e006014f6ff422442
:10201800508180af251000002c00bf8f2800b38f9f
:102028002400b28f2000b18f1c00b08f0800e0039d
:102038003000bd27642ba5242128a300cda8400f7c
:10204800252000025081838f21184300ceff6014a1
:10205800508183aff0ff0010251000002c00bf8fc7
:10206800251060002800b38f2400b28f2000b18fa4
:102078001c00b08f0800e0033000bd274c8182931c
:10208800508180afe3ff4010380080a00000858cad
:10209800039d063c029d043cacb1c62493a1400fad
:1020a800285784242c00bf8f251000002800b38fe8
:1020b8002400b28f2000b18f1c00b08f0800e0030d
:1020c8003000bd27239052002530400221281302fa
:1020d8006b99400f2520000225104002ceff00100a
:1020e800508192af160043104c818493caff801030
:1020f800ffff0224039d053c029d043cacb1a524ce
:102108006857842493a1400f1000a2afc2ff0010ab
:102118001000a28f4c818393bfff6010ffff022441
:10212800039d053c029d043cacb1a524845784243e
:1021380093a1400f1000a2afb7ff00101000a28fac
:10214800b5ff8010ffff0224039d053c029d043c5f
:10215800acb1a5244c57842493a1400f1000a2af22
:08216800adff00101000a28f72
:020000040000fa
:020000041d01dc
:102170002c008004a880878fe8ffbd271400bfaf24
:102180002a1087002300401025180000e1ab400f03
:1021900000000000200040101400bf8f1e00c0107f
:1021a0001000a42c1c00801080280500019d033c19
:1021b000c02163240a28657c0800a00000000000fc
:1021c0000022019d5c22019d7422019d8c22019db3
:1021d000a022019db422019dc422019dd422019d13
:1021e000e422019df822019d0823019d6423019da5
:1021f0007823019d8c23019d3022019d4422019d65
:102200004000428c01000324040042388000427cdc
:102210000000c2a01400bf8f251060000800e0037a
:102220001800bd27251800000800e00325106000f5
:10223000480042900100032401004230f5ff0010e5
:102240000000c2a048004294010003240004423868
:102250008002427cefff00100000c2a04000428cd0
:102260000100032408004238c000427ce9ff00104e
:102270000000c2a04000428c01000324100042383c
:102280000001427ce3ff00100000c2a04000428c2d
:102290000100032403004230deff00100000c2ac46
:1022a0004000428c010003248002427cd9ff0010d0
:1022b0000000c2a01000429401000324d5ff0010ca
:1022c0000000c2a43d00429001000324d1ff001091
:1022d0000000c2a06200429001000324cdff001064
:1022e0000000c2a0420042940100032401004230d9
:1022f000c8ff00100000c2a0630042900100032448
:10230000c4ff00100000c2a04000438c4400478c72
:10231000480044941c0062301c0042380100422cea
:10232000020045340b10a70004004534010087303b
:102330000b10a70002008430080045340b10a400e5
:10234000100044348004657c0b108500c004637c5d
:10235000200044340b1083000000c2acadff00101d
:10236000010003244800428c01000324c028427c61
:10237000a8ff00100000c2a04800429401000324fe
:102380004002427ca3ff00100000c2a04400428c27
:10239000010003242b1002009eff00100000c2a0c9
:020000040000fa
:020000041d01dc
:1023a000d8ffbd272400bfaf2000b3af1c00b2afe1
:1023b0001800b1af270080101400b0af2500a010a6
:1023c00025808000e1ac400f2590a00048000392da
:1023d0003f006014f0ff5126e3ac400f2520400081
:1023e0002400028e41004010f4ff458e2b1822027b
:1023f000210060502800068e009905002118330244
:10240000470043500400438cf0ff42ae240011ae5d
:102410003000028e23104500e1ac400f300002aec8
:10242000480003922520400001006324e3ac400fe4
:10243000480003a22400bf8f251060021c00b28f49
:102440002000b38f1800b18f1400b08f0800e00394
:102450002800bd27259800002400bf8f25106002aa
:102460001c00b28f2000b38f1800b18f1400b08f02
:102470000800e0032800bd272b18d100200060547d
:102480000400c38c2b185100040060100000448c21
:102490002b1824022a00601400990500f9ff80140b
:1024a00025108000f8ff0224e1ac400f380002ae96
:1024b0004800039225204000259800000100632475
:1024c000e3ac400f480003a2e4ff00102400bf8fdc
:1024d000ffff632425204000e3ac400f480003a227
:1024e0002400028ec1ff4014f4ff458ef0ff40ae81
:1024f00000990500280011aec5ff0010240011aea0
:10250000001103002110c2001800221200990500da
:102510000000d1acf0ff40aebdff0010280011aeae
:102520000000468c2800048e21186500f4ff43ae9d
:10253000b6ff4414f0ff46aeb4ff0010280011ae01
:1025400021183302140083500000878cf0ff44ae42
:102550000400448c00190400211843000600235293
:10256000f4ff438eaaff0010000051ac2118650053
:10257000a7ff00100400c3acf0ff478e2800068eb2
:1025800021206400040044aca1ffd114000047ac3a
:102590009fff0010280002ae0400838cf0ff47aebe
:1025a0000000448c21186500e9ffc414f4ff43ae19
:0825b000e7ff0010280011ae46
:020000040000fa
:020000041d01dc
:1025b800d0ffbd272c00bfaf2800b6af2400b5afb1
:1025c8002000b4af1c00b3af1800b2af1400b1af15
:1025d8000200a0101000b0af0000a0ac7500801081
:1025e8000080163c258080001c60c42662a3400f32
:1025f80025a8a0007100401025a0400010000296f8
:10260800020007242530000008004224ffff533051
:10261800252860028d97400f480004244b00401085
:10262800258840001c00528c039d023c54b3422470
:10263800080022ae080002240c0020ae000042aec2
:102648000a00039608000296100006960c00058ef4
:1026580008004426040043a6d4a6400f060042a65c
:102668002530000025286002f744400f252040024d
:102678000400038e0000048e25380000020042a6e4
:10268800380026263c0023ae6383400f3c002526f5
:102698002c004010400022ae1000238e00000a8e4d
:1026a8000400098e0c0062940800088e0c00078e46
:1026b8001000068e1400058e1800048e2110620288
:1026c80008008aae0c0089ae100088ae140087aef0
:1026d800180086ae1c0085ae200084ae25380000a8
:1026e80025306002010005240c0062a42443400f39
:1026f8002520200259ac400f25202002220040143a
:10270800fdff10241c60c42653a3400f2528800217
:10271800bb90400f252020022c00bf8f25100002ff
:102728002800b68f2400b58f2000b48f1c00b38f0b
:102738001800b28f1400b18f1000b08f0800e003aa
:102748003000bd27efff0010feff1024252880026f
:1027580053a3400f1c60c4262c00bf8fffff10241a
:10276800251000022800b68f2400b58f2000b48ff2
:102778001c00b38f1800b28f1400b18f1000b08ff7
:102788000800e0033000bd273799400f0000000023
:102798000080043c040082ae2528800253a3400f29
:1027a80010608424dcffa01225800000daff0010ee
:1027b8000000b4aed8ff0010fcff1024d6ff0010b4
:0427c800fbff1024df
:020000040000fa
:020000041d01dc
:1027cc004c6973742050494333324d5a20696e74ee
:1027dc0065726e616c20696e666f726d6174696f83
:1027ec006e2e0a0055736167653a0a202073746176
:1027fc00747573205b2d2d696e666f5d205b2d2dbe
:10280c0068656c705d0a0a53756d6d6172793a0a70
:10281c0020205072696e742061207461626c652096
:10282c006f662073746174757320696e666f726d58
:10283c006174696f6e2e205468697320696e636cc5
:10284c0075646573206e6574776f726b2073746139
:10285c007475732c20736f6674776172652074695c
:10286c00636b0a20206672657175656e63792c2026
:10287c006d6963726f70726f636573736f722063cf
:10288c006c6f636b206672657175656e63792c2055
:10289c00616e6420746865206c6f67696e20737458
:1028ac0061747573206f662074686520636f6d6d3d
:1028bc00616e640a20206c696e6520696e746572a5
:1028cc00707265746572206368616e6e656c2e0a39
:1028dc000a4f7074696f6e733a0a20202d2d696e41
:1028ec00666f20202020202020205072696e7420da
:1028fc0061206f6e652d6c696e652073756d6d61f1
:10290c007279206f66207468697320636f6d6d61d6
:10291c006e642e0a20202d2d68656c7020202020de
:10292c00202020205072696e7420746869732068ae
:10293c00656c7020746578742e0a000025730a008b
:10294c004c4f47494e5f4e4f4e4500004c4f474948
:10295c004e5f5041535300004c4f47494e5f464128
:10296c00494c00004641554c54000000434c4f5319
:10297c0045000000554e4b4e4f574e004368616e5c
:10298c0020537461747573202025730a00000000b5
:10299c00536563204c6576656c2020202025640ae5
:1029ac0000000000446562756720466c616720205a
:1029bc0020545255450a0000446562756720466ce8
:0c29cc00616720202046414c53450a0062
:020000040000fa
:020000041d01dc
:1029d800d0ffbd271400b1af2510a000029d113c07
:1029e8002800b6afe0ad252625b0800025204000a0
:1029f8002c00bfaf2400b5af2000b4af1c00b3afac
:102a08001800b2af3d8a400f1000b0af1f00401051
:102a18002580400025a0000025a80000029d133c49
:102a28000a000010029d123cdfa6400f00000000c3
:102a38002a004014e0ad25263d8a400f25200000dd
:102a4800010014240d0040102580400025200002bc
:102a5800dfa6400fe4ad652625200002f2ff4014f2
:102a6800ecad4526e0ad25263d8a400f2520000027
:102a780001001524f5ff4014258040003400a016fd
:102a88002520c00240008056019d053c0080023c84
:102a98000458468c039d073c019d053c2520c00237
:102aa80020b0e724fc9e400f64caa5242c00bf8fe9
:102ab800020002241c10c2ae2400b58f2800b68f75
:102ac8002000b48f1c00b38f1800b28f1400b18f90
:102ad8001000b08f0800e0033000bd270080053cdf
:102ae8000858a524dfa6400f25200002e3ff401464
:102af800000000001600a0162520c0022000801645
:102b08000080023c0458468c039d073c019d053c0f
:102b18002520c00220b0e724fc9e400f38caa52417
:102b28002c00bf8f010002241c10c2ae2400b58ff8
:102b38002800b68f2000b48f1c00b38f1800b28f06
:102b48001400b18f1000b08f0800e0033000bd27db
:102b58002c00bf8f2800b68f2400b58f2000b48fbb
:102b68001c00b38f1800b28f1400b18f1000b08f03
:102b7800019d053c04c7a5240400400b3000bd2777
:102b8800019d053c2520c0020400400f2cc7a52448
:102b9800019d053c029d063c2520c00234c7a524a2
:102ba800fc9e400f9837c6242520c0022c00bf8ffa
:102bb8002800b68f2400b58f2000b48f1c00b38f77
:102bc8001800b28f1400b18f1000b08f019d053c22
:0c2bd80058c7a5240400400b3000bd27a6
:020000040000fa
:020000041d01dc
:102be4006800800400000000a880838fd0ffbd2708
:102bf4002c00bfaf2a1083002800b6af2400b5af65
:102c04002000b4af1c00b3af1800b2af1400b1afd2
:102c14003c0040101000b0afe1ab400f00000000da
:102c240038004010258040002590a0002588c00071
:102c34003f00a0143c0054903200801625980000f8
:102c440025a80000e1ac400f0000000094808393ad
:102c54005e006014ffff6324e3ac400f25204000b6
:102c64004a0020162a0016961b00c012000000001d
:102c7400e1ac400f000000009480839325204000c5
:102c840001006324e3ac400f948083a34000028ed0
:102c94003c0012a225306002448c027c400002ae4b
:102ca4002528a002c393400f25200002040060528f
:102cb4002a0016a6030040503c0014a22a0016a6bf
:102cc400010002244000038e01000424448c837c10
:102cd4000d000010400003ae698e400f000000009c
:102ce400e3ff401425b04000e1ac400f00000000b9
:102cf400948083932520400001006324e3ac400fbb
:102d0400948083a3251000002c00bf8f2800b68f69
:102d14002400b58f2000b48f1c00b38f1800b28f2d
:102d24001400b18f1000b08f0800e0033000bd27fd
:102d3400ffffa2240200422cf3ff405025100000a4
:102d4400030080122598e000efff8516251000008f
:102d54002300601201000224baff421625a80000d5
:102d64000000628eb7ff401025280000409b400ff2
:102d740025206002b3ff401425a84000e2ff0010a4
:102d8400251000000800e00325100000b8ff3612eb
:102d9400a880858f0b00a018ac80828f25180000b6
:102da4000000448c010063240400801004004224c9
:102db4002a008494ccff911000000000f9ff6554b0
:102dc4000000448caaff001025b0200225204000fa
:102dd400e3ac400f948083a3a1ff00100000000027
:082de40098ff001025a8000073
:020000040000fa
:020000041d01dc
:102dec00a080828fd8ffbd272400bfaf2000b4afd6
:102dfc001c00b3af1800b2af1400b1af09004014ff
:102e0c001000b0af2400bf8f2000b48f1c00b38f14
:102e1c001800b28f1400b18f1000b08f0800e003bf
:102e2c002800bd27e1ac400f258880009480839357
:102e3c0066006014ffff6324e3ac400f25204000c4
:102e4c001400238ea880828f01001224049072003b
:102e5c002700401825a00000ac80838f80801400d0
:102e6c000a80707c1f000052010094262400138eef
:102e7c0076aa400f252060021800400401000324ac
:102e8c00041843002418720015006010a880828f6b
:102e9c0012000486050080042a10820004004050b1
:102eac005800038efe68400f010005245800038e65
:102ebc000b006010a880828f6000029600204230c8
:102ecc0007004010a880828f5c00078e12000486d9
:102edc000020062409f8600025286002a880828f53
:102eec00010094262a188202dcff6014ac80838fc8
:102efc001800248e0200032426008314a080908fd7
:102f0c00ffff102623000016a08090af0d00401884
:102f1c00ac80858f801810000a18a37c0100102645
:102f2c000500601025206000c397400f00000000d2
:102f3c00a880828fac80858f2a180202f6ff60145d
:102f4c0080181000a480848f0c00828c09f840003b
:102f5c00000000009880848f04008010ac8080af4b
:102f6c00e8a9400f00000000988080af2400bf8fbc
:102f7c002000b48f1c00b38f1800b28f1400b18fd7
:102f8c001000b08fa48080afa88080af0800e00351
:102f9c002800bd27e1ac400f000000009480839313
:102fac002400bf8f2000b48f1c00b38f1800b28f89
:102fbc001400b18f1000b08f010063242520400055
:102fcc002800bd27e3ac400b948083a32520400050
:102fdc00e3ac400f948083a39aff00101400238e5f
:020000040000fa
:020000041d01dc
:102fec000400a88cb0ffbd274400b7af3800b4afc5
:102ffc002c00b1af4c00bfaf4800beaf4000b6af25
:10300c003c00b5af3400b3af3000b2af2800b0af66
:10301c0025b880002588a0004c0000050000b48c69
:10302c004408147c08003e8e10008a320000d28cba
:10303c000400d68c0400401125a8c00325105602ac
:10304c0001004054feffd5270800893201002055ad
:10305c00ffffb5261000308e0c00338e2528a00201
:10306c00ffff102621107002000040a00200022a6f
:10307c000b00401425105602360040140f0043324a
:10308c0023101501211045003300401c0a00642850
:10309c000300a018020082322f0040140000000030
:1030ac000b004011000000000000c28c0400c38c17
:1030bc00251043000600401021107002feff102660
:1030cc00ffff47a03000032421107002000043a032
:1030dc000400201120000324ffff10262110700291
:1030ec00000043a01000268e1000b4af2538c0039a
:1030fc00ffffc6242330d000212870027274400fc9
:10310c002520e0020400e38e00016330040060100f
:10311c004c00bf8f0400238e2a2043000b10640048
:10312c004800be8f4400b78f4000b68f3c00b58f6f
:10313c003800b48f3400b38f3000b28f2c00b18fb5
:10314c002800b08f0800e0035000bd27b5ff001029
:10315c00010008240a006428020080105700622431
:10316c0030006224bfffe3241a00632c13006010ac
:10317c00200043349fff63241a00632c100060501e
:10318c00ffff1026252040005c00a7af5800a6af1b
:10319c002400a8af2000a5af1c00a9af20aa400fa7
:1031ac001800aaaf5c00a78f5800a68f2400a88f28
:1031bc002000a58f1c00a98f1800aa8fffff1026d6
:1031cc0021187002000062a0029112000017160074
:1031dc00ffffa52425905200a4ff001002b1160099
:020000040000fa
:020000041d01dc
:1031ec00c8ffbd270040e2303000b5af3400bfafa0
:1031fc002c00b4af2800b3af2400b2af2000b1afa5
:10320c001c00b0af4300401425a8e0000080143c23
:10321c006c5e9426259080002598c0003c00a5afdc
:10322c0076aa400f0400918e001902002310620050
:10323c0080100200218822020000248e9077400f1b
:10324c003c00a58f60004010258040000000429497
:10325c00020043300d006014c00043304100601484
:10326c00030012243400bf8f251040023000b58fac
:10327c002c00b48f2800b38f2400b28f2000b18fa4
:10328c001c00b08f0800e0033800bd2702191500a0
:10329c00000163300020a532000264341400868ed5
:1032ac000b1885008439027c25104300000002a60f
:1032bc000100022404000526240024260c0006ae7e
:1032cc00a187400f160002a60800078e0000668e2c
:1032dc00148082271400a0af1000a2af0f00a532fb
:1032ec00f74c400f252040023400bf8f0100122400
:1032fc00251040023000b58f2c00b48f2800b38ffe
:10330c002400b28f2000b18f1c00b08f0800e003a6
:10331c003800bd270000a78c0000c68c14808227c3
:10332c001400a0af1000a2aff74c400f0f00a53255
:10333c003400bf8f06001224f7ff03240a906200aa
:10334c00251040023000b58f2c00b48f2800b38fad
:10335c002400b28f2000b18f1c00b08f0800e00356
:10336c003800bd274800a38f080060104800a48fc8
:10337c001000038e030083a8000083b8140003928e
:10338c00040083a015000392050083a08000423046
:10339c00b4ff40100200122414003126040013263e
:1033ac00252860029e88400f252020021400828e62
:1033bc002528600225202002a187400f0c0002aeb8
:1033cc00a9ff00103400bf8fa6ff0010feff1224cf
:020000040000fa
:020000041d01dc
:1033dc00c8ffbd272000b3af0080133c6c5e732682
:1033ec001400b0af4400708e3000b7af2c00b6aff5
:1033fc002800b5af2400b4af1c00b2af1800b1afb9
:10340c003400bfaf25a0800025b8a00025b0c000b7
:10341c0025a8e0004800b18f3c0000124c00b28f90
:10342c002000028e08004230390040140100063c96
:10343c001800028e01000324000043a4000803249a
:10344c00020043a406040324040043a444004012d5
:10345c00060057a40300438a0000439a0b0043a8bc
:10346c00080043b8040043920c0043a005004392ab
:10347c000d0043a00300238a110056a80e0056b875
:10348c000000239a25204000150043a8120043b8e1
:10349c0004002392160043a005002392170043a0ba
:1034ac001b0055a804a1400f180055b81000028e3f
:1034bc001c000324252080028da7400f0c0043a480
:1034cc00253040000608072425282002eb89400ff0
:1034dc002520000228004054280014ae3400bf8f71
:1034ec00251000003000b78f2c00b68f2800b58f48
:1034fc002400b48f2000b38f1c00b28f1800b18f42
:10350c001400b08f0800e0033800bd270100063c12
:10351c000200c6241c0005243f78400f3800042408
:10352c00eeff401025804000039d023c68a1422420
:10353c00080002ae1800028e010003240c0000ae3d
:10354c00440070ae000043a400080324020043a40e
:10355c0006040324040043a4beff4016060057a42f
:10356c003c00838e400084960b0043a8080043b8af
:10357c00c0ff00100c0044a4000000ae252800027f
:10358c00589b400f252080023400bf8f271002006b
:10359c00c21702003000b78f2c00b68f2800b58ff1
:1035ac002400b48f2000b38f1c00b28f1800b18f91
:0c35bc001400b08f0800e0033800bd27a9
:020000040000fa
:020000041d01dc
:1035c800d0ffbd271800b2af2510a000029d123c05
:1035d8002000b4afe0ad452625a08000252040009e
:1035e8002c00bfaf2800b6af2400b5af1c00b3afa6
:1035f8001400b1af3d8a400f1000b0af1f0040105b
:1036080025a800002580400025b00000029d113c3f
:103618000a000010029d133cdfa6400f00000000c6
:1036280038004014e0ad45263d8a400f25200000b3
:10363800010015240d0040102580400025200002bf
:10364800dfa6400fe4ad252625200002f2ff401436
:10365800ecad6526e0ad45263d8a400f25200000eb
:1036680001001624f5ff4014258040003500c016df
:10367800252080023f00a0162c00bf8f029d053c2c
:10368800a4cda5240400400f252080024880828f05
:10369800120040180080103ce455102625900000c8
:1036a800029d113c029d153c0000068e0400138efd
:1036b800bccda526fc9e400f25208002e4ad252622
:1036c80009f86002252080024880828f0100522676
:1036d8002a104202f4ff4014080010262c00bf8f65
:1036e8002800b68f2400b58f2000b48f1c00b38f3c
:1036f8001800b28f1400b18f1000b08f0800e003db
:103708003000bd2725300002252080022c00bf8f05
:103718002800b68f2400b58f2000b48f1c00b38f0b
:103728001800b28f1400b18f1000b08f039d073cb2
:10373800029d053c44b0e724f4ada524fc9e400b53
:103748003000bd272c00bf8f2800b68f2400b58f0e
:103758002000b48f1c00b38f1800b28f1400b18ff3
:103768001000b08f029d053c1caea5240400400b40
:103778003000bd272800b68f2400b58f2000b48ff5
:103788001c00b38f1800b28f1400b18f1000b08fd7
:10379800029d053cc8cca5240400400b3000bd2781
:020000040000fa
:020000041d01dc
:1037a8004552524f523a205443502f495020737477
:1037b80061636b20696e697469616c697a617469a7
:1037c8006f6e206661696c656420696e2025732eb2
:1037d8000a00000025732073657276657220776190
:1037e8006974696e6720666f72204950206164644d
:1037f800726573732c20696e7465726661636520e7
:1038080025732c20686f73742025732e0a0000001e
:1038180057616974696e6720666f72205443502f30
:10382800495020737461636b20696e2025732e0ada
:10383800000000002573207365727665722061733d
:103848007369676e656420495020616464726573aa
:10385800732025732e0a0000257320736572766520
:1038680072206661696c656420746f206f70656e84
:1038780020736f636b6574206f6e2025733a25641f
:103888002e0a0000257320736572766572206c69b4
:103898007374656e696e6720666f7220636f6e6ef3
:1038a800656374696f6e206f6e2025733a25642ee8
:1038b8000a00000025732073657276657220636fb5
:1038c8006e6e656374696f6e2066726f6d20257504
:1038d8002e25752e25752e25752e0a002573207325
:1038e800657276657220636f6e6e656374696f6e5c
:1038f8002066726f6d20756e6b6e6f776e207065c7
:1039080065722e0a000000002573207365727665c3
:103918007220736f636b657420636c6f7365642ebc
:103928000a00000025732073657276657220746939
:103938006d656f75742c20636c6f73696e67207387
:103948006f636b65742e0a00257320736572766544
:10395800722064697361626c65642e0a000000005d
:1039680025732073657276657220696e20756e6b9b
:103978006e6f776e2073746174652e0a0000000004
:020000040000fa
:020000041d01dc
:10398800d0ffbd272000b3af2c00bfaf2800b5afd4
:103998002400b4af1c00b2af1800b1af1400b0af30
:1039a8002e00800425980000a880838f2a108300a9
:1039b8002b0040102c00bf8f2a00c0102510600279
:1039c800e1ab400f000000002400401025884000b3
:1039d8003000548c25a8a000510080122590c0000a
:1039e80036002396259800001a0080120000000077
:1039f8002400601025204002340022962b804202c9
:103a08000a205000258080002b2064002800805464
:103a1800258060002600001600000000f2ff401418
:103a2800000000000000828e3a004010300022aef4
:103a38000c0044940800428c340024a6380022aebe
:103a480004004012000000003000348ee8ff8016a9
:103a5800000000000c0060504000228e2c00bf8f38
:103a6800251060022800b58f2400b48f2000b38f82
:103a78001c00b28f1800b18f1400b08f0800e0034b
:103a88003000bd274000228e0004427cf4ff4050e5
:103a98002c00bf8f62a3400f4c002426252840002d
:103aa800d684400f25202002edff00102c00bf8f88
:103ab8000800a0123800258e2520a002d4a6400fa9
:103ac8002530000236002396340022963800258ed1
:103ad80021a8b00223187000231050002390500230
:103ae80021981302ffff6330ffff42302128b00006
:103af800ffff5232ffff7332360023a6340022a69e
:103b0800cfff4014380025ae0000828ec8ff401455
:103b1800300022ae340020a6c9ff0010380020aec5
:103b28004000428c0004427c060040140000000063
:103b380036002396caff60142c00bf8fd2ff0010f6
:103b48004000228e62a3400f4c0024262528400006
:103b5800d684400f25202002a1ff00103000348eab
:020000040000fa
:020000041d01dc
:103b6800d8ffbd271400b0af0800908c1c00b2af7e
:103b78000080023c0a001296005e42241800b1af91
:103b88002400bfaf258880002000b3af490002168b
:103b980040004432c1bf033cc0ff628cc0ff638c4d
:103ba8000006427c4006637c1a006014010042242f
:103bb8001a008014100042340800533211004332b6
:103bc80033006214ffff64321000028e800143301c
:103bd8001b006010010043300400027c1c008010b0
:103be800444a027c2400bf8f00204234100002aef9
:103bf800010002241a0022a61c0020a62000b38f70
:103c08001c00b28f1800b18f1400b08f0800e003b9
:103c18002800bd271d00801020004234ffff4330dc
:103c2800259040000a0003a6252000001000028eff
:103c380080014330e9ff60540400027c01004330f6
:103c4800e6ff601000000000e7ff80142400bf8f2b
:103c5800040043321e006050020043322400bf8f2c
:103c680000104234100002ae010002241a0022a6fd
:103c78001c0020a62000b38f1c00b28f1800b18f43
:103c88001400b08f0800e0032800bd270800533255
:103c980002000224020022a6fcff023cfcff0424ce
:103ca800180020aec9aa400f1c0022aec6ff0010a3
:103cb800ffff6432f6ff801008005332200003240f
:103cc800200012240a0003a6d8ff001025200000b7
:103cd8000d006010010052322400bf8f0080423472
:103ce800100002ae010002241a0022a61c0020a621
:103cf8002000b38f1c00b28f1800b18f1400b08f52
:103d08000800e0032800bd27004043342400bf8f8b
:103d18000b107200100002ae010002241a0022a645
:103d28001c0020a62000b38f1c00b28f1800b18f92
:0c3d38001400b08f0800e0032800bd2735
:020000040000fa
:020000041d01dc
:103d4400200900002d2d696e666f00002d2d686519
:103d54006c7000004552524f523a20556e726563a2
:103d64006f676e697a6564206f7074696f6e20275f
:103d740025732720696e2025732e0a00496e697405
:103d840069617465206120736f6674776172652060
:103d94007265736574206f66207468652045454daf
:103da4002e0a000055736167653a0a202072657314
:103db4006574205b2d2d696e666f5d205b2d2d680b
:103dc400656c705d0a0a53756d6d6172793a0a20eb
:103dd40020506572666f726d73206120736f667414
:103de40077617265207265736574206f66207468ec
:103df4006520456d62656464656420457468657218
:103e04006e6574204d6f64756c65202845454d2999
:103e14002e2057697468206e6f206f7074696f6efe
:103e2400732c0a202074686520636f6d6d616e6465
:103e3400207072696e7473206120726573657420da
:103e44006e6f74696669636174696f6e2e2049745c
:103e540020776169747320666f72206120717561c7
:103e6400727465722d7365636f6e64206265666f2c
:103e740072650a2020696e6974696174696e6720cd
:103e84007468652072657365742e0a0a4f707469cc
:103e94006f6e733a0a20202d2d696e666f202020e4
:103ea40020202020205072696e742061206f6e657e
:103eb4002d6c696e652073756d6d617279206f6606
:103ec400207468697320636f6d6d616e642e0a20bf
:103ed400202d2d68656c702020202020202020506b
:103ee40072696e7420746869732068656c702074dc
:103ef4006578742e0a000000526573657474696ee7
:103f040067207468652045454d2e2e2e0a0000005a
:020000040000fa
:020000041d01dc
:103f1400c8ffbd272400b4af4800b48f2000b3af5e
:103f24000000f38c0000828e3000b7af2c00b6afd7
:103f34002800b5af1c00b2af1800b1af1400b0af89
:103f44003400bfaf2588e0002580c00025b8a0005c
:103f54004c00b58f4c00928c520062120000d68c3b
:103f64000000628e0000e2ac0400638ec439037c5e
:103f7400040063ae0000838e17006250000080ae20
:103f84000000438c000023ae000040ac0000048e0f
:103f94000400432400e0637c3c008010140040ac27
:103fa400000082ac140083ac000002ae0600a052f4
:103fb4000000228e0400428c0003427c2f0040103b
:103fc400000000000000228e0000838eedff62548a
:103fd4000000438c000080aeebff4014000020aed4
:103fe4000400658e0800648e1000628e0c00638edf
:103ff4000400c5ae0800c4ae0c00c3ae1000c2aecf
:10400400000060ae0000028e040060ae080060aee6
:1040140021004010140060ae0400632600e0637cbd
:10402400000053ac140043ac000013ae0400c28e75
:1040340001000324c439627c0400c2ae0500a0124e
:104044003400bf8f0400c28e0003427c190040106c
:10405400252040023000b78f2c00b68f2800b58f82
:104064002400b48f2000b38f1c00b28f1800b18fce
:104074001400b08f0800e0033800bd2751ab400f97
:1040840025204002d0ff00100000228e000002ae66
:10409400c6ff00100000e2ae000013aee3ff001004
:1040a4000000f3ae000080ae25100000aeff00104b
:1040b4000000e0ac3400bf8f3000b78f2c00b68f07
:1040c4002800b58f2400b48f2000b38f1c00b28f5a
:1040d4001800b18f1400b08f51ab400b3800bd27ce
:020000040000fa
:020000041d01dc
:1040e40000e85d4100701a4000601b40e8febd27f7
:1040f4001401baaf02601a401001bbaf44781b7cb4
:1041040000047b370c01baaf00609b401210000022
:104114000401a2afd800bff7101800000001a3af3c
:10412400d000bdf712102000fc00a2afc800bbf7fe
:1041340010182000f800a3afc000b9f71210400017
:10414400f400a2afb800b7f710184000f000a3af16
:10415400b000b5f710186000a800b3f7a000b2f7dc
:10416400121060009800b1f79000b0f78800aff724
:104174008000aef77800adf77000acf76800abf7dd
:104184006000aaf75800a9f75000a8f74800a7f75d
:104194004000a6f73800a5f73000a4f72800a3f7dd
:1041a4002000a2f71800a1f71000a0f7ec00a2afbe
:1041b400e800a3afb81c3f7c0801a3af00f8424459
:1041c400e400a2af1ca5400f00000000e400a28f91
:1041d40000f8c244fc00a58f0801a38f0401a28f3c
:1041e4001308a000f800a58ff8fc617c0001a38fe0
:1041f4001108a000f400a58fd800bfd7d000bdd708
:104204001310a000f000a58fc800bbd7c000b9d719
:104214001110a000ec00a58fb800b7d7b000b5d737
:104224001318a000e800a58fa800b3d7a000b2d748
:104234009800b1d79000b0d78800afd78000aed730
:104244007800add77000acd76800abd76000aad7b0
:104254005800a9d75000a8d74800a7d74000a6d730
:104264003800a5d73000a4d72800a3d72000a2d7b0
:104274001800a1d71000a0d713004000110060005f
:104284001118a00000606041c00000000c01bb8f49
:104294001401ba8f02609b401001bb8f00709a40da
:1042a4001801bd2700e8dd4100609b401800004272
:020000040000fa
:020000041d01dc
:1042b40000e85d4100701a4000601b40e8febd2725
:1042c4001401baaf02601a401001bbaf44781b7ce2
:1042d40000047b370c01baaf00609b401210000051
:1042e4000401a2afd800bff7101800000001a3af6b
:1042f400d000bdf712102000fc00a2afc800bbf72d
:1043040010182000f800a3afc000b9f71210400045
:10431400f400a2afb800b7f710184000f000a3af44
:10432400b000b5f710186000a800b3f7a000b2f70a
:10433400121060009800b1f79000b0f78800aff752
:104344008000aef77800adf77000acf76800abf70b
:104354006000aaf75800a9f75000a8f74800a7f78b
:104364004000a6f73800a5f73000a4f72800a3f70b
:104374002000a2f71800a1f71000a0f7ec00a2afec
:10438400e800a3afb81c3f7c0801a3af00f8424487
:10439400e400a2afd48c400f00000000e400a28f20
:1043a40000f8c244fc00a58f0801a38f0401a28f6a
:1043b4001308a000f800a58ff8fc617c0001a38f0e
:1043c4001108a000f400a58fd800bfd7d000bdd736
:1043d4001310a000f000a58fc800bbd7c000b9d748
:1043e4001110a000ec00a58fb800b7d7b000b5d766
:1043f4001318a000e800a58fa800b3d7a000b2d777
:104404009800b1d79000b0d78800afd78000aed75e
:104414007800add77000acd76800abd76000aad7de
:104424005800a9d75000a8d74800a7d74000a6d75e
:104434003800a5d73000a4d72800a3d72000a2d7de
:104444001800a1d71000a0d713004000110060008d
:104454001118a00000606041c00000000c01bb8f77
:104464001401ba8f02609b401001bb8f00709a4008
:104474001801bd2700e8dd4100609b4018000042a0
:020000040000fa
:020000041d01dc
:1044840000e85d4100701a4000601b40e8febd2753
:104494001401baaf02601a401001bbaf44781b7c10
:1044a40000047b370c01baaf00609b40121000007f
:1044b4000401a2afd800bff7101800000001a3af99
:1044c400d000bdf712102000fc00a2afc800bbf75b
:1044d40010182000f800a3afc000b9f71210400074
:1044e400f400a2afb800b7f710184000f000a3af73
:1044f400b000b5f710186000a800b3f7a000b2f739
:10450400121060009800b1f79000b0f78800aff780
:104514008000aef77800adf77000acf76800abf739
:104524006000aaf75800a9f75000a8f74800a7f7b9
:104534004000a6f73800a5f73000a4f72800a3f739
:104544002000a2f71800a1f71000a0f7ec00a2af1a
:10455400e800a3afb81c3f7c0801a3af00f84244b5
:10456400e400a2afc357400f00000000e400a28f94
:1045740000f8c244fc00a58f0801a38f0401a28f98
:104584001308a000f800a58ff8fc617c0001a38f3c
:104594001108a000f400a58fd800bfd7d000bdd764
:1045a4001310a000f000a58fc800bbd7c000b9d776
:1045b4001110a000ec00a58fb800b7d7b000b5d794
:1045c4001318a000e800a58fa800b3d7a000b2d7a5
:1045d4009800b1d79000b0d78800afd78000aed78d
:1045e4007800add77000acd76800abd76000aad70d
:1045f4005800a9d75000a8d74800a7d74000a6d78d
:104604003800a5d73000a4d72800a3d72000a2d70c
:104614001800a1d71000a0d71300400011006000bb
:104624001118a00000606041c00000000c01bb8fa5
:104634001401ba8f02609b401001bb8f00709a4036
:104644001801bd2700e8dd4100609b4018000042ce
:020000040000fa
:020000041d01dc
:1046540000e85d4100701a4000601b40e8febd2781
:104664001401baaf02601a401001bbaf44781b7c3e
:1046740000047b370c01baaf00609b4012100000ad
:104684000401a2afd800bff7101800000001a3afc7
:10469400d000bdf712102000fc00a2afc800bbf789
:1046a40010182000f800a3afc000b9f712104000a2
:1046b400f400a2afb800b7f710184000f000a3afa1
:1046c400b000b5f710186000a800b3f7a000b2f767
:1046d400121060009800b1f79000b0f78800aff7af
:1046e4008000aef77800adf77000acf76800abf768
:1046f4006000aaf75800a9f75000a8f74800a7f7e8
:104704004000a6f73800a5f73000a4f72800a3f767
:104714002000a2f71800a1f71000a0f7ec00a2af48
:10472400e800a3afb81c3f7c0801a3af00f84244e3
:10473400e400a2aff152400f00000000e400a28f99
:1047440000f8c244fc00a58f0801a38f0401a28fc6
:104754001308a000f800a58ff8fc617c0001a38f6a
:104764001108a000f400a58fd800bfd7d000bdd792
:104774001310a000f000a58fc800bbd7c000b9d7a4
:104784001110a000ec00a58fb800b7d7b000b5d7c2
:104794001318a000e800a58fa800b3d7a000b2d7d3
:1047a4009800b1d79000b0d78800afd78000aed7bb
:1047b4007800add77000acd76800abd76000aad73b
:1047c4005800a9d75000a8d74800a7d74000a6d7bb
:1047d4003800a5d73000a4d72800a3d72000a2d73b
:1047e4001800a1d71000a0d71300400011006000ea
:1047f4001118a00000606041c00000000c01bb8fd4
:104804001401ba8f02609b401001bb8f00709a4064
:104814001801bd2700e8dd4100609b4018000042fc
:020000040000fa
:020000041d01dc
:1048240000e85d4100701a4000601b40e8febd27af
:104834001401baaf02601a401001bbaf44781b7c6c
:1048440000047b370c01baaf00609b4012100000db
:104854000401a2afd800bff7101800000001a3aff5
:10486400d000bdf712102000fc00a2afc800bbf7b7
:1048740010182000f800a3afc000b9f712104000d0
:10488400f400a2afb800b7f710184000f000a3afcf
:10489400b000b5f710186000a800b3f7a000b2f795
:1048a400121060009800b1f79000b0f78800aff7dd
:1048b4008000aef77800adf77000acf76800abf796
:1048c4006000aaf75800a9f75000a8f74800a7f716
:1048d4004000a6f73800a5f73000a4f72800a3f796
:1048e4002000a2f71800a1f71000a0f7ec00a2af77
:1048f400e800a3afb81c3f7c0801a3af00f8424412
:10490400e400a2afa3ac400f00000000e400a28fbb
:1049140000f8c244fc00a58f0801a38f0401a28ff4
:104924001308a000f800a58ff8fc617c0001a38f98
:104934001108a000f400a58fd800bfd7d000bdd7c0
:104944001310a000f000a58fc800bbd7c000b9d7d2
:104954001110a000ec00a58fb800b7d7b000b5d7f0
:104964001318a000e800a58fa800b3d7a000b2d701
:104974009800b1d79000b0d78800afd78000aed7e9
:104984007800add77000acd76800abd76000aad769
:104994005800a9d75000a8d74800a7d74000a6d7e9
:1049a4003800a5d73000a4d72800a3d72000a2d769
:1049b4001800a1d71000a0d7130040001100600018
:1049c4001118a00000606041c00000000c01bb8f02
:1049d4001401ba8f02609b401001bb8f00709a4093
:1049e4001801bd2700e8dd4100609b40180000422b
:020000040000fa
:020000041d01dc
:1049f40000e85d4100701a4000601b40e8febd27de
:104a04001401baaf02601a401001bbaf44781b7c9a
:104a140000047b370c01baaf00609b401210000009
:104a24000401a2afd800bff7101800000001a3af23
:104a3400d000bdf712102000fc00a2afc800bbf7e5
:104a440010182000f800a3afc000b9f712104000fe
:104a5400f400a2afb800b7f710184000f000a3affd
:104a6400b000b5f710186000a800b3f7a000b2f7c3
:104a7400121060009800b1f79000b0f78800aff70b
:104a84008000aef77800adf77000acf76800abf7c4
:104a94006000aaf75800a9f75000a8f74800a7f744
:104aa4004000a6f73800a5f73000a4f72800a3f7c4
:104ab4002000a2f71800a1f71000a0f7ec00a2afa5
:104ac400e800a3afb81c3f7c0801a3af00f8424440
:104ad400e400a2aff6a5400f00000000e400a28f9e
:104ae40000f8c244fc00a58f0801a38f0401a28f23
:104af4001308a000f800a58ff8fc617c0001a38fc7
:104b04001108a000f400a58fd800bfd7d000bdd7ee
:104b14001310a000f000a58fc800bbd7c000b9d700
:104b24001110a000ec00a58fb800b7d7b000b5d71e
:104b34001318a000e800a58fa800b3d7a000b2d72f
:104b44009800b1d79000b0d78800afd78000aed717
:104b54007800add77000acd76800abd76000aad797
:104b64005800a9d75000a8d74800a7d74000a6d717
:104b74003800a5d73000a4d72800a3d72000a2d797
:104b84001800a1d71000a0d7130040001100600046
:104b94001118a00000606041c00000000c01bb8f30
:104ba4001401ba8f02609b401001bb8f00709a40c1
:104bb4001801bd2700e8dd4100609b401800004259
:020000040000fa
:020000041d01dc
:104bc400d0ffbd272400b2af0080123c1c00b0af60
:104bd400b45e50260c00028e0800038e2c00bfaf7a
:104be4002800b3af2b206200030080102000b1af77
:104bf4001800048e21186400231062005a0040102b
:104c04002c00bf8f82bf113c0080133c1022228ee7
:104c1400000242303600401481bf023c0c00028e78
:104c24000800038e3b00435081bf023c0022238ec8
:104c340006000424060063303c006410401802009f
:104c4400644b63268a19627c1000a3a71800048ea3
:104c5400010042242b2044000a1004000c0002ae80
:104c64000022228e202223ae10000292ff00423046
:104c7400e6ff4010000000001800028e0c00038eb6
:104c84000800048e2b2883000400a05023188300fe
:104c94001800058e2120850023188300b45e448efd
:104ca400daff8010000000000400058e1c0004924e
:104cb400ffff422423104300ff00833022006010d2
:104cc400000000001400038e2b104300cfff40149b
:104cd40000000000b45e428e09f840000300042482
:104ce4001022228e00024230ccff401081bf023cd1
:104cf4000800033c840043ac2c00bf8f2800b38f12
:104d04002400b28f2000b18f1c00b08f0800e00394
:104d14003000bd270800033c040143ac0800033cf9
:104d2400840043acf5ff00102c00bf8f644b642655
:104d3400010065248a19837c8a21857c1000a3a73d
:104d4400c2ff00101200a4a71400038eafff431487
:104d540000000000b45e428e09f840000300042401
:104d6400dfff00100000000081bf023c0800033c8c
:104d7400040143ac2800b38f2400b28f2000b18f0c
:104d84001c00b08f840043ac0800e0033000bd2752
:020000040000fa
:020000041d01dc
:104d940090ffbd276000b2af5800b0af25908000ef
:104da4004700b0276400b3af6c00bfaf6800b4af76
:104db4005c00b1af0418107c2520a0004c00538e79
:104dc400000015be0f0000000020023c25800202f6
:104dd4002700b1270418117c0c0000ae080000aeb7
:104de400000035be0f0000000c01458e258822020c
:104df4000c0020ae080020ae0c0007260800062692
:104e0400b273400f0800a52425a040000800038ebb
:104e14000c00028e220062500c0000ae0000628c76
:104e2400080002ae0400628c4002427c360040500e
:104e34000801448e0400628c01000424000060ac6c
:104e4400c45a027c040062ac0400628c140060ac9e
:104e540084f7027c040062ac0400628cc4ff027c10
:104e6400040062ac0400628cc439827c040062ac2d
:104e74000c00228e210040100400642400e0847c95
:104e8400000043ac140044ac0c0023ae0c00028eb2
:104e94000800038ee2ff62540000628c0c0000ae36
:104ea400e0ff6014080000ae0800228e0a004010e3
:104eb4000c0022260c01458e010003240c00a624bc
:104ec4001400a3af1000a2af080027260800a524f1
:104ed400c54f400f252040026c00bf8f2510800273
:104ee4006400b38f6800b48f6000b28f5c00b18f30
:104ef4005800b08f0800e0037000bd270c0023aefb
:104f0400c2ff0010080023ae000060ac140060acc7
:104f14000c00858c0e00a0100400622400e0427c8a
:104f24000000a3ac1400a2ac0c0083ac0400648c9d
:104f3400080060ac0003837cb5ff60540800038e56
:104f440051ab400f25206002b1ff00100800038e12
:0c4f54000c0083acf5ff0010080083acdb
:020000040000fa
:020000041d01dc
:104f6000d0ffbd272400b1af2c00bfaf2800b2afe7
:104f70002000b0af1700a010258880007400828c3c
:104f8000040040102580a0000500052409f8400019
:104f900014018424500032262000028e0000038e6b
:104fa0002528000208004234200002ae25204002dd
:104fb00035a3400f25806000f8ff00562000028ec8
:104fc0007400228e030040100600052409f84000fa
:104fd0001401242622002296040042300600405488
:104fe0007400228e20002292100042304500405072
:104ff000252020027400228e1400a0af1000a0af64
:10500000040040101800a0af0500052409f8400076
:1050100014012426030000105000302635a3400f51
:105020000000000026a3400f252000022528400094
:10503000faff40141000a4277400228e2c004010a8
:105040000600052409f84000140124261000a28f50
:105050000c0040507400228e1000458cb465400f47
:10506000252020021b004010030003241700435496
:105070003801228e3c01228e010042243c0122aee6
:105080007400228e030040100500052409f840003a
:10509000140124261000a527218e400f2520000290
:1050a0007400228e030040100600052409f8400019
:1050b000140124262c00bf8f2800b28f2400b18f4a
:1050c0002000b08f0800e0033000bd27010042241b
:1050d000380122ae26a3400f1000a4271000a28f93
:1050e000deff40541000458ce6ff00107400228e55
:1050f0001000a28fd9ff40541000458ce6ff00102d
:105100001000a52701000624b278400fffff0524f8
:105110002c00bf8f2800b28f2400b18f2000b08fe9
:085120000800e0033000bd2788
:020000040000fa
:020000041d01dc
:10512800b0ffbd273400b0af1f00b0274800b5afaf
:105138004400b4af4000b3af3800b1af4c00bfafcc
:105148003c00b2af25a880002588a0002598c000a3
:1051580025a0e0000418107c000015be0f00000018
:105168007400828c0020033c258003020c0000aef2
:1051780004004010080000ae0500052409f84000ae
:10518800140184240401a58e080006260c000726b5
:105198000800a524b273400f252020027400a68eb3
:1051a8004b00c010259040000600052409f8c000f7
:1051b8001401a426170060527400a68e0800118ef0
:1051c8000a00201600000000120000107400a68ecd
:1051d8000080023c2520820009f860022528800210
:1051e8000000318e0b0020527400a68e0400228e1f
:1051f800fcff43040000318e0400228e8002427cb2
:10520800f3ff40140800248e00a0023cf2ff0010b7
:10521800252082001500c0100500052409f8c000eb
:105228001401a4267400a68e0800028e0c00038eba
:10523800130043500c0000ae0000438c080003ae7e
:105248000001a58e0400432400e0637c0c00a48cbc
:10525800080040ac000040ac19008010140040acbd
:10526800000082ac140083ac0c00a2ac0800028ed3
:105278000c00038ef1ff43540000438c0c0000ae79
:10528800efff4014080000ae0300c010060005241c
:1052980009f8c0001401a4264c00bf8f2510400255
:1052a8004800b58f4400b48f4000b38f3c00b28fe4
:1052b8003800b18f3400b08f0800e0035000bd27dc
:1052c8000800a2ac0c00a2ace9ff00100800028e96
:1052d800e7ff60120800028ec4ff401425884000d2
:0852e800d3ff00100c00038e3f
:020000040000fa
:020000041d01dc
:1052f000e8ffbd271400bfaf5b0080101000b0af07
:10530000258080005480848feb51023c1f854234fd
:1053100001008424190082001010000042190200cc
:105320004010030021104300c01002002110430070
:10533000801002003a008210548084af6210023c58
:10534000d34d42241900820010100000821902007f
:10535000401103002310430080100200211043007d
:10536000c01002002600821000800534e5a8400f1e
:10537000000000001700401400000000e5a8400fe6
:1053800000000000060040145480828f4100021289
:105390001400bf8f1000b08f0800e0031800bd2775
:1053a000dda8400f00000000f8ff40145480828ff9
:1053b000feff033c6079632421180302f3ff6214ab
:1053c000040005240baa400f25200000efff001069
:1053d0005480828fdda8400f00000000e7ff4010de
:1053e0005480838f10270224e4ff621404000524f4
:1053f0000baa400f25200000e0ff00100000000075
:1054000004aa400f02000424e5a8400f0000000099
:10541000daff401000000000eeff00100000000066
:10542000020004240baa400f008005345480848fae
:105430006210023cd34d422419008200101000007b
:105440008219020040110300231043008010020063
:1054500021104300c0100200c4ff821400800534f4
:10546000e7ff0010000000000080053404aa400f90
:10547000020004240400052404aa400f2520000093
:105480001400bf8f1000b08f548080af0800e0037d
:105490001800bd270400052404aa400f25200000a1
:1054a0001400bf8f1000b08f548080af0800e0035d
:0454b0001800bd27fc
:020000040000fa
:020000041d01dc
:1054b400d8ffbd272400bfaf2000b4af1c00b3af9a
:1054c4001800b2af1400b1af5800c0101000b0af54
:1054d4004d00800425800000c080828f2b10820044
:1054e40049004010d080918f802004000a88247ed7
:1054f400450020122518a0001c00228e2000258eb5
:105504002b20450053008010239045001800328e54
:105514001400248e2390450223104400219042025b
:1055240001005226ffff5232400040122b804602f7
:105534001800228e0b3050022120a6002b2044009c
:105544002580c0000d00801025a0c00023984500d0
:1055540001007326ffff733223a0d30043006010c1
:10556400ffff943225206000d4a6400f253060024e
:105574001400258e21185300200025ae040060106d
:1055840025308002d4a6400f252060002000258eff
:105594002128b400200025ae1c89400f25202002bc
:1055a4001a0040142400bf8f239050022a90120244
:1055b4002a0040123e002296040043301400605436
:1055c40025100002010003248410627c3799400fe7
:1055d4003e0022a6b080848f401804002118640085
:1055e400c0180300211864006210043cc0180300b2
:1055f400d34d84241900640010180000821903009c
:1056040021106200280022ae2400bf8f2510000262
:105614002000b48f1c00b38f1800b28f1400b18f18
:105624001000b08f0800e0032800bd272400bf8fbe
:1056340025800000251000022000b48f1c00b38fc9
:105644001800b28f1400b18f1000b08f0800e0036f
:105654002800bd27b4ff0010ffff523201000324cd
:10566400c439627ce8ff00103e0022a6c8ff001087
:045674001400258e6b
:020000040000fa
:020000041d01dc
:105678001800838c0300022441006210000000001f
:10568800e8808297d8ffbd272400bfaf2000b4afc1
:105698001c00b3af1800b2af1400b1af0c0040103b
:1056a8001000b0af2400bf8f01004224e88082a719
:1056b8002000b48f010002241c00b38f1800b28fa1
:1056c8001400b18f1000b08f0800e0032800bd2738
:1056d8000800848c0080033c0080133c0080023c5e
:1056e80000607124f05f522428607426006060ac6a
:1056f800f05f40ac286060ae2580a000f88084afe1
:10570800ec8080aff48080af040020ae080020aeab
:105718000c0020ae040080ae080080aef08080afa0
:10572800040040ae080040ae0c0040aee48080affc
:105738000400a010ffff06240000a28c12004014f1
:10574800019d053c039d053ce49da5242ca2400f2a
:1057580025200000c691400f000000002400bf8fe4
:10576800251000002000b48f1c00b38f1800b28fe2
:105778001400b18f1000b08f0800e0032800bd2787
:105788000800e003010002242530000000cea52413
:105798001d99400f030004241f004010f48082afbd
:1057a800749f400f25202002e6ff4010fdff0624cd
:1057b800d7ac400f2520400219004010f880848f94
:1057c8000000058e0800828c09f8400010000624ad
:1057d80015004010f08082afddab400f252080021d
:1057e8000000028ef080928f09004010258800008a
:1057f8002528400253a3400f286064260000028e2b
:10580800010031262b102202f9ff40141000522605
:10581800a4ff0010e8808297caff0010feff06244c
:10582800c8ff0010fcff0624c6ff0010fbff06247b
:020000040000fa
:020000041d01dc
:10583800c8ffbd274800828c2000b0af2580a0009b
:105848003000b4af2400b1af3400bfaf2c00b3af09
:105858002800b2af258880001800a0a71000a0afcc
:105868001400a5272520000209f8400025a0c00043
:10587800180040041400b2972800228e0100132457
:105888001000a6272528000009f84000252000025e
:10589800350053525400228e1e004012020002248a
:1058a800140042163400bf8f1600a6975800228ea7
:1058b8001000a78f1800a6a71b00052409f84000b0
:1058c80025200002040040043400bf8f0100423844
:1058d8000100422c3400bf8f3000b48f2c00b38fee
:1058e8002800b28f2400b18f2000b08f0800e00399
:1058f8003800bd27f7ff02243000b48f2c00b38f87
:105908002800b28f2400b18f2000b08f0800e00378
:105918003800bd275000228e1000a68f1b000524da
:1059280009f8400025200002ebff40043400bf8f37
:1059380005005310010005244c00228e09f8400090
:10594800252000023400bf8f010002243000b48fec
:105958002c00b38f2800b28f2400b18f2000b08fa5
:105968000800e0033800bd271800a52709f8400003
:1059780025200002d8ff40043400bf8ff2ff5210e8
:105988001800a2970002833205006014100042300c
:1059980000089432130080520080423400a0423440
:1059a8001800a2a7020003241600a2a71400a3a7a8
:1059b8004c00228e1400a58f09f840002520000213
:1059c8003400bf8f010002243000b48f2c00b38f45
:1059d8002800b28f2400b18f2000b08f0800e003a8
:0c59e8003800bd27efff00101800a2a738
:020000040000fa
:020000041d01dc
:1059f400cc80828fe0ffbd271c00bfaf1800b2af80
:105a04001400b1af260040141000b0afc880828fdc
:105a140008004010259000001c00bf8f2510400294
:105a24001400b18f1800b28f1000b08f0800e0038b
:105a34002000bd271800828cf8ff40141c00bf8f83
:105a44000800828c020003242580a00025888000a1
:105a540006004010cc8083af0500a050029d053c99
:105a64000000a28c1a00401400000000029d053cb6
:105a7400207ea5242ca2400f252000001c00bf8fef
:105a840025900000251040021400b18f1800b28f39
:105a94001000b08fcc8080af0800e0032000bd2749
:105aa40001000324dcff431425900000c880828f8a
:105ab400daff40181c00bf8f1800838cd7ff6014d6
:105ac4000100122401004224d3ff0010c88082afd9
:105ad400709b400f000000000800238e0000118e10
:105ae40004000996060008960800678c0400062442
:105af4002528200225206000b08082afc48083afb7
:105b0400b88089a709f8e000b68088a71c00401077
:105b1400d08082af009d053c050006247802a524b0
:105b24000a0004241d99400fc08091af1a00401050
:105b3400bc8082afc880828f0100122401004224fd
:105b4400e1ac400fc88082af252040000100022450
:105b5400e3ac400fb48082a31c00bf8f0100022479
:105b6400c88082afcc8082af1400b18f2510400270
:105b74001000b08f1800b28f0800e0032000bd278a
:105b8400029d053c507ea5242ca2400f2520000038
:105b9400a1ff0010cc8080af208d400f00000000da
:085ba4009dff0010cc8080afd2
:020000040000fa
:020000041d01dc
:105bac00c8ffbd273400bfaf3000b5af2c00b4af79
:105bbc002800b3af2400b2af2000b1af6000a0103a
:105bcc001c00b0af0000a38c07006050fbff10243a
:105bdc004f0080103400bf8f42008294400042304e
:105bec000b004014faff10243400bf8f2510000264
:105bfc003000b58f2c00b48f2800b38f2400b28fe7
:105c0c002000b18f1c00b08f0800e0033800bd27c6
:105c1c000080143c6c5e94262598e0002590c00012
:105c2c002580a00076aa400f0400918e0019020076
:105c3c002310620080100200218822020000248eb2
:105c4c009077400f252800023f00401025a8400007
:105c5c003900601604002726140027268000132420
:105c6c000000a296020043300e0060142580000054
:105c7c0040004330050060140400242680004230ac
:105c8c0024002426140023260b2062000500871014
:105c9c00040010240400a5269e88400f1000a7af16
:105cac001000a78f2520a00225304002879c400fb2
:105cbc00252860020000228e3c00848e0c00238e6e
:105ccc002400428c3400bf8f3000b58f021044701a
:105cdc00eb51043c1f8584342c00b48f2800b38f07
:105cec002400b28f2000b18f190044001010000066
:105cfc00421102002b106200050003240a8062008e
:105d0c00251000021c00b08f0800e0033800bd27ee
:105d1c00faff1024251000023000b58f2c00b48f30
:105d2c002800b38f2400b28f2000b18f1c00b08fdd
:105d3c000800e0033800bd27c9ff00104000132401
:105d4c00a9ff0010fbff1024a7ff0010feff10247a
:020000040000fa
:020000041d01dc
:105d5c0036008010000000003400a010000000008d
:105d6c00e0ffbd271800b2af0f00a52425908000de
:105d7c001400b1af1c00bfaf02890500e1ac400fad
:105d8c001000b0af4800439222006014010031268d
:105d9c00e3ac400f252040002400428e0f00405001
:105dac00faff02240400438c2b207100080080545d
:105dbc000000508c45000010232071002b2871002e
:105dcc001c00a01023207100251000020000508c34
:105ddc00faff00560400038efaff0224e1ac400fd8
:105dec00380042ae48004392252040000100632455
:105dfc00e3ac400f480043a21c00bf8f25100000ed
:105e0c001800b28f1400b18f1000b08f0800e0039f
:105e1c002000bd27ffff6324480043a2e3ac400fe2
:105e2c0025204000ddff00102400428e0800e00316
:105e3c00251000000300852c1d00a0540000048eca
:105e4c001a0071102518200200110400040004ae81
:105e5c0021800202040011ae3000438e3400428ec9
:105e6c00218823022b10510002004010300051ae4b
:105e7c00340051aee1ac400f0000000048004392ea
:105e8c002520400001006324e3ac400f480043a2ee
:105e9c001c00bf8f100002261800b28f1400b18fa7
:105eac001000b08f0800e0032000bd270000048e16
:105ebc0025886000000044ac2800438ee6ff70503b
:105ecc00280042aee5ff00103000438e0300852c05
:105edc000700a010000000000000448c258040004a
:105eec0025886000240044aef3ff001025108000cc
:105efc00faff23520000448cd3ff00102580400091
:020000040000fa
:020000041d01dc
:105f0c00d8ffbd271800b1af0080113c2000b3af03
:105f1c001c00b2af2400bfaf1400b0af82bf123c64
:105f2c00b45e31260080133c1022428e01004230b8
:105f3c00330040102400bf8f3022508e2800228e58
:105f4c003000238e2c00248e010042242b18430099
:105f5c000a10030033008210000000002c00238e76
:105f6c00f1ff6210000000002800248e0022438ef6
:105f7c00060006240600633037006610ff00053269
:105f8c00805d632621208300000085a0280022aebe
:105f9c0034002292ff004230e3ff4010000000006a
:105fac002800238e2c00228e2b20620035008014ba
:105fbc0000000000231062002000238edaff601026
:105fcc00000000002400258e3c002392ff0063306b
:105fdc002f006014000000003800238ed2ff431401
:105fec00000000002000228e09f84000252000004f
:105ffc001022428e01004230cfff40142400bf8f8c
:10600c0081bf023c0400033c2000b38f1c00b28f04
:10601c001800b18f1400b08f840043ac0800e0036b
:10602c002800bd272000238eccff6010000000004c
:10603c002400258e2000228e09f840000100042443
:10604c002800228e3000238e010042242b1843009e
:10605c00c2ff00100a1003002800238e805d662604
:10606c00003a107e401803000100642421208600b1
:10607c0021186600000065a0000090a0c3ff00106e
:10608c00000000003000248ecaff001021186400ac
:10609c003800238e2b104300a3ff40140000000097
:0860ac00d0ff0010000000000d
:020000040000fa
:020000041d01dc
:1060b400c8ffbd274800828c2000b0af2580a00017
:1060c4003000b4af2400b1af3400bfaf2c00b3af85
:1060d4002800b2af258880001800a0a71000a0af48
:1060e4001400a5272520000209f8400025a0c000bf
:1060f400180040041400b2972800228e01001324d3
:106104001000a6272528000009f8400025200002d9
:10611400350053525400228e1e0040120200022405
:10612400140042163400bf8f1600a6975800228e22
:106134001000a78f1800a6a71200052409f8400034
:1061440025200002040040043400bf8f01004238bf
:106154000100422c3400bf8f3000b48f2c00b38f69
:106164002800b28f2400b18f2000b08f0800e00314
:106174003800bd27f7ff02243000b48f2c00b38f02
:106184002800b28f2400b18f2000b08f0800e003f4
:106194003800bd275000228e1000a68f120005245f
:1061a40009f8400025200002ebff40043400bf8fb3
:1061b40005005310010005244c00228e09f840000c
:1061c400252000023400bf8f010002243000b48f68
:1061d4002c00b38f2800b28f2400b18f2000b08f21
:1061e4000800e0033800bd271800a52709f840007f
:1061f40025200002d8ff40043400bf8ff2ff521064
:1062040001009432020080121800a293004042342c
:10621400020003241600a2a71400a3a71800a2a733
:106224001400a58f4c00228e09f84000252000029e
:106234003400bf8f010002243000b48f2c00b38fd0
:106244002800b28f2400b18f2000b08f0800e00333
:046254003800bd272a
:020000040000fa
:020000041d01dc
:10625800c8ffbd271c00b3af5000b38f2000b4aff8
:106268003400bfaffcff62260200422c3000beaff4
:106278002c00b7af2800b6af2400b5af1800b2aff6
:106288001400b1af1000b0af060040144c00b48f3a
:106298002000a22c450040102000c22c49004010cc
:1062a800258000002588a0000100052425a8e0001d
:1062b8009990400f2590c0004600401025b8400036
:1062c8000400568c0200c296020043303a00601067
:1062d800080042303d0040142580000017a3400ffd
:1062e8008400c426258040001a00401002001e24a5
:1062f8000f0043900100022439006214039d043cfe
:106308004800a38fff007332030002240d0003a28c
:10631800010003240c0013a2040011a6060012a613
:10632800080015ae0e0003a204006216100017ae96
:106338000200c296080042340200c2a625280002c4
:1063480008a3400f9000c426020002240f0002a2f6
:1063580025f00000e1ac400f000000000000c392ef
:106368002520400001006324e3ac400f0000c3a2d5
:106378000100805600009eae3400bf8f2510000239
:106388003000be8f2c00b78f2800b68f2400b58f41
:106398002000b48f1c00b38f1800b28f1400b18f87
:1063a8001000b08f0800e0033800bd2725800000ea
:1063b800efff0010fbff1e2425800000e5ff001002
:1063c800fcff1e24eaff0010faff1e24e1ff001064
:1063d800f8ff1e2425800000e5ff0010ffff1e24a3
:1063e800060105248da4400f60a98424c5ff001070
:0463f8004800a38f27
:020000040000fa
:020000041d01dc
:1063fc00d8ffbd270f0005240f0004242400bfafd5
:10640c002000b3af1c00b2af1800b1af9ea3400f79
:10641c001400b0af080040149080908f2400bf8f00
:10642c002000b38f1c00b28f1800b18f1400b08ff6
:10643c000800e0032800bd27f8ff001202004230dc
:10644c003b004010000000005199400f000000007c
:10645c0025986000709b400f25904000253040002f
:10646c002520400225286002e42f400f253800002b
:10647c000000128e259840001c0002ae0c00428ecb
:10648c002b004010258800000d0000102520400234
:10649c00010080501800448c0800438c23186302c0
:1064ac002b1864002e006010253040000c00428e2a
:1064bc00010031262b1022021d0040102520400225
:1064cc005ba7400f25282002000043940100643094
:1064dc00f7ff80500c00428e80006430ecff80543b
:1064ec001400048e000165301a00a0140c00448cba
:1064fc00232064020200842cedff80540c00428e99
:10650c002b0045902c0044902b20a40019008014e3
:10651c000c0053ac00016334e4ff0010000043a4f2
:10652c00ff1f400f25200002cd96400f240004864b
:10653c008d8e400f24000486b9ff40102400bf8fbd
:10654c0026000286f8ff401000000000f4ff001047
:10655c0000000000d6ff93500c00428e2530400006
:10656c0026000526529d400f25200002d0ff00106a
:10657c000c00428e0100a5242b0045a02520000212
:10658c000a2d400f25284000c9ff00100c00428e38
:020000040000fa
:020000041d01dc
:10659c006200a010000000000000a28c5f00401000
:1065ac0000000000500080100000000042008394a6
:1065bc004000633003006014faff02240800e0037b
:1065cc0000000000ffffe7240400e22c55004010ff
:1065dc00039d033c039d023c4038070034b3632405
:1065ec003cb34224c0ffbd272110e2002138e30058
:1065fc000080033c3800b7af3400b6af3000b5af05
:10660c002c00b4af2800b3af2400b2af2000b1af60
:10661c00705e728c1c00b0af258880002580a000b5
:10662c0025a0c0003c00bfaf0000539476aa400fd9
:10663c000000f59400190200231062008010020083
:10664c00219042020000578e0000168e0000838eaf
:10665c000c00e28e2520e00224b0c3020800401496
:10666c0025800000220000103c00bf8f0c00e28e41
:10667c002b1002021e0040103c00bf8f0000448e05
:10668c005ba7400f25280002000043940100102650
:10669c0001006430f5ff801024187300f4ffa3563a
:1066ac000c00e28e0800438c0000848e24186400d9
:1066bc00efff76540c00e28e252840002520400286
:1066cc00c892400f1000a2af1000a28ffeff07244b
:1066dc0025300000080045246380400f252020024f
:1066ec00e3ff00100c00e28e0800e003faff022426
:1066fc00251000003800b78f3400b68f3000b58fee
:10670c002c00b48f2800b38f2400b28f2000b18fdf
:10671c001c00b08f0800e0034000bd270800e00318
:0c672c00fbff02240800e003f9ff022438
:020000040000fa
:020000041d01dc
:10673800e0ffbd271400b1af0080113cf85e3126a0
:106748000400228e1000b0af1c00bfaf1800428cae
:106758001800b2af09f840003400308e140022aea1
:106768001400248e1000228e2800288e2c00298eda
:1067780023208200212888002b30a4002118c9007a
:10678800280025ae2c0023ae2200001200000000d5
:1067980030002292010042243f94400f300022a290
:1067a8003400308e0500001200800d3c0c00028e73
:1067b800320040100100122400800d3c045bad251e
:1067c8002560a00125580000c0100b0021104b00c7
:1067d800801002002110a2011900439001006b25ce
:1067e800ff00633005006010010004240400838d5d
:1067f800190040a02e0064500800838d0500022473
:10680800f1ff621524008c2530002292ffff4224fc
:10681800300022a2e1ac400f00000000a069400f48
:1068280025804000252000021c00bf8f1800b28f71
:106838001400b18f1000b08fe3ac400b2000bd27cf
:106848001400401000000000f172400f2000048e78
:106858001000028e040040503400308e09f84000c9
:106868001400048e3400308ed4ff001200800d3cda
:106878000c00028ed2ff4014045bad250400028e8a
:10688800180012a225200002190012a2ecff4050a5
:106898001000028eae8c400f000000000400028e33
:1068a800ebff4050010000a2eaff00101000028e2a
:1068b800252080010c0043aca871400f00000000a7
:0868c800cfff001005000224bf
:020000040000fa
:020000041d01dc
:1068d000c8ffbd272800b1af2588a0001800a52754
:1068e0003000b3af2c00b2af3400bfaf2400b0af64
:1068f000259880000564400f2590c0002e004010b0
:106900001000a5270564400f25202002320040100a
:106910001400a5270564400f2520400236004010d2
:10692000039d063c13a4400f2520000046004010a4
:1069300025804000a782400f252040000100072449
:106940001400a6271800a527858f400f25200002d8
:10695000300040101000a52721a4400f2520000280
:1069600033004010039d053c0080043c46588424bd
:10697000d3a7400f252860020080043c2528200270
:10698000d3a7400f655884240080043c252840028a
:10699000d3a7400f84588424251000003400bf8ff3
:1069a0003000b38f2c00b28f2800b18f2400b08f3d
:1069b0000800e0033800bd27039d063c029d043c0f
:1069c000d4acc6242528600293a1400fb0d78424fc
:1069d000f2ff0010ffff0224039d063c029d043cd1
:1069e000d4acc6242528200293a1400fd8d78424f4
:1069f000eaff0010ffff0224029d043cd4acc62431
:106a00002528400293a1400ffcd78424e3ff001007
:106a1000ffff0224039d053c029d043cd4aca52449
:106a200093a1400f54d88424dcff0010ffff022400
:106a3000029d043cd4aca52493a1400f7cd88424af
:106a4000d6ff0010ffff0224039d053c029d043c7d
:106a5000d4aca52493a1400f20d88424cfff0010ec
:046a6000ffff02240e
:020000040000fa
:020000041d01dc
:106a6400880002243f00a2108900a2281a004010c6
:106a7400810002245400a2108200a22805004010c4
:106a8400800002245100a2500000e28c0800e003c0
:106a940025100000820002243b00a2500000e28c7a
:106aa40084000224f9ffa214000000000000e28c1c
:106ab400040043240000428c2700c0100000e3ac13
:106ac4002016027c000082acc3170200040082acd2
:106ad4000800e00301000224a00002243600a250b2
:106ae4000000e28ca100a2281000401090000224b3
:106af400e6ffa214000000000000e28c070042241c
:106b04000410027c0000488c0400498c08004224d4
:106b14000000e2ac000088ac040089ac0100c010a5
:106b2400010002240800e00300000000c000022469
:106b34000500a2500000e28cf0000224d3ffa2144e
:106b4400000000000000e28c040043240000e3acd9
:106b5400020000100000428cffff423020000010b1
:106b6400000082ac0000e28c040043240000428c4c
:106b74000300c0100000e3acd2ff00102014027c1c
:106b8400f6ff0010ff004230070042240410027c8c
:106b94000000488c0400498c080042240000e2ac48
:106ba400000088ac040089acdeffc01001000224a0
:106bb4000800e00300000000040043240000e3acec
:106bc400c0ff00100000428c0000e28c040043244b
:106bd4000000e3ac0000428cbbffc014000082ac98
:086be400bbff0010040080acaf
:020000040000fa
:020000041d01dc
:106bec00d0ffbd271400b1af2510a000019d113cb2
:106bfc002800b6af443d252625b080002520400056
:106c0c002c00bfaf2400b5af2000b4af1c00b3af55
:106c1c001800b2af3d8a400f1000b0af45004010d5
:106c2c00259800002580400025a80000019d123cfd
:106c3c000a000010019d143cdfa6400f2520000225
:106c4c0020004014443d25263d8a400f252000009d
:106c5c00010013240c00401025804000483d4526bf
:106c6c00dfa6400f25200002f3ff4014503d85267f
:106c7c00443d25263d8a400f2520000001001524a7
:106c8c00f6ff4014258040001e00a0162520c002ef
:106c9c00280060122c00bf8f2800b68f2400b58fff
:106cac002000b48f1c00b38f1800b28f1400b18f6a
:106cbc001000b08f019d053ca83da5240400400b9d
:106ccc003000bd27253000022520c0022c00bf8fcc
:106cdc002800b68f2400b58f2000b48f1c00b38f12
:106cec001800b28f1400b18f1000b08f039d073cb9
:106cfc00019d053c14b0e724583da524fc9e400b97
:106d0c003000bd272c00bf8f2800b68f2400b58f14
:106d1c002000b48f1c00b38f1800b28f1400b18ff9
:106d2c001000b08f019d053c803da5240400400b54
:106d3c003000bd27019d053cfc3ea5240400400ffe
:106d4c002520c0020f00023c404250244400400f5a
:106d5c00ffff1026fdff00160000000059a4400f95
:046d6c000000000023
:020000040000fa
:020000041d01dc
:106d7000e0ffbd271c00bfaf1800b1af08008010b6
:106d80001400b0af1c00bf8fffff102425100002bd
:106d90001800b18f1400b08f0800e0032000bd2759
:106da0000080043cb85b84243f8f400f2580a00006
:106db000f4ff401025884000080005321500a0545b
:106dc0000400429414004294280040100100022460
:106dd00024002296320040100100023cffff1024e4
:106de000e1ac400f0000000000002392252040008d
:106df00001006324e3ac400f000023a21c00bf8ffe
:106e0000251000021800b18f1400b08f0800e003b5
:106e10002000bd27f2ff4014ffff1024140022962b
:106e20002a0040100100022424002296ecff4014a6
:106e30000100023c01004224240022ae0200022490
:106e40002c0020a2240030262d0020a22e0020a2fb
:106e50002f0020a2280031ae300022ae0200229680
:106e6000040042340a000010020022a6140022aee0
:106e7000020002241c0020a2140030261d0020a2c3
:106e80001e0020a21f0020a2180031ae200022ae5a
:106e90000400229601004224d1ff0010040022a623
:106ea00001004224240022ae020002242c0020a271
:106eb000240030262d0020a22e0020a22f0020a288
:106ec000280031aef2ff0010300022ae140022aed6
:106ed000020002241c0020a2140030261d0020a263
:106ee0001e0020a21f0020a2180031aedbff001000
:046ef000200022aeae
:020000040000fa
:020000041d01dc
:106ef400e8ffbd271000b0af1400bfafb09a400f39
:106f0400258080002c0040101400bf8f0800068ede
:106f14003a000396340004961000c28c25208300a6
:106f240006004530040043340a106500380045303b
:106f3400200043340a106500010043302100601032
:106f4400100045300700a010080003240200473059
:106f5400084005240b18a7000020673404004530be
:106f64000b18e500200045302b00a0140200473028
:106f740001016334201e037c241864000001853061
:106f8400252865001b00a050020002240101843062
:106f9400010105241000c2ac200003a62a008510bc
:106fa4003c0000ae040002241a0002a603000224de
:106fb4001c0002a61400bf8f1000b08f0800e0036d
:106fc4001800bd271b00a010020043300141072414
:106fd400012105240b28e3002518a00024186400cf
:106fe4000001853025286500e9ffa01401018430e3
:106ff40002000224020002a6fdff023c1c0002aeb5
:10700400180000ae1400bf8f1000b08ffdff0424e1
:10701400c9aa400b1800bd2700106834040045308d
:10702400d3ffa0100b18070101096334d2ff00102d
:10703400201e037c01110724010905240b28e30009
:10704400cdff00102518a0000f000524f894400f70
:1070540025200002d8ff40101400bf8f0400022432
:107064001a0002a602000224d2ff00101c0002a68d
:020000040000fa
:020000041d01dc
:10707400d0ffbd272000b1af258880007c808487a5
:107084002400b2af2c00bfaf2800b3af1c00b0afd8
:107094008d8e400f2590a000340040102c00bf8f2f
:1070a400753c400f25202002258040000500022465
:1070b4002100021206000224180002162c00bf8fc1
:1070c40006001324580023920200023c01004224cb
:1070d4002000643009008010540022ae2000228e6b
:1070e400010004244429837c04004014580023a292
:1070f400ddac400f00000000200022ae58002292b8
:1071040001000324c439627c580022a225286002ad
:10711400568b400f252040022c00bf8f2510000203
:107124002800b38f2400b28f2000b18f1c00b08fd1
:107134000800e0033000bd275600229613005010cb
:10714400f5ff4224fdff4230f4ff40142c00bf8fb2
:107154000c00228e2520200208001324e09a400f00
:10716400080022aeeaff0010252860020a0010245d
:10717400251000022800b38f2400b28f2000b18fa5
:107184001c00b08f0800e0033000bd275800228e99
:107194000005032400054230caff431404001324ed
:1071a400520023960400601408000224560022a60c
:1071b400d6ff0010030013242c00228e0130072474
:1071c4001000a6271400a527252040021000a0af18
:1071d4003c8c400f1400a2afdfac400f030013241b
:1071e400040022ae06000224c8ff0010560022a6a6
:020000040000fa
:020000041d01dc
:1071f400029d023cd4f4438ce0ffbd27d4f4422426
:107204001c00bfaf1800b2af1400b1af1000b0af94
:10721400258080000400448c030003aa000003ba04
:107224000800438c070004aa040004ba0c00468c2e
:107234000b0003aa080003ba1000448c1400438c0a
:107244000f0006aa0c0006ba1800428c130004aa08
:10725400100004ba170003aa140003ba2590a00072
:107264001b0002aabf00a624029d053c1b000426a5
:10727400f0f4a52405a8400f180002ba1b005124fd
:10728400029d053c21201102de00462605a8400f80
:1072940008f5a52421882202029d053c2120110223
:1072a4008100462605a8400f18f5a524218822024e
:1072b400029d053c212011026200462605a8400fcc
:1072c4002cf5a524fe00469621882202029d053c49
:1072d4002120110205a8400f3cf5a5242188220293
:1072e400029d053c212011024300462605a8400fbb
:1072f4004cf5a52421882202029d053c212011027f
:107304002400462605a8400f5cf5a5242000468edf
:1073140021882202029d053c2120110205a8400f6c
:107324006cf5a52421882202029d053c212011022e
:10733400a000462605a8400f80f5a5240401468e2a
:1073440021882202029d053c2120110205a8400f3c
:1073540094f5a5241c00bf8f211022021800b28fbf
:107364001400b18f1000b08f0800e0032000bd2787
:020000040000fa
:020000041d01dc
:107374003800a01025108000ac80838fd8ffbd2773
:107384002400bfaf2000b3af1c00b2af1800b1aff0
:10739400070060101400b0af1200b08404000006af
:1073a400a880848f2a200402090080148020100001
:1073b4002400bf8f2000b38f1c00b28f1800b18f40
:1073c4001400b08f25204000bb90400b2800bd273f
:1073d4000a18647cf7ff65142400bf8f34004394bb
:1073e4001e0060542000438c6000a39401006330ad
:1073f40027006010259800005800b18c5c00b38c05
:107404002800528c0c00a38c24006210252040001c
:107414003e00a390ffff6324bb90400f3e00a3a057
:107424002b00201225386002252840022520000266
:1074340025c820022400bf8f2000b38f1c00b28f08
:107444001800b18f1400b08f010006240800200337
:107454002800bd27bb90400b000000002400bf8f14
:107464002000b38f1c00b28f1800b18f1400b08fae
:107474002800448c40006334340040a4200043ac12
:107484000100062425284000ac95400b2800bd27a8
:1074940025880000dbff0010259000004000a38c2d
:1074a4001000448c00026330060060100c0080a4bd
:1074b400540040a42000438cc418037cd8ff00105f
:1074c400200043ac0000a38cfaff00100800a3ac1a
:1074d4002400bf8f2000b38f1c00b28f1800b18f1f
:0c74e4001400b08f0800e0032800bd2752
:020000040000fa
:020000041d01dc
:1074f000b8ffbd272c00b2af1000a4270080123cbb
:107500004400bfaf3c00b6af3800b5af3400b4aff5
:1075100025a8e0003000b3af2800b1af2598a00047
:107520002588c0004000b7afddab400f2400b0afee
:10753000a493400f006044260000b42afbff0324fc
:10754000fcff02240a10740025a040000080163cb5
:1075500062a3400f006044262700401025804000b1
:1075600004000292010003240300431002000324dc
:107570002b0043144400bf8f0500049213a4400f56
:107580000800178e0c00058e0000638e2e00a314d9
:10759000252800023000a006030006240300258ae7
:1075a0001400e38e0000259a030065a8000065b86a
:1075b00004002492040064a005002492050064a045
:1075c000250040100000e0ae2528e002589b400f47
:1075d0002520400020004004030006242528000246
:1075e00053a3400f2860c42662a3400f00604426c6
:1075f000dbff4014258040001000a38f006042266e
:1076000025204000006043ae1400a38f040043ac6b
:107610001800a38f349a400f080043ac4400bf8f7a
:107620004000b78f3c00b68f3800b58f3400b48f60
:107630003000b38f2c00b28f2800b18f2400b08fa0
:107640000800e0034800bd2753a3400f1000a42703
:10765000bfff001000000000252880029da6400ffb
:0c7660002520e002deff001025280002bb
:020000040000fa
:020000041d01dc
:10766c00e8ffbd271000b0af1400bfafb09a400fb9
:10767c0025808000370040101400bf8f2000029638
:10768c000800068e3400059601004430220007964f
:10769c002400089626000396310080140100c69041
:1076ac001000423003000a240b0004240a2042017b
:1076bc0025108000254800002520000000086a30b5
:1076cc00050040510004633000020a310e004055a1
:1076dc000a00052400046330070060502418a7003a
:1076ec0000010831040000512418a7000c000524e7
:1076fc000d00001025180000000165302700a010b7
:10770c0080006530120005240100c6302518c90020
:10771c00241864008018030025208900242086008a
:10772c00080066340b18c4002800048e0500805035
:10773c0002000224000082ac040085ac080083ac7b
:10774c0002000224020002a6180000ae1c0000aecb
:10775c001400bf8f1000b08f0800e0031800bd2785
:10776c00050004240020ea30010002240004e93062
:10777c000b108a0003002011252000001000423459
:10778c00010004240008ea30ccff40112548000019
:10779c0020004234c9ff00104000c97c0a00a0142c
:1077ac001400052440006530d7ffa05422000524a6
:1077bc002000633006006054240005240400027c81
:1077cc00d9ff001000204234d7ff0010251800000c
:0877dc00d5ff00102518000084
:020000040000fa
:020000041d01dc
:1077e400d8ffbd272400bfaf2000b3af1c00b2af49
:1077f4001800b1af4f0080141400b0af0080133ce8
:10780400b85b70260800038e020002240d00621487
:107814002590000202000296010042300a00401046
:107824002588a0002400bf8f251040022000b38fbc
:107834001c00b28f1800b18f1400b08f0800e00351
:107844002800bd272588a000a800062425280000bc
:10785400c9a7400f25200002370020122400bf8f43
:10786400e1ac400f0000000025204000010002248c
:10787400e3ac400fb85b62a20400228e0100032433
:10788400020003a602000324080003ae8800038e4e
:10789400100002ae0080023cec5b42240080053cf8
:1078a400010006240c0000a68400098e8c00078ebb
:1078b400254000003c5ca5240f0046a00900601090
:1078c400000040ac14004424000062ac0a0085109f
:1078d40025184000251080000f0046a0f9ff601411
:1078e400000040ac14004424254840000100082452
:1078f400f8ff8514251840000080023c0400e724aa
:10790400285c42248c0007aec6ff0011880002ae3a
:107914002400bf8f25104002840009ae2000b38fdd
:107924001c00b28f1800b18f1400b08f0800e00360
:107934002800bd272400bf8fffff1224251040021a
:107944002000b38f1c00b28f1800b18f1400b08fc9
:087954000800e0032800bd2734
:020000040000fa
:020000041d01dc
:10795c00c8ffbd273000b7af3400bfaf2c00b6afa7
:10796c002800b5af2400b4af2000b3af1c00b2aff9
:10797c001800b1af1400b0af5100a0184000d77c74
:10798c000100d3300400d4302588800025a8a00045
:10799c002590000017000010029d163c7400228eea
:1079ac00030040100500052409f8400010012426ae
:1079bc001000058e25386002010006240800a5245d
:1079cc003f47400f2520200225b840007400228e2e
:1079dc00030040100600052409f84000100124267d
:1079ec002200e0566c00228e010052262100b212b9
:1079fc0025b800002e0025966800228e2530000048
:107a0c00f2ffa524ffffa53009f84000380004243c
:107a1c001800401025804000040060121000428cb9
:107a2c001000439404006334100043a470ecc3268c
:107a3c00080003ae1b00e0160c0011aed7ff801639
:107a4c00000000ae1000058e2538600201000624ef
:107a5c000800a5243f47400f2520200225b84000f0
:107a6c00e2ffe052010052266c00228e09f8400021
:107a7c00252000023400bf8f251040023000b78f44
:107a8c002c00b68f2800b58f2400b48f2000b38f44
:107a9c001c00b28f1800b18f1400b08f0800e003e7
:107aac003800bd270e0045944c00248ef0ffa53005
:107abc009aa4400f2e0025a6e0ff00100000000045
:087acc00ecff00102590000002
:020000040000fa
:020000041d01dc
:107ad400e0ffbd271400b1af0800918c1800b2afcd
:107ae4000080023c1c009294005e42242610220274
:107af400010003241000b0af1c00bfaf258080003c
:107b04002d0043120b8802001d00401202000224c3
:107b14000c00421200000000020082a4ffff023c9d
:107b2400180080ac1c0082ac1c00bf8f1800b28f00
:107b34001400b18f1000b08fffff0424c9aa400bba
:107b44002000bd27b09a400f00000000070040103d
:107b54001c00bf8f340002862f004004040002245e
:107b64001a0002a61c0000a61c00bf8f1800b28fca
:107b74001400b18f1000b08f0800e0032000bd276f
:107b8400008006342893400f25280000f7ff40109a
:107b94001c00bf8f030002241a0002a60100022465
:107ba4001c0002a61800b28f1400b18f1000b08f11
:107bb4000800e0032000bd27f894400f25280000aa
:107bc400eaff40101c00bf8f3799400f00000000ef
:107bd400259040002000228e709b400f0000518ca5
:107be40003000324021022726210113cd34d31268b
:107bf4001a0003a6020003241c0003a6e703422480
:107c040019005100101000008211020021105200ce
:107c1400d5ff00102c0002ae3799400f0000000081
:107c24002c00038e2b104300daff40141c00bf8f7e
:107c3400ffff023c020012a6180000aebaff0010bb
:047c44001c0002ae70
:020000040000fa
:020000041d01dc
:107c48000600a0500c01828c0b00a0a80800a0b868
:107c58000c00a0a00d00a0a00c01828c0800438c91
:107c68000d00601401000224500000100000000004
:107c78000400628c060043040000638c0400628cdc
:107c8800c002427c0c004010000000000000638c21
:107c980007006010000000000400628cc001427cf4
:107ca800f3ff4010020002240800e0030000000077
:107cb8000800e003010002240200e0100c00622426
:107cc8000000e2ac2538a0002520600025600000f7
:107cd8002558000000a00e3c1d00e01000800d3c5f
:107ce8000800898c04008a8c0400888c25102e01d9
:107cf80080024a7d25482d010b102a010054087d79
:107d08000b00e2a8024a08000800e2b80c00e8a04c
:107d18000d00e9a00300e28801008c250000e2982c
:107d28002538400001006b250400828cc001427c8c
:107d3800fdff4014000000000400828c8007427c94
:107d48000700401400000000e5ffe0140000848ce8
:107d5800f5ffc01401006b250800e00325100000a2
:107d68000100c0540000cbac0500e010000000008a
:107d78000b00e0a80800e0b80c00e0a00d00e0a0af
:107d8800f5ffa01000000000c7ff8b55fcff022480
:107d98000400648c0100052425100000c45aa47c4a
:107da800040064ac0800e003000000000800e003e1
:047db80000000000c7
:020000040000fa
:020000041d01dc
:107dbc00d8ffbd271800b2af2400bfaf2000b4af6e
:107dcc001c00b3af1400b1af1000b0af4f00801067
:107ddc002590a0000c00828c48004050ffff02242c
:107dec001000838c45006050ffff02241400908c1f
:107dfc00410000122588800009f84000252000026f
:107e0c0045004010259840000f0044240418047cc1
:107e1c0023288200232805020418057cb0ffa22425
:107e2c000004432c37006054fcff0224289b400fb5
:107e3c0002a1020025804000039d023c1ca24224aa
:107e4c005000092625180002200048240000478c09
:107e5c000400468c0800458c0c00448c1000422415
:107e6c00000067ac040066ac080065ac0c0064aca8
:107e7c00f6ff4814100063240400248e0000458c87
:107e8c001000228e000065ac240009ae280009ae5b
:107e9c003c0004ae540014ae500000ae2c0014aee6
:107eac00300000ae340000ae380000ae400013ae1f
:107ebc00e1ac400f440002ae010003242520400039
:107ecc00e3ac400f480003a225100000010040560f
:107edc00000042ae2400bf8f251000022000b48f9a
:107eec001c00b38f1800b28f1400b18f1000b08f2c
:107efc000800e0032800bd27ffff0224f3ff001059
:107f0c0025800000f1ff0010258000002580000076
:107f1c00eeff0010ffff022425800000ebff001095
:047f2c00feff02242e
:020000040000fa
:020000041d01dc
:107f30005a00a0100000000058008014000000004b
:107f4000e0ffbd271400b1af0080113c1000b0afbe
:107f500001000224f85e3026380002a20000a28c44
:107f60001c00bfaf1800b2af0c00438c040002ae7f
:107f700009f860002590a000803002002120c20096
:107f8000821f02002b3086002130c300c22e040065
:107f900040390400401906002320e4002518a300fe
:107fa0002b38e4002318660023186700822f040092
:107fb00080180300eb0b063c00c2c63425380000d5
:107fc000802004002528a300e42f400f0c0002aeff
:107fd0000400038e0400448e02004224300000a2fc
:107fe0000000638c200002aeff7f023cffff4234a2
:107ff000080004ae25200000100000ae2528000077
:108000001c0002aeffff0224280004ae019d043cc8
:10801000180002ae2c0005ae340000ae252800008a
:1080200009f86000386784240400028e1000438c35
:10803000040060100000000009f860001800048ec1
:108040000400028e1c00048e1400428c09f84000cb
:10805000000000000400028e0400428c09f8400079
:10806000000000000080043cb40006242528000025
:10807000c9a7400f045b84241c00bf8f02000224a8
:10808000f85e22ae1800b28f251000021400b18fe6
:108090001000b08f0800e0032000bd270800e003b7
:0480a000ffff0224b8
:020000040000fa
:020000041d01dc
:1080a400d8ffbd270200a2302000b4af1c00b3af3c
:1080b4001800b2af1000b0af2400bfaf1400b1afce
:1080c4002598a00025a080002580c000190040103c
:1080d4002590e000040000100001918c080022aefd
:1080e40043000016000000000800248e0c00228ebd
:1080f400faff82540000828c0c0020aef8ff80143a
:10810400080020ae040000100401918e080022ae85
:108114003b000016000000000800248e0c00228e94
:10812400faff82540000828c0c0020aef8ff801409
:10813400080020ae010073321e0060122400bf8fbd
:108144000801918e0800248e0c00228e0a008250b1
:108154000c0020ae0000828c080022ae1c00001629
:10816400000000000800248e0c00228efaff8254c6
:108174000000828c0c0020aef8ff8014080020aeb2
:10818400040000100c01918e080022ae14000016a9
:10819400000000000800248e0c00228efaff825496
:1081a4000000828c0c0020aef8ff8014080020ae82
:1081b4002400bf8f2000b48f1c00b38f1800b28f2f
:1081c4001400b18f1000b08f0800e0032800bd2711
:1081d40009f8000225284002e3ff00100800248e5d
:1081e40009f8000225284002ebff00100800248e45
:1081f40009f8000225284002bcff00100800248e64
:1082040009f8000225284002c4ff00100800248e4b
:020000040000fa
:020000041d01dc
:10821400d8ffbd271000b0af0080103c60091026c5
:108224002400bfaf2000b4af1c00b3af1800b2af3e
:108234001400b1af12000416251000002590c000f0
:108244002588a0004c00138e150040129800068e5d
:10825400249f400f2520a0003f00c01425a040000b
:108264009800058ea000028e2528250225105400b2
:10827400980005ae2b00a014a00002ae0100022459
:108284002400bf8f2000b48f1c00b38f1800b28f5e
:108294001400b18f1000b08f0800e0032800bd2740
:1082a4002488c500249f400f2520200225a04000db
:1082b4002d00c014259000009c00028e2788110018
:1082c400a000038e241022029c0002aea400048e9f
:1082d4002710140024186200248826022410440065
:1082e4002528800225206002a40002aea00003ae6f
:1082f4003bac400f980011ae2528800235ac400fee
:10830400252060029800028eddff40500100022407
:108314009400048e94aa400f01004532d8ff001047
:1083240001000224a400028e25206002271002000e
:1083340024a0540035ac400f252880022528800253
:1083440038ac400f25206002a1a7400f9400048e92
:10835400cbff00102510400200a0400f9400048eb3
:10836400c0ff00109800058e00a0400f9400048efa
:0c83740025904000d0ff00109800068efd
:020000040000fa
:020000041d01dc
:10838000d8ffbd271c00b3af1000b0af2800938cfe
:108390001800908c1400b1af0400628e0c00038ea4
:1083a00025888000020004962400bfaf2000b4afef
:1083b0001800b2af100003ae0c0002ae25a0a00062
:1083c000ef44400f2590c00006000496ef44400f94
:1083d000020002a60800039203006014060002a631
:1083e00064000224080002a21000248e0000028e05
:1083f0000c008394801002003c0045302118a3003b
:10840000060080120c0083a40a0000a6600063929c
:108410000400633031006010253000000b0040166e
:108420002400bf8f2000228e2000b48f020042342f
:10843000200022ae1c00b38f1800b28f1400b18f41
:108440001000b08f0800e0032800bd271400248e20
:10845000060082240300438800004398030083a899
:10846000000083b804004390040083a005004390fb
:10847000050083a02800238e3c0065240b18a30070
:108480000300658800006598030045a8000045b812
:1084900004006490040044a005006390050043a01c
:1084a0001000238e0c0062940e0042240c0062a483
:1084b0002000228e02004234200022ae2400bf8f12
:1084c0002000b48f1c00b38f1800b28f1400b18f3e
:1084d0001000b08f0800e0032800bd27f744400fcc
:0c84e00025200002cdff00100a0002a6bb
:020000040000fa
:020000041d01dc
:1084ec00e0ffbd272000a68c1800b2af2590a0009d
:1084fc00029d053ce4fca5241c00bfaf1400b1afe9
:10850c001000b0af05a8400f25888000029d053ce7
:10851c002400462621202202f4fca52405a8400fa5
:10852c002580400021800202029d053c2120300262
:10853c004300462605a8400f04fda5242180020215
:10854c00029d053c21203002bf00462605a8400fa5
:10855c0010fda52421800202029d053c2120300241
:10856c006200462605a8400f20fda52421800202aa
:10857c00029d053c212030028100462605a8400fb3
:10858c002cfda52421800202029d053c21203002f5
:10859c00a000462605a8400f38fda5242180020224
:1085ac00029d053c21203002de00462605a8400f26
:1085bc0044fda524fe00469621800202029d053c46
:1085cc002120300205a8400f50fda524000146963d
:1085dc0021800202029d053c2120300205a8400f9b
:1085ec0060fda5240401468e21800202029d053cfb
:1085fc002120300205a8400f74fda5240801468ee9
:10860c0021800202029d053c2120300205a8400f6a
:10861c0088fda5240c01468e21800202029d053c9a
:10862c002120300205a8400f9cfda5241c00bf8f03
:10863c00211002021800b28f1400b18f1000b08ffd
:08864c000800e0032000bd2737
:020000040000fa
:020000041d01dc
:108654001c008294e0ffbd271000b0af1c00bfaf28
:108664001800b2af1400b1af100040102580800094
:10867400010003242b0043504000828c020002249a
:10868400020082a4f7ff023c180080ac1c0082acfc
:10869400f7ff04241c00bf8f1800b28f1400b18fa1
:1086a4001000b08fc9aa400b2000bd270800918c90
:1086b4001400228e1000428c37004050019d023c71
:1086c400400002ae3799400f3c0000ae25904000b8
:1086d4002000228e709b400f0000518c0100032467
:1086e400021022726210113cd34d31261a0003a6e7
:1086f4001c0003a6e70342241900510010100000d7
:1087040082110200211052002c0002ae1c00bf8f07
:108714001800b28f1400b18f1000b08f0800e0036e
:108724002000bd2725288000029d043c09f8400054
:1087340008688424100040101c00bf8f18004004f7
:10874400020003243799400f000000002c00038e20
:108754002b104300eeff40141c00bf8f02000224c4
:10876400020002a6feff023c180000ae1c0002ae8e
:10877400c8ff0010feff0424020002241a0002a60f
:108784001c0000a61800b28f1400b18f1000b08f27
:108794000800e0032000bd27c9ff0010b0074224f1
:1087a400180000ae1c0000a6020003a61e0002a6cc
:0887b400b8ff00102520400071
:020000040000fa
:020000041d01dc
:1087bc00d8ffbd272000b3af0080133c1400b0af2e
:1087cc00600970262400bfaf1c00b2af1800b1af17
:1087dc0043000416faff02242590c0002100a010cb
:1087ec002588a0007400028e040040100080043c18
:1087fc000500052409f84000700a84240080053c1b
:10880c007c0aa524269d400f600964260080053c47
:10881c00800aa524549e400f600964267400028ec1
:10882c00040040100080043c0600052409f84000b8
:10883c00700a84241801078e1c01068e2001058ef7
:10884c002401048e2801038e2c01028e000027ae19
:10885c00040026ae080025ae0c0024ae100023ae9a
:10886c00140022ae250040122400bf8f7400028e2b
:10887c00040040100080043c0500052409f8400069
:10888c00740a84240080053c600964263c9d400fda
:10889c00940aa5243401048e5800028e7400038eb1
:1088ac002110440005006010340102ae0080043c2d
:1088bc000600052409f86000740a84243001068e31
:1088cc003401058e3801048e3c01038e2510000006
:1088dc00000046ae040045ae080044ae0c0043aeaa
:1088ec002400bf8f2000b38f1c00b28f1800b18ff3
:1088fc001400b08f0800e0032800bd2725100000ed
:10890c002000b38f1c00b28f1800b18f1400b08ff1
:08891c000800e0032800bd275c
:020000040000fa
:020000041d01dc
:10892400d0ffbd272400b3af1800b0af2c00bfaff9
:108934002800b4af2000b2af1c00b1af2598a0004e
:108944000700a010258080000000a0a00100a0a0c6
:108954000200a0a00300a0a00400a0a00500a0a005
:108964002d00001201000224000011822a002012ae
:10897400ff00313225202002a2a8400f25900000dc
:108984001d0040102c00bf8f010004920438947c19
:10899400a2a8400f047a347e16004010ffff8432f0
:1089a400e293400f00000000020004822118b20389
:1089b4003a000524060006242d0007242f00801009
:1089c400100062a003008510010052260a008714db
:1089d4002c00bf8f180046120300102600001182dd
:1089e400ff003132a2a8400f25202002e7ff4054a7
:1089f400010004922c00bf8f251000002800b48fc2
:108a04002400b38f2000b28f1c00b18f1800b08fe8
:108a14000800e0033000bd272c00bf8f2800b48f6e
:108a24002400b38f2000b28f1c00b18f1800b08fc8
:108a34000800e0033000bd2725100000f6ff601297
:108a44001000a38f030063aa000063ba1400a39369
:108a5400040063a21500a393050063a22c00bf8f3a
:108a64002800b48f2400b38f2000b28f1c00b18f74
:108a74001800b08f0800e0033000bd270500423a1b
:088a8400eeff00100100422c7e
:020000040000fa
:020000041d01dc
:108a8c005600a010251000000080083c00800b3c14
:108a9c0082bf0a3cb45e08250600092410000010b1
:108aac00644b6b252b3867000a18070027008311cd
:108abc00000000000022478d0600e7302f00e9106f
:108acc008a61827c2130cb000000cca001004224c2
:108adc00080003ad2b1845001c00601000000000be
:108aec000022438d0c000c8d0800068d06006330af
:108afc001800078debff69140100c3242b386700a5
:108b0c000a180700110083114060020021608c00dc
:108b1c000100879100008d9100224c8d003a0700d6
:108b2c002538ed0006008c311c008911ff00ed305a
:108b3c002130cb00010042240000cda0080003ad81
:108b4c002b184500e6ff6014000000000c00038d9c
:108b5c000800048d2b2883001900a01400000000cd
:108b6c00231883000300601081bf033c0800043c01
:108b7c00080164ac0800e00300000000403006006f
:108b8c000100c7242138eb002130cb000000cca021
:108b9c000000e0a0ceff001001004224403006008f
:108bac000100cc24023a07002130cb0021608b015c
:108bbc000000cda0000087a1c5ff001001004224d9
:108bcc001800058d2120850023188300e9ff601013
:108bdc0081bf033ce6ff00100800043c0080083c09
:088bec00daff0010b45e082559
:020000040000fa
:020000041d01dc
:108bf4001400828cd0ffbd272400b4af2000b3af93
:108c04001800b1af1400b0af2c00bfaf2800b5af4f
:108c14001c00b2af258880002598a00009f8400008
:108c24001000948c258040000c00228e2c004010f3
:108c34002c00bf8f0800328e0000228e02181272a0
:108c440021906200000055960100b5322f00a05219
:108c54002000228e0e00001025a800002b20020206
:108c6400231802022b10a2021c0040100a80640088
:108c74000800328e0000228e0218127221906200c7
:108c840000004296010042301f004050ffffb53201
:108c94001c00228e25284002253060022520200257
:108ca4002180140209f840000100b526ebff40546e
:108cb4000c00228e2c00bf8f251040022800b58f97
:108cc4002400b48f2000b38f1c00b28f1800b18f22
:108cd4001400b08f0800e0033000bd272c00bf8fc4
:108ce40025900000251040022800b58f2400b48f81
:108cf4002000b38f1c00b28f1800b18f1400b08f06
:108d04000800e0033000bd272000228e25306002d9
:108d14002528400209f84000252020022400228e44
:108d24002c00bf8f020055a601004224240022ae6d
:108d34002800b58f251040022400b48f2000b38f83
:108d44001c00b28f1800b18f1400b08f0800e0032c
:048d54003000bd2707
:020000040000fa
:020000041d01dc
:108d5800d8ffbd271000b0af0080103cf85e102689
:108d6800300002922400bfaf2000b4af1c00b3afa4
:108d78001800b2af130040141400b1af38000392ca
:108d8800010002240b006210000000002400bf8fc5
:108d980001001124251020022000b48f1c00b38f7d
:108da8001800b28f1400b18f1000b08f0800e003d4
:108db8002800bd272fa4400f2800a4aff3ff4010c0
:108dc8002800a48fffff8224feff422c30004010b1
:108dd800ffff92300500422e2d004010c0a0120067
:108de800211092020080133c80100200045b73265d
:108df800211062022000438c1a0083140100112400
:108e0800000043901700601000000000010043902c
:108e180014006014258800000c00438c0400605482
:108e2800300002920800438c0c0043ac30000292e0
:108e3800212092028020040019004014212064029d
:108e4800f680400f219092028090120021987202c1
:108e580001000224180060a2010062a2190060a2a9
:108e6800258800004ca1400f000000002400bf8f9f
:108e7800251020022000b48f1c00b38f1800b28f79
:108e88001400b18f1000b08f0800e0032800bd2740
:108e98004ca1400f01001124f5ff00102400bf8fe2
:108ea800a871400f21909202e8ff001080901200f4
:020000040000fa
:020000041d01dc
:108eb800d0ffbd271c00b0af0080103c6009102611
:108ec8002c00bfaf2800b3af2400b2af0d000416ca
:108ed8002000b1af20000292010042300a00401089
:108ee8002c00bf8f4400128e1000428e09f84000fb
:108ef8001400048e1c00118e010002240800225266
:108f08001800138e2c00bf8f2800b38f2400b28f57
:108f18002000b18f1c00b08f0800e0033000bd278f
:108f28001c00428e09f8400025206002f6ff51100f
:108f38002c00bf8f2000428e09f8400025206002d7
:108f48002200401425200002200002923c00068ed8
:108f58008410227e0100c33019006014200002a290
:108f68000200c6300f0002247800058e0a100600a1
:108f780025304000f273400f252000023799400f3a
:108f880000000000709b400f7c0002ae3a00039680
:108f9800900000ae02106270020003241c0003aeb1
:108fa8006210033cd34d6324e703422419004300b5
:108fb8001010000082110200d2ff0010800002aee3
:108fc800c418227eedff0010200002a2eb71400fb2
:108fd8001000a2af1000a28f2c00bf8f2800b38f03
:108fe80025304000ffff02241c0002ae2400b28f8f
:108ff8002000b18f1c00b08f039d053cdca6a52482
:0c900800252000002ca2400b3000bd27ea
:020000040000fa
:020000041d01dc
:109014000100a0540000a0ac390080100000000042
:1090240000008280360040100200093c2530000018
:10903400254000002518000003000a24fe000b242c
:1090440006052925f8ffbd27ff0042302e004010f9
:10905400010084240400072d1300e010d0ff4224f3
:1090640005006010ff0042300b006a100000000091
:109074000b004b502b10c9000a00472c0a00e010cb
:1090840001006324003206000438467cff0063308c
:10909400edff00100000828003004b142b10c90068
:1090a40004004014003cc77c251000000800e003c5
:1090b4000800bd2740100700003acc7c211047006f
:1090c400c010020080180c002110470021186c0009
:1090d4004018030080100200211043002130460094
:1090e4002118a80301000825000066a0ff0008312c
:1090f4002530000025180000d3ff001000008280f6
:109104000800e0030100022403000324e7ff031521
:10911400251000000200033c060563242b18c3003d
:10912400e2ff6010003ac77c003cc47c401004009d
:1091340021104400c01002008018070021104400d0
:10914400211867008010020040180300211043001a
:10915400213046000300a6a3d4ffa010010002247e
:0c9164000000a38fd1ff00100000a3ac9e
:020000040000fa
:020000041d01dc
:10917000e8808297c0ffbd273c00bfaf3800b5af85
:109180003400b4af3000b3af2c00b2af2800b1afa1
:109190000a0040142400b0af3c00bf8f3800b58fe8
:1091a0003400b48f3000b38f2c00b28f2800b18f01
:1091b0002400b08f0800e0034000bd272590800008
:1091c0000080133c1000a427ddab400f1000518e2f
:1091d000a493400f006064260080143c62a3400ffb
:1091e00000606426140040102580400004000292b4
:1091f0000100032403004310020003241800435419
:109200001800438e0500049213a4400f0800158e29
:1092100020002052040002921d0022122528000284
:1092200053a3400f1000a42762a3400f00606426e0
:10923000eeff4014258040001000a38f00606226de
:1092400025204000006063ae1400a38f040043acef
:109250001800a38f349a400f080043ac1800438ec7
:1092600002000224cdff62143c00bf8fe880829789
:10927000ffff4224ffff4230c7ff4014e88082a76f
:10928000c691400f00000000c4ff00103c00bf8fdb
:1092900004000292ffff42240200422c0600401408
:1092a000030006242528000253a3400f28608426cb
:1092b000caff001000000000fbff05249da6400f20
:0c92c0002520a002f8ff00102528000265
:020000040000fa
:020000041d01dc
:1092cc00d0ffbd272c00bfaf2800b2af2400b1af38
:1092dc003a0080142000b0af0080103c005e029277
:1092ec0036004010005e10262400029234004054d8
:1092fc00ffff11241c00028e060004961400428c01
:10930c0009f840002528000025904000ffff0224aa
:10931c003c004252039d043c1400028e0080113c20
:10932c00245e31260800438cf505023c00e14234f2
:10933c00029d043c252820020868842409f860005a
:10934c001000a2af1c00038e1400a2af1800a0af37
:10935c001800628c1000a52709f840002520400257
:10936c001e0042041c00028e1c00038e0c00028e98
:10937c002c00bf8f300003ae280002ae0100032486
:10938c0002000224340012ae260002a6240003a21e
:10939c00251020022c0010ae540000a2380000aea4
:1093ac003c0000ae400000a62800b28f2400b18f14
:1093bc002000b08f0800e0033000bd27ffff112410
:1093cc002c00bf8f251020022800b28f2400b18ff3
:1093dc002000b08f0800e0033000bd27252040029c
:1093ec001c00428c09f84000ffff1124039d043c33
:1093fc003803052466a4400f24ad8424f1ff00102b
:10940c002c00bf8f2703052466a4400f24ad8424b1
:08941c00ebff0010ffff11241b
:020000040000fa
:020000041d01dc
:10942400d0ffbd272000b3af809804001c00b2af6a
:109434001400b0af0080123c2180640260095226ff
:1094440080811000218050022800b5af4c00158e99
:109454002400b4af25a080001800b1af2c00bfaf2a
:10946400bfac400f2520a002a000118e248851001b
:109474000e00201600000000219874028099130049
:10948400219853029400648e2c00bf8f2800b58f5e
:109494002400b48f2000b38f1c00b28f1800b18f4a
:1094a4001400b08fb5a7400b3000bd27a400048e74
:1094b40002191100c011110025209100a40004ae6e
:1094c4009c00048e000463300002423025104300e7
:1094d400401911002510440000016330822111005d
:1094e4002510430081008430c21811002510440067
:1094f400700063308220110025104300080084307e
:109504004018110006006330251044002510430064
:109514009c0002ae252820023bac400f2520a0026f
:109524002528200235ac400f2520a002a800028e79
:10953400d2ff4050219874029c00048eac00058e2a
:10954400219874028099130009f84000219853026d
:109554009400648e2c00bf8f2800b58f2400b48f34
:109564002000b38f1c00b28f1800b18f1400b08f8d
:08957400b5a7400b3000bd2734
:020000040000fa
:020000041d01dc
:10957c00d8ffbd271800b2af1400b1af1000b0afc8
:10958c002400bfaf2000b4af1c00b3af2580800017
:10959c0041ac400f2588a0004400401025900000ed
:1095ac0059ab400f252000020000338e0400348e8e
:1095bc00cdab400f25200002d1ab400f252000027f
:1095cc00821013002b1082023c004010039d033cc0
:1095dc00f0ab6324060002240100052402000010f5
:1095ec000a000424020063241b006202f401400000
:1095fc00121000002b108202040040100100a52460
:10960c00f8ffa454000062940a000524d5ab400f67
:10961c00252000020800228e01004230120040106a
:10962c0025200002a5ab400f000000000800228e90
:10963c00020042301200401025200002adab400f5a
:10964c00000000002400bf8f251040022000b48fc2
:10965c001c00b38f1800b28f1400b18f1000b08fa4
:10966c000800e0032800bd27a9ab400f0000000054
:10967c000800228e02004230f0ff40142520000228
:10968c00b1ab400f000000002400bf8f251040023a
:10969c002000b48f1c00b38f1800b28f1400b18f50
:1096ac001000b08f0800e0032800bd2761ab400f0d
:1096bc0025200002baff001003001224d3ff001073
:0496cc000100052470
:020000040000fa
:020000041d01dc
:1096d000c0ffbd272700aa273c00bfaf2558800048
:1096e00004180a7c000055bd0f0000000020023c59
:1096f000255042010c0040ad3f00a010080040add5
:109700002548a0000b00a588080025993b00a05023
:10971000252840010d0026910c0022910032060000
:109720002530c2003400c01008004d250d00001087
:109730000c004c250b006588080065981100a010ee
:10974000000000000d0066900c00639000320600df
:109750002530c3000b00c010000000000c00405476
:109760000800438d1000acaf2538a0012088400fc1
:10977000252060010300238900002399edff601478
:10978000254860001d004010252840010800438d39
:10979000170060103c00bf8f0c00448d1000831038
:1097a0000001668d0000648c080044ad0c00c58c7f
:1097b0000400642400e0847c000060ac1500a0106c
:1097c000140060ac0000a3ac1400a4ac0c00c3ac4b
:1097d0000800438d0c00448df3ff83540000648c1b
:1097e0000c0040adf1ff6014080040ad3c00bf8f9d
:1097f0000800e0034000bd2725284001f286400f05
:10980000252060013c00bf8f251000000800e00308
:109810004000bd270800c3ac0c00c3acedff001036
:049820000800438d6c
:020000040000fa
:020000041d01dc
:10982400d8ffbd271c00b3af2400bfaf2000b4afe6
:109834001800b2af1400b1af1000b0af4100a010d7
:10984400259880001000a38c1400a28c0b006014d7
:109854001800b18c3f0040140000000032001224b4
:109864003600201678001424c0101400231054006d
:10987400c210020012000010f6ff51241400742cd0
:10988400140004240a2074000200401425a080005f
:109894004210040029002016f6ff52249224023cb0
:1098a400244942242b186200f0ff6014c0101400f5
:1098b400c2881400c010110023105100f6ff512477
:1098c400e7ac400fcccc103ccdcc10361900500086
:1098d40010180000022103008018040021186400fd
:1098e400801803002310430021105200e7ac400ffe
:1098f400100062ae190050002400bf8f180074ae2f
:109904001800b28f2000b48f108000000281100074
:1099140080181000218070008080100023105000f7
:1099240021105100140062ae1400b18f1c00b38fdb
:109934001000b08f0800e0032800bd27e0ff0010ee
:10994400f6ff31265f00112432001224dcff0010e0
:109954007800142404002012f6ff5224f6ff312666
:10996400d7ff0010780014245f001124d4ff0010e6
:04997400780014243f
:020000040000fa
:020000041d01dc
:109978001800838c030002244a00621000000000d3
:10998800a080828fe0ffbd271c00bfaf1800b1afd9
:10999800300040141400b0af0800828c2588a00065
:1099a80042004010258080003900a0101c00bf8fa5
:1099b800e1ac400f00000000252040000100022417
:1099c800e3ac400f948082a3019d053c2530000044
:1099d800d8f4a5241d99400f090004242b00401039
:1099e800988082af0800048e000025960800828cbb
:1099f80009f84000040006241e004010a080838f50
:109a08000800068e000025960200249601006324b3
:109a1800a48086afa88085af9c8084a7a08083aff0
:109a2800e1ac400fac8082af948083932520400046
:109a380001006324e3ac400f948083a30100022457
:109a48001c00bf8f1800b18f1400b08f0800e0030e
:109a58002000bd271c00bf8f01004224a08082afd8
:109a68001800b18f010002241400b08f0800e00331
:109a78002000bd27039d053c252000002ca2400f97
:109a88008087a524e8a9400f9880848f1c00bf8f89
:109a9800251000001800b18f1400b08f0800e003f3
:109aa8002000bd270800e00301000224039d053cb7
:109ab8005c87a5242ca2400f25200000e0ff0010a1
:049ac8002510000065
:020000040000fa
:020000041d01dc
:109acc004a008004c080838fe0ffbd271c00bfaf1d
:109adc002b1883001800b2af1400b1af1000b0af58
:109aec003c00601025100000d080908f801804007e
:109afc000a80037e370000122588a0002590800084
:109b0c003c00062425280000c9a7400f2520200270
:109b1c007700029201000324390043504000048e68
:109b2c0060000796620005964800038e0000088ec0
:109b3c001800028e1400068e0400048e260025a642
:109b4c00280023ae2000058e1c00038e240027a6bf
:109b5c007600079223208800234846002b4065009e
:109b6c002c0027ae300029a622000011320024a6ba
:109b7c0023104500231866002110430001004224e5
:109b8c00ffff423025204002458d400f340022a6b5
:109b9c00fdffe4240300842c360022a6040080146c
:109bac00030003240800e738010002240b184700c7
:109bbc003e00049604006534010002240002863045
:109bcc000b18a60000048430080065340b18a400a0
:109bdc00380023ae1c00bf8f1800b28f1400b18f59
:109bec001000b08f0800e0032000bd270800e00340
:109bfc002510000023106500e2ff0010ffff42302b
:109c0c004400038e000022ae040024aec4ff0010fa
:049c1c00140023ae5f
:020000040000fa
:020000041d01dc
:109c2000d8ffbd272000b4af0080143c785f828e3f
:109c30002400bfaf1c00b3af1800b2af1400b1af27
:109c40003a0040141000b0af0080123c805f518e8b
:109c5000030020160080133c0080113c4860312630
:109c60007c5f708e050000160300023c0080103cf3
:109c700048601026400d422421800202821f1100fc
:109c8000020002240100625000e0317e821f1000b9
:109c9000020002240100625000e0107e00a7400f85
:109ca000000000000000438c0400428c2b202302a3
:109cb00004008014211062002b202202290080540d
:109cc0002b1811020080043c4401842400e0847cb1
:109cd0002b206400150080142b2003020400801444
:109ce0002b2062002b200202180080142b2062001f
:109cf0000f0080102400bf8f0080043c44018424a6
:109d000042270400050005241200851404000524e0
:109d100000a0043c2518640025104400805f43ae79
:109d20007c5f62ae805f428e785f82ae2400bf8f20
:109d30002000b48f1c00b38f1800b28f1400b18fb5
:109d40001000b08f0800e0032800bd27eaff0010d4
:109d500025100002efff85100080043cf1ff001089
:109d6000805f42aee4ff601425182002deff001081
:049d70002b200202a0
:020000040000fa
:020000041d01dc
:109d7400d0ffbd271400b1af0000d18c1c00b3afdd
:109d84002598c0004000a6932800b6af25b0a000d7
:109d9400252820021800b2af2c00bfaf2400b5afb5
:109da4002000b4af1000b0af8d85400f2590e000c7
:109db40030004010252820023b004012258040003e
:109dc4000e0004960800428c0c00039625282002fd
:109dd4002110440023105100ffff42302b20430088
:109de4000b1844002b10430225a800001900401052
:109df40025a00000252820022520c002d4a6400f5b
:109e0400253040020000108e21a8b202212832021f
:109e140021b0d20218000012ffffb53216008012e2
:109e24000800118e25908002251020020e00049651
:109e34000c0003962110440023105100ffff423010
:109e44002b2043000b1844002b104302e9ff40145d
:109e540025a0000017006054239043020000108ed8
:109e6400060000122c00bf8f0800118eefff0010b7
:109e74002510200225a800002c00bf8f2510a00269
:109e8400000065ae2800b68f2400b58f2000b48f83
:109e94001c00b38f1800b28f1400b18f1000b08f64
:109ea4000800e0033000bd2725a80000f2ff0010e1
:109eb40025282002ffff5432ceff001025906000b9
:020000040000fa
:020000041d01dc
:109ec400c0ffbd272c00b1af258880002520c0002d
:109ed4000400878c0000a28c3800b4afc2a707002e
:109ee4003400b3af3000b2af2800b0af3c00bfaf16
:109ef4002580a0000400a38c0800b28c2000a2af2f
:109f04000c00b38c3e0080120000c68c2330060087
:109f14002b20060023380700080060042338e400df
:109f24004408027c050080162000a2af2000a28f06
:109f3400040043302a006010c000427cffff422628
:109f44002000a3271800a3af0a0003241400a3af22
:109f54001000a2af8e6a400f252000020600801672
:109f64002d0003242000a38f040064301e00801001
:109f7400080063302b000324ffff422421206202e7
:109f8400000083a01000068e2000a38f2538400215
:109f9400ffffc6241000a3af2330c20021286202b1
:109fa4007274400f252020020400238e00016330c8
:109fb400040060103c00bf8f0400038e2a2043007d
:109fc4000b1064003800b48f3400b38f3000b28fac
:109fd4002c00b18f2800b08f0800e0034000bd279b
:109fe400d7ff001023104202e6ff60102000042473
:109ff400ffff422421186202e2ff0010000064a067
:10a00400c8ff63044408027cc9ff00102000a28f2b
:020000040000fa
:020000041d01dc
:10a01400c8ffbd272c00b1af2800b0af2588800051
:10a024002580a0002520a0003400bfafd2a5400f9a
:10a034003000b2af2c00322625200002dea5400fee
:10a044002000a2af1000a0af25380000340026265f
:10a054002528400225200002ec9f400f1c00a2afdf
:10a0640059002292020042302f004014300025266d
:10a0740042000296200042300c00401004000624e6
:10a08400590022920800433030006014380025261d
:10a0940010004230280040501800a5273c00252617
:10a0a40088aa400f2520000204000624010005248c
:10a0b4008e95400f2520000225200002025007241f
:10a0c400253040023c8c400f252840023400228e6b
:10a0d4002c00238e1c00a48f241862002000a28f61
:10a0e4002410440005006210040007241c00a62765
:10a0f4002000a5276759400f25200002e09a400f51
:10a104002520200225200002568b400f080005243c
:10a114003400bf8f3000b28f2c00b18f2800b08f75
:10a124000800e0033800bd277caa400f2520000268
:10a13400d0ff0010420002962520000288aa400f9a
:10a144001800a0afd9ff00100400062482aa400f13
:0ca1540025200002ceff001059002292ce
:020000040000fa
:020000041d01dc
:10a160000300c0142510e0000800e0030000000018
:10a17000d0ffbd272000b3af2598c0000100062402
:10a180001c00b2af1800b1af1400b0af2c00bfafcd
:10a190002800b5af2400b4af2588a0008d85400ffe
:10a1a0002590e0003c004010258040000800438cd2
:10a1b00025a000000e0004960c00029621186400f1
:10a1c0002318710003004010ffff63302b20620052
:10a1d0000a1844002b1063021300401025a8000049
:10a1e0002530000025286002f744400f252020027a
:10a1f000271002000100833223006014ffff423069
:10a200000000108e21a09302ffff94320e00001276
:10a21000219042020c00a0120800118e2598a00285
:10a22000e4ff0010251820021d00601423106302b3
:10a230000000108e05000012ffff42320800118e50
:10a24000dcff001025182002ffff423202941200aa
:10a2500021904202007c427e2c00bf8f219042025e
:10a2600027901200ffff42322800b58f2400b48fe0
:10a270002000b38f1c00b28f1800b18f1400b08f74
:10a280000800e0033000bd27ef44400f25204000c8
:10a29000dcff00100000108eecff001025104002c3
:0ca2a000ffff5530ceff00102598600035
:020000040000fa
:020000041d01dc
:10a2ac0046008004a880868fe0ffbd271c00bfaf4e
:10a2bc002a1086001800b1af1400b0af390040105e
:10a2cc0025180000e1ab400f2580a00035004010a0
:10a2dc00258840003300a0105400062425280000d7
:10a2ec00c9a7400f252000023c0022920100032444
:10a2fc00350043501400268e000000ae4000238e23
:10a30c003f0022920400268e0400643000002d8e43
:10a31c000100842c28002b962a002a962400298ed2
:10a32c005400288e010045302538800002008c3402
:10a33c000b3885012528e0002330cd00080067305c
:10a34c0044000ba646000aa6480009ae4c0008a61d
:10a35c004e0006a60300e014500005ae0400a43421
:10a36c00500004ae02004430040080101000633032
:10a37c005000048e08008434500004ae04006014b5
:10a38c00040042305000038e10006334500003aec2
:10a39c0004004010010003245000028e20004234bf
:10a3ac00500002ae1c00bf8f251060001800b18f4a
:10a3bc001400b08f0800e0032000bd272518000012
:10a3cc000800e003251060001800258e1c00248e68
:10a3dc002000238e040006ae140005ae240004ae4b
:0ca3ec00340003aec5ff0010000002aefc
:020000040000fa
:020000041d01dc
:10a3f800e0ffbd271400b0af1c00bfafe1ab400fba
:10a408001800b1af25804000290000122510000077
:10a418004000028e00304230370040102588a000ee
:10a428004000028e448c027c000b437c0040443088
:10a43800400002aeff006630020080143c0003a218
:10a44800240000ae008042300600405448000296c6
:10a4580040000292180000ae3f004230400002a2c5
:10a468004800029604004230050040100000000039
:10a478004000028e0400423001004054280000a62b
:10a4880010002016000000002c00058e0300a0100c
:10a49800010002242400c210000000004000038ec6
:10a4a8000100042401000224448c837c400003ae94
:10a4b8001c00bf8f1800b18f1400b08f0800e00394
:10a4c8002000bd27c6a1400f2520000262a3400f2f
:10a4d8004c00042625284000d684400f2520000281
:10a4e8004000038e0100042401000224448c837c74
:10a4f800efff0010400003ae5c96400f25200002dd
:10a508004000028e448c027c000b437c00404430a7
:10a51800400002aeff006630caff80143c0003a270
:10a52800c8ff0010240000aeb072400f25200002c2
:08a53800dbff00104000038e60
:020000040000fa
:020000041d01dc
:10a54000e0ffbd271600a2301800b2af1c00bfaf5d
:10a550001400b1af1000b0af2b0040102590800068
:10a560001900c014ffffb0300080113c6453312645
:10a570005a0085942881838f180022962528050289
:10a5800001006324010042345a0085a4288183af6e
:10a59000180022a61400398e230020131c00bf8f40
:10a5a0001800b28f1400b18f1000b08f0080043cef
:10a5b000253800000100062401000524745384247a
:10a5c000080020032000bd27e1ac400f0080113cb3
:10a5d000645331265a0045962881868f18002396a9
:10a5e000252805020100c624010063345a0045a64f
:10a5f00025204000288186afe3ac400f180023a639
:10a60000e5ff00101400398e0d00c014ffffb030bc
:10a610005a0085942881828f252805020100422452
:10a620005a0085a4288182af1c00bf8f1800b28f0a
:10a630001400b18f1000b08f0800e0032000bd2788
:10a64000e1ac400f000000005a0045962881838f3e
:10a650001c00bf8f252805025a0045a61400b18fa3
:10a660001800b28f1000b08f010063242520400035
:10a670002000bd27288183afe3ac400b0000000021
:020000040000fa
:020000041d01dc
:10a68000e0ffbd271000b0af0080103cf85e102640
:10a690001400038e3400028e1c00bfaf1800b2af4e
:10a6a0001400b1af100003ae270040500400028e2a
:10a6b0000c00438c240062040400028e0c00518cb8
:10a6c0000400028e1400128e1800428c2188510260
:10a6d00009f840002b9032021000048e2b20440019
:10a6e00024008014252800002000038e2110620021
:10a6f0002b184300211865002b20430228008014ea
:10a7000000000000290072102b1822021c0011ae5c
:10a710001c00028e040040540400028e010002243a
:10a720001c0002ae0400028e1c00048e1c00bf8fb1
:10a730001800b28f1400b18f1000b08f1400598c24
:10a74000080020032000bd271400128eff7f113c5b
:10a750001800428cffff313609f840002188510271
:10a760001000048e2b9032022b204400deff80105c
:10a7700025280000ffff44242b18820025286000b4
:10a780002000038e25108000211062002b1843004a
:10a79000211865002b204302daff80100000000022
:10a7a0001c0002aedaff001000000000d7ff6010ae
:10a7b000000000001c0002aed5ff001000000000e9
:020000040000fa
:020000041d01dc
:10a7c0000080033cd0ffbd27600963242c00bfaf8d
:10a7d0002800b1af2400b0af1000a0af1400a0a7b4
:10a7e00032008314faff02242588a0003400a01050
:10a7f0004c00908c060006241000a5273da4400fb5
:10a80000252020022e0040101800a8270300228acd
:10a8100005002392040024920000229ac104073c00
:10a820001d00a3a31800a2af1c00a4a31e00a9270b
:10a83000ffff0224ff000324b71de7240000059159
:10a840000200001008000624021e02000100a430cd
:10a85000c2190300ffffc62402008310401002004b
:10a8600026104700f8ffc01442280500000005a18b
:10a8700001000825f1ff2815021e02000007437c95
:10a880001c00601488bf033c48206324010004249a
:10a89000c025427c04104400000062ac00800534f6
:10a8a0008dab400f25200002251000002c00bf8f2b
:10a8b0002800b18f2400b08f0800e0033000bd27ce
:10a8c0002520000289ab400f0080053425200002be
:10a8d00025300000a1ab400f253800002c00bf8fb1
:10a8e000251000002800b18f2400b08f0800e0037d
:0ca8f0003000bd27e5ff00105820632455
:020000040000fa
:020000041d01dc
:10a8fc00d8ffbd271800b2afcc80928f0100022484
:10a90c002400bfaf2000b4af1c00b3af1400b1af34
:10a91c00090042121000b0af2400bf8f2000b48f8a
:10a92c001c00b38f1800b28f1400b18f1000b08fc1
:10a93c000800e0032800bd27c880828ff6ff40186e
:10a94c00c080838f1400828c259880000200042420
:10a95c00cc8084af14006010049052002588000055
:10a96c00d080828f808011000a80507c0b000052b6
:10a97c000100312676aa400f4800048e0100042401
:10a98c00041844000300400424187200140060549e
:10a99c003e000296c080838f010031262b102302cb
:10a9ac00f0ff4014d080828f1800638e02000224c6
:10a9bc0017006210c880828f2400bf8f0100022410
:10a9cc002000b48f1c00b38f1800b28f1400b18f0d
:10a9dc001000b08fcc8082af0800e0032800bd27a8
:10a9ec003c00148e002006240400827c3e0002a64b
:10a9fc00252800003483400f252000023e000296db
:10aa0c000004947e0400827ee2ff00103e0002a649
:10aa1c00ffff4224e8ff4014c88082af208d400f16
:0caa2c0000000000bcff0010cc8080afd8
:020000040000fa
:020000041d01dc
:10aa38000400828cc0ffbd273800beaf2800b4af29
:10aa48002000b2af1c00b1af3c00bfaf3400b7afbd
:10aa58003000b6af2c00b5af2400b3af1800b0afcc
:10aa68002588c0002590e0005400b48f02004104fe
:10aa78005800be8f010002241000908c0c00958ca9
:10aa88000000d78f5000b38fffff10262118b002a7
:10aa9800000060a001000924234053000200f7329f
:10aaa800c3b714001000001e251032022c002051dc
:10aab8000000c28f3c00bf8f251000023800be8ff7
:10aac8003400b78f3000b68f2c00b58f2800b48fb4
:10aad8002400b38f2000b28f1c00b18f1800b08ff4
:10aae8000800e0034000bd270700401421101301af
:10aaf8000600401c25202002ecff601a0000000020
:10ab0800eaffe0120000000025202002252840026c
:10ab1800253080022538c0021400a8afd330400f7a
:10ab2800ffff10261000a2af2118b0023000422407
:10ab38002520200225284002000062a0253080023e
:10ab4800e42f400f2538c002ffff732625884000f8
:10ab5800259060001400a88fd2ff00101000a98f64
:0cab68000421027cd3ff00100000c2afeb
:020000040000fa
:020000041d01dc
:10ab7400e0ffbd271400b0af200090940800838c40
:10ab84001800b1af25888000080004321c00bfaf54
:10ab9400220080101000628c01004430200080509c
:10aba4000060063201006290c2321000403106009b
:10abb400440024960100c634010047300004c53423
:10abc400220003242d0083100b30a7000200423022
:10abd4000008c3340b306200040005242893400f9e
:10abe40025202002090040101c00bf8f01011032f3
:10abf4000101022428000212040002241a0022a6e1
:10ac0400080002241c0022a61c00bf8f1800b18f6c
:10ac14001400b08f0800e0032000bd270060063256
:10ac24000400c0100001c3340001467c4033060018
:10ac34000001c334005010320b3070000001423068
:10ac44000040c3340b306200252800002893400fd5
:10ac540025202002edff40101c00bf8f04000224b9
:10ac64001a0022a60a0002241c0022a61400b08f97
:10ac74001800b18f0800e0032000bd27460023968a
:10ac84002016042420166330d1ff641402004230dd
:10ac9400d2ff0010040005241a0022a60600022494
:08aca400d9ff00101c0022a6dc
:020000040000fa
:020000041d01dc
:10acac00020002244900821000000000d8ffbd27da
:10acbc001c00b0af2580c0002400bfaf2000b1af96
:10accc00330000122530a0000000028e1c0040143e
:10acdc00258800002538000025280000f529400fa4
:10acec0001000424ffff03241c004310d080848f38
:10acfc0080180200010006240a18837c77006590f6
:10ad0c00480071ac1b00a61074006494050020125e
:10ad1c000100052401000524446ba47c740064a488
:10ad2c00010005248473a47c740064a42400bf8fe8
:10ad3c002000b18f1c00b08f0800e0032800bd2755
:10ad4c001000a5af25200002409b400f25280000d5
:10ad5c0025884000dfff40141000a68f2400bf8f11
:10ad6c00ffff02242000b18f1c00b08f0800e0030d
:10ad7c002800bd270000068e0463a47c740064a424
:10ad8c00e4ff2016440066ace6ff00100100052429
:10ad9c002538000025280000f529400f0100042467
:10adac00ffff0324e1ff4310d080848f8018020042
:10adbc002400bf8f0a18837c2000b18f1c00b08f39
:10adcc00480060ac0800e0032800bd270800e00341
:04addc00ffff02244f
:020000040000fa
:020000041d01dc
:10ade000200900002d2d696e666f00002d2d68650d
:10adf0006c7000004552524f523a20556e72656396
:10ae00006f676e697a6564206f7074696f6e202752
:10ae100025732720696e2025732e0a004c697374f0
:10ae200020616c6c20636f6d6d616e647320776957
:10ae30007468206465736372697074696f6e732ed1
:10ae40000a00000055736167653a0a202074656d39
:10ae5000706c617465205b2d2d696e666f5d205b83
:10ae60002d2d68656c705d0a0a53756d6d61727980
:10ae70003a0a202054656d706c61746520646573b6
:10ae800072697074696f6e2e0a0a4f7074696f6e02
:10ae9000733a0a20202d2d696e666f202020202015
:10aea0002020205072696e742061206f6e652d6cb9
:10aeb000696e652073756d6d617279206f6620749f
:10aec00068697320636f6d6d616e642e0a20202d9a
:10aed0002d68656c70202020202020202050726971
:10aee0006e7420746869732068656c70207465786e
:10aef000742e0a0054656d706c61746520636f6d0b
:10af00006d616e642065786563757465642e0000fc
:020000040000fa
:020000041d01dc
:10af1000d8ffbd272000b4af2400bfaf1c00b3afe3
:10af20001800b2af1400b1af1000b0af2400e010b1
:10af30003800b48f020002242b00c210010002244a
:10af40002000c214258000000c01908c0801918c17
:10af50002598a0000800028e290040102590e000ee
:10af600017006012258000000800001025308002c4
:10af7000000082ac140083ac0c0022ae010010264d
:10af8000110070122400bf8f2530800218000524a4
:10af900009f8400201000424040043240900401081
:10afa00000e0637c0c00248e000040acf0ff8014b5
:10afb000140040ac0c0022aef0ff0010080022aede
:10afc000258000002400bf8f251000022000b48fd0
:10afd0001c00b38f1800b28f1400b18f1000b08f17
:10afe0000800e0032800bd270401908c0001918c2b
:10aff0002598a0000800028ed9ff40142590e0009b
:10b00000253080021800052409f8e000010004241e
:10b01000ecff4050258000000800048e0c00058ed7
:10b020000400832400e0637c000044ac140043acc3
:10b03000cbffa014080002aec9ff00100c0002ae46
:020000040000fa
:020000041d01dc
:10b040003c008010000000000000828c390040109d
:10b05000060003240800868c3400c3500400838c4f
:10b060000300a014821805007d01053c4078a3244c
:10b07000422802002128a3002b18a2002d006014f2
:10b08000000000001b00a200f40140000100023c8f
:10b0900012280000ffffa5242b10a200250040105d
:10b0a00082bf033c1022678c008008340600022413
:10b0b000001ce730042268ac2800c2100000000029
:10b0c0000022628c0400868c4410027c251046000d
:10b0d000002262ac0022628c0c00868c06000424e4
:10b0e0000400027c25104600002262ac402265acc0
:10b0f0000022628c060042301000441080000424bc
:10b100000080023cb45e4224300044ac00040424bd
:10b11000180044ac00800234082262ac0100022412
:10b12000182267ac0800e00300000000ccff6010ac
:10b13000000000000800e003251000000080023c31
:10b14000b45e422440000424300044ac00020424d5
:10b15000180044acf0ff0010008002340022628c22
:10b1600006004234002262acdaff0010000000004a
:020000040000fa
:020000041d01dc
:10b170001400828c3300401403000324d8ffbd2741
:10b180002000b0af2400bfaf310082901b004310fd
:10b1900025808000ffff43240200632c39006010eb
:10b1a000010008240c00838c1000848c3000638c18
:10b1b00032000596360006962400481034000796a3
:10b1c0001800a2271400a2af09f860001000a0af79
:10b1d00015004014020003241800a38f020002246b
:10b1e00023006214039d043c030002242400bf8f4b
:10b1f0002000b08f0800e0032800bd270c00828cdf
:10b200001800a3271000a3af36008694320085945f
:10b210002c00428c1000848c09f840002538000076
:10b22000edff401002000324140002ae300003a220
:10b23000010002242400bf8f2000b08f0800e0032b
:10b240002800bd270800e003030002241800a827f7
:10b250001400a8af09f860001000a2afdeff401094
:10b260002518000025100000f2ff0010300003a296
:10b270004701052466a4400f6ca68424dbff001060
:10b28000feff0224039d043c3b01052473a4400ff0
:0cb290006ca68424d5ff0010ffff0224f0
:020000040000fa
:020000041d01dc
:10b29c00e0ffbd271400b0af4c00908c1800b1af8c
:10b2ac00258880001c00bfaf5dab400f252000023d
:10b2bc0065ab400f252000026dab400f252000022e
:10b2cc002cac400f25200002fdff401400000000b4
:10b2dc0061ab400f252000020300001000000000ad
:10b2ec0051ab400f00000000a7ac400f252000021e
:10b2fc00fbff401425200002c0002326000075bc73
:10b30c000f0000000020053c251865000c0060ac07
:10b31c00080060acd0002426000123ae000095bcd0
:10b32c000f000000252085000c0080ac080080accc
:10b33c00e0002326040124ae000075bc0f000000c1
:10b34c00251865000c0060ac080060acf0002226eb
:10b35c00080123ae000055bc0f000000251045006d
:10b36c000c0040ac080040ac252000020c0122aec1
:10b37c003eac400fef6305242520000205ab400fc7
:10b38c0025280000252800000aab400f25200002cc
:10b39c0055ab400f2520000259ab400f2520000271
:10b3ac00252000021c00bf8f1800b18f1400b08f35
:0cb3bc0000060524a5ac400b2000bd27b6
:020000040000fa
:020000041d01dc
:10b3c800760083900b00662c1400c0100100022444
:10b3d80004306200f002c7301000e01425100000ad
:10b3e800d8ffbd270c01c7302400bfaf2000b1af84
:10b3f8000c00e0141c00b0af0004c6303700c05485
:10b4080025280000010002242400bf8f2000b18fee
:10b418001c00b08f0800e0032800bd270800e003e7
:10b42800000000002580800074008494400084306f
:10b4380022008010000000000000048e100004aefe
:10b448000c0004ae1400a010080004ae07000010a1
:10b458001100112410006050760003920800048e39
:10b468001000038e0c00835076000392010006241e
:10b47800252820029e0c400f25200002f5ff4304da
:10b48800640003963e00039601000424c45a837c9a
:10b49800ddff00103e0003a63e0004960800633856
:10b4a8000900062404000524c45a047c0a28c300a1
:10b4b8003e0004a6d4ff0010760005a2ebffa014fe
:10b4c800110011240800058e1000048ef2ffa4104c
:10b4d80010001124e6ff001001000624ac46400fbe
:0cb4e8001000a2afc8ff00101000a28fdf
:020000040000fa
:020000041d01dc
:10b4f400d8ffbd272000b3af1800b1af1400b0af20
:10b504002400bfaf1c00b2af0e00a29002001124b1
:10b514002580a000120051102598800003001224f9
:10b5240028005210010003241a0043106604052465
:10b53400039d043c8da4400f18a984240700022411
:10b544000e0002a22400bf8f2000b38f1c00b28f14
:10b554001800b18f1400b08f0800e0032800bd2745
:10b564008bac400f1000848cf7ff40142400bf8f75
:10b5740033a7400f1000648e0800038e00140200ed
:10b584002518620006000224080003aeedff001037
:10b594000e0002a28bac400f1000848ceaff401412
:10b5a4002400bf8f040006961000648e8019c57ca9
:10b5b4001000a534b5a1400f4020c67ce1ff001067
:10b5c4000e0012a28bac400f1000848cdeff4014de
:10b5d4002400bf8f33a7400f1000648e040005962b
:10b5e400080002ae1000648e4020a67c8019a57c61
:10b5f4000100c634b5a1400f1000a5340d0002921d
:10b6040006000324010042300b886200cdff0010c5
:04b614000e0011a271
:020000040000fa
:020000041d01dc
:10b61800d0ffbd272400b2af2000b1af1c00b0afef
:10b628002c00bfaf2800b3af0f00a2902580a00068
:10b638002588e00013004714259080002528000283
:10b64800c686400f2520c0001a00021210000624ea
:10b65800039d043c360505248da4400f48a9842485
:10b6680002000224290022122c00bf8f2800b38f69
:10b678002400b28f2000b18f1c00b08f0800e003b7
:10b688003000bd27039d043c2a05052448a98424cd
:10b698008da4400f1000a6af1000a68f2528000229
:10b6a800c686400f2520c000eaff0216039d043c11
:10b6b800100006242528000004000426c9a7400f0e
:10b6c8000c0013928800428e17004010000000ae54
:10b6d800000050ac880050ae8c00428e030003245a
:10b6e800010042248c0042ae01000224dcff6316f4
:10b6f8000f0002a28dac400f1000448e020042964b
:10b70800c418027cd6ff0010020042a61000448e26
:10b718002800b38f2400b28f2000b18f1c00b08f97
:10b7280089ac400b3000bd27880050aeeaff0010fe
:04b73800840050ae8b
:020000040000fa
:020000041d01dc
:10b73c00e8ffbd271000b0af0080103c1400bfaf75
:10b74c00f85e02263000439015006014f85e038efc
:10b75c003800439001000224070062502400a7af78
:10b76c001400bf8fffff1024251000021000b08fb3
:10b77c000800e0031800bd272000a6af1c00a5aff1
:10b78c002fa4400f1800a4af1800a48f1c00a58f85
:10b79c002000a68ff2ff40102400a78ff85e038ec6
:10b7ac000200022408006210ffff10244ca1400f7d
:10b7bc00000000001400bf8f251000021000b08f95
:10b7cc000800e0031800bd27f8ffa0102b10a40000
:10b7dc00f6ff40140080033c25800000045b6324ca
:10b7ec00050008240000629006004010208082971b
:10b7fc0001001026fbff081624006324ebff001049
:10b80c00ffff10242320a400180060a0010048248e
:10b81c00ffff08310014020025805000ffff09399a
:10b82c00010002240a404900000062a42800a28ff3
:10b83c00190060a0080065ac040062ac100066ac96
:10b84c00140067ac0c0064ac200070acd7ff001087
:04b85c00208088a719
:020000040000fa
:020000041d01dc
:10b86000e0ffbd271400b1af0800918c0080023cbe
:10b87000005e4224261022021000b0af1c00bfafb1
:10b880001800b2af25808000b09a400f0b880200ec
:10b890002b0040101c00bf8f340002960002433082
:10b8a0000f006010220002a63799400f0000000030
:10b8b0002c00038e2b1043002600401002000224af
:10b8c000252000021c00bf8f1800b28f1400b18f1a
:10b8d0001000b08f25280000f894400b2000bd27f1
:10b8e0003799400f00000000259040002000228e74
:10b8f000709b400f0400518c6210033c02102272b6
:10b90000d34d63240100052425200002e7034224cf
:10b910001900430010100000821102002110520093
:10b92000f894400f2c0002ae050040101c00bf8fa1
:10b93000050002241a0002a61c0000a61c00bf8fee
:10b940001800b28f1400b18f1000b08f0800e00310
:10b950002000bd27020002a6f9ff023c1c0002ae37
:10b96000180000ae1c00bf8f1800b28f1400b18ffa
:10b970001000b08ff9ff0424c9aa400b2000bd2796
:020000040000fa
:020000041d01dc
:10b98000d8ffbd271800b1af1400b0af2400bfaf7f
:10b990002000b3af1c00b2af0e00a2900200112431
:10b9a000130051102580a000030012242a00521019
:10b9b00025988000010003241a00431093040524f5
:10b9c000039d043c8da4400f30a984240700022469
:10b9d0000e0002a22400bf8f2000b38f1c00b28f84
:10b9e0001800b18f1400b08f0800e0032800bd27b5
:10b9f0008bac400f1000848cf7ff40142400bf8fe5
:10ba0000060002240e0002a22400bf8f2000b38f84
:10ba10001c00b28f1800b18f1400b08f0800e00333
:10ba20002800bd278bac400f1000848ceaff401427
:10ba30002400bf8f04000696080007961000648e4d
:10ba40008019c57c1000a5342a9e400f4020c67c7a
:10ba5000e0ff00100e0012a28bac400f1000848c8f
:10ba6000ddff40142400bf8f040005960a000796ee
:10ba70001000648e4020a67c8019a57c0100c6348d
:10ba80002a9e400f1000a5340d00029206000324e8
:10ba9000010042300b886200ceff00100e0011a2a0
:020000040000fa
:020000041d01dc
:10baa000d8ffbd271800b0af2580a00001000524f5
:10bab0002000b2af2400bfaf1c00b1af9990400f7f
:10bac0002590c0003300401025200002258840004a
:10bad0002f8b400f0400508c1b004050feff12249f
:10bae000080040120e004390fcff64240300842ce5
:10baf00005008010ffff64240800438c000043ae63
:10bb00000e004390ffff64240400842c0e00801478
:10bb1000010012240700642c20008010050004247a
:10bb200019006410259000000600632c06006014c4
:10bb3000030007240400268e252840009c00c6240c
:10bb4000866d400f25200002090000122400bf8fdf
:10bb5000e1ac400f000000000000039225204000ef
:10bb600001006324e3ac400f000003a22400bf8f58
:10bb7000251040021c00b18f2000b28f1800b08f3a
:10bb80000800e0032800bd2704000324eeff001096
:10bb90000e0043a0f5ff0010ffff1224039d043c9c
:10bba000f304052460ab84248da4400f1000a2afe1
:10bbb0001000a28fecff1224dbff00100e00439058
:020000040000fa
:020000041d01dc
:10bbc0003300a010d080828fd0ffbd272c00bfafe4
:10bbd0002800b1af070040102400b0af3c00b08493
:10bbe00004000006c080838f2b1803020600601437
:10bbf000801810002c00bf8f2800b18f2400b08f58
:10bc0000bb90400b3000bd270a10437cfaff45145f
:10bc10002c00bf8f1000828c7a00a69403000724aa
:10bc20001000429401000324080042300b18e20087
:10bc30002430c3001800c010253800007c00b98ce7
:10bc40008000a78c2800918c4c00a28c15004450d9
:10bc50002000828c1800a6af1400a7afbb90400f45
:10bc60001000b9af1800a68f1400a78f1000b98f6d
:10bc70001600201325282002252000022c00bf8f4b
:10bc80002800b18f2400b08f080020033000bd27aa
:10bc9000bb90400b0000000025c80000eaff001028
:10bca000258800001000838c540080acc418027cee
:10bcb000480080ac6c0080ac600080ac000060ace0
:10bcc0000c0060a4eaff0010200082ac2c00bf8fa3
:10bcd0002800b18f2400b08f0800e0033000bd279a
:020000040000fa
:020000041d01dc
:10bce0000700a22c4400401000000000029d023c0e
:10bcf0008028050010bd42240a28457ce8ffbd27a6
:10bd00001000b0af1400bfaf0800a0002580800075
:10bd100048bd019db8bd019d5cbd019d2cbd019d2f
:10bd200070bd019da0bd019d5cbd019de1ac400fba
:10bd300000000000000003922a006014ffff63244b
:10bd4000e3ac400f25204000251000001400bf8ff9
:10bd50001000b08f0800e0031800bd271400bf8f4b
:10bd6000010002241000b08f0800e0031800bd2776
:10bd7000e1ac400f000000000000039225204000cd
:10bd800001006324e3ac400f000003a21400bf8f46
:10bd9000010002241000b08f0800e0031800bd2746
:10bda0001400bf8f010002241000b08f000080ac8f
:10bdb0000800e0031800bd27e1ac400f00000000c0
:10bdc00001000324000003a2e3ac400f2520400043
:10bdd0001400bf8f010002241000b08f0800e003a0
:10bde0001800bd2725204000e3ac400f000003a24f
:10bdf000d6ff0010010002240800e0032510000017
:020000040000fa
:020000041d01dc
:10be0000d8ffbd272000b3af0080133c1c00b2afa9
:10be10006c5e72260400458e2400bfaf1800b1afdf
:10be20002100a0101400b0af6c5e628e1a00405862
:10be30000800448e2400b02425880000dcff028e18
:10be4000010031260e0040102520400060a0400f68
:10be5000000000007488400f252000027488400f05
:10be6000f0ff04267488400fe0ff04260800448e8b
:10be70000c00828c09f84000dcff058edcff00ae70
:10be80006c5e628e2a102202ecff40143c001026e9
:10be90000400458e0800448e0c00828c09f8400096
:10bea00000000000040040ae0800458e0080043c05
:10beb0006fa7400f8c5e84241c00448e0400801009
:10bec000080040aee8a9400f000000001c0040ae92
:10bed0004400448e070080102400bf8f2000828c15
:10bee000080042300900401000000000440040ae4d
:10bef0002400bf8f2000b38f1c00b28f1800b18fb9
:10bf00001400b08f0800e0032800bd27bb90400f4d
:0cbf100000000000f6ff0010440040aeee
:020000040000fa
:020000041d01dc
:10bf1c000c00828c0019427c80100200ecff422441
:10bf2c00ff00423026004010010009241400842434
:10bf3c00213882002540e00002000a24ffff422441
:10bf4c002118820023106400010086242b2888000d
:10bf5c001b008710ff0042301900a01000000000e9
:10bf6c00ffffc5901600a010000000000f00a950a4
:10bf7c002520c0001400aa100200432c10006014ed
:10bf8c0000000000010083902b2843000c00a0143b
:10bf9c0000000000020065242310430021208500ce
:10bfac00ff004230e5ff00102138820023106400ae
:10bfbc00010086242b288800e7ff8714ff004230fd
:10bfcc000800e003180202240300422cfcff40147a
:10bfdc0000000000f8ffbd27010085900400032439
:10bfec000000a0a70300a310180202240800e0031d
:10bffc000800bd2703008390020085900000a3a3d6
:10c00c000100a5a30000a397b505642c040080547f
:10c01c001802642cb4050324f4ff001025106000f2
:0cc02c000b184400f1ff0010251060000c
:020000040000fa
:020000041d01dc
:10c038000800838cd8ffbd27030002242000b1af7d
:10c048002400bfaf1c00b0af1e006210258880001e
:10c058000080103c441b04265d34400f441b10260e
:10c068001c10028e10004010010003240800431425
:10c078002400bf8f380022a2251000002400bf8fa3
:10c088002000b18f1c00b08f0800e0032800bd27f6
:10c09800380020a2ffff02242000b18f1c00b08fbf
:10c0a8000800e0032800bd272400bf8f380020a225
:10c0b800251000002000b18f1c00b08f0800e0039d
:10c0c8002800bd27029d033c0080053cc02f632447
:10c0d800441ba3ac029d033c441ba224e43b632401
:10c0e800040043ac039d033c90a06324080043acc8
:10c0f800039d033c380080a00400862438956324ff
:10c1080025204000181043ac1c1040ac100046ac71
:10c118008599400f0c0040a04c818393d7ff601095
:10c12800251000000000258e039d063c039d043c5d
:10c13800f4acc6244495842493a1400f1000a2af08
:08c14800ceff00101000a28fd1
:020000040000fa
:020000041d01dc
:10c150005468652050656c61676963204172676f40
:10c160007379205369746573204c616e640000001c
:10c17000000000004c574441510000000000000046
:10c1800000000000000000000000000000000000af
:10c19000000000756e61737369676e65640000006e
:10c1a000000000000000000000000000000000008f
:10c1b000000031302e302e302e33370000000000ca
:10c1c000000000000000000000000000000000006f
:10c1d0000031302e302e302e3100000000000000e3
:10c1e000000000000000000000000000000000004f
:10c1f0003235352e3235352e3235352e30000000b1
:10c2000000000000000000000000000000000030fe
:10c2100030303030303030303030303030000000ae
:10c22000000000000000000000000000000041339a
:10c230003035334100000000000000000000000025
:10c2400000000000000000000000000000005a0094
:10c25000170000000a0000002c010000020000008e
:10c260005468652050656c61676963204172676f2f
:10c270007379205369746573204c616e640000000b
:10c28000000000004c574441510000000000000035
:10c29000000000000000000000000000000000009e
:10c2a000000000756e61737369676e65640000005d
:10c2b000000000000000000000000000000000007e
:10c2c000000031302e302e302e33370000000000b9
:10c2d000000000000000000000000000000000005e
:10c2e0000031302e302e302e3100000000000000d2
:10c2f000000000000000000000000000000000003e
:10c300003235352e3235352e3235352e300000009f
:10c3100000000000000000000000000000000030ed
:10c32000303030303030303030303030300000009d
:10c330000000000000000000000000000000413389
:10c340003035334100000000000000000000000014
:10c3500000000000000000000000000000005a0083
:10c36000170000000a0000002c010000020000007d
:020000040000fa
:020000041d01dc
:10c370004100801000000000d8ffbd270800838c1a
:10c380001800b1af0080113c005e31262400bfaf21
:10c390002000b3af1c00b2af1400b0af2d00711479
:10c3a000f5ff022402008384020002242900625463
:10c3b000f6ff02242700a010f7ff02242600c05039
:10c3c0002400bf8f1400228e22004050f7ff022469
:10c3d0000000438c1f006050f7ff02240400438cd0
:10c3e0001c006050f7ff02240800428c200040101f
:10c3f0002598c0001000a28c2590a00005004010d8
:10c400002580800025288000029d043c09f840001a
:10c41000086884240c00428e0000458e0400448e7f
:10c420000800438e010022a201000224020025a67a
:10c43000100024ae0a0023a6020002a60100022476
:10c44000180002ae0100023c1c0002ae280013ae30
:10c45000010002242400bf8f2000b38f1c00b28f84
:10c460001800b18f1400b08f0800e0032800bd272a
:10c47000f8ff0010f7ff02240800e003f5ff022494
:020000040000fa
:020000041d01dc
:10c48000d8ffbd272400bfaf2000b4af1c00b3af5e
:10c490001800b2af1400b1af0a00a0101000b0af86
:10c4a0000000a38c080060102580000007008010a9
:10c4b0002400bf8f42008294400042300b004014a1
:10c4c0000080133c258000002400bf8f251000024f
:10c4d0002000b48f1c00b38f1800b28f1400b18fee
:10c4e0001000b08f0800e0032800bd276c5e7326a3
:10c4f0002588c0002580a00076aa400f0400728e17
:10c5000000190200231062008010020021904202f4
:10c510000000448ef174400f25280002e9ff40100e
:10c5200025a0400000004294c0004330e6ff605068
:10c530002580000008002012800042301000838e09
:10c54000030023aa000023ba14008392040023a24c
:10c5500015008392050023a2dbff40100100102488
:10c560001400522604009126252820029e88400fa0
:10c57000252040021400628e25282002252040023a
:10c58000a187400f0c0082aed0ff00102400bf8fa7
:020000040000fa
:020000041d01dc
:10c59000000102040703060500000000ffffffff83
:10c5a000ffffffffffffffffffffffffffffffff9b
:10c5b000ffffffffffffffffffffffffffffffff8b
:10c5c000ffffffffffffffffffffffffff00010275
:10c5d00003040506070809ffffffffffffff0a0b23
:10c5e0000c0d0e0f101112131415161718191a1b13
:10c5f0001c1d1e1f20212223ffffffffffff0a0b30
:10c600000c0d0e0f101112131415161718191a1bf2
:10c610001c1d1e1f20212223ffffffffffffffff26
:10c62000ffffffffffffffffffffffffffffffff1a
:10c63000ffffffffffffffffffffffffffffffff0a
:10c64000fffffffffffffffffffffffffffffffffa
:10c65000ffffffffffffffffffffffffffffffffea
:10c66000ffffffffffffffffffffffffffffffffda
:10c67000ffffffffffffffffffffffffffffffffca
:10c68000ffffffffffffffffffffffffffffffffba
:10c69000ffffffffffffffffffffffffff000000a7
:020000040000fa
:020000041d01dc
:10c6a0003b00801000800a3cf85e4a253400458d2e
:10c6b0000c00888c3900a010000000000c00a28c37
:10c6c0002518000025380000213043002b10c2003f
:10c6d0002110470025480000120040142b300601ad
:10c6e0001000c014000000000c00a28c1c00a68cde
:10c6f0002548a000211062002b1843002138670054
:10c700001600c010251840002528c0000c00a28c7f
:10c71000213043002b10c20021104700f0ff4010d1
:10c720002b3006010c0020551c00268d2318030118
:10c73000340044ad0c0083ac1c0085ac0c00848c30
:10c740000c00a38c01000224231864000c00a3ac8d
:10c750000800e00300000000252820011c0086ac32
:10c760001c00a4ac1c00858c231803010c0083acb6
:10c77000f7ffa010251000000c00848c0c00a38c87
:10c78000231864000c00a3ac0800e00300000000c4
:10c79000251000000800e003000000000c0088ac39
:0cc7a000010002240800e003340044ad56
:020000040000fa
:020000041d01dc
:10c7ac00e0ffbd271000b0af258080009400848c82
:10c7bc001c00bfaf1800b2af00a0400f1400b1af07
:10c7cc0025280000c289400f25200002b5a7400f84
:10c7dc009400048e6880828f0c0002561800048e20
:10c7ec0000a0400f9400048eb5a7400f9400048e57
:10c7fc009c0000aea80000ae980000aea40000aef5
:10c80c00a00000ae688080af1800048effff1124da
:10c81c00050091104400128e1800428e09f8400059
:10c82c0000000000180011ae1400048effff11244c
:10c83c0006009110029d063c0800428e09f840004b
:10c84c0000000000140011ae029d063c25380002c9
:10c85c0025200002d462c6242960400f0200052462
:10c86c002520000225300000b278400ffeff052481
:10c87c00029d063c2538000225200002c85dc62416
:10c88c002960400f010005241c00bf8f1c0000ae66
:10c89c00200000a61800b28f1400b18f1000b08fca
:08c8ac000800e0032000bd2795
:020000040000fa
:020000041d01dc
:10c8b400d8ffbd272000b3af1c00b2af1800b1af42
:10c8c4001400b0af2400bfaf8880908f258880000b
:10c8d4002590a00076aa400f2598c00040180200b9
:10c8e40021186200c0180300231862008018030096
:10c8f40021800302580002920100423017004010c8
:10c904002400bf8f1b006056560002965800029206
:10c914004e0003964800048ed50042302000423475
:10c92400580002a2200000ae030080104c0003a6b1
:10c93400067e400f25280000180040122400bf8ff7
:10c9440058000292ee004230580002a242002296a1
:10c954000400027c420022a62400bf8f2000b38f73
:10c964001c00b28f1800b18f1400b08f0800e003d0
:10c974002800bd270900422ce5ff405458000292cc
:10c98400253800000700062425282002a332400f82
:10c9940025200002deff001058000292560000a677
:10c9a4002000b38f1c00b28f1800b18f1400b08f19
:08c9b4000800e0032800bd2784
:020000040000fa
:020000041d01dc
:10c9bc00a8ffbd27252000005400bfaf5000b1af29
:10c9cc0013a4400f4c00b0af25204000c6a5400f6b
:10c9dc0025884000039d033cc4b16424c4b1688c19
:10c9ec0004008394010007243400a6274000a527e7
:10c9fc00252020023400a8af3800a3a7eb56400f27
:10ca0c004000a2af4300a2934000a5934200a7931d
:10ca1c004100a693039d103ce4ac1026039d043cfe
:10ca2c00508084241000a2af93a1400f1400b0af2b
:10ca3c004000a28f3c00a5271800a4271c00a2af21
:10ca4c00efbe023c010042242400a0af2800a0af9e
:10ca5c002c00a0af3000a0af1800b1af6e49400f52
:10ca6c002000a2af0a004054039d043c039d043ceb
:10ca7c002528000293a1400f688084245400bf8fa6
:10ca8c005000b18f4c00b08f0800e0035800bd2758
:10ca9c00253000022528400093a1400f7c8084247f
:10caac005400bf8f5000b18f4c00b08f0800e003d2
:04cabc005800bd273a
:020000040000fa
:020000041d01dc
:10cac0001800a38cd8ffbd274000828c1800b0af9f
:10cad000258080000c00648c1c00b1af2588a0006c
:10cae000000145302400bfaf2000b2af1a00a010f3
:10caf0001c0004ae4400058e1800a050140004aec3
:10cb00001000728c200042302800248e1000b2af3a
:10cb100018004010200012ae2800029605004010b8
:10cb2000240004ae48000296010042300500401483
:10cb30002400bf8f1c00228e00004294280002a611
:10cb40002400bf8f2000b28f1c00b18f1800b08f5f
:10cb50000800e0032800bd27140004ae1000728c0a
:10cb6000200042302800248e1000b2afeaff4014ab
:10cb7000200012aee39c400f1000a527e6ff4014f2
:10cb80002800248ef0005232e0000224e2ff42121c
:10cb90001000a38f1800028e040043104000028e84
:10cba000180003aec439027c400002ae0100032429
:10cbb0008431627cd8ff0010400002aefbff001001
:04cbc0004000028ea1
:020000040000fa
:020000041d01dc
:10cbc400e8ffbd270080023c1400bfaf1000b0afe7
:10cbd400f85e42243000439010006054ffff82242a
:10cbe4003800439001000224070062100000000096
:10cbf4001400bf8f01001024251000021000b08f14
:10cc04000800e0031800bd272fa4400f1800a4afac
:10cc1400f7ff40101800a48fffff8224feff422c70
:10cc240020004010ffff8a300500422d1d004010f7
:10cc3400c0580a0021406a010080093c8040080075
:10cc4400045b2925214028012000028d0e00821456
:10cc540001001024000002910b00401000000000ad
:10cc640001000291130040140000000021506a01e9
:10cc740080500a0021482a01180020a1000020a1a8
:10cc8400190020a1258000004ca1400f00000000e5
:10cc94001400bf8f251000021000b08f0800e003bd
:10cca4001800bd274ca1400f01001024f9ff00100b
:10ccb4001400bf8fae8c400f25200001ebff001045
:04ccc400010000a1ca
:020000040000fa
:020000041d01dc
:10ccc80055736167653a0a202068656c70205b2d92
:10ccd8002d696e666f5d205b2d2d68656c705d0a31
:10cce8000a53756d6d6172793a0a20204c69737424
:10ccf80020616c6c20726567697374657265642065
:10cd0800636f6d6d616e647320616e642073686f0c
:10cd18007720746865697220272d2d696e666f27e4
:10cd2800206465736372697074696f6e732e0a0a82
:10cd38004f7074696f6e733a0a20202d2d696e66e4
:10cd48006f20202020202020205072696e742061de
:10cd5800206f6e652d6c696e652073756d6d6172df
:10cd680079206f66207468697320636f6d6d616eda
:10cd7800642e0a20202d2d68656c7020202020202c
:10cd88002020205072696e74207468697320686569
:10cd98006c7020746578742e0a0000004176616911
:10cda8006c61626c6520636f6d6d616e64733a0ac5
:10cdb800000000002020252d3136732000000000df
:020000040000fa
:020000041d01dc
:10cdc8001c008294e0ffbd271800b1af01001124b8
:10cdd8001400b0af1c00bfaf0e00511025808000ba
:10cde800220040100200032413004310ffff023cfe
:10cdf8001c0082ac1c00bf8f1800b18f1400b08fcc
:10ce0800020083a4180080ac2000bd27c9aa400beb
:10ce1800ffff0424b09a400f000000001e00405499
:10ce2800340002961c00bf8f1800b18f1400b08f19
:10ce38000800e0032000bd27b09a400f0000000062
:10ce4800f9ff40101c00bf8f340002960300032432
:10ce58001a0003a6460002a61c0000a61800b18fff
:10ce68001400b08f0800e0032000bd27f894400f9d
:10ce780002000524ecff40101c00bf8f02000224b2
:10ce88001c0011a61a0002a61800b18f1400b08f5a
:10ce98000800e0032000bd27030005242520000228
:10cea800f894400f440002a6dfff40101c00bf8f1b
:10ceb800020002241a0002a6daff00101c0002a6d3
:020000040000fa
:020000041d01dc
:10cec8000000a38c140060102540000025500000cd
:10ced8002560000000e08b7c0400628c070043049e
:10cee800255060000e008010000000000800628cd1
:10cef8000b004b1000000000255060000000638c00
:10cf0800f5ff6014000000002400801500000000f8
:10cf180029000055020002240800e0030100022451
:10cf28000400628cc001427c1a004014000000001a
:10cf38000000698c0400628cc001427cfdff401433
:10cf480000000000000060ac0000e28c15004010fa
:10cf5800140060ac0400682400e0087d000043acc5
:10cf6800140048ac0000e3ac0400628c8007427ceb
:10cf7800efff4010251820010d00401101008c25fd
:10cf8800000049ad0500801425182001dcff0010c1
:10cf98000100082408008011020002240800e003b0
:10cfa800251000000000e3acefff00100000c3ac48
:10cfb800f4ff00100000a9ac0800e0030000000026
:020000040000fa
:020000041d01dc
:10cfc800e0ffbd27c21005001000b0af10004230ce
:10cfd8002580a0000200a5301400b1af1c00bfaf2f
:10cfe8001800b2af4c00918c0700a0100100433428
:10cff8000400c430090042340b1844000800c6304d
:10d00800040062340b184600040004320291100038
:10d018000100852c04004232120007242510450027
:10d028001500052488bf063c0b28e400b2404234b2
:10d03800252020020022c3ac1022c2ac64aa400ff3
:10d04800004010320c000524bea9400f2520200204
:10d05800120005246aaa400f252020023700052463
:10d0680075ab400f252020020f00052479ab400f37
:10d0780025202002060000161c00bf8f1800b28f62
:10d088001400b18f1000b08f0800e0032000bd2706
:10d098007dab400f2520200281ab400f25202002c8
:10d0a80001004532252020021c00bf8f1800b28fd6
:10d0b8001400b18f1000b08f85ab400b2000bd2746
:020000040000fa
:020000041d01dc
:10d0c800d8ffbd272000b2af1c00b1af1800b0af29
:10d0d8002590a0008880908f2400bfaf76aa400fcb
:10d0e800258880004018020021186200c01803003b
:10d0f8002318620080180300211803025800659065
:10d108000100a230120040102400bf8f00104232ec
:10d1180014004014000852320e0040122000b28f52
:10d128000001a57c25202002b274400f0100a5242f
:10d13800252020022400bf8f2000b28f1c00b18f51
:10d148001800b08f0c000524568b400b2800bd2713
:10d158002000b28f1c00b18f1800b08f0800e003c8
:10d168002800bd2725202002253000002d72400f01
:10d178002528000001000224252020021000a2af6b
:10d188002538000025300000ec9f400f25280000be
:10d1980025202002010005248e95400f0200062458
:10d1a800252020022400bf8f2000b28f1c00b18fe1
:10d1b8001800b08f0b000524568b400b2800bd27a4
:020000040000fa
:020000041d01dc
:10d1c800c0ffbd272c00b3af5000b38f3800b6aff7
:10d1d8003000b4af010073322800b2af2400b1af01
:10d1e8002000b0af3c00bfaf3400b5af2590800041
:10d1f80025b0a0002580c0002588e0000300601647
:10d208002ba0c7001300805623a03002253000024f
:10d218002528c002a09b400f252040020d00801643
:10d2280023a03002258800023c00bf8f2510200271
:10d238003800b68f3400b58f3000b48f2c00b38f10
:10d248002800b28f2400b18f2000b08f0800e003bf
:10d258004000bd271100862e100002240b10860204
:10d2680025304000200005241000a427c9a7400f3e
:10d2780025a880021000a22e0b0040100f00863255
:10d288001000a527a09b400f25204002e6ff60164e
:10d29800253000022528c002a09b400f252040020f
:10d2a800e2ff00103c00bf8f100006241000a527e5
:10d2b800a09b400f25204002eeff0010f0ffb5268e
:020000040000fa
:020000041d01dc
:10d2c800e0ffbd271c00bfaf1800b2af1400b1af1c
:10d2d800259080002588a0001000b0af76aa400fe6
:10d2e8008880908f4018020021186200c01803003f
:10d2f800231862008018030021800302e8a4400f6d
:10d30800252040025800049201000324560002a67a
:10d318000400647c580004a2540011a642004296fe
:10d328000400627c420042a64800028e18004010a9
:10d33800029d043cffff31260200312e0600201614
:10d348001c00bf8f1800b28f1400b18f1000b08f6f
:10d358000800e0032000bd27580002924e00039603
:10d36800010004244429827c4c0003a6ddac400f54
:10d37800580002a21c00bf8f200002ae1800b28f16
:10d388001400b18f1000b08f0800e0032000bd2703
:10d3980001000524887b400fa4d88424e5ff4014ad
:10d3a800480002ae039d053ca09aa5242ca2400f7c
:0cd3b80025200000e0ff0010ffff3126e0
:020000040000fa
:020000041d01dc
:10d3c4001400828cd0ffbd272400b4af2000b3af7b
:10d3d4001c00b2af2c00bfaf259080002800b5af71
:10d3e4001800b1af1400b0af2598a00009f84000b0
:10d3f4001000948c0c00438e1900601025804000ae
:10d4040025a800000800518e0000428e25306002dd
:10d4140002281172252040022188a20000002296d1
:10d424000100423007004010252820021c00428ed3
:10d4340009f840000000000014004050000022964b
:10d444000c00438e218014020100b5262b28030210
:10d45400232003022b10a302eaff40140a80850054
:10d464002c00bf8f25880000251020022800b58fce
:10d474002400b48f2000b38f1c00b28f1800b18f2a
:10d484001400b08f0800e0033000bd274408027c7c
:10d49400000022a62c00bf8f251020022800b58f83
:10d4a4002400b48f2000b38f1c00b28f1800b18ffa
:0cd4b4001400b08f0800e0033000bd271a
:020000040000fa
:020000041d01dc
:10d4c0001800838c030002243a0062100000000060
:10d4d000dc80828fe0ffbd271c00bfaf1800b2af19
:10d4e0001400b1af0a0040101000b0af0100422498
:10d4f000dc8082af010002241c00bf8f1800b28fb5
:10d500001400b18f1000b08f0800e0032000bd2789
:10d51000019d053c21000624b4dba5241d99400f84
:10d520000600042425184000d88082aff2ff601066
:10d53000251000000080123cddab400f1c6044262b
:10d540000080043c106084240080103cddab400f60
:10d550000080113c605c1026f05c3126252800021a
:10d560001c60442653a3400f24001026fcff111614
:10d5700025280002709b400f0000000040190200a7
:10d58000231862008018030021186200c0180300ed
:10d590006210023ce7036324d34d42241900620069
:10d5a000dc80828f1018000082190300cfff00106a
:0cd5b000d48083af0800e00301000224d7
:020000040000fa
:020000041d01dc
:10d5bc001c80848fe0ffbd271000b0afffff10244c
:10d5cc001c00bfaf1800b2af040090101400b1af34
:10d5dc00f172400f000000001c8090af0080123ce4
:10d5ec00845f42960c0040103081908f258800009b
:10d5fc00252800020300072402000624007d400faa
:10d60c00845f4426845f4296010031262a10220250
:10d61c00f7ff40146c001026c3ac400f845f5026fb
:10d62c000800048e090080100080033c0c00828ce2
:10d63c0009f840003081858f4dac400f0800048ef6
:10d64c0015004004039d053c0080033cbc5f622434
:10d65c00bc5f60ac040040ac080040ac0c0040acbb
:10d66c00100040ac1c00bf8f080000ae0c0000aed8
:10d67c00845f40a6040000ae1800b28f1400b18f76
:10d68c001000b08f308180af0c8180af108180afe3
:10d69c000800e0032000bd27d493a5242ca2400f42
:0cd6ac0025200000e9ff00100080033c76
:020000040000fa
:020000041d01dc
:10d6b8001c008294e8ffbd271000b0af1400bfaf74
:10d6c8000d0040102580800001000324160043103f
:10d6d80002000224020082a4f7ff023c1c0082ac74
:10d6e8001400bf8f1000b08f180080ac1800bd2741
:10d6f800c9aa400bf7ff0424f894400f252800001e
:10d70800060040101400bf8f020002241a0002a66f
:10d71800010002241c0002a61400bf8f1000b08f65
:10d728000800e0031800bd27b09a400f0000000071
:10d73800faff40101400bf8f34000286080040042e
:10d74800020002241c0000ae1400bf8f020002a6d3
:10d75800180000ae1000b08f0800e0031800bd27c5
:10d768003799400f000000002c00038e2b10430057
:10d7780004004010020002241a0002a6e6ff00106e
:10d788001c0000a6020002a6ffff023c1c0002ae1d
:10d79800180000ae1400bf8f1000b08fffff0424e4
:08d7a800c9aa400b1800bd27bf
:020000040000fa
:020000041d01dc
:10d7b0004552524f523a20496e76616c6964204955
:10d7c0005020616464726573732027257327206974
:10d7d0006e2025732e0a00004552524f523a2049be
:10d7e0006e76616c69642067617465776179202762
:10d7f00025732720696e2025732e0a004552524f4b
:10d80000523a20496e76616c6964206d61736b20b9
:10d810002725732720696e2025732e0a000000003b
:10d820004552524f523a204661696c656420746fcc
:10d83000206f627461696e20696e746572666163df
:10d84000652068616e646c6520696e2025732e0a00
:10d85000000000004552524f523a204661696c6503
:10d860006420746f20736574204950206164647271
:10d8700065737320696e2025732e0a004552524f3e
:10d88000523a204661696c656420746f2073657438
:10d89000206761746577617920696e2025732e0a8f
:04d8a0000000000084
:020000040000fa
:020000041d01dc
:10d8a400d0ffbd27039d023c1c00b0af2580800043
:10d8b4002cb344242cb3438c040082942800048e9b
:10d8c4002800b3af2400b2af2c00bfaf2000b1af2b
:10d8d4002598a0001000a3af1400a2a78da7400fa5
:10d8e4001400128e0c004010060006242528400265
:10d8f400252040003da4400f258840000e00401420
:10d90400060006241800058e110002240900a390c5
:10d91400140062102198b300251000002c00bf8f62
:10d924002800b38f2400b28f2000b18f1c00b08f69
:10d934000800e0033000bd271000a5273da4400fd8
:10d9440025202002f5ff4014251000001800058e44
:10d95400110002240900a390f0ff621425100000b6
:10d964002198b300ef44400f0200649600006496cf
:10d97400ef44400f258840007a808497e7ff915454
:10d98400251000007880839726106200e3ff0010c2
:04d994000100422c20
:020000040000fa
:020000041d01dc
:10d998000000a28c0400a38cc0ffbd273800b3afe1
:10d9a8003400b2af3000b1af2c00b0af3c00bfaf15
:10d9b800259080002580a0000800b38c2000a2af2d
:10d9c800030060040c00b18c4408027c2000a2af64
:10d9d8002000a2271800a2af080002241400a2af5a
:10d9e8001000b3af0400c78c0000c68c8e6a400fcd
:10d9f800252000022000a38f10006330040060106f
:10da080030000424ffff422421182202000064a0f1
:10da18002000a38f08006330040060102000042455
:10da2800ffff422421182202000064a01000068e85
:10da38002000a38f25386002ffffc6241000a3af83
:10da48002330c200212822027274400f2520400290
:10da58000400438e00016330040060103c00bf8f57
:10da68000400038e2a2043000b1064003800b38f93
:10da78003400b28f3000b18f2c00b08f0800e00363
:04da88004000bd2776
:020000040000fa
:020000041d00dd
:10001000e0ffbd271400b1af1c00bfaf1800b2afa6
:100020001000b0af0000a280258880001f004010a3
:100030001000838c2580a0000b000010259000008c
:1000400022004710000000000400228e09f8400042
:10005000259000001000238e01001026000002826f
:10006000130040500800398e0d0006240a000724b2
:1000700025206000f2ff4614252840000400228e4f
:100080000d00052409f84000010010260400228e0e
:100090001000248e0a00052409f8400001001224f3
:1000a00000000282f0ff40141000238e0800398ef9
:1000b0001c00bf8f1800b28f1400b18f1000b08fda
:1000c00025206000080020032000bd270a004016fc
:1000d0000d0005240400228e09f8400001001026be
:1000e0000400228e1000248e09f840000a00052426
:1000f000daff00101000238ed7ff001025900000bb
:020000040000fa
:020000041d01dc
:10da8c00e0ffbd271400b1af0800918c0080023c70
:10da9c00005e4224261022021000b0af1c00bfaf63
:10daac001800b2af25808000b09a400f0b8802009e
:10dabc001d0040101c00bf8f340003962800028efe
:10dacc001e004010220003a63799400f00000000f2
:10dadc00259040002000228e709b400f0800518c36
:10daec006210033c02102272d34d632425280000df
:10dafc0025200002e7034224190043001010000007
:10db0c008211020021105200f894400f2c0002ae3a
:10db1c00050040101c00bf8f040002241a0002a64e
:10db2c001c0000a61c00bf8f1800b28f1400b18f10
:10db3c001000b08f0800e0032000bd270100052471
:10db4c00f894400f25200002f7ff40101c00bf8ff7
:10db5c00030002241a0002a61c0000a61800b28fb3
:10db6c001400b18f1000b08f0800e0032000bd2717
:020000040000fa
:020000041d01dc
:10db7c0038008010039d023ce0ffbd271400b0afbd
:10db8c001c00bfaf1800b1af000082802580800060
:10db9c000700401020000424ff004230f7ff43240c
:10dbac00210044100500632c200060540100102655
:10dbbc0002a6400f25200002211002022b1802029f
:10dbcc000700601020000524ffff4490f7ff83241a
:10dbdc001b0085100500632c1a006054ffff4224c3
:10dbec00231850000001712c0080073cff00022418
:10dbfc000b107100045ae724252800022530400040
:10dc0c002520e000d4a6400f2588400021182202d0
:10dc1c00000060a01c00bf8f1800b18f1400b08fe3
:10dc2c000800e0032000bd2701001026000002823e
:10dc3c00daff4014ff004230ddff0010000000004e
:10dc4c00ffff4224e1ff5054ffff4490e5ff00101a
:0cdc5c00231850000800e003b4a5422487
:020000040000fa
:020000041d01dc
:10dc6800e8ffbd271000b0af1400bfafb09a400f57
:10dc7800258080001e0040101400bf8f34000296db
:10dc8800200043301d006014040043302800028e39
:10dc9800060040500200022400100324000043ac98
:10dca800040040ac080040ac02000224020002a6b6
:10dcb800f8ff023c1c0002ae180000ae1400bf8f33
:10dcc8001000b08ff8ff0424c9aa400b1800bd2724
:10dcd800f894400f25200002050040101400bf8f63
:10dce800050002241a0002a61c0000a61400bf8f1b
:10dcf8001000b08f0800e0031800bd27080060146a
:10dd0800000142302800028ee8ff40500200022441
:10dd1800000040ac040040ace3ff0010080040ac39
:10dd2800ebff4010060005240f000524f894400f6f
:10dd380025200002eeff40101400bf8f02000224cd
:0cdd48001a0002a6e9ff00101c0000a653
:020000040000fa
:020000041d01dc
:10dd5400d8ffbd271c00b1af4400918c1800b0afb0
:10dd6400258080001c00228e1800848c2000b2af15
:10dd74002400bfaf1000a0af09f840000100122436
:10dd84001e0052102400bf8f2000228e09f840008c
:10dd94001800048e1e004054200002928400028e5b
:10dda400010042301a004050200002921800048ef4
:10ddb4003400228e09f840001000a5271000a58f1a
:10ddc4008800028e004004240100a5300080033442
:10ddd4000b1885008c00068e25284300880005aeac
:10dde400f273400f2520000220000292900000ae42
:10ddf4000421427e200002a22400bf8f2000b28fa3
:10de04001c00b18f1800b08f0800e0032800bd2764
:10de14000429027c3799400f200002a22400bf8ffe
:10de24007c0002ae900000ae2000b28f1c00b18fc7
:0cde34001800b08f0800e0032800bd2794
:020000040000fa
:020000041d01dc
:10de4000e0ffbd271800b2af1400b1af1000b0afb3
:10de50001c00bfaf25888000fd62400f2590a00008
:10de60001800401025804000000002960100433059
:10de70000a006050000002924408027c000002a6e2
:10de80001c00bf8f251000021800b28f1400b18f44
:10de90001000b08f0800e0032000bd271c00bf8fda
:10dea0001800b28f0408027c03004234000002a272
:10deb0001400b18f251000021000b08f0800e0039d
:10dec0002000bd272400238e0c00228eedff62145b
:10ded0001c00bf8f1800228eebff4050251000025f
:10dee00009f8400025202002e6ff40101c00bf8feb
:10def0000000439401006430060080102528400291
:10df00000400037c000043a42400228effff42246f
:10df1000240022aefd62400f25202002d9ff4010d0
:0cdf20001c00bf8fd0ff001025804000c7
:020000040000fa
:020000041d01dc
:10df2c000a0a00003d3d3d3d3d3d3d3d3d3d3d3df5
:10df3c003d3d3d3d3d3d3d3d3d3d3d3d3d3d3d3d05
:10df4c003d3d3d3d3d3d3d3d3d3d3d3d3d3d3d3df5
:10df5c003d3d3d3d3d3d3d3d3d3d3d3d3d3d3d0a18
:10df6c00000000003d3d3d3d3d3d3d3d3d20202020
:10df7c0020456d6265646465642045746865726ee5
:10df8c006574204d6f64756c6520436f6e736f6c98
:10df9c006520202020203d3d3d3d3d3d3d3d3d0a41
:10dfac000000000054686520646562756720666c2b
:10dfbc006167206973207365742c206578706563c4
:10dfcc007420766572626f7365206f7574707574ea
:10dfdc002e0a000054686520646562756720666cc3
:10dfec006167206973206e6f74207365742c2065d3
:10dffc007870656374207175696574206f757470c1
:08e00c0075742e0a00000000eb
:020000040000fa
:020000041d01dc
:10e01400d8ffbd272000b2af0080123c1800b0af7b
:10e02400600950261c00b1af2400bfaf27000416be
:10e03400faff1124039d063c253800029c80c62467
:10e044004a54400f2528000025280000d853400fcb
:10e0540025200002360011961d0020122400bf8fd7
:10e064007400028e050040101000a0af0080043c34
:10e074000500052409f84000700a84241000a5272f
:10e08400549e400f600944267400028e0400401020
:10e09400060005240080043c09f84000700a84242a
:10e0a4001000a28f2a18220208006054258800005c
:10e0b400380005960c00a0502328220204000624f0
:10e0c400575e400f60094426258800002400bf8f56
:10e0d400251020022000b28f1c00b18f1800b08fd1
:10e0e4000800e0032800bd27f4ffa01425880000e1
:08e0f400f7ff00102400bf8fac
:020000040000fa
:020000041d01dc
:10e0fc00d8ffbd273800822c2000b3af1c00b2af74
:10e10c001400b0af2400bfaf1800b1af2598a00029
:10e11c002590c00002004014380010242580800097
:10e12c006c80848f1d00712603001026f0ff3132a5
:10e13c00fcff1032320025260400828c21280502b7
:10e14c0009f84000feffa5301800401025184000cb
:10e15c001800062625280000c9a7400f25204000de
:10e16c0025184000211050002f0044240418047c72
:10e17c001a002626120046a4020085240400127cf4
:10e18c00010006240e0051a4040044acf8ff83ac3b
:10e19c00100046a4100062ac080045ac140065ac3d
:10e1ac000a006016200072ac2f0060a02400bf8f04
:10e1bc00251060002000b38f1c00b28f1800b18fa7
:10e1cc001400b08f0800e0032800bd271000842441
:08e1dc00f5ff0010180064ac0f
:020000040000fa
:020000041d01dc
:10e1e400360080100080033c0800868c005e6324a7
:10e1f4002600c314f5ff02240200828401000324d4
:10e204002a004314000000001800839427006214bd
:10e21400000000001a008294030043100400032449
:10e224002200431400000000e0ffbd271c00bfaf24
:10e234001800b2af1400b1af1000b0af300092902c
:10e24400020002241b0042162588a0006a7d400fac
:10e254002580800007004204f7ff022405005210c5
:10e26400010002240b002012251000003400039644
:10e27400000023a61c00bf8f1800b28f1400b18fba
:10e284001000b08f0800e0032000bd270800e00361
:10e29400000000001c00bf8f1800b28f1400b18f63
:10e2a4001000b08f0800e0032000bd270800e00341
:10e2b400f6ff0224efff0010f7ff02240800e0033a
:04e2c400f5ff02243c
:020000040000fa
:020000041d01dc
:10e2c800c8ffbd273000b3af2800b1af2400b0affe
:10e2d8003400bfaf2c00b2af2598c0002580800065
:10e2e8002588a0001400a0af1000a0af0600c01041
:10e2f8001800a0af7400828c0300401005000524ac
:10e3080009f840001401842403000010500012266c
:10e3180035a3400f0000000026a3400f252040022f
:10e3280025284000faff40141000a42710006012ae
:10e33800000000007400028e0d0040100000000074
:10e348000600052409f840001401042626a3400ffe
:10e358001000a42725204000401006240a00401081
:10e36800252820027000028e09f8400000000000f5
:10e3780026a3400f1000a4272520400040100624a3
:10e38800f8ff4014252820023400bf8f3000b38fd7
:10e398002c00b28f2800b18f2400b08f0800e00352
:04e3a8003800bd2755
:020000040000fa
:020000041d01dc
:10e3ac0020008290e8ffbd271000b0af2000433062
:10e3bc001400bfaf110060102580800008004230af
:10e3cc001e004050200002924400028e1800048e61
:10e3dc00253000003800428c09f840002528000048
:10e3ec001e00400403000224900002ae1400bf8ff4
:10e3fc001000b08f0800e0031800bd273799400fbc
:10e40c00000000007c00038e8000048e231043006b
:10e41c002b104400f5ff401401000324200002924d
:10e42c004429627c200002a2ff00423008004230e6
:10e43c00e6ff40544400028e200002921400bf8f6d
:10e44c00010003240421627c900000ae200002a293
:10e45c001000b08f0800e0031800bd2720000292c6
:10e46c000429027c3799400f200002a21400bf8fb0
:10e47c007c0002ae900000ae1000b08f0800e003ec
:04e48c001800bd2790
:020000040000fa
:020000041d01dc
:10e49000c8ffbd272c00b0af40800400212004023b
:10e4a0000080103c80200400f05c10263000b1afea
:10e4b0003400bfaf2588a0001c00a0af2000a0af93
:10e4c0002400a0af1000a0af1400a0af1800a0afb0
:10e4d0002180040262a3400f25200002252840006d
:10e4e000140040101000a4272800438c0b0071106a
:10e4f0000000000053a3400f0000000062a3400f83
:10e5000025200002252840000a0040101000a42702
:10e510002800438cf7ff71140000000053a3400f44
:10e520001c00a427ebff0010000000009da6400f78
:10e530000000000062a3400f1c00a427252040001b
:10e5400001000624f9ff4014f5ff05241000a28ff6
:10e55000030040101000a527458e400f2520000223
:10e560003400bf8f3000b18f2c00b08f0800e00363
:04e570003800bd278b
:020000040000fa
:020000041d01dc
:10e574005443502f495020537461636b3a205469bb
:10e58400636b20726567697374726174696f6e205e
:10e594006661696c65643a2025640d0a0000000018
:10e5a4005443502f495020537461636b3a20496e91
:10e5b400697469616c697a6174696f6e2053595327
:10e5c40020544d52206661696c65643a20256420ac
:10e5d4002d2041626f7274696e6721200d0a00005c
:10e5e4005443502f495020537461636b3a20496e51
:10e5f4007465726661636520496e697469616c69ea
:10e604007a6174696f6e206661696c65643a203062
:10e61400782578202d2041626f7274696e672120fd
:10e624000d0a00005443502f495020537461636b0a
:10e634003a20496e697469616c697a6174696f6eb4
:10e6440020456e646564202d207375636365737360
:04e65400200d0a008b
:020000040000fa
:020000041d01dc
:10e6580082bf043c08000624002286ac00940634dd
:10e66800182286acd8000624402286ac81bf033c21
:10e678000200063c040166ac0080053c0400063c30
:10e68800040166acb45ea2240800063c040166ac32
:10e69800200040ac280040ac2c0040ac340040a026
:10e6a8003c0040a0380040acb45ea0ac080040acd0
:10e6b8000c0040ac100040a01c0040a0140040ac6e
:10e6c800400040ac0022858c060006240600a530d8
:10e6d8000c00a61080000524300045ac0004052479
:10e6e800180045ac00800234082282ac0200023ccb
:10e6f800080162ac0400023c080162ac0800e003b7
:10e708000000000040000524300045ac000205244c
:10e71800180045ac00800234082282ac0200023c9a
:10e72800080162ac0400023c080162ac0800e00386
:04e7380000000000dd
:020000040000fa
:020000041d01dc
:10e73c00840002242200a2500000e28c8500a22852
:10e74c0010004010810002240800a2500000e28c4e
:10e75c00820002242700a2500000e28c80000224d8
:10e76c001000a214000000000000e28c04004324fe
:10e77c000000e3ac0000428c000082ac15000010dd
:10e78c00000046ac900002241a00a2500000e28c5b
:10e79c009100a22805004010880002240f00a2500e
:10e7ac000000e28c0800e00325100000a000022409
:10e7bc00eeffa2500000e28ce9ff0010c000022422
:10e7cc00040043240000e3ac0000428c000082ac47
:10e7dc00000046a40800e0030100022404004324c6
:10e7ec000000e3ac0000428c000082acf9ff00108a
:10e7fc00000046a0040043240000e3ac0000428c5f
:10e80c00000082ac000046acc3370600f1ff0010dc
:04e81c00040046ac02
:020000040000fa
:020000041d01dc
:10e820003300801000000000e0ffbd271800b2afe9
:10e830001400b1af1000b0af1c00bfaf2580800046
:10e840002588c000f89a400f2590a0002200405073
:10e85000010002242000205a251000000000478eed
:10e860001c00071204004826ffff052407000010c3
:10e8700025180000010063240c002352ffff03242d
:10e88000fcff078d1400075201000224f9ffe01479
:10e8900004000825272005000a28640001006324dd
:10e8a000f8ff2356fcff078dffff03241200a3107f
:10e8b0001c00bf8f80280500212845020000b0ac55
:10e8c0001800b28f1400b18f1000b08f0800e00361
:10e8d0002000bd27010002241c00bf8f1800b28f4a
:10e8e0001400b18f1000b08f0800e0032000bd2796
:10e8f0000800e00301000224f7ff001025100000cb
:020000040000fa
:020000041d01dc
:10e9000099aa043c86bf023c80bf033c5566842420
:10e91000000040ac000140ac000240ac000340ac41
:10e92000000440ac000540ac000640ac300060acd8
:10e93000300064ac6655043caa998434300064ac61
:10e940000000648c30000724e8ffbd27446b047c82
:10e95000000064ac0b000424701464ac02000424b6
:10e96000481664ac0000668c0100042408000524ed
:10e97000446b867c000066ac3333063c3333c624dc
:10e98000300066ac1e000324140243ac03000324d1
:10e99000140443ac00600324140347ac05000424b2
:10e9a000180243acfc0003241400bfaf180443acae
:10e9b000380347ac12aa400f0000000004000524f1
:10e9c00012aa400f252000001400bf8f00800534dc
:0ce9d0000200042412aa400b1800bd270e
:020000040000fa
:020000041d01dc
:10e9dc00e0ffbd271800b1af1400b0af1c00bfaff3
:10e9ec000e00a290010003242580a0000e0043100d
:10e9fc0025888000020003241e004310f203052426
:10ea0c00039d043c8da4400f88ab84240700022492
:10ea1c000e0002a21c00bf8f1800b18f1400b08f23
:10ea2c000800e0032000bd278bac400f1000848c45
:10ea3c00f9ff40141c00bf8f1000248e04000696b2
:10ea4c00b5a1400f060005960d00029202000424a9
:10ea5c0006000324010042300a1882000e0003a2b3
:10ea6c001c00bf8f1800b18f1400b08f0800e0039a
:10ea7c002000bd278bac400f1000848ce6ff4014a7
:10ea8c001c00bf8f33a7400f1000248e080002ae6d
:10ea9c00060002240e0002a21c00bf8f1800b18fca
:0ceaac001400b08f0800e0032000bd271c
:020000040000fa
:020000041d01dc
:10eab8000200822c2c00401400000000e0ffbd275b
:10eac8001800b2af0080123c1400b1af6453522654
:10ead8002588a0000029040021204502080083940d
:10eae8000400888c1000b0af251823021c00bfafab
:10eaf8002580c00005000011080083a42538000007
:10eb08002530200209f800010329050000012232fe
:10eb180004004010000000001081828f0100422490
:10eb2800108182af0a000016251000021400428ee0
:10eb38000f0040100080043c2538000025302002da
:10eb48000100052409f840007453842401000224bc
:10eb58001c00bf8f1800b28f1400b18f1000b08f47
:10eb68000800e0032000bd270800e003251000008e
:10eb78001c00bf8f010002241800b28f1400b18f4f
:0ceb88001000b08f0800e0032000bd2743
:020000040000fa
:020000041d01dc
:10eb9400a8ffbd270400a1af0800a2af0c00a3afdb
:10eba4001000a4af1400a5af1800a6af1c00a7afb7
:10ebb4002000a8af2400a9af2800aaaf2c00abaf57
:10ebc4003000acaf3400adaf3800aeaf3c00afaff7
:10ebd4004000b8af4400b9af4800bfaf12400000d6
:10ebe4004c00a8af104000005000a8af039d1a3c91
:10ebf40068aa5a270000000000680440006005402d
:10ec040009f84003000000005000a88f1100000123
:10ec14004c00a88f130000010400a18f0800a28fec
:10ec24000c00a38f1000a48f1400a58f1800a68fca
:10ec34001c00a78f2000a88f2400a98f2800aa8f6a
:10ec44002c00ab8f3000ac8f3400ad8f3800ae8f0a
:10ec54003c00af8f4000b88f4400b98f4800bf8f8d
:0cec64005800bd27c0000000180000424e
:020000040000fa
:020000041d01dc
:10ec7000d8ffbd271400b0af1000908c2000b3afb8
:10ec80002400bfaf1c00b2af1800b1af27000012c4
:10ec90002000b3902588a0001900001001007332f5
:10eca0007400228e030040100500052409f840007e
:10ecb000100124260800058e6553400f25202002f0
:10ecc0007400228e030040100600052409f840005d
:10ecd0001001242610000296240023860400048ece
:10ece000040042300c0040100a20837c2000828cfb
:10ecf00025804002c418027c0c004012200082ac27
:10ed00000000128ee6ff6016000000ae240022868e
:10ed10000400048e0a20827c6c00228e09f84000d8
:10ed200025804002f7ff40560000128e2400bf8f5e
:10ed30002000b38f1c00b28f1800b18f1400b08f69
:08ed40000800e0032800bd27d4
:020000040000fa
:020000041d01dc
:10ed48004000828ce0ffbd278000033c000847306c
:10ed5800000242301800b1af1400b0af1c00bfafc2
:10ed6800258080002588a0000b386700030040102c
:10ed7800480004240400e7346000042410000696c8
:10ed88000200e7348d97400f080005241600401054
:10ed9800019d043c4000038e747384240002633098
:10eda800080044ac150060140c0050ac1c00438ce7
:10edb800080063240a0020523e00039210000496c3
:10edc800000003ae080003ae212064000100032404
:10edd800040004ae3c0003a20c0002ae3e00039205
:10ede800010063243e0003a21c00bf8f1800b18fee
:10edf8001400b08f0800e0032000bd271000438cea
:10ee080048004424000064ac0100042425180000d4
:08ee1800e8ff0010580044a4bb
:020000040000fa
:020000041d01dc
:10ee2000d0ffbd272000b0aff880908f2c00bfaf7f
:10ee30002800b2af120000122400b1af17008010fa
:10ee40000080123c251080002588a0000c000724bb
:10ee5000252800021000a627f05f44261800a0af66
:10ee60001000a0af1400a2af0893400f1800b1a388
:10ee70000300401025804000100020160000000014
:10ee80002c00bf8f251000022800b28f2400b18f04
:10ee90002000b08f0800e0033000bd272c00bf8f9a
:10eea00025800000251000022800b28f2400b18fb9
:10eeb0002000b08f0800e0033000bd27a493400f6e
:10eec000f05f4426e480828ff05f442601004224f4
:10eed000e48082af349a400f000000002c00bf8f06
:10eee000251000022800b28f2400b18f2000b08fbf
:08eef0000800e0033000bd271b
:020000040000fa
:020000041d01dc
:10eef800a8ffbd270400a1af0800a2af0c00a3af74
:10ef08001000a4af1400a5af1800a6af1c00a7af4f
:10ef18002000a8af2400a9af2800aaaf2c00abafef
:10ef28003000acaf3400adaf3800aeaf3c00afaf8f
:10ef38004000b8af4400b9af4800bfaf124000006e
:10ef48004c00a8af104000005000a8af0068044073
:10ef580000600540039d023ca4af422409f840002c
:10ef6800000000005000a88f110000014c00a88f7d
:10ef7800130000010400a18f0800a28f0c00a38fca
:10ef88001000a48f1400a58f1800a68f1c00a78f4f
:10ef98002000a88f2400a98f2800aa8f2c00ab8fef
:10efa8003000ac8f3400ad8f3800ae8f3c00af8f8f
:10efb8004000b88f4400b98f4800bf8f5800bd2764
:08efc800c00000001800004227
:020000040000fa
:020000041d01dc
:10efd000a8ffbd270400a1af0800a2af0c00a3af9b
:10efe0001000a4af1400a5af1800a6af1c00a7af77
:10eff0002000a8af2400a9af2800aaaf2c00abaf17
:10f000003000acaf3400adaf3800aeaf3c00afafb6
:10f010004000b8af4400b9af4800bfaf1240000095
:10f020004c00a8af104000005000a8af006804409a
:10f0300000600540039d023cb4af422409f8400043
:10f04000000000005000a88f110000014c00a88fa4
:10f05000130000010400a18f0800a28f0c00a38ff1
:10f060001000a48f1400a58f1800a68f1c00a78f76
:10f070002000a88f2400a98f2800aa8f2c00ab8f16
:10f080003000ac8f3400ad8f3800ae8f3c00af8fb6
:10f090004000b88f4400b98f4800bf8f5800bd278b
:08f0a000c0000000180000424e
:020000040000fa
:020000041d01dc
:10f0a800c0ffbd273800b1af3400b0af3c00bfafe0
:10f0b8002588a0000000a5800400a01025808000fd
:10f0c8000100228209004054252800004782400f91
:10f0d800252000023c00bf8f231050003800b18f5c
:10f0e8003400b08f0800e0034000bd27200006244c
:10f0f800c9a7400f1000a4270100052400002282a0
:10f108001a0040101000a4270000239201003126a5
:10f118004211030080100200211082000000448c7c
:10f128000418650025186400f4ff0010000043acc3
:10f138000100422400004380e6ff6010ff006330b6
:10f1480042210300802004001000a6272120c400cb
:10f158000000848c0418650024186400f4ff601013
:10f168003c00bf8fddff0010231050002510000267
:08f17800f0ff00100100052466
:020000040000fa
:020000041d01dc
:10f18000c0ffbd273800b1af3400b0af2588800084
:10f190002580a00020000624252800003c00bfafe9
:10f1a000c9a7400f1000a4270000038209006010c7
:10f1b00025100000010002820b004014010005240c
:10f1c0002510200200004480feff835001004224ed
:10f1d000231051003c00bf8f3800b18f3400b08f36
:10f1e0000800e0034000bd27000003921000a427a0
:10f1f000010010264211030080100200211082003d
:10f200000000448c0418650025186400000043ac1d
:10f2100000000282f4ff40142510200201000524a2
:10f2200000004380eaff60101000a627ff00633053
:10f2300042210300802004002120c4000000848caf
:10f240000418650024186400e2ff60502310510088
:08f25000f3ff0010010042244d
:020000040000fa
:020000041d01dc
:10f25800e0ffbd271400b0af1c00bfaf1800b1af6e
:10f268000e00a290010003240e0043102580a00088
:10f27800020003242000431013040524039d043cca
:10f288008da4400f9cab8424070002240e0002a228
:10f298001c00bf8f1800b18f1400b08f0800e00366
:10f2a8002000bd27258880008bac400f1000848c7f
:10f2b800f8ff40141c00bf8f1000248e080007962a
:10f2c800040006962a9e400f060005960d0002923d
:10f2d8000200042406000324010042300a188200b8
:10f2e8000e0003a21c00bf8f1800b18f1400b08f4e
:10f2f8000800e0032000bd278bac400f1000848c71
:10f30800e4ff40141c00bf8f060002240e0002a276
:10f318001c00bf8f1800b18f1400b08f0800e003e5
:04f328002000bd27dd
:020000040000fa
:020000041d01dc
:10f32c003000a010000000000000a28c2d00401046
:10f33c0000000000290080100000000042008694ac
:10f34c004000c6300300c014faff02240800e0039a
:10f35c0000000000e0ffbd270080023c1c00bfaf96
:10f36c001800b2af1400b1af1000b0af2588800008
:10f37c002580a00076aa400f705e528c0019020006
:10f38c002310620080100200219042020000448e83
:10f39c00f174400f25280002140040102580400015
:10f3ac0025284000c892400f25204002feff07246c
:10f3bc0025300000080005266380400f2520200220
:10f3cc00251000001c00bf8f1800b28f1400b18fe5
:10f3dc001000b08f0800e0032000bd270800e003f8
:10f3ec00faff02240800e003fbff0224f5ff0010e3
:04f3fc00ffff0224e9
:020000040000fa
:020000041d01dc
:10f400005800a294d8ffbd272000b3af1c00b2afb4
:10f410001800b1af1400b0af2400bfaf029d103c84
:10f42000140082ac029d133c029d023c2590a0007a
:10f4300025888000100085ac180086ac1c0087acc5
:10f4400020324224f47a1026a07a7326f4ff102684
:10f4500009f8400025202002fcff1356fcff028e15
:10f46000010004242479400f252840025000448ed6
:10f47000060080504c00448e4400428e2000428c96
:10f4800009f84000000000004c00448e0600805047
:10f49000420042964400428e0c00428c09f8400023
:10f4a00000000000420042962400bf8f500040ae92
:10f4b000bfbf42304c0040ae420042a62000b38f96
:10f4c0001c00b28f1800b18f1400b08f0800e00349
:04f4d0002800bd272c
:020000040000fa
:020000041d01dc
:10f4d4006c776461715f72656c61795f636f6e668e
:10f4e400696775726174696f6e3a0a00636f6e665c
:10f4f400696775726174696f6e5f74696d653a20ce
:10f5040025730a006472697665725f69643a20251e
:10f51400730a0000676174657761795f616464727e
:10f524003a2025730a00000069705f616464723ace
:10f534002025730a0000000069705f706f72743ace
:10f544002025750a000000006f70657261746f7287
:10f554003a2025730a00000070617373776f726438
:10f564003a2025730a000000736563757269747923
:10f574005f6c6576656c3a2025750a007375626e5a
:10f5840065745f6d61736b3a2025730a0000000097
:10f594007463705f74696d656f75743a2025750abc
:04f5a4000000000063
:020000040000fa
:020000041d01dc
:10f5a800e0ffbd271c00bfaf1800b0af300083904c
:10f5b8000200022417006214258080001000848c49
:10f5c80026008050039d043c0c00028e1400058e1a
:10f5d8003800428c09f840001000a62701000324d7
:10f5e80008004350020002241300400403000324cf
:10f5f800310004921600831025100000140000ae9c
:10f60800300000a21c00bf8f1800b08f0800e00374
:10f618002000bd27039d043c6c01052466a4400f0f
:10f62800fca084241c00bf8f251000001800b08f98
:10f638000800e0032000bd27039d043c7e0105244b
:10f6480066a4400ffca08424ecff0010feff0224f7
:10f658001000a38fe9ff0010340003a672010524ef
:10f6680073a4400ffca08424e6ff0010ffff0224cf
:020000040000fa
:020000041d01dc
:10f678000080033c60096324040083142510000003
:10f688009800838c03006014000000000800e00369
:10f6980000000000d8ffbd271000b0af2580800013
:10f6a8002520a0002400bfaf2000b4af1c00b3afda
:10f6b8001800b2af1400b1af249f400f2588a000f6
:10f6c8009400048e2590400000a0400f4c00138e3b
:10f6d80025a040009c00028e272811002718120040
:10f6e8002428a2009c0005aea400028e2528400212
:10f6f8002520600224186200a40003ae35ac400f38
:10f70800000000002528400238ac400f2520600288
:10f718009400048e94aa400f252880022400bf8fed
:10f72800010002242000b48f1c00b38f1800b28f90
:10f738001400b18f1000b08f0800e0032800bd2727
:020000040000fa
:020000041d01dc
:10f74800d8ffbd271800b2af259080002520a00063
:10f758002000b4af1c00b3af1400b1af1000b0afbd
:10f768002400bfaf2588a00025a0c000a493400fa7
:10f778002598e0000a004014258040002400bf8f2f
:10f78800251000022000b48f1c00b38f1800b28f20
:10f798001400b18f1000b08f0800e0032800bd27c7
:10f7a80025284002ba85400f252020021400401069
:10f7b80000000000030060120000000009f8600269
:10f7c80025204000349a400f252020020c00828e0c
:10f7d8002528400209f84000252080022400bf8f18
:10f7e800251000022000b48f1c00b38f1800b28fc0
:10f7f8001400b18f1000b08f0800e0032800bd2767
:10f80800349a400f25202002dcff001025800000dc
:020000040000fa
:020000041d01dc
:10f81800e0ffbd271400b1af0080113c1000b0af6d
:10f8280025808000f05f24261800b2af1c00bfaf0f
:10f83800a493400f2590a000f05f228e050040148d
:10f848000000000018000010000000001600401022
:10f8580000000000fdff02560000428c08004390a3
:10f868001100721000000000e480838f18004052dd
:10f87800ffff632401006324e48083af080052a0e3
:10f8880001001024349a400ff05f24261c00bf8f1b
:10f89800251000021800b28f1400b18f1000b08f2d
:10f8a8000800e0032000bd27349a400ff05f2426ab
:10f8b8001c00bf8f25800000251000021800b28fa1
:10f8c8001400b18f1000b08f0800e0032000bd279e
:10f8d800e48083af080052a0eaff00100100102462
:020000040000fa
:020000041d01dc
:10f8e800e0ffbd271400b0af1c00bfaf1800b1afd8
:10f8f8000e00a290010003241d0043102580a000e3
:10f9080010004010fcff42240200422c0e00405020
:10f91800039d043c1000848c6693400f0800a524c6
:10f92800040040101c00bf8f050002240e0002a234
:10f938001c00bf8f1800b18f1400b08f0800e003bf
:10f948002000bd27039d043c300405248da4400fee
:10f95800b0ab8424070002240e0002a21c00bf8f53
:10f968001800b18f1400b08f0800e0032000bd27f5
:10f97800258880008bac400f1000848cedff40146c
:10f988001c00bf8f04000696060005963f9e400f98
:10f998001000248e0e0002a21c00bf8f1800b18f29
:0cf9a8001400b08f0800e0032000bd2711
:020000040000fa
:020000041d01dc
:10f9b400e0ffbd271400b1af4400918c1000b0af3c
:10f9c400258080001c00228e1800848c1800b2afa1
:10f9d4001c00bfaf09f840000100122410005210af
:10f9e4001c00bf8f2000228e09f840001800048eee
:10f9f40010004054200002928400028e0100423024
:10fa04000c004050200002922000028e0001427c33
:10fa14001300521002000224900002ae1c00bf8f9b
:10fa24001800b28f1400b18f1000b08f0800e003eb
:10fa34002000bd270429027c3799400f200002a230
:10fa44001c00bf8f7c0002ae900000ae1800b28f85
:10fa54001400b18f1000b08f0800e0032000bd2710
:10fa64001c00bf8f900000ae1800b28f1400b18f3d
:0cfa74001000b08f0800e0032000bd2748
:020000040000fa
:020000041d01dc
:10fa8000e0ffbd271800b2af1400b1af1000b0af57
:10fa90000c00b28c8880908f1c00bfaf76aa400ffc
:10faa0002588a0004018020021186200c018030039
:10fab00023186200fdff4226801803000200422c3a
:10fac0000c004014211803020100042407004452d2
:10fad0002c00648c1c00bf8f1800b28f1400b18ff3
:10fae0001000b08f0800e0032000bd27faff80104f
:10faf0001c00bf8f0400228e0600422cf5ff40142c
:10fb0000ffff02240000268e320002242c00632412
:10fb10000000c2a0040002240100c2a00300658806
:10fb20000200c42406000224000065980500c5a850
:10fb3000000085b81c00bf8f1800b28f1400b18f71
:0cfb40001000b08f0800e0032000bd277b
:020000040000fa
:020000041d01dc
:10fb4c000d008290e0ffbd271800b1af1c00bfafc5
:10fb5c001400b0af07004014258800001c00bf8fb4
:10fb6c00251020021400b08f1800b18f0800e0039c
:10fb7c002000bd27e1ac400f258080000c000392d3
:10fb8c001d006014ffff6324e3ac400f25204000f0
:10fb9c000000118e09002012000000000400028eeb
:10fbac0013002252040000ae0000228e000002aeb0
:10fbbc000800028effff4224080002aee1ac400fa9
:10fbcc00000000000c00039225204000010063247b
:10fbdc00e3ac400f0c0003a21c00bf8f25102002c9
:10fbec001400b08f1800b18f0800e0032000bd276f
:10fbfc00efff0010000000ae0c0003a2e3ac400fbe
:0cfc0c0025204000e3ff00100000118ed6
:020000040000fa
:020000041d01dc
:10fc18003081828fe0ffbd271c00bfaf1800b1af55
:10fc2800090040101400b0af0080103c845f10261b
:10fc38001c00bf8f251000021800b18f1400b08f70
:10fc48000800e0032000bd271e00a0100080023c31
:10fc58002588a000039d053c845f50245c9ea52454
:10fc680025200000845f40ac288180af148180afdc
:10fc7800208180af188180af1c8180af040000ae66
:10fc8800248180af080000ae0c0000ae100000ae6a
:10fc9800140000ae180000ae73ac400f1c0000ae9c
:10fca8001400228e010003240c8183afe0ff40146e
:10fcb800088182af3726400f25202002ddff40143f
:10fcc8001c00bf8f1c00bf8fffff02241800b18fdc
:0cfcd8001400b08f0800e0032000bd27de
:020000040000fa
:020000041d01dc
:10fce4007365636c6576656c3a2025750a000000bf
:10fcf40070617373776f72643a2025730a00000091
:10fd0400706572736f6e3a2025730a0074696d65ad
:10fd14007374616d703a2025730a000069705f7313
:10fd240074723a2025730a0067775f7374723a20fd
:10fd340025730a006e6d5f7374723a2025730a008e
:10fd44006465766963653a2025730a006c7764619b
:10fd5400715f706f72743a2025750a0074656c6e59
:10fd640065745f706f72743a2025750a0000000094
:10fd74006c776461715f74696d656f75743a202581
:10fd8400750a000074656c6e65745f74696d656fe7
:10fd940075743a2025750a007463705f7469636b27
:08fda4005f6d733a2025750024
:020000040000fa
:020000041d01dc
:10fdac00000082802e00401000000000e0ffbd2704
:10fdbc001800b1af1400b0af1c00bfaf258080009d
:10fdcc0008000010258800001e0020120000000012
:10fddc002588000001001026000002820d00401052
:10fdec001c00bf8f0d0003240e0043100a000624d4
:10fdfc0025284000f4ff46102520000042a5400fa6
:10fe0c000100102600000282f6ff40142588000035
:10fe1c001c00bf8f1800b18f1400b08f0800e003d6
:10fe2c002000bd270d00052442a5400f2520000011
:10fe3c000a00052442a5400f25200000e5ff001014
:10fe4c000100112442a5400f0d0005240a000524d1
:10fe5c0042a5400f25200000dfff001001001026f6
:08fe6c000800e00300000000a3
:020000040000fa
:020000041d01dc
:10fe74002f0080100080033c0800878c005e632400
:10fe84002700e314f5ff0224020082840100032406
:10fe94002100431400000000180083941e00621423
:10fea400000000001a00829403004310040003249d
:10feb4001900431400000000300082901800401420
:10fec400f7ff0224e8ffbd27010302241000b0afae
:10fed4001400bfaf320085a4300082a4360086a48b
:10fee4005c6c400f258080000f0040042518400002
:10fef4000300042405006410251000001400bf8fc3
:10ff04001000b08f0800e0031800bd27300000a2e5
:10ff1400faff0010010002240800e003f6ff0224a7
:10ff24000800e00300000000f4ff0010f7ff0224c3
:08ff34000800e003f5ff0224c0
:020000040000fa
:020000041d01dc
:10ff3c000080063c3860ca8c2b0040112510000054
:10ff4c002518400125380000254000000000658c74
:10ff5c000800a4141000698c0200e0503860c9ac91
:10ff6c001000e9ac0800e00310006224f7ff001059
:10ff7c00251820012b588500070060110000000097
:10ff8c001b0040502540e00000004b8c2b28ab00a0
:10ff9c000b40e5000b106500f4ff201525386000c0
:10ffac0011004010000000000000438c1000458c34
:10ffbc00231864001100692c070020151000472439
:10ffcc00000044acf0ff63242120e400100085ac59
:10ffdc00000083ac2528800002004255100005adbe
:10ffec003860c5ac2510e0000800e00300000000fc
:08fffc00e9ff00102510600070
:020000040000fa
:020000041d02db
:10000400d8ffbd271c00b2af1400b0af00a0123c53
:100014000108d02c000802240b10d0001800b1af46
:10002400600147262588c0002000b3af253040007a
:10003400259880000008312e2520e0002400bfaf61
:10004400d4a6400f2580400007002012211850003c
:1000540000084424ffff0524000065a00100632478
:10006400feff6454000065a0ff90400f252060024d
:100074000d004010ffff0224f1ab400f0000000010
:10008400fdff401425286002d58e400f60014426f0
:1000940005004010ffff0224f1ab400f00000000f8
:1000a400fdff4014251000022400bf8f2000b38ff1
:1000b4001c00b28f1800b18f1400b08f0800e00349
:0400c4002800bd272c
:020000040000fa
:020000041d02db
:1000c800e0ffbd271800b2af1400b1af1000b0af09
:1000d8001c00bfaf8880908f2588a00076aa400fab
:1000e8000c00b28c4018020021186200c0180300ee
:1000f8002318620080180300040002240a00421238
:1001080021180302070002240700421203000424f6
:1001180014004416251000005400659402000424bd
:100128001100a4101c00bf8f0400228e0600422c70
:1001380012004014240063240000268e3600022496
:100148000000c2a0040002240100c2a003006588c8
:100158000200c42406000224000065980500c5a812
:10016800000085b81c00bf8f1800b28f1400b18f33
:100178001000b08f0800e0032000bd27f9ff001031
:04018800ffff02244f
:020000040000fa
:020000041d02db
:10018c00c8ffbd273000b5af0080153c2000b1afd3
:10019c00258880008c5ea4262c00b4af2800b3af59
:1001ac002400b2af1c00b0af3400bfaf25a0a0003c
:1001bc002598c000a493400f2590e0008c5eb08e73
:1001cc00090000560c00028e150000108c5ea4264f
:1001dc000b0051500800028e0000108e10000052cf
:1001ec008c5ea4260c00028e25384002253060025d
:1001fc0025288002f6ff4014252020020800028edc
:10020c001000a2af0400028e09f8400000000000ac
:10021c000000108ef4ff00560c00028e8c5ea4269b
:10022c003400bf8f3000b58f2c00b48f2800b38ff3
:10023c002400b28f2000b18f1c00b08f349a400b79
:04024c003800bd2792
:020000040000fa
:020000041d02db
:10025000d8ffbd271000b0af0080023c2580a00071
:100260002000b4af1c00b3af1800b2af1400b1afa0
:10027000259080002400bfaf2598c00076aa400fcb
:10028000705e518c000003964000643011008014b1
:100290000300142400210200232082008020040097
:1002a0002120240280006330140091241500601086
:1002b000040005269e88400f2520200202001424f9
:1002c000253820022530600280000524879c400fdd
:1002d0002520000225388002100006260800052689
:1002e000252040022400bf8f2000b48f1c00b38f54
:1002f0001800b28f1400b18f1000b08f6380400bd4
:100300002800bd279e88400f24008424ecff0010a5
:0403100001001424b0
:020000040000fa
:020000041d02db
:100314005443502f495020537461636b3a20257322
:10032400204d414320696e697469616c697a617416
:10033400696f6e206661696c65640d0a00000000d7
:100344005443502f495020537461636b3a202573f2
:10035400204d4143204f70656e206661696c656471
:100364000d0a00005443502f495020537461636bad
:100374003a204d6f64756c65206e6f3a20256420b9
:10038400496e697469616c697a6174696f6e20661b
:1003940061696c65640d0a005443502f4950205321
:1003a4007461636b3a202573204d41432065766563
:1003b4006e74206e6f74696669636174696f6e2010
:1003c40073657474696e67206661696c65640d0a8f
:0403d4000000000025
:020000040000fa
:020000041d02db
:1003d800e0ffbd271000b0af0080103cf85e10268b
:1003e8000400028e1c00bfaf1800b2af1800428c88
:1003f8001400b1af09f8400025908000140002ae47
:100408001400118e1000028e238822023f94400fa0
:1004180025202002e1ac400f000000002800068ed5
:100428002c00078e25204000212826022b88b100a9
:1004380021182702280005ae2c0003aee3ac400fbc
:1004480000000000a871400f25204002060040145b
:100458001c00bf8f1800b28f1400b18f1000b08f2e
:100468000800e0032000bd27e1ac400f00000000b9
:10047800a069400f25804000252000021c00bf8f86
:100488001800b28f1400b18f1000b08fe3ac400b8e
:040498002000bd275c
:020000040000fa
:020000041d02db
:10049c00d8ffbd272000b4af1c00b3af1800b2af1b
:1004ac001400b1af1000b0af2400bfaf2590c00056
:1004bc002598800025a0a000258000002a88060031
:1004cc002330500221289002ffffc6301500201265
:1004dc0000006486b43e400f000000002180020240
:1004ec002a881202f7ff2012233050029b98400feb
:1004fc0025206002f3ff4104233050022400bf8ffb
:10050c00ffff1024251000022000b48f1c00b38fb5
:10051c001800b28f1400b18f1000b08f0800e003e8
:10052c002800bd271498400f000000002400bf8f46
:10053c00251000022000b48f1c00b38f1800b28f5e
:10054c001400b18f1000b08f0800e0032800bd2705
:020000040000fa
:020000041d02db
:10055c007c808487e0ffbd271400b0afffff102420
:10056c001c00bfaf040090101800b1af0583400f02
:10057c00000000007c8090a78880908f14000012ef
:10058c008480838f0d006018258800004800028e3f
:10059c00010031265c00102604004010252040008c
:1005ac0083a7400f000000008480838f2a10230251
:1005bc00f7ff40544800028e8880908f7080848fa3
:1005cc000c00828c09f8400025280002888080af3e
:1005dc007080858f0080043c6fa7400fe05f8424ff
:1005ec007480848f050080101c00bf8fe8a9400f19
:1005fc0000000000748080af1c00bf8f1800b18f0a
:10060c001400b08f848080af0800e0032000bd2769
:020000040000fa
:020000041d02db
:10061c00d8ffbd271c00b2af0c00828c9080928f4b
:10062c002000b3af2400bfaf1800b1af1400b0afbf
:10063c001f0040101c00538e258880000500001000
:10064c00258000000c00228e2b1002021900401095
:10065c002400bf8f252800025ba7400f2520200215
:10066c00000043948100042481006330f5ff64147e
:10067c00010010261400448e010080501800448c98
:10068c000800438c231863022b186400eeff60549f
:10069c000c00228e2400bf8f2000b38f1c00b28f61
:1006ac001800b18f1400b08f0800e0032800bd279c
:1006bc002400bf8f251000002000b38f1c00b28fc8
:1006cc001800b18f1400b08f0800e0032800bd277c
:020000040000fa
:020000041d02db
:1006dc0013008004a880838fe8ffbd271400bfaff0
:1006ec002a108300090040101000b0afe1ab400f9e
:1006fc000000000005004010258040003c004390a5
:10070c0001000224080062500c00028e251000002b
:10071c001400bf8f1000b08f0800e0031800bd2735
:10072c000800e00325100000070040503e00029234
:10073c002000428c080042300c0040504000028ed9
:10074c000c0000ae3e0002923d0003922b104300c1
:10075c00eeff401001000524527b400f25200002c3
:10076c00ebff4010251000004000028e00024230ca
:10077c00030040500400028ee5ff0010c005022467
:10078c000800038e23104300e1ff0010ffff4230ee
:020000040000fa
:020000041d02db
:10079c00e0ffbd271c00bfaf1800b1af23008010d5
:1007ac001400b0afe1ac400f2588800048002392c4
:1007bc0019006014ffff6324e3ac400f25204000b8
:1007cc002400238e20006010251000000400658c8e
:1007dc000000638c2b304500fcff60140b10a6004e
:1007ec0000810200e1ac400f0000000048002392a1
:1007fc002520400001006324e3ac400f480023a2f5
:10080c001c00bf8f251000021800b18f1400b08f90
:10081c000800e0032000bd27480023a2e3ac400ff2
:10082c0025204000e7ff00102400238e1c00bf8f02
:10083c0025800000251000021800b18f1400b08f25
:10084c000800e0032000bd27e6ff00102580000013
:020000040000fa
:020000041d02db
:10085c00d8ffbd271800b0af2400bfaf2000b2af47
:10086c001c00b1af0300e014ffff10240400801043
:10087c002400bf8f0800c0140080033c2400bf8fed
:10088c00251000022000b28f1c00b18f1800b08f11
:10089c000800e0032800bd2725888000045f648cd5
:1008ac002510c0002580e000190044002590a00010
:1008bc00e80306242538000012200000e42f400f26
:1008cc0010280000252840001000b0af2538400249
:1008dc0025302002cf6d400f2520000025804000e0
:1008ec00ffff0224e6ff02122400bf8f5663400f65
:1008fc00252000022400bf8f251000022000b28f9b
:10090c001c00b18f1800b08f0800e0032800bd2731
:020000040000fa
:020000041d02db
:10091c00e8ffbd27ff00a5301000b0af1400bfaf3b
:10092c000f00a0142580800002a6400f00000000dc
:10093c00218002021400bf8f251000021000b08f1e
:10094c000800e0031800bd2700000282f9ff4010e8
:10095c00ff004230f8ff45101400bf8f0100102635
:10096c0003000232f8ff40140101043c010184240d
:10097c000220a470fefe073c8080083cfffee7349a
:10098c00808008350000038e26306400211067003b
:10099c0027180300241043002118c7002730060035
:1009ac00243066002510460024104800f5ff405006
:1009bc000400102600000282deff4010ff004230cf
:1009cc00ddff45101400bf8ffaff00100100102648
:020000040000fa
:020000041d02db
:1009dc0070ffbd278400b2af8000b1af7c00b0af18
:1009ec002588a000258080002590c00025280000c7
:1009fc004c0006242400a4278800b3af8c00bfafa2
:100a0c00c9a7400f2598e000ffff02241000a2aff9
:100a1c0002010224020000161400a2af7000b027dd
:100a2c001800b0af1c00b1af02002012251000005e
:100a3c00ffff22260c0021062000a2af0080023c02
:100a4c004f000324406043acffff02248c00bf8f97
:100a5c008800b38f8400b28f8000b18f7c00b08f80
:100a6c000800e0039000bd2701002056000000a202
:100a7c0025306002252840021000a4272800b0afc2
:100a8c00bca3400f2400b0aff1ff00108c00bf8f4f
:020000040000fa
:020000041d02db
:100a9c001e00801000000000420085944000a5302c
:100aac000300a014251000000800e0030000000063
:100abc00d8ffbd272000b1af8880918f2400bfaf35
:100acc000d0020121c00b0af76aa400f25808000cc
:100adc004018020021186200c0180300231862009d
:100aec008018030021182302580063900100633022
:100afc0008006014010002242400bf8f2000b18f75
:100b0c001c00b08f0800e0032800bd270800e0039c
:100b1c0025100000252000020100062401000524f8
:100b2c002d72400f1000a2af2520000203000624f6
:100b3c008e95400f010005240d000524568b400fa7
:0c0b4c0025200002ecff00101000a28f1a
:020000040000fa
:020000041d02db
:100b58000d00829003004014000000000800e0032c
:100b680000000000e8ffbd271000b0af1400bfafc1
:100b7800e1ac400f258080000c0003921e00601439
:100b8800ffff6324e3ac400f252040000000028ee5
:100b98000f004010000000000800038e0400058ebe
:100ba80005000010ffff632425206000ffff632479
:100bb80006004010000002aefbffa2540000428c69
:100bc800040000ae000000ae25206000080004ae5e
:100bd800e1ac400f000000000c000392252040000b
:100be800010063240c0003a21400bf8f1000b08f13
:100bf800e3ac400b1800bd270c0003a2e3ac400f88
:0c0c080025204000e2ff00100000028eda
:020000040000fa
:020000041d02db
:100c1400e0ffbd271400b0af1c00bfaf1800b1af98
:100c24000900800425800000a880838f2a10830097
:100c3400060040101c00bf8fe1ab400f0000000015
:100c440007004014258840001c00bf8f25100002b7
:100c54001800b18f1400b08f0800e0032000bd27f6
:100c6400e1ac400f000000009480839312006014f4
:100c7400ffff6324e3ac400f25204000c397400fdf
:100c840025202002e1ac400f0100102494808393be
:100c94002520400001006324e3ac400f948083a32b
:100ca4001c00bf8f251000021800b18f1400b08ff4
:100cb4000800e0032000bd2725204000e3ac400fde
:0c0cc400948083a3edff001000000000ee
:020000040000fa
:020000041d02db
:100cd000e0ffbd271800b2af1400b1af1000b0aff5
:100ce0001c00bfaf76008390258080002588a0007f
:100cf0000a00622c170040102590c0000100022459
:100d0000041062003c0343300b006014800042304a
:100d100011004010030031320200a2300e004014d6
:100d20001c00bf8f1800b28f1400b18f1000b08f5d
:100d30000800e0032000bd270000828c2530000061
:100d400014000524100082ac0c0082ac9e0c400ff5
:100d5000080082ac03003132050020122528400231
:100d600074000296010003248452627c740002a67f
:100d7000252000021c00bf8f1800b28f1400b18f15
:0c0d80001000b08fac46400b2000bd27d7
:020000040000fa
:020000041d02db
:100d8c00d8ffbd272000b1af2400bfaf1c00b0af0f
:100d9c00050080102588a00042008294400042305b
:100dac000e004014000000001900e0142520200261
:100dbc00e785400f1000a6af2580400009004014c5
:100dcc001000a68f2400bf8f251000022000b18fc9
:100ddc001c00b08f0800e0032800bd27f9ffe014c9
:100dec002580800025200002d2a5400f1000a6af60
:100dfc001000a68f2400bf8f2000b18f0000c2ac62
:100e0c00251000021c00b08f0800e0032800bd274d
:100e1c002528c0000194400f25200000e9ff401454
:100e2c0025804000252020022400bf8f2000b18f98
:0c0e3c001c00b08fe785400b2800bd278c
:020000040000fa
:020000041d02db
:100e480000800340c011637c010007242900671457
:100e580001800240402e437c0010804000188040f2
:100e68000028804000308040252000000080043c9d
:100e78000000834000508440c0000000020000428f
:100e880000408420ffff6320f9ff60140000000089
:100e9800c0bf043c7806843400308440c0bf053ca1
:100ea8007006a524c0bf063cd006c624253800001d
:100eb8001000a610ff01093c00e0293500288940f0
:100ec800000087400000a88c0400a98c0800aa8ca8
:100ed8000010894000188a4000508840c000000077
:100ee800020000420c00a5200100e720f0ff0010de
:0c0ef800000000000800e0030000000003
:020000040000fa
:020000041d02db
:100f04000000a28c0400a38cc0ffbd273800b3af3f
:100f14003400b2af3000b1af2c00b0af3c00bfaf73
:100f2400258880002580a0000800b28c2000a2af94
:100f3400030060040c00b38c4408027c2000a2afc0
:100f44002000a2271800a2af0a0002241400a2afb6
:100f54001000b2af0400c78c0000c68c8e6a400f2c
:100f6400252000021000068e2000a38f25384002a1
:100f7400ffffc6241000a3af2330c2002128620261
:100f84007274400f252020020400238e0001633078
:100f9400040060103c00bf8f0400038e2a2043002d
:100fa4000b1064003800b38f3400b28f3000b18f5f
:0c0fb4002c00b08f0800e0034000bd27b7
:020000040000fa
:020000041d02db
:100fc0003d3d3d3d3d3d3d3d3d3d3d3d3d3d3d3d51
:100fd0003d3d3d3d3d3d3d3d3d3d3d3d3d3d3d3d41
:100fe0003d3d3d3d3d3d3d3d3d3d3d3d3d3d3d3d31
:100ff0003d3d3d3d3d3d3d3d3d3d3d0a0000000048
:101000003d3d3d2020456d62656464656420457406
:101010006865726e6574204d6f64756c6520436ff2
:101020006d6d616e642d4c696e6520496e746572dc
:10103000707265746572203d3d3d3d0a0000000000
:10104000436f6d6d616e642d6c696e6520696e74a1
:1010500065727072657465722072756e6e696e6706
:101060002c20747279202768656c702720666f7257
:081070002068656c702e0a0077
:020000040000fa
:020000041d02db
:101078002b0080100080033c0800888c005e6324ed
:1010880025000315f5ff02240200828401000324d1
:101098001e00431400000000180083941b00621413
:1010a800000000001a008294030043100400032487
:1010b8001600431400000000300082901500401410
:1010c80001000324e8ffbd272800a2931400bfaf46
:1010d8002b10020001004224300083a0320085a4b6
:1010e800310082a0340086a45c6c400f360087a4cf
:1010f80003004204f7ff0224030042380100422c97
:101108001400bf8f0800e0031800bd270800e003a3
:10111800f6ff0224f7ff02240800e00300000000a5
:081128000800e003f5ff0224ba
:020000040000fa
:020000041d02db
:10113000e0ffbd271400b1af0800918c0080023c95
:101140002800838c005e4224261022021c00bfafc0
:101150001800b2af1000b0af0b0060140b88020093
:101160001c00bf8f020002241800b28f1400b18f40
:101170001000b08f020082a4180080ac1c0080ac6c
:101180000800e0032000bd273799400f258080002c
:10119000259040002000228e709b400f0000518c53
:1011a0001c00bf8f021022726210113cd34d3126f9
:1011b000020003241a0003a61c0000a6e703422431
:1011c000190051001400b18f1010000082110200ac
:1011d000211052002c0002ae1800b28f1000b08f08
:0811e0000800e0032000bd2718
:020000040000fa
:020000041d02db
:1011e800d8ffbd271400b0af0000908c1800b1af35
:1011f8002400bfaf2000b3af1c00b2af190000122b
:10120800258880000c00028e1600401025900000f2
:10121800252840025ba7400f252000022528400012
:101228002520000251a7400f259840001000248e69
:101238000400658e0c00828c09f8400001005226db
:101248003000062425280000c9a7400f2520600289
:101258000c00028e2b104202eeff4014252840029b
:101268000000308e1000248e0c00828c09f840009b
:10127800252800022400bf8f000020ae260020a6eb
:101288002000b38f1c00b28f1800b18f1400b08fec
:081298000800e0032800bd2757
:020000040000fa
:020000041d02db
:1012a0001c00a28c150044502b00a2901000828cd0
:1012b00025004014251800001400828c1e004054a4
:1012c000010003240b00c01025100000090060106d
:1012d000000000001000868c1d00c01401000624d0
:1012e00004006610000000001400838c12006014db
:1012f000010003240800e003000000002900a3907f
:101300002b1002002118620002006228edff40103d
:101310000000000004006224801002000a10827c99
:1013200005004054ff006330e4ff60501400828cdd
:10133000e4ff0010000000001c00a4ac2900a3a0e2
:101340000800e00301000224fbff0010ff006330ef
:08135000f9ff00102518000050
:020000040000fa
:020000041d02db
:10135800e0ffbd271400b0af258080002c00848cee
:101368001800b1af1c00bfaf040080102588a00092
:10137800090006249da6400f020005241a00201229
:101388002c0011ae1000248e1c00228e3c00069208
:101398000c008394040047940100052408004224ab
:1013a800f8ff6324300004ae340003a6360007a615
:1013b8000600c510380002ae1c00bf8f1800b18fa0
:1013c8001400b08f0800e0032000bd272528200264
:1013d800252000021c00bf8f1800b18f1400b08fa9
:1013e800b072400b2000bd271c00bf8f300000ae3c
:1013f800340000ae380000ae1800b18f1400b08f72
:081408000800e0032000bd27ed
:020000040000fa
:020000041d02db
:101410000080083cb45e08252c00038d28000b8d4d
:101420002700a0502558600022006b1025100000f6
:1014300000800a3c2538800082bf0d3c805d4a2533
:101440000b00001006000c248a31437d0100632448
:1014500001004224000026a13000068d2b306600da
:101460001300a2100a18060012006b100200e724f5
:101470000022a68d0600c630f3ffcc14214882005e
:10148000403003008a49467d0100c62401006324e0
:101490000000e9a08a31467d010042240100e6a057
:1014a0003000068d2b306600efffa2140a180600ec
:1014b000255860002c000bad0800e0030000000080
:0814c000fcff001025100000e4
:020000040000fa
:020000041d02db
:1014c80078ffbd278000b2af7c00b1af7800b0af25
:1014d8008400bfaf258080002588a0002590c0002b
:1014e8001c00a0af5400a4af2000a4af04008004e7
:1014f800ffff0224ff7f023cffff423421108200dd
:10150800252800001800a427f5a6400f5800a2af10
:101518009800a28f9c00a38f252840021800a427ba
:101528001000a2af1400a3afd81a400f0100062480
:101538002520400008002012252860005800a28fae
:101548005400a38f231862006c00a28f2118620038
:1015580021800302000030ae8400bf8f2510800078
:101568002518a0008000b28f7c00b18f7800b08f62
:081578000800e0038800bd2714
:020000040000fa
:020000041d02db
:10158000d8ffbd271c00b3af0080133c6009732651
:101590002400bfaf2000b4af1800b2af1400b1af49
:1015a0001000b0af1b006416faff02240300e01025
:1015b0002580a000080002240000e2ac1400001204
:1015c0000900d428080002240b10d4001000401099
:1015d00025a04000029d113c25900000a04a312624
:1015e0002520000225282002dda7400f2400062424
:1015f0000c00228e4c00648e2800102609f8400052
:1016000001005226fcff02aef5ff921610003126b3
:10161000251000002400bf8f2000b48f1c00b38f62
:101620001800b28f1400b18f1000b08f0800e003d3
:041630002800bd27aa
:020000040000fa
:020000041d02db
:101634001900c0101000828c280040100000000027
:101644001c00868c0800438c2b20c30007008054a8
:101654000000428c0e004494211864002b20660084
:10166400060080502b30a6000000428cf6ff405448
:101674000800438c0800e003000000000600c0548a
:101684000000428c2b186500030060540000428c5b
:101694000800e00300000000060040540800438cea
:1016a4000e000010000000000c00401000000000bc
:1016b4000800438c2b20a300fbff80540000428cc5
:1016c4000e004494211864002b186500f6ff605442
:1016d4000000428c0800e003000000000800e00362
:0416e4000000000002
:020000040000fa
:020000041d02db
:1016e8000000868c1700c5102510a0000b00c01044
:1016f800000000000000c38c0600a31400000000d6
:10170800080000102518c0000700c2500000468cd1
:101718002518c000fcff60540000668c0800e00338
:10172800251000000000468c0400858c1200a210d1
:10173800000066ac0800838cffff63240800e00308
:10174800080083ac0a00a010000000000400838c8d
:101758000e00a350040080ac0000a38c000083acf2
:101768000800838cffff63240800e003080083acb3
:101778000800e00300000000040083ac0800838c2c
:10178800ffff63240800e003080083ace9ff0010b2
:04179800000080ac21
:020000040000fa
:020000041d02db
:10179c002a008010000000000000828c27004010fe
:1017ac0000000000e0ffbd271800b2af1400b1af7d
:1017bc001c00bfaf1000b0af5cac400f25888000a0
:1017cc0025904000020042281000401425800000a3
:1017dc0013a4400f252000028fa3400f25204000aa
:1017ec0008004010010010260000238e0400458cd8
:1017fc000800448c26186500241864000a00601048
:10180c001c00bf8ff2ff5016000000001c00bf8fa1
:10181c001800b28f1400b18f1000b08f0100042497
:10182c002094400b2000bd271800b28f1400b18ffc
:10183c001000b08f0800e0032000bd270800e00373
:04184c002510000063
:020000040000fa
:020000041d02db
:101850005000828ce8ffbd271000b0af1400bfaf6e
:101860000b004010258080005400838c2a106200f9
:1018700007004014000000004c0000aeffff0224ef
:101880001400bf8f1000b08f0800e0031800bd27c0
:10189000e79e400f25200002f8ff42044c0000aef6
:1018a0004000038e5000048e3c00058e090080101d
:1018b000253060005400068e233865002320860002
:1018c0002a38e4000300e01425306000ffff842480
:1018d0002130a400060060104c0006ae5400048eb7
:1018e000231865000100632421188300540003ae0f
:1018f000ffffa390e2ff6254ffffa2a0e1ff0010f0
:041900001400bf8f81
:020000040000fa
:020000041d02db
:10190400f8ffbd270800acf70c00a38f0055627cdc
:1019140033044428150080100800a0d70010804428
:101924000010e0443260224610000145000000002f
:10193400039d043c0f006104e8aa84d4016024469a
:101944000000244601002c46ff0342280e004010ec
:101954000800a1d70000a0f714006004039d023c16
:101964000800a0af0c00a0af0800a0d70800e00357
:101974000800bd270800a1d7000024460100244622
:10198400f1ff0010010021463c112046400820468a
:10199400f5ff04450800a1f7039d023cf0aa40d4da
:1019a40001082046f0ff00100800a0f7fdff00101a
:0419b400e0aa40d491
:020000040000fa
:020000041d02db
:1019b800d0ffbd272c00bfaf2800b1af2400b0afc7
:1019c800709b400f3000a4af65ac400f25804000ed
:1019d80065ac400f2588400000008244255800006f
:1019e8000000eb44039d023cc0a846d4a100a046d9
:1019f8000000914425480000039d023c82102646c1
:101a08000000e944c8a846d40008904425380000de
:101a1800039d023c2100a0460008e7440200264638
:101a2800b8a846d42109a0463000a48f42202646f3
:101a3800039d053c1800a2f71882a5241000a0f702
:101a48000008064405a8400f000867442c00bf8f13
:101a58002800b18f2400b08f0800e0033000bd27b4
:020000040000fa
:020000041d02db
:101a6800e8ffbd271000b0af1400bfafb09a400f19
:101a780025808000160040101400bf8f0800028ed9
:101a8800340004961000428c0100433013006010ab
:101a9800080045300700a010251800004000437cce
:101aa8000400423002004010401b03000010633461
:101ab80024188300040002241a0002a6030002244a
:101ac800220003a63c0000ae1c0002a61400bf8f33
:101ad8001000b08f0800e0031800bd27f5ffa01024
:101ae80025180000001083300200423000208430a6
:101af8000b188200040002241a0002a60300022424
:101b0800220003a63c0000aef0ff00101c0002a655
:020000040000fa
:020000041d02db
:101b18000000838c1e006510000000002400601087
:101b2800000000000000628c0600a2140000000003
:101b38000800001025106000070065500000a68c02
:101b480025106000fcff40540000438c0800e003af
:101b5800000000000000a68c0400838c06006510bd
:101b6800000046ac0800838c2510a000ffff63240a
:101b78000800e003080083ac0800838c040082acf2
:101b88002510a000ffff63240800e003080083acd1
:101b98000700a010000000000400828c0600a2507c
:101ba800040080ac0000a28ceeff0010000082aca4
:101bb8000800e00325100000eaff0010000080acd8
:020000040000fa
:020000041d02db
:101bc8000800a28c2100401000000000d8ffbd27ab
:101bd8002000b1af1c00b0af2400bfaf0400438c9d
:101be800010006244c00918cc4ffc37c040043ac64
:101bf8000c00a28c0c00a8240800a7240400438c25
:101c08002580800084f7c37c040043ac0401858ce4
:101c18001400a0af1000a8af0c00a624c54f400fb9
:101c28000800a524a9ac400f252020020900405037
:101c38000401028e252020022400bf8f2000b18fce
:101c48001c00b08f69ab400b2800bd270800e003db
:101c580000000000252020020800458c0400a5246f
:101c680005ab400f00e0a57cf3ff00102520200203
:020000040000fa
:020000041d02db
:101c7800e0ffbd271c00bfaf1800b1afe1ab400fbc
:101c88001400b0af1f004010258040003c00439076
:101c98000100022407006210258800001c00bf8f85
:101ca800251020021400b08f1800b18f0800e0033f
:101cb8002000bd2763a8400f25200002f8ff401030
:101cc8001c00bf8f0800048e0400118e2388240294
:101cd800ffff22322b10c200010040542588c000ab
:101ce800ffff3132eeff20121c00bf8fd4a6400f39
:101cf800253020020800028e21105100e7ff001055
:101d0800080002ae1c00bf8f2588000025102002a5
:101d18001400b08f1800b18f0800e0032000bd2721
:020000040000fa
:020000041d02db
:101d2800d8ffbd272000b1af0080113c5c01228e96
:101d38001c00b0af2400bfaf0e004010258080000b
:101d48001ba2400f000000001000a427ada3400f05
:101d58001000a2af0f0042241000a58f0418027cc7
:101d6800fba7400f252040000c0040102400bf8f27
:101d78005c0120ae01000052010010240f00102663
:101d88000418107c090000160080023c0c00032493
:101d9800406043ac251000002400bf8f2000b18fa5
:101da8001c00b08f0800e0032800bd270400022ea5
:101db800040003240b806200cf7f400f252000021f
:101dc800f5ff4054fcff50acf4ff00102400bf8f17
:020000040000fa
:020000041d02db
:101dd8000400a28c0600422c2600401400000000db
:101de8000000a58c0100a29003004330210060147c
:101df8000400432c1f00601400000000580083906a
:101e080004006330030060100200a6240800e00309
:101e1800020042240300c3883800822401000724fa
:101e28000000c3983b0083a8000043b85900829083
:101e3800c418e27c590082a00100a2900800432c3b
:101e4800f2ff60140600a6240300c3883c00822425
:101e58000000c3983f0083a8000043b8590082904f
:101e68000421e27c590082a00100a2900800e0034e
:0c1e7800020042240800e003ffff0224e7
:020000040000fa
:020000041d02db
:101e84000d00829003004014000000000800e003ed
:101e940000000000e0ffbd271400b0af25808000e3
:101ea4001800b1af1c00bfafe1ac400f2588a00003
:101eb4000c00039215006014ffff6324e3ac400f91
:101ec400252040000400028e15004010000020aec2
:101ed400000051ac040011ae0800028e010042243f
:101ee400e1ac400f080002ae0c0003922520400034
:101ef400010063240c0003a21c00bf8f1800b18fe3
:101f04001400b08fe3ac400b2000bd270c0003a2eb
:101f1400e3ac400f25204000ebff00100400028ecc
:0c1f2400040011aeecff0010000011ae34
:020000040000fa
:020000041d02db
:101f300025008014010006240080023c005e4390ce
:101f400023006610005e43241800a48c1e0080103d
:101f50001c0064ac1000a48c0400a88c2000a99480
:101f60002400a78c240060a014008594005e46a085
:101f700002000224040062a4029d023c086842247c
:101f8000060069a4080060a40c0068ac140064acee
:101f9000180062ac0600a010200067ac1600849404
:101fa0005c0065a4251060000800e0035e0064a4e6
:101fb00016008494004102245c0062a45e0064a4c4
:101fc0000800e003251060000800e003ffff022482
:081fd0000800e003005e42245a
:020000040000fa
:020000041d02db
:101fd800e0ffbd271400b0af2580a0000100052454
:101fe8001c00bfaf9990400f1800b1af20004010ff
:101ff800252000022f8b400f0400508c0b0040104e
:10200800feff11240e0043900600632c160060109a
:102018009c0006269000062602000724252840007a
:10202800866d400f25200002258800000900001257
:102038001c00bf8fe1ac400f0000000000000392bd
:102048002520400001006324e3ac400f000003a2f8
:102058001c00bf8f251020021400b08f1800b18f0c
:102068000800e0032000bd27ecff00100300072450
:08207800f7ff0010ffff112427
:020000040000fa
:020000041d02db
:102080002700a1041000a88f0001828c0800438c57
:102090000c00448c1b0064500c0040ac0000648cad
:1020a000080044ac0034060000e0a47c8001c63483
:1020b000422f050004000224080064ac040066ac52
:1020c0000600a254000060ac0400628c01000424ed
:1020d0008452827c040062ac000060ac0000028d7f
:1020e0000c004010140060ac0400642400e0847c08
:1020f000000043ac140044ac251000000800e003cd
:10210000000003ade7ff6014080040ac0800e003e6
:1021100003000224000003ad0800e0030000e3ac6c
:082120000800e003feff0224a9
:020000040000fa
:020000041d02db
:10212800d8ffbd272000b3af1c00b2af1800b1af75
:102138001400b0af2400bfaf259080000f0080a02e
:1021480025888000258000000f00132400002492b9
:1021580020aa400f01003126ff004230010003266b
:10216800ffff22a20a004010ff006330f7ff73143c
:10217800258060002400bf8f2000b38f1c00b28f21
:102188001800b18f1400b08f0800e0032800bd27a5
:10219800200004242118500201001026ff000232fa
:1021a8000f00422cfbff4014000064a02400bf8fe6
:1021b8002000b38f1c00b28f1800b18f1400b08fad
:0821c8000800e0032800bd2718
:020000040000fa
:020000041d02db
:1021d0000d00829003004014000000000800e0039e
:1021e00000000000e8ffbd271000b0af1400bfaf33
:1021f000e1ac400f258080000c00039219006014b0
:10220000ffff6324e3ac400f252040000000028e56
:10221000100040101400bf8f0800038e0400058ecc
:1022200005000010ffff632425206000ffff6324ea
:1022300006004010000002aefbffa2540000428cda
:10224000040000ae000000ae25206000080004aecf
:102250001400bf8f0d0000a21000b08f0800e00333
:102260001800bd270c0003a2e3ac400f252040005e
:08227000e7ff00100000028ee0
:020000040000fa
:020000041d02db
:102278000d008290e0ffbd271800b1af1c00bfaf72
:102288001400b0af07004014258800001c00bf8f61
:10229800251020021400b08f1800b18f0800e00349
:1022a8002000bd2725808000e1ac400f2588a000d4
:1022b8000c00039213006014ffff6324e3ac400f8b
:1022c8002520400025200002ba85400f252820023d
:1022d800e1ac400f258840000c0003922520400007
:1022e80001006324e3ac400f0c0003a21c00bf8f65
:1022f800251020021400b08f1800b18f0800e003e9
:102308002000bd270c0003a2e3ac400f25204000ad
:08231800edff0010252000027a
:020000040000fa
:020000041d02db
:1023200025008004a880838fe8ffbd271400bfaf7d
:102330002a1083001b0040101000b0afe1ab400f2b
:102340000000000017004010258040003c00429033
:102350000100032414004354251000004000038ea4
:102360000300633010006054251000001400a21018
:10237000020003240c00a3142510000080a3400fca
:102380002520c00008004050251000004000038eaa
:10239000140002ae010002240442437c020000103b
:1023a000400003ae251000001400bf8f1000b08f56
:1023b0000800e0031800bd270800e0032510000016
:0823c000f2ff0010ffff0224f0
:020000040000fa
:020000041d02db
:1023c80019008004a880868fe8ffbd271400bfafde
:1023d8002a1086001000401025180000e1ab400fbd
:1023e800000000000d0040101400bf8f0500a05031
:1023f8004000438c4200a394400063300d006014f9
:102408004000438c240040ac01000424448c837cad
:10241800400043ac010003241400bf8f2510600066
:102428000800e0031800bd27251800000800e00395
:102438002510600048004494240045ac448c037c7b
:1024480000048430f0ff8014400043ac3f00449007
:1024580002008430edff801401000424c418037cba
:08246800eaff0010400043ac44
:020000040000fa
:020000041d02db
:102470001800828c1400878c1c00868c2000838cb2
:1024800023284700660088942b48c3001f002011b2
:10249000ffffa530231043002318c7002118430075
:1024a00001006324ffff63302318a300ffff6330a4
:1024b0000d00a3102b3003010900c01025100000ef
:1024c0006c00829442280500231868002b30a2007b
:1024d0000b10a6002a18430003006014251000000a
:1024e0000800e00300000000e8ffbd27010006240b
:1024f0001400bfaf9e0c400f100005241400bf8fc6
:10250000010002240800e0031800bd272318c300bf
:08251000e5ff0010ffff63303e
:020000040000fa
:020000041d02db
:10251800d8ffbd271c00b1af2588a0002f000524d7
:102528002000b2af1800b0af2400bfaf25808000f4
:102538004ba4400f2590c0000f0040105c000524fc
:1025480001005024039d053c1000b2af253820023d
:10255800253000021490a5242ca2400f252000004d
:102568002400bf8f2000b28f1c00b18f1800b08fdd
:102578000800e0032800bd274ba4400f25200002d7
:10258800efff4014039d053c1000b2af2538200230
:10259800253000021490a5242ca2400f252000000d
:1025a8002400bf8f2000b28f1c00b18f1800b08f9d
:0825b8000800e0032800bd2724
:020000040000fa
:020000041d02db
:1025c000e0ffbd271800b1af4400918c1400b0affc
:1025d000258080001c00228e1800848c1c00bfaf58
:1025e00009f8400000000000010003240e00431021
:1025f0001c00bf8f2000228e09f840001800048eb6
:102600000d004014840006263c00228e1800048e23
:1026100009f84000252800000700400404000224b7
:10262000900002ae1c00bf8f1800b18f1400b08f55
:102630000800e0032000bd27200002920429027c4c
:102640003799400f200002a21c00bf8f7c0002ae11
:10265000900000ae1800b18f1400b08f0800e003a6
:042660002000bd2772
:020000040000fa
:020000041d02db
:10266400e0ffbd271800b1af0080113c60092326ac
:102674001c00bfaf1400b0af17008314faff02248c
:10268400039d063c2580a000253880009c80c6243c
:102694004a54400f252800000c000052252800024f
:1026a4001000028e110040102510000204000010da
:1026b4000000428c0e0060101c00bf8f0000428c92
:1026c400fcff40541000438c25280002d853400fcf
:1026d40060092426010002241c00bf8f1800b18f5a
:1026e4001400b08f0800e0032000bd271c00bf8f3a
:1026f400f5ff02241800b18f1400b08f0800e00326
:042704002000bd27cd
:020000040000fa
:020000041d02db
:10270800e8ffbd270100a5301000b0af1400bfaf2f
:102718001400a0144c00908c65ab400f25200002db
:102728006dab400f2520000255ab400f252000025d
:1027380059ab400f252000025dab400f2520000259
:102748002cac400f25200002fdff4014252000027c
:102758001400bf8f1000b08fef6305243eac400b10
:102768001800bd2765ab400f252000022fac400f95
:1027780025200002fdff40140000000032ac400f8d
:1027880025200002e4ff40100000000032ac400f9a
:1027980025200002f9ff401400000000deff0010b1
:0427a800000000002d
:020000040000fa
:020000041d02db
:1027ac002600c01000000000e0ffbd271400b0aff1
:1027bc001400908c1c00bfaf1800b1af0900a01022
:1027cc00060002260300a3880000a398030003aab6
:1027dc00000003ba0400a390040003a20500a39018
:1027ec00050003a20300c388258880002520e00093
:1027fc000000c398030043a8000043b80400c39032
:10280c00040043a00500c390ef44400f050043a013
:10281c001000248e1c00bf8f0c0002a60c008394a9
:10282c00010002241800b18f0e0063241400b08f35
:10283c000c0083a40800e0032000bd270800e0037f
:04284c002510000053
:020000040000fa
:020000041d02db
:10285000e0ffbd271400b1af9080918f1c00bfaf87
:102860001800b2af1a0020121000b0af1200a0146e
:102870000000000017008010251000000100052452
:102880002590c00073a0400f2580800010004010ec
:102890000100032442000496c418647c1300431210
:1028a000420004a6020003240a004352080030ae8e
:1028b000090000101c00bf8f0600801025100000ca
:1028c0004200829440004230edff40140100052494
:1028d000251000001c00bf8f1800b28f1400b18fac
:1028e0001000b08f0800e0032000bd27f9ff0010a2
:0428f000040030ae02
:020000040000fa
:020000041d02db
:1028f400e0ffbd271800b2af1400b1af1c00bfaf9a
:102904001000b0af2590a000140080140080113c8a
:102914003460308e0b0000121c00bf8f2520000293
:10292400607c400f252840022180020200000282c0
:102934000c00405425284002346020ae258000005d
:102944001c00bf8f251000021800b28f1400b18f35
:102954001000b08f0800e0032000bd27efff001037
:10296400258080002a7c400f2520000221100202cd
:102974000000438005006010346022ae010043244f
:10298400346023aeeeff0010000040a0ecff001006
:04299400346020aedd
:020000040000fa
:020000041d02db
:10299800756c033cc8ffbd27286e63241800a3afdd
:1029a8006c2903242800b2af2000b0af3400bfafb9
:1029b8003000b4af2c00b3af2400b1af2590800035
:1029c8002510e0001c00a3a71e00a0a30200c01051
:1029d8001800b0272580c0000400b18c0800b38c13
:1029e800030040140000b48c02a6400f252000020a
:1029f800020020062b1822020b1023021000b4af8d
:102a08002538600225280002252040027274400ff4
:102a1800253040003400bf8f3000b48f2c00b38fb6
:102a28002800b28f2400b18f2000b08f0800e00387
:042a38003800bd277e
:020000040000fa
:020000041d02db
:102a3c00d8ffbd272400bfaf9679400f2000b0af60
:102a4c000100023c252800001000a42700c24234db
:102a5c001000a2af1400a0af1800a0af106c400f74
:102a6c001c00a0af029d043c2cdf842493a1400fda
:102a7c00029d103c93a1400f30df0426029d043cc4
:102a8c0093a1400f70df842493a1400f30df042604
:102a9c004c81829308004050029d043c029d043cf2
:102aac0093a1400fb0df84242400bf8f2000b08f8f
:102abc000800e0032800bd2793a1400fe0df842429
:102acc002400bf8f2000b08f0800e0032800bd2732
:020000040000fa
:020000041d02db
:102adc000800878c20008394220085941000e28cdf
:102aec00080069300030a830253040000400067c16
:102afc000a10c90025304000c418067c0a10c80012
:102b0c0025304000006068300421067c0a10c800a3
:102b1c0025304000001868304429067c0a10c80093
:102b2c000001a830005066302530c8002540400018
:102b3c004408087c0a1006018000a5300028633088
:102b4c002800868c25186500252840008410057cfb
:102b5c000a10a3001000e2ac0000c2ac0200022478
:102b6c00020082a4180080ac0800e0031c0080acba
:020000040000fa
:020000041d02db
:102b7c00e8ffbd271000b0af1400bfafb09a400ff4
:102b8c0025808000160040101400bf8f340006967c
:102b9c002000c2300d004054220005963799400f9a
:102bac00000000002c00038e2b1043000f0040107f
:102bbc0002000224252000021400bf8f1000b08fe9
:102bcc0001000524f894400b1800bd2725200002b5
:102bdc001400bf8f1000b08f6400400b1800bd278d
:102bec001000b08f0800e0031800bd27020002a6f9
:102bfc00f8ff023c1c0002ae180000ae1400bf8fa0
:102c0c001000b08ff8ff0424c9aa400b1800bd2790
:020000040000fa
:020000041d02db
:102c1c001d008004c080838fe8ffbd271400bfaf68
:102c2c002b1883001000b0af1300601025100000ab
:102c3c00d080908f802004000a80047e0f00001248
:102c4c001400bf8f74000296800043301000601493
:102c5c0025200002010003248452627c740002a629
:102c6c0001000524f26c400f25200002080040549e
:102c7c0025200002010002241400bf8f1000b08f29
:102c8c000800e0031800bd270800e0032510000031
:102c9c00253000003483400f010005241400bf8f41
:102cac00010002241000b08f0800e0031800bd27bb
:020000040000fa
:020000041d02db
:102cbc001d008010000000000f008590feffa32473
:102ccc000200632c03006014251000000800e003d0
:102cdc0000000000e0ffbd271c00bfaf0e0082907b
:102cec000600422c0b0040100300032402000324b6
:102cfc000a00a310251080001000a4af039d043c13
:102d0c00130505248da4400f4cab84240300001044
:102d1c001000a28f0600a314251080001c00bf8f8a
:102d2c000800e0032000bd270800e0032510000088
:102d3c001000a4af039d043c170505248da4400f7f
:0c2d4c004cab8424f5ff00101000a28f97
:020000040000fa
:020000041d02db
:102d5800d8ffbd272000b3af0080133c1800b1afe7
:102d680025888000e05f64261c00b2af1400b0af75
:102d78002400bfafa493400f2590a000e05f708ea1
:102d8800090000560c00028e11000010e05f642656
:102d9800090051500400028e0000108e0c000052f1
:102da800e05f64260c00028e25284002f8ff4014dc
:102db800252020020400028e09f840000800068e33
:102dc8000000108ef8ff00560c00028ee05f6426ab
:102dd8002400bf8f2000b38f1c00b28f1800b18f62
:0c2de8001400b08f349a400b2800bd2767
:020000040000fa
:020000041d02db
:102df4001200800425380000a880828fe8ffbd27d8
:102e04002a108200090040101400bfafe1ab400f4c
:102e14000000000005004010251840003c004490cc
:102e24000100022407008210000000001400bf8f7c
:102e34002510e0000800e0031800bd270800e003a7
:102e44002510e00063a8400f25206000f7ff401024
:102e5400253840000000648c0200c010251080005a
:102e64000800628c212845002b20a400efff805429
:102e7400253800000400628c2b104500ebff405401
:0c2e840025380000e9ff0010080065acd4
:020000040000fa
:020000041d02db
:102e9000e0ffbd2710bd053c100106241800b1afae
:102ea0001400b0af1c00bfaf0ba7400f25808000ff
:102eb000039d053c1e0000a2f4a2a52425200002cb
:102ec000dfa6400f25884000120040101c00bf8f75
:102ed000029d023c50c142242520000210014824da
:102ee0000000478c0400468c0800458c0c00438c85
:102ef00010004224000087ac040086ac080085acba
:102f00000c0083acf6ff48141000842425880000d0
:102f10001c00bf8f251020021400b08f1800b18f45
:082f20000800e0032000bd27ba
:020000040000fa
:020000041d02db
:102f28001d008010000000001b00a0102d000324cd
:102f3800000086801800c31025300000d8ffbd2788
:102f48002000b1af1c00b0af2588a000258080000c
:102f58002400bfafeaa6400f1000a5270000038297
:102f68000f0060101000a38f000063800c00601435
:102f78000001432c0b0060102400bf8f000022a228
:102f88002400bf8f010002242000b18f1c00b08fe5
:102f98000800e0032800bd270800e0032510000012
:102fa8002400bf8f251000002000b18f1c00b08fb7
:082fb8000800e0032800bd271a
:020000040000fa
:020000041d02db
:102fc000e0ffbd271800b2af1400b1af1000b0afe2
:102fd0001c00bfaf25808000ff00112401001224d7
:102fe0009e99400f2520000205ff43241000400455
:102ff0000400632c5880849313008014ff00453034
:10300000e0ffa424f6ff51106000842c100060142f
:103010000d000624fd00a7300500801408000324dd
:103020000400a6101c00bf8fedffe3140000000099
:103030001c00bf8f1800b28f1400b18f1000b08f2a
:103040000800e0032000bd27e5ff0010588080a3a2
:08305000e3ff0010588092a379
:020000040000fa
:020000041d02db
:10305800e8ffbd271000b0af1400bfafb09a400f13
:10306800258080000d0040101400bf8f34000296a8
:10307800040043300c006050200003962800048ea2
:10308800140080148000437c02000224020002a67f
:10309800180000ae1c0000ae1400bf8f1000b08fe7
:1030a8000800e0031800bd27f5ff60502800048ed3
:1030b80001000524f894400f25200002f7ff401076
:1030c8001400bf8f020002241a0002a6f2ff0010ab
:1030d8001c0000a604006534100042300b18a20042
:0830e800e9ff0010000083acb9
:020000040000fa
:020000041d02db
:1030f0002300a010000000000000a28c200040105f
:10310000000000001e00c01000000000d8ffbd2716
:103110002000b2af1c00b1af1800b0af2400bfafa9
:103120002590e0002588c0008fa3400f2580a000d7
:103130000d004050faff0224420043940010633017
:10314000030060100010433207006050f8ff0224b3
:103150001000a0af253840022530200225280002ab
:103160007b4c400f252040002400bf8f2000b28ff1
:103170001c00b18f1800b08f0800e0032800bd27a5
:083180000800e003fbff02243c
:020000040000fa
:020000041d02db
:103188002100a010000000000000a28c1e004010ca
:103198000000000013008010000000004200889426
:1031a80040000a3103004015faff02240800e0033a
:1031b80000000000e0ffbd270c00e0101c00bfafbe
:1031c8000010083112000015010007241000a6aff6
:1031d8007b4c400f040086241c00bf8f0800e003ce
:1031e8002000bd270800e003faff02242071400fe9
:1031f8000000000002000324ffff04240b206200eb
:10320800f5ff0010251080000800e003fbff0224f2
:08321800f1ff0010f8ff022491
:020000040000fa
:020000041d02db
:103220008c80828f88ffbd277400bfaf7000b1af64
:103230000600401c6c00b0af7400bf8f7000b18fef
:103240006c00b08f0800e0037800bd279080918f5c
:10325000258080001000a527ab68400f240024863d
:10326000060040501800038e5800a38f1000028ef5
:103270000d006250240024861800038e02000224f0
:10328000eeff62147400bf8f8c80828fffff422498
:10329000e9ff40148c8082af9e9c400f25202002c5
:1032a000e5ff0010908080af6ca8400f010005245e
:0832b000f2ff00101800038e6c
:020000040000fa
:020000041d02db
:1032b8000080053cf85ea5243400a38c0b00601048
:1032c80000000000070064141c00628c130000104a
:1032d80000000000070082501c00828c2518400066
:1032e8001c00628cfbff4014000000000800e00393
:1032f80025100000060040501c0062ac0c00868cb3
:103308000c00458c2128a6000c0045ac1c0062acc2
:10331800251000000800e0031c0080ac06004050a7
:103328001c00638c0c00678c0c00468c2130c70095
:103338000c0046ac1c00638c010002243400a3acd2
:083348000800e0031c0080ac4a
:020000040000fa
:020000041d02db
:1033500082bf033c1022648c0080023cb45e422495
:103360000e008430400044ac1022648c0e00843087
:1033700014008010000000001022648c02008430d1
:103380000700801002000424142264ac1022648c14
:10339000010084300700805081bf033c3022648ce0
:1033a0001022648c01008430fcff801400000000b7
:1033b00081bf033c0200043c840064ac0400043c74
:1033c000840064ac2000438c050060100000000005
:1033d0002400458c2000598c08002003020004249e
:0833e0000800e00300000000fa
:020000040000fa
:020000041d02db
:1033e800c0ffbd272000a4a70004023c25188000c8
:1033f800a5ff04243c00bfaf3800b0af1000a4a361
:103408001400a2ab1100a2bb1800a2ab2580a0003b
:103418004000a3a71000a5272000a4270900062420
:103428002781400f1500a2bba010107c2000a52703
:103438004000a42702142200040006242781400f1c
:103448002000a2af4000a2971000a5273000a427b3
:103458003000a2a7010006245a0002242781400f49
:103468001000a2a33c00bf8f251000003800b08fc9
:083478000800e0034000bd273d
:020000040000fa
:020000041d02db
:10348000d080838fe8ffbd271400bfaf120060100b
:103490001000b0afc080878f0f00e01025800000c3
:1034a000801010000a10627c253000000200052404
:1034b0002520400005004010010010263483400ff5
:1034c00000000000c080878fd080838f2b10070200
:1034d000f4ff401480101000c480848f0c00828c94
:1034e00009f8400025286000bc80848fd08080af20
:1034f00004008010c08080afe8a9400f00000000e9
:10350000bc8080af1400bf8f1000b08f0800e003b4
:043510001800bd27bb
:020000040000fa
:020000041d02db
:1035140011008004c080838fe8ffbd271400bfaf73
:103524002b1883000900601025100000d080838fc1
:10353400802004000a20647c04008010010003241d
:10354400770085900600a3504c00838c1400bf8f35
:103554000800e0031800bd270800e0032510000060
:10356400fbff60101400bf8f7600839003000524d6
:103574000300651008000524f5ff65140000000031
:103584000400828c0000838c23104300ffff42243c
:10359400aca2400fffff46302310c200ebff001027
:0435a400ffff4230b3
:020000040000fa
:020000041d02db
:1035a80099aa033c80bf023c55666324300040acb6
:1035b800300043ac6655033caa996334300043acf1
:1035c8000000438c010004240463037c000043ac26
:1035d80001100324400043ac03000324500043ac13
:1035e800ff01033cff016324600043acff01032497
:1035f800700043ac1f30033c3d3f6324800043ac64
:103608008300033c01006324900043ac5000033c5a
:10361800a00043ac0000438c0463837c000043acef
:103628003333033c33336324300043ac0800e003f6
:04363800000000008e
:020000040000fa
:020000041d02db
:10363c00c0ffbd272000a4a7251880000004023c71
:10364c00a5ff04243c00bfaf3800b0af1000a4a30a
:10365c001400a2ab1100a2bb0001023c1800a2abeb
:10366c002580a0004000a3a71000a5272000a427b8
:10367c00090006242781400f1500a2bb2000a527b6
:10368c004000a427010006242781400f2000b0a38e
:10369c004000a2971000a5273000a4273000a2a755
:1036ac00010006245a0002242781400f1000a2a317
:1036bc003c00bf8f251000003800b08f0800e003dd
:0436cc004000bd27d6
:020000040000fa
:020000041d02db
:1036d000e8ffbd271000b0af1400bfaf48008280e4
:1036e000ffff432425104300480082a01800838c6c
:1036f0001400828c2b106200050040102580800091
:103700002c00828c2530000009f84000252800009c
:103710000400028e280000ae180000ae0200433004
:1037200008006010140000ae10004234040002ae25
:10373000ffff02241400bf8f1000b08f0800e003c9
:103740001800bd270800038e0c00048ec000427cc8
:103750002310020021186400400003aef5ff0010a2
:043760003c0003ae78
:020000040000fa
:020000041d02db
:103764004552524f523a205265636569766520622c
:103774007566666572206f766572666c6f77206910
:103784006e2025732e0a000008200800256300001f
:103794000a0000006c6f67696e0000004552524fca
:1037a400523a204163636573732064656e6965648e
:1037b4002c206c6f67696e2072657175697265641f
:1037c40020696e2025732e0a000000004552524fd6
:1037d400523a20556e6b6e6f776e20636f6d6d611c
:1037e4006e64202725732720696e2025732e0a0016
:020000040000fa
:020000041d02db
:1037f400e0ffbd271800b1af1c00bfaf1400b0af8d
:103804001600a0102588c0002580a0009990400fc4
:103814000100052412004050ffff02240200201280
:10382400080050ac000020aee1ac400f0400518c05
:10383400252040000000229201004224e3ac400f06
:10384400000022a21c00bf8f251000021800b18fb7
:103854001400b08f0800e0032000bd27fdff022400
:1038640001002056000022ae1c00bf8f251000006e
:103874001800b18f1400b08f0800e0032000bd27aa
:020000040000fa
:020000041d02db
:103884000000a28c0b0040540400a38c1e00001006
:10389400000000000800838c0000c2ac040082ac6d
:1038a4000000a28c0100632413004010080083acc4
:1038b4000400a38c120062500400a0ac0000438cee
:1038c4000000a3ac0800a38c0400868cffff6324d3
:1038d4000800a3acefffc014000040ac0800838cc8
:1038e400000082ac040082ac0000a28c01006324be
:1038f400efff4014080083ac0800e0030000000060
:10390400f0ff00100000a0ac0800e003000000007d
:020000040000fa
:020000041d02db
:103914000000a28c0b0040540400a38c1e00001075
:10392400000000000800838c0000c2ac040082acdc
:103934000000a28c0100632413004010080083ac33
:103944000400a38c120062500400a0ac0000438c5d
:103954000000a3ac0800a38c0400868cffff632442
:103964000800a3acefffc014000040ac0800838c37
:10397400000082ac040082ac0000a28c010063242d
:10398400efff4014080083ac0800e00300000000cf
:10399400f0ff00100000a0ac0800e00300000000ed
:020000040000fa
:020000041d02db
:1039a400e8ffbd271400bfafe7ac400f00000000e4
:1039b400a880868fac80898fffff423000c04234dc
:1039c40000400724ffff08340d00c0181400bf8f07
:1039d40025182001252000000000658c01008424a6
:1039e4000400a010040063242a00a5940600a21079
:1039f40000000000f9ffc4540000658c1400bf8f60
:103a04000800e0031800bd270300485000c002343a
:103a140001004224ffff4230ffffe724eaffe014e5
:103a24001400bf8f251000000800e0031800bd2714
:020000040000fa
:020000041d02db
:103a340021008004a880838fe8ffbd271400bfaf56
:103a44002a108300130040101000b0afe1ab400f08
:103a5400000000000f004010258040003000428c20
:103a64000400401000000000360002960b004014d1
:103a74001400bf8f62a3400f4c0004262528400089
:103a8400d684400f252000023000028e0600401428
:103a94001400bf8f251000001400bf8f1000b08fda
:103aa4000800e0031800bd27360002961000b08f0e
:103ab4000800e0031800bd270800e00325100000fb
:020000040000fa
:020000041d02db
:103ac400e8ffbd271400bfafe7ac400f00000000c3
:103ad400c080868fd080898fffff423000c042347f
:103ae40000400724ffff08340d00c0101400bf8fee
:103af40025182001252000000000658c0100842485
:103b04000400a010040063246200a5940600a2101f
:103b140000000000f9ffc4540000658c1400bf8f3e
:103b24000800e0031800bd270300485000c0023419
:103b340001004224ffff4230ffffe724eaffe014c4
:103b44001400bf8f251000000800e0031800bd27f3
:020000040000fa
:020000041d02db
:103b5400f0ffbd2700e0847c80bf023c0c00bfafb7
:103b6400700644ac00606441c000000000400324bf
:103b74000000a4af00e0a57c0f000424200645ac9f
:103b8400040643ac040644ac03000424080644ac15
:103b9400080643ac99aa033c55666324100640ac5e
:103ba400100643ac6655033caa996334100643ac33
:103bb40000800334080643ac0000a28f00608240fa
:103bc400c00000000c00bf8f81bf023c80000324b2
:103bd400180143ac1000bd270800e00301000224d3
:020000040000fa
:020000041d02db
:103be400e0ffbd271400b0af00009084ffff022463
:103bf4001800b1af1c00bfaf2400a5a30700021634
:103c040025888000140000101c00bf8f9b98400f73
:103c140000000000100040041c00bf8f7e9d400f78
:103c240025200002f9ff4010252020022400a527aa
:103c340025200002b43e400f010006241c00bf8f63
:103c4400010042380100422c1800b18f1400b08fdb
:103c54000800e0032000bd27feff02241800b18ff6
:0c3c64001400b08f0800e0032000bd2712
:020000040000fa
:020000041d02db
:103c70001a008010000000001800a0102d0003247e
:103c8000000086801500c31025300000d8ffbd2736
:103c90002000b1af1c00b0af2588a00025808000b7
:103ca0002400bfafeaa6400f1000a5270000038242
:103cb0000c0060101000a38f0000638009006014e6
:103cc0002400bf8f000022ae1c00b08f0100022430
:103cd0002000b18f0800e0032800bd270800e003a2
:103ce000251000002400bf8f251000002000b18f98
:0c3cf0001c00b08f0800e0032800bd2776
:020000040000fa
:020000041d02db
:103cfc00e8ffbd271400bfaf150080101000b0af57
:103d0c000800838c020002241100621425808000bc
:103d1c0002008294010042300e00405025800000c9
:103d2c00e1ac400f00000000000003920e00601494
:103d3c00ffff6324e3ac400f252040001400bf8f2d
:103d4c00251000021000b08f0800e0031800bd27fa
:103d5c00258000001400bf8f251000021000b08fca
:103d6c000800e0031800bd27000003a2e3ac400fdd
:0c3d7c0025204000f8ff00101400bf8f4d
:020000040000fa
:020000041d02db
:103d88000080023c6c5e42240c00438c06006018e4
:103d9800040005241800868c0500c510ffff632465
:103da800150060100c0043ac0800e00300000000a0
:103db80010004390fcff6010000000001000848c8d
:103dc800e8ffbd271000b0af1400bfaf76aa400fc0
:103dd8000400508c001902002310620080100200b9
:103de80021200202060080101400bf8f1000b08f3f
:103df8004c9f400b1800bd27806f400b000000004f
:0c3e08001000b08f0800e0031800bd2778
:020000040000fa
:020000041d02db
:103e140019008010000000004200839440006830c4
:103e240003000015251000000800e0030000000056
:103e340007006330fcff6014000000001000a010b5
:103e4400000000000000a28c0d00e010040082ac11
:103e54000400c010180082ac0000c28c080082acc0
:103e64001c0082ac42008394010002240463037c9e
:103e74000800e003420083a40800e00325100000ca
:103e8400f9ffc050420083940000c28cf5ffe0109b
:0c3e9400080082acf3ff00101c0082aca0
:020000040000fa
:020000041d02db
:103ea0000c00a7af0c00a38f0800a6af2510800060
:103eb00002450300ff0705310e00a0140800a48f7f
:103ec000039d033c00088644d8a560d40008e7445d
:103ed000000805240208204600000644000067444c
:103ee0002520c0000055e67c0200c0102518e00027
:103ef000c1ffc524c2370400401803002518c300c1
:103f000040200400000044ac00a0637c2000043c7e
:103f100025188300ccfba52400080831040043ac1d
:0c3f2000080045ac0800e0030c0048acb1
:020000040000fa
:020000041d02db
:103f2c000004c2281300401402fcc328039d023c69
:103f3c00f8af40d401fcc2240004432806006014ee
:103f4c00026320460263204602f8c224000444287f
:103f5c00ff0303240a10640025200000ff03422401
:103f6c0000008444002d02000000e5440800e0033a
:103f7c0002602046f8ff60102510c000039d033c32
:103f8c0000b060d4c903c22402fc4328f2ff6010c5
:103f9c00026320469207c22402fc442802fc03243c
:0c3fac0002632046ecff00100b106400c4
:020000040000fa
:020000041d02db
:103fb800e0ffbd271400b0af0080103c785f028e90
:103fc8001800b1af1c00bfaf080040102588800062
:103fd80011002006785f028e0080033c7c5f638cb2
:103fe80023186200110000102b1871000867400f99
:103ff80000000000785f028ef5ff4014000000000a
:10400800ffff02241c00bf8f1800b18f1400b08f6f
:104018000800e0032000bd270080033c805f638c1c
:1040280023201100231843002b186400f4ff6014a8
:0c40380021885100f3ff0010785f11aeea
:020000040000fa
:020000041d02db
:10404400e8ffbd271400bfaf00606241c00000005c
:104054006a8d400f000000008ebf023c0000458cba
:104064000300032480bf043c0429657c000045aca4
:104074000000458c0410657c000045ac0000828c77
:104084000429627c000082ace791400f000000002c
:10409400bea6400f000000000ea6400f0000000066
:1040a400407a400f000000008f8a400f000000009b
:1040b4000892400f00000000206062411400bf8f8e
:0840c4000800e0031800bd270d
:020000040000fa
:020000041d02db
:1040cc00636f6e6669670000646562756700000067
:1040dc00657869740000000068656c700000000071
:1040ec006c6f67696e0000006d706369650000009d
:1040fc0072657365740000007374617475730000ed
:10410c00464143544f52592052455345543a20444a
:10411c006574656374656420636f6e666967757238
:10412c006174696f6e20737769746368206465705d
:10413c007265737365642e0a00000000434c492db0
:08414c00436f6e736f6c650098
:020000040000fa
:020000041d02db
:104154000800828ce8ffbd271000b0af1400438c28
:104164000a004694258080000000628c2528800087
:10417400029d043c1400bfaf09f840000868842481
:104184000900401401000324040002243c0000ae92
:104194001a0002a61c0002a61400bf8f1000b08fe4
:1041a4000800e0031800bd27fbff431002000324ae
:1041b400180000ae1c0000a6020003a6f6ff41048e
:1041c4001e0002a61400bf8f1000b08f25204000ef
:0841d400c9aa400b1800bd2729
:020000040000fa
:020000041d02db
:1041dc00e8ffbd271000b0af1400bfafb09a400f7e
:1041ec0025808000100040101400bf8f3400029610
:1041fc00080042300f004010020002240012062476
:10420c00252800002893400f2520000206004010ae
:10421c001400bf8f040002241a0002a60a00022414
:10422c001c0002a61400bf8f1000b08f0800e00322
:10423c001800bd27020002a6faff023c1c0002aec9
:10424c00180000ae1400bf8f1000b08ffaff0424ca
:08425c00c9aa400b1800bd27a0
:020000040000fa
:020000041d02db
:10426400e8ffbd271400bfaf130080101000b0afeb
:104274000000829410004010258080000c00828c85
:10428400020003240d004354258000001000a014f4
:104294000400848c09008050258000000800838c71
:1042a400060062542580000002008294010042301e
:1042b400030040141400bf8f258000001400bf8f3a
:1042c400251000021000b08f0800e0031800bd277d
:1042d4003f8f400f00000000f9ff40141400bf8f0f
:0842e400f7ff00102580000027
:020000040000fa
:020000041d02db
:1042ec002000828c010042301d00401400000000b0
:1042fc006c80868fe0ffbd271400b0af0c00d98c0a
:10430c001000908c1800b1af1c00bfaf2588800046
:10431c000d0000122528200210000396252800020b
:10432c002520c00001006230f9ff40140000108eff
:10433c0009f82003000000006c80868ff6ff001641
:10434c000c00d98c252820021c00bf8f1800b18fbf
:10435c001400b08f2520c000080020032000bd27ca
:08436c000800e003000000005e
:020000040000fa
:020000041d02db
:10437400e0ffbd27401004001400b0af211044003a
:10438400258080000080043c80100200f05c8424be
:104394001800b1af212082001c00bfaf53a3400f0f
:1043a4002588c0000f0020121c00bf8f0080043c31
:1043b400008110006453842421209000080082941a
:1043c4000400838c0100423405006010080082a4bc
:1043d400253800000100062409f8600003291000b4
:1043e4001c00bf8f010002241800b18f1400b08f8d
:0843f4000800e0032000bd27d2
:020000040000fa
:020000041d02db
:1043fc00f0ffbd270c00bfaf00606541c00000009e
:10440c0080bf023c00e0847c0000a5af0040032488
:10441c00200644ac0f000424040643ac040644ac50
:10442c0004000424080644ac080643ac99aa033cd7
:10443c0055666324100640ac100643ac6655033c2d
:10444c00aa996334100643ac00800334080643accd
:10445c000000a28f00608240c00000000c00bf8fe3
:10446c0081bf023c80000324180143ac1000bd271f
:08447c000800e0030100022426
:020000040000fa
:020000041d02db
:10448400e8ffbd271000b0af1400bfafb09a400fd3
:10449400258080000e0040101400bf8f3400029667
:1044a400080042300d0040100012062425280000a8
:1044b4002893400f25200002050040101400bf8ff0
:1044c400020002241a0002a61c0000a61400bf8fda
:1044d4001000b08f0800e0031800bd27020002247a
:1044e400020002a6faff023c1c0002ae180000ae55
:1044f4001400bf8f1000b08ffaff0424c9aa400b28
:044504001800bd27b7
:020000040000fa
:020000041d02db
:10450800e8ffbd271000b0af1400bfafb09a400f4e
:10451800258080000e0040101400bf8f34000296e2
:1045280000f042300d004010060005240900052463
:10453800f894400f25200002050040101400bf8f9a
:10454800030002241a0002a61c0000a61400bf8f54
:104558001000b08f0800e0031800bd27f894400f42
:1045680025200002faff40101400bf8f0500022426
:104578001a0002a61c0000a61000b08f0800e00375
:044588001800bd2733
:020000040000fa
:020000041d02db
:10458c00e0ffbd271c00bfaf1800b1af1900a01091
:10459c001400b0af2588a0009990400f01000524ad
:1045ac0016004010252820020400508c5f65400f37
:1045bc001000048e2588400002000296020042344e
:1045cc00e1ac400f020002a600000392252040003f
:1045dc0001006324e3ac400f000003a21c00bf8f5a
:1045ec00251020021400b08f1800b18f0800e003d2
:1045fc002000bd27f9ff0010f9ff1124f7ff001070
:04460c00ffff112477
:020000040000fa
:020000041d02db
:104610001e008004a880838fe8ffbd272a1883002e
:10462000170060101400bfafe1ab400f25188000e9
:10463000140040101400bf8f2c00448c1100801017
:104640002530a0001000878c1c00848c0c00e594a1
:10465000040088941400bf8f08008424f8ffa52468
:10466000340045a4380044ac300047ac360048a4c0
:104670002528000025206000624e400b1800bd2751
:104680001400bf8f0800e0031800bd270800e003f6
:044690000000000026
:020000040000fa
:020000041d02db
:1046940013008004a880878fe8ffbd271400bfaff4
:1046a4002a1087000a00401025180000e1ab400fd3
:1046b40000000000070040101400bf8f0600c05027
:1046c400251060003c0044900800a410010004245c
:1046d4001400bf8f251060000800e0031800bd27f8
:1046e400251800000800e00325106000f9ffa41459
:1046f4001400bf8f400044900000c58c01000324c7
:104704001f00843060008434180045acf0ff0010b2
:04471400400044a07d
:020000040000fa
:020000041d02db
:10471800ec80848fe8ffbd27040080101400bfaf31
:1047280047a7400f00000000ec8080aff880858f1d
:104738000080043c6fa7400ff05f84240080043c95
:1047480000608424e48080af7488400f000000007b
:10475800f480848f05008010f080858fe8a9400fd1
:1047680000000000f48080aff080858f0500a01065
:10477800f880848f0c00828c09f84000000000004b
:10478800f08080af1400bf8ff88080af0800e0038e
:044798001800bd2721
:020000040000fa
:020000041d02db
:10479c0080bf023c2006438cf0ffbd270c00bfaf4e
:1047ac0000606541c000000000e0637c0000a5af24
:1047bc0000400424200643ac0f000324040644ac40
:1047cc00040643ac99aa033c55666324080640ac26
:1047dc00080644ac100640ac100643ac6655033cce
:1047ec00aa996334100643ac00800334080643ac2a
:1047fc000000a28f00608240c00000000c00bf8f40
:10480c0081bf023c80000324180143ac0800e00384
:04481c001000bd27a4
:020000040000fa
:020000041d02db
:10482000039d023ca882428cd0ffbd27039d053c1e
:104830002c00bfaf2800b0aff4b1a52425200000a4
:1048400009f840000080103cd05f1026080002ae3e
:10485000039d023ca48f42241400a2af0100022455
:104860001800a2af029d023c407c42241000a52704
:104870001c00a2af252000000a0002242000a2afe5
:10488000067f400f2400a0afaa9d400f040002ae97
:104890002c00bf8f2800b08f0800e0033000bd2738
:020000040000fa
:020000041d02db
:1048a0000800828ce8ffbd271000b0af1400438cd5
:1048b0001000468c258080000400628c2528800032
:1048c000029d043c1400bfaf09f84000086884242e
:1048d0000a004004020003240400401404000224df
:1048e0001a0002a6050002241c0002a61400bf8fb5
:1048f0001000b08f0800e0031800bd27180000aebc
:104900001c0000a6020003a61e0002a61400bf8f12
:104910001000b08f25204000c9aa400b1800bd2709
:020000040000fa
:020000041d02db
:10492000e8ffbd271000b0af1400bfafb09a400f32
:10493000258080000d0040101400bf8f34000296c7
:10494000001042300c00401025280000f894400f61
:1049500025200002050040101400bf8f0200022431
:104960001a0002a61c0000a61400bf8f1000b08f12
:104970000800e0031800bd2702000224020002a67e
:10498000fbff023c1c0002ae180000ae1400bf8ffb
:104990001000b08ffbff0424c9aa400b1800bd27ec
:020000040000fa
:020000041d02db
:1049a0000080033c600963241b0083142510000071
:1049b00020008390040063301700601000000000a6
:1049c0004400828ce8ffbd271000b0af1000428c7d
:1049d000258080001400848c1400bfaf09f84000cb
:1049e000000000009000038e039d023c00ac4224b6
:1049f000801803000a10437c09f8400025200002bb
:104a0000200002921400bf8f1000b08f0001427c82
:104a10000800e0031800bd270800e00300000000c4
:020000040000fa
:020000041d02db
:104a20000080033c6009632419008314faff022408
:104a30001c00838c02000224170062140000000096
:104a40001300a010251000004c00848ce0ffbd274f
:104a50001800b0af1c00bfaf2580a000b4a4400f69
:104a60001000a2af030003241c00bf8f080003ae98
:104a7000010003240c0003aedc0503241000a28f08
:104a8000100003ae1800b08f0800e0032000bd271f
:104a90000800e003000000000800e003feff02241d
:020000040000fa
:020000041d02db
:104aa00046524d54584f4b200000000084b2029de6
:104ab00046524d52584f4b20000000007cb2029de0
:104ac0005258425546434e5400000000c0a6029d75
:104ad00052584f56464c4f570000000074b2029d8a
:104ae0004643534552524f52000000006cb2029da3
:104af000414c474e455252200000000064b2029dd6
:104b000053434f4c46524d20000000005cb2029dc2
:104b10004d434f4c46524d200000000054b2029dc0
:020000040000fa
:020000041d02db
:104b20000000a294e0ffbd271800b1af4000433061
:104b30001400b0af1c00bfaf2580a0000b006010b8
:104b400025888000040005269e88400f04008424e8
:104b5000252800020000248e1c00bf8f1800b18f92
:104b60001400b08f51a7400b2000bd27140023264e
:104b70008000423024008424040005269e88400fd3
:104b80000b206200252800020000248e1c00bf8f2d
:104b90001800b18f1400b08f51a7400b2000bd2723
:020000040000fa
:020000041d02db
:104ba0001d00801000000000e0ffbd271800b2af1c
:104bb0001000b0af039d123c039d103c1400b1af38
:104bc0001c00bfaf25888000f4a410260ca5522637
:104bd000080010260400028e252020020500401047
:104be00025284000dfa6400f0000000004004050d0
:104bf0000000028ef7ff1216080010262510000094
:104c00001c00bf8f1800b28f1400b18f1000b08f3e
:104c10000800e0032000bd270800e0032510000085
:020000040000fa
:020000041d02db
:104c20000400a38cd8ffbd272510a0002000b3af3f
:104c30001c00b2af1800b1af1400b0af2400bfaf7a
:104c4000259880002528e000252040002588e000e8
:104c500009f860002590c000090040102580400040
:104c6000040040122530200225284002d4a6400f1f
:104c70002520400025280002a187400f2520600242
:104c80002400bf8f251000022000b38f1c00b28fbc
:104c90001800b18f1400b08f0800e0032800bd2772
:020000040000fa
:020000041d02db
:104ca0000800828ce8ffbd27010103241000b0af8b
:104cb0001400bfaf300083a402004294320085a4e8
:104cc000340086a4360082a45c6c400f25808000ee
:104cd000060040041400bf8f030042382b1002006e
:104ce0001000b08f0800e0031800bd270200022466
:104cf000020002a6f7ff023c1c0002ae180000ae44
:104d0000c9aa400ff7ff04241400bf8f251000002c
:0c4d10001000b08f0800e0031800bd2761
:020000040000fa
:020000041d02db
:104d1c00e0ffbd271c00bfaf3f8f400f000000001d
:104d2c000c0040101c00bf8f140043940f00601443
:104d3c0014004424240043940800601424004424e8
:104d4c00a800062425280000c9a7400f25204000f4
:104d5c001c00bf8f0800e0032000bd270740400f58
:104d6c001000a2aff6ff00101000a28f0740400ffa
:104d7c001000a2af1000a28f24004394f1ff60102a
:0c4d8c00a8000624f5ff001024004424b9
:020000040000fa
:020000041d02db
:104d9800e0ffbd271800b1af1400b0af1c00bfafd3
:104da8002580800047ac400f2588a00007004010f0
:104db800251800001c00bf8f251060001800b18f57
:104dc8001400b08f0800e0032000bd270600201261
:104dd80000000000c9ab400f25200002c1ac400f05
:104de80025200002000022aebdab400f25200002a6
:104df8001c00bf8f01000324251060001800b18f2c
:0c4e08001400b08f0800e0032000bd275c
:020000040000fa
:020000041d02db
:104e1400e8ffbd271400bfaf1000b0af160080102c
:104e24006c8080af0400828c3800052409f84000af
:104e3400258080000a004010252000020c00038e0b
:104e440009f86000252840001400bf8f6c8090afe3
:104e5400010002241000b08f0800e0031800bd27f1
:104e64006c80828f1400bf8f1000b08f2b10020053
:104e74000800e0031800bd271400bf8f25100000b0
:0c4e84001000b08f0800e0031800bd27ec
:020000040000fa
:020000041d02db
:104e9000e0ffbd271400b0af0d0090901c00bfaf25
:104ea000070000161800b1af1c00bf8f25100002cc
:104eb0001800b18f1400b08f0800e0032000bd2758
:104ec000e1ac400f258880000c0023920a0060149a
:104ed000ffff6324e3ac400f252040001c00bf8f80
:104ee00025800000251000021800b18f1400b08f3b
:104ef0000800e0032000bd270c0023a2e3ac400f14
:0c4f000025204000e9ff00101c00bf8fbe
:020000040000fa
:020000041d02db
:104f0c000500a010240085ac4800829400044230b7
:104f1c00090040503f0082900e00c01000000000bd
:104f2c003c008590010003240c00a3102510000008
:104f3c000800e0030000000002004230f6ff4014bd
:104f4c00000000004000828cc418027cf4ffc014e6
:104f5c00400082ac0800e003251000004000839064
:104f6c000000c58c010002241f0063306000633414
:0c4f7c00180085ac0800e003400083a092
:020000040000fa
:020000041d02db
:104f8800021204004700432c03006014ff00843021
:104f9800e0ff4224ff0042304700832c03006014e6
:104fa8003a00432ce0ff8424ff0084301100605451
:104fb800d0ff4224c9ff4224ff0042303a00832c2c
:104fc80007006054d0ff8424c9ff8424ff00843084
:104fd80000110200251044000800e003ff004230e1
:104fe800ff00843000110200251044000800e0038f
:0c4ff800ff004230f1ff0010ff004230cb
:020000040000fa
:020000041d02db
:105004001c00a010000000000000a88c1900001172
:10501400000000000080023c845f46941500c0102c
:105024003081828f05000010251800000600825090
:10503400420045940f0066106c004224fbff80146c
:1050440001006324420045944000a530f9ffa010fc
:10505400000000000400458c0800478c2628050148
:105064002428a700f3ffa014000000000800e003b8
:0c507400000000000800e0032510000010
:020000040000fa
:020000041d02db
:10508000090080100080023c2c81828f0600405075
:105090000080023c420043944000633012006054a0
:1050a000620043900080023c845f45940c00a01095
:1050b0003081828f252000004200439440006330fd
:1050c00005006010010084246200439001006330f9
:1050d0000800601400000000f7ff85146c004224f3
:1050e0000800e0032510000001006330eeff60506f
:0c50f0000080023c0800e003000000000b
:020000040000fa
:020000041d02db
:1050fc000080053cf85ea5243400a28c0a00401008
:10510c000000000008008010000000000c00438c20
:10511c002b18640008006014000000000c00438c85
:10512c00232064000c0044ac1400a28c1000a2ac30
:10513c000800e003000000000c00438c0c0040aca5
:10514c001c00428cf8ff401023208300f6ff8010d7
:10515c00000000000c00438c2b186400f6ff601458
:0c516c0000000000edff0010000000003b
:020000040000fa
:020000041d02db
:1051780069705f6164647200252e2a730000000c58
:10518800676174657761795f616464720000000c1f
:105198007375626e65745f6d61736b006f706572b5
:1051a80061746f720000000c636f6e6669677572d8
:1051b8006174696f6e5f74696d6500007061737307
:1051c800776f72640000000c69705f706f72740012
:1051d80073656375726974795f6c6576656c0000d8
:0c51e8007463705f74696d656f7574000e
:020000040000fa
:020000041d02db
:1051f4000800e003000000002518e003009d043cc3
:10520400305a842416008010000000000000858cb1
:105214001300a010040084240000868c040084245d
:1052240000008b8404008424039d0c3ca0ac8c25da
:1052340080580b0021606c0100008c8d09f88001fe
:10524400000000002520400003008424fcff062405
:105254002420c4000000858cecffa0140000000092
:0c52640025f860000800e00300000000d6
:020000040000fa
:020000041d02db
:105270001c00c010ffffc8240000a3800100a72469
:10528000010082240e006010000083a02130a600df
:10529000060000102128a8000100e724ffffe48099
:1052a00009008010ffff64a0251060002340a700c4
:1052b000f9ffc714010043240800e00300000000c8
:1052c0002518400025108000fbff001121206800f8
:1052d00001006324feff8314ffff60a00800e003c9
:0c52e0000a1082000800e0032510800086
:020000040000fa
:020000041d02db
:1052ec0020000524000082800d004510f7ff4324a8
:1052fc000500632c0a0060142b0003240a004310e1
:10530c002d0003240300431425280000010005246c
:10531c000100842425100000070000100a00072457
:10532c00f0ff001001008424f9ff00102528000074
:10533c00010084242310430000008380d0ff6324e9
:10534c000a00662cfaffc054021047700100a050ee
:0c535c00231002000800e0030000000025
:020000040000fa
:020000041d02db
:10536800496e746572666163652020202000000024
:105378000a49502020202020202020202020000022
:105388000a4d61736b20202020202020202000005f
:105398000a47617465776179202020202020000069
:1053a8000a4d4143202020202020202020200000da
:1053b8000a4c696e6b20202020202020202000002d
:1053c800444f574e000000000a4e6574776f726ba9
:0853d80020202020202000000d
:020000040000fa
:020000041d02db
:1053e0000800828ce8ffbd27010303241000b0af42
:1053f0001400bfaf300083a402004294320085a4a1
:10540000258080005c6c400f360082a406004004ba
:105410001400bf8f030042382b1002001000b08f21
:105420000800e0031800bd2702000224020002a6c3
:10543000f7ff023c1c0002ae180000aec9aa400fe4
:10544000f7ff04241400bf8f251000001000b08f58
:085450000800e0031800bd276d
:020000040000fa
:020000041d02db
:105458000080023c60094224080044140000000057
:105468000200e010200003240000e3ac0300a010b9
:105478002000c62c0300c0502c004b8c0800e00311
:105488002510000030004a8c3400498c3800488cc4
:105498003c00478c4000468c4400448c4800438cb8
:1054a800200002240000abac0400aaac0800a9aca0
:1054b8000c00a8ac1000a7ac1400a6ac1800a4ac53
:0854c8000800e0031c00a3ac86
:020000040000fa
:020000041d02db
:1054d0000400848ce8ffbd271400bfaf2400858c36
:1054e0000900a0100080033c6c5e63241400628cf1
:1054f0000800a58c3400638c231045002b1043005a
:105500000900401000000000d37e400f14008424e6
:105510001400bf8ffcff43240a180200251060000e
:105520000800e0031800bd27d37e400f2400842428
:105530001400bf8ffcff43240a18020025106000ee
:085540000800e0031800bd277c
:020000040000fa
:020000041d02db
:10554800740087940010e7300500e0104800838c51
:1055580003006010010002240800e00300000000be
:10556800e8ffbd271000b0af4400862425808000e6
:10557800400085242b3807001400bfaf6383400f19
:10558800252060000a004010480002ae740003960f
:1055980001000424010002240463837c740003a630
:1055a8001400bf8f1000b08f0800e0031800bd275b
:0855b800fbff001025100000ac
:020000040000fa
:020000041d02db
:1055c000e8ffbd271000b0af258080000000849464
:1055d0001400bfafef44400f00000000020004962b
:1055e000ef44400f000002a60400048eec44400f7c
:1055f000020002a60800048eec44400f040002ae34
:105600000e000496ef44400f080002ae100004960e
:10561000ef44400f0e0002a612000496ef44400f24
:10562000100002a61400bf8f120002a61000b08f57
:085630000800e0031800bd278b
:020000040000fa
:020000041d02db
:10563800040002241600c210020002241200c21044
:1056480000000000030002240f00a2100000000068
:10565800420082942400888c2800878c1800868c4d
:105668001c00858c2000838cf8ff42300463027c88
:10567800100088ac140087ac040086ac080085ac28
:105688000c0083ac420082a40800e0030000000084
:1056980001000224efffa214420082940400a27cbd
:0856a8000800e003420082a4a7
:020000040000fa
:020000041d02db
:1056b0001000a88c2000a78ce0ffbd270c000395ec
:1056c0001400b0af0800e73425808000f2ff6324a7
:1056d0000080043c1800b1af1c00bfaf2588c0009b
:1056e0002000a7acfc5c84240c0003a553a3400f4e
:1056f0002800b0ac050020161c00bf8f1800b18f29
:105700001400b08f0800e0032000bd272520000210
:105710001800b18f1400b08f01000624100005247a
:085720005069400b2000bd2779
:020000040000fa
:020000041d02db
:10572800496e697469616c697a65642025732063c0
:105738006f6e6e656374696f6e20696e2025732eb7
:105748000a000000436c6f736520636f6465207204
:105758006563656976656420696e2025732e0a0085
:10576800496e76616c696420737461727420636f2a
:10577800646520696e2025732e0a0000496e7661e3
:105788006c696420656e6420636f646520696e20af
:0857980025732e0a0000000039
:020000040000fa
:020000041d02db
:1057a000e8ffbd271000b0af1400bfafb09a400fa4
:1057b000258080001300401009000524340006965f
:1057c00022000396fffdc230002064300002c63480
:1057d0000b10c400fffe463000106330000142345d
:1057e0000b3043002893400f252000020600401094
:1057f0001400bf8f040002241a0002a6080002242d
:105800001c0002a61400bf8f1000b08f0800e00338
:045810001800bd2798
:020000040000fa
:020000041d02db
:105814000400a28c0600422c180040140000000072
:105824000000a58c0100a2900400432c1300601416
:1058340000000000580083900400633003006010ef
:105844000200a6240800e003020042240300c388e7
:10585400300082240000c398330083a8000043b8ba
:1058640059008290010003244408627c590082a0fc
:105874000100a2900800e003020042240800e003b3
:04588400ffff0224fc
:020000040000fa
:020000041d02db
:105888001a00c0102520c000e0ffbd271c00bfafd4
:105898001800b2af1400b1af1000b0af2588a00057
:1058a80002a6400f2580c0004100522c2000248e03
:1058b800400003240b185200252800022530600000
:1058c800d4a6400f259060002000228e219052001f
:1058d800000040a21c00bf8f1800b28f1400b18fc7
:1058e8001000b08f0800e0032000bd270800e00387
:0458f80000000000ac
:020000040000fa
:020000041d02db
:1058fc001200a0500000828c0000a28c0800401006
:10590c00000000000000468c0400838c060062102e
:10591c000000a6ac0800838cffff6324080083ac56
:10592c000800e003000000000800838c040085ac34
:10593c00ffff63240800e003080083acf8ff40106d
:10594c00000000000400838c04004350040080ac71
:10595c000000438cefff0010000083acedff001043
:04596c00000080ac0b
:020000040000fa
:020000041d02db
:10597000e8ffbd271000b0af1400bfaf3c0083901c
:105980000100022406006210258080001400bf8ff1
:105990000c0000ae1000b08f0800e0031800bd2717
:1059a0000c00848cfaff80101400bf8f2000828cc2
:1059b00008004230f7ff40540c0000aebb90400f8f
:1059c000000000003e0002920c0000aeffff4224e7
:1059d0003e0002a21400bf8f1000b08f0800e00349
:0459e0001800bd27c7
:020000040000fa
:020000041d00dd
:10011000e0ffbd271400b0af1c00bfaf3799400f00
:100120001800b1af258040005080838f0080023cd2
:10013000f058448c231803022b1864000b00601441
:10014000251000000080113cd05f3126039d023c49
:10015000b882428c09f840000800248ebf11400f7d
:100160000400248e508090af010002241c00bf8f39
:100170001800b18f1400b08f0800e0032000bd27e5
:020000040000fa
:020000041d00dd
:100190000010a230080040140002a5300200022422
:1001a000020082a4fbff023c180080ac1c0082ac61
:1001b000c9aa400bfbff04240900a014020002247a
:1001c0002000c630020082a40b00c014180080acce
:1001d000f8ff023c1c0082acc9aa400bf8ff0424c3
:1001e000020082a4f9ff023c180080ac1c0082ac23
:1001f000c9aa400bf9ff04240800e0031c0080acee
:020000040000fa
:020000041d02db
:1059e4004400828ce8ffbd271000b0af4000428c19
:1059f400258080001800848c1400bfaf2538000077
:105a04008400062609f8400025280000060040040a
:105a14001400bf8f01000224900002ae1000b08f6a
:105a24000800e0031800bd27200002920429027c2c
:105a34003799400f200002a21400bf8f7c0002aef1
:105a4400900000ae1000b08f0800e0031800bd27de
:020000040000fa
:020000041d02db
:105a54000400a28c0600422c170040140000000031
:105a64000000a38c04000224010065901200a2141b
:105a740000000000580085900400a5300300a01029
:105a8400060002240800e003000000000200632472
:105a9400030066883400852400006698370086a8d1
:105aa4000000a6b859008390010005248410a37c4b
:105ab4000800e003590083a00800e003ffff02246c
:020000040000fa
:020000041d02db
:105ac4001300800425180000a880828fe8ffbd27fa
:105ad4002a1082000a0040101400bfafe1ab400f4f
:105ae4000000000006004010251840003c004490cf
:105af40001000224080082100000000025180000a4
:105b04001400bf8f251060000800e0031800bd27b3
:105b14000800e0032510600063a8400f2520600002
:105b2400f7ff405025180000f5ff00100800638cb3
:020000040000fa
:020000041d02db
:105b3400e0ffbd271400b0af1c00bfaf1800b1af29
:105b44001100800425800000a880838f2a10830020
:105b54000e0040101c00bf8fe1ab400f000000009e
:105b640009004010258840003000428c0100405458
:105b74003600309662a3400f4c00242625284000ae
:105b8400d684400f252020021c00bf8f2510000260
:105b94001800b18f1400b08f0800e0032000bd2767
:020000040000fa
:020000041d02db
:105ba400e0ffbd271400b0af0080103c1c00bfaf65
:105bb4001800b1afe1ac400ff85e10262588400014
:105bc4000400028e1800428c09f840000000000016
:105bd4001000038e2800068e2c00078e2318430025
:105be40025202002218866002b182302e3ac400ff5
:105bf400218067001c00bf8f251020022518000299
:105c04001800b18f1400b08f0800e0032000bd27f6
:020000040000fa
:020000041d02db
:105c1400170080100080073c3860e28cf0ff862477
:105c2400150040102540e000f0ff838c0000458cf7
:105c340021488300070049141000a5241000428c59
:105c440021186500f0ff83ac000082ac0800e0037b
:105c54003860e6ac213845000300c71421186500fc
:105c64000800e003000043ac000082ac386006addd
:105c74000800e00300000000fcff0010000080acfe
:020000040000fa
:020000041d02db
:105c8400180080100080033c0800858c005e6324ab
:105c94001000a314f5ff02240200838402000224ee
:105ca4000e006214000000000a00c050f7ff022436
:105cb40001000224020082a404000224180082ac21
:105cc4000100023c1c0082ac280086ac0800e00302
:105cd400010002240800e003000000000800e003c3
:0c5ce400f6ff02240800e003f5ff022494
:020000040000fa
:020000041d02db
:105cf000180080100080033c0800858c005e63243f
:105d00001000a314f5ff0224020082840200032481
:105d10000e004314000000000900c010010003241d
:105d2000180082ac0100023c1c0082ac280086ac4a
:105d3000200087a4020083a40800e00301000224dd
:105d4000f7ff02240800e003000000000800e00361
:0c5d5000f6ff02240800e003f5ff022427
:020000040000fa
:020000041d02db
:105d5c00e0ffbd271400b0af2580a0000100052492
:105d6c001c00bfaf9990400f1800b1af0d00405010
:105d7c00ffff10240800438c03007014fdff102457
:105d8c00080040ac25800000e1ac400f0400518cb1
:105d9c00252040000000229201004224e3ac400f79
:105dac00000022a21c00bf8f251000021800b18f2a
:0c5dbc001400b08f0800e0032000bd2799
:020000040000fa
:020000041d02db
:105dc800e0ffbd271800b1af258880001400b0aff0
:105dd8002520a0002580a0001c00bfafc1a4400f53
:105de800252820020a0040506400198e2800058edc
:105df800240004866c00038e241045000a20447c8d
:105e08001000828c09f86000000040ac6400198e14
:105e18005c00048e252820021c00bf8f1800b18f5b
:0c5e28001400b08f080020032000bd27ec
:020000040000fa
:020000041d02db
:105e3400e0ffbd271400b0af280003244004f07c29
:105e4400140002241800b1af0b1070002588a000c4
:105e54002128a600212845002530e000ffffa530b9
:105e64001c00bfaf3f78400f258040000700401062
:105e74001c00bf8f060020121800b18f1800438c3d
:105e8400218070001c0050ac1c00bf8f1800b18f23
:0c5e94001400b08f0800e0032000bd27c0
:020000040000fa
:020000041d02db
:105ea0001800a010000000000080023c745e428ccc
:105eb0001200401025408000d8ffbd270080043c20
:105ec0002548c0002518a0001000a62710000724b0
:105ed000252840008c5e84242400bfaf1000a0afb2
:105ee0001400a3af1800a9af0893400f1c00a8af7f
:105ef0002400bf8f0800e0032800bd270800e0034e
:0c5f0000000000000800e0032510000075
:020000040000fa
:020000041d02db
:105f0c00e8ffbd271000b0af1400bfaf5c96400f88
:105f1c00258080004000028e25200002448c027ceb
:105f2c00c6a1400f400002ae2c00048e030080106e
:105f3c00090006249da6400fefff052412000286df
:105f4c00a480848f2528000280180200ac80828fe8
:105f5c000c00998c1400bf8f1000b08f21104300df
:0c5f6c00000040ac080020031800bd2716
:020000040000fa
:020000041d02db
:105f78001600c0100000000014008004a880888f5c
:105f8800e8ffbd271400bfaf2a1888000c00601076
:105f980025100000e1ab400f000000000900401090
:105fa8001400bf8f5800438c0a006054251000006d
:105fb800580046ac5c0047ac600045a42510c00002
:105fc8001400bf8f0800e0031800bd270800e00395
:0c5fd800251000000800e0031800bd27a1
:020000040000fa
:020000041d02db
:105fe4004000839442008794600086946200859404
:105ff400211867002118660026186500b080858f77
:10600400e8ffbd27720083a482280500500085acf8
:10601400780080a0010006241400bfaf9e0c400f3e
:1060240002000524040040101400bf8f040040182f
:10603400010002241400bf8f0800e0031800bd27ec
:0c604400ffff02240800e0031800bd2745
:020000040000fa
:020000041d02db
:106050000d00800400000000c080828f2b108200a1
:106060000900401080200400d080828f0a20447ce8
:1060700005008010000000007700839001000224da
:10608000030062504c00828c0800e00325100000e1
:10609000fdff4010000000000800838c1000828c7f
:1060a000f9ff62100000000064008294f6ff4010c7
:0c60b0000000000075a8400b000000007c
:020000040000fa
:020000041d02db
:1060bc001600800425100000c080838f2b188300ed
:1060cc0012006010d080838f802004000a20647c32
:1060dc000e008010000000001c00838c2000858cba
:1060ec002b1065000b004050231065001800828cab
:1060fc001400848c231045002318640021104300e5
:10610c00010042240800e003ffff42300800e003d6
:0c611c00000000000800e003ffff42301c
:020000040000fa
:020000041d02db
:1061280018008010000000002400838ce8ffbd27c1
:106138001000b0af1400bfaf0e00601025808000c3
:106148003000838c0b00601424000624c9a7400f7c
:10615800252800004400028e09f840004000048e03
:10616800251000001400bf8f1000b08f0800e00356
:106178001800bd27f9ff0324380003aef9ff00100b
:0c618800f9ff02240800e003f7ff0224e6
:020000040000fa
:020000041d02db
:10619400c8ffbd273000b1af2c00b0af2588c000c8
:1061a4002580a000040005243400bfafbd9e400f2d
:1061b4003800a4a7ffff2632252800022781400fbc
:1061c4003800a4273800a2971000a5272000a42790
:1061d4002000a2a7010006245a0002242781400fb0
:1061e4001000a2a33400bf8f251000003000b18f2f
:0c61f4002c00b08f0800e0033800bd272d
:020000040000fa
:020000041d02db
:10620000200003240b20a5000b180500022c04001d
:106210000400a01402120500100063342528800039
:106220000212050004004014022102000800633439
:106230002510a000022102000400805482100400f6
:106240000400633425204000821004000400405400
:106250004210020002006334251080004210020048
:0c626000010042380800e0032510430054
:020000040000fa
:020000041d02db
:10626c00e8ffbd271000b0af1400bfaf4400400fd3
:10627c000000908406004014251840001400bf8fc5
:10628c00251060001000b08f0800e0031800bd2737
:10629c009c9f400f25200002060040101400bf8f69
:1062ac0071a3400f25200002f4ff401001000324cd
:1062bc001400bf8fffff0324251060001000b08f67
:0862cc000800e0031800bd27e3
:020000040000fa
:020000041d02db
:1062d400e0ffbd271800b1af258880001400b0afdf
:1062e4002520a0002580a0001c00bfafc1a4400f42
:1062f4002528200208004010401006242800058e9e
:10630400240004867000038e241045000a20447c77
:1063140009f86000feff05246400198e5c00048ef9
:10632400252820021c00bf8f1800b18f1400b08fe5
:08633400080020032000bd2732
:020000040000fa
:020000041d02db
:10633c00e0ffbd271800b2af259080001c00bfaf56
:10634c001400b1af709b400f1000b0af4c005196d1
:10635c002580400040801000ffff3126e7ac400f45
:10636c00028822721b005000f40100021080000011
:10637c00218011023799400f000050ae1c00bf8fd6
:10638c00040042ae1400b18f1800b28f1000b08f11
:08639c000800e0032000bd270a
:020000040000fa
:020000041d02db
:1063a4008080828fe8ffbd271400bfaf0500401c2a
:1063b4001000b0af1400bf8f1000b08f0800e003ce
:1063c4001800bd27258080001000848c010006245d
:1063d4002d72400f010005241800038e02000224d0
:1063e400f5ff62141400bf8f8080828fffff422468
:1063f400f0ff4014808082af5781400f00000000fe
:08640400ecff0010708080af76
:020000040000fa
:020000041d02db
:10640c003c008284e8ffbd271000b0af0c000324d1
:10641c0025808000c480848f1400bfaf760003a257
:10642c0080180200d080828f1400058e0c00868ca0
:10643c002110430009f8c000000040acc480848fd8
:10644c000c00828c09f840000000058ec480848ffb
:10645c00252800021400bf8f1000b08f0c00998cff
:08646c00080020031800bd2701
:020000040000fa
:020000041d02db
:106474000e00a01000000000feff82242600422c23
:106484000a004010000000000080023c00210400cb
:1064940064534224211044000000438c0500601022
:1064a4000000000003006510000000000800e00385
:1064b400251000000500c010000045ac1881838f32
:1064c4002b20c300201e037c0b3064000c0046a468
:0864d4000800e0030a0046a4e1
:020000040000fa
:020000041d02db
:1064dc003481828fe8ffbd270b0040101400bfaf42
:1064ec00e996400f000000003481868f25380000ab
:1064fc0025204000e42f400f252860001400bf8f9a
:10650c000800e0031800bd2702a5400f0100042479
:10651c00e996400f348182af3481868f2538000094
:10652c0025204000e42f400f252860001400bf8f69
:08653c000800e0031800bd2770
:020000040000fa
:020000041d02db
:106544003481828fe8ffbd270b0040101400bfafd9
:10655400e996400f000000003481868f2538000042
:1065640025204000e42f400f252860001400bf8f31
:106574000800e0031800bd2702a5400f0100042411
:10658400e996400f348182af3481868f253800002c
:1065940025204000e42f400f252860001400bf8f01
:0865a4000800e0031800bd2708
:020000040000fa
:020000041d02db
:1065ac002b18a4000e006010251080002120a600de
:1065bc002b1844000b006050212046000600c01030
:1065cc0021184600ffff842400008580ffff632410
:1065dc00fcff4314000065a00800e003000000006d
:1065ec0021204600fcffc010251840000100a52406
:1065fc00ffffa68001006324fcff6414ffff66a06c
:08660c000800e003000000009b
:020000040000fa
:020000041d02db
:10661400e0ffbd271800b1af029d113c1c00bfafc5
:106624001400b0afc00f2526140880ac140080a05d
:10663400fc9e400f25808000029d053c2520000221
:10664400fc9e400f0010a524c00f2526fc9e400f81
:1066540025200002252000021c00bf8f1800b18fe6
:106664001400b08f029d053c4010a524fc9e400bf5
:046674002000bd271e
:020000040000fa
:020000041d02db
:10667800e0ffbd271800b0af00009084ffff0224a0
:10668800120002121c00bfaf2f98400f25200002f5
:106698000c004010010006241000a5272d55400fbe
:1066a800252000020100032402004314ffff0224f6
:1066b8001000a2931c00bf8f1800b08f0800e003e1
:1066c8002000bd27fbff0010ffff0224f9ff001088
:0466d800feff02249b
:020000040000fa
:020000041d02db
:1066dc00d0ffbd272800b0af258080002c00bfafb5
:1066ec00989a400f2000a4272500a5932400a4937a
:1066fc002300a3932200a2932100a7932000a6932a
:10670c001c00a5af039d053c1800a4af1400a3af5b
:10671c001000a2af2520000205a8400f54a3a52409
:10672c002c00bf8f110002242800b08f0800e0035a
:04673c003000bd2745
:020000040000fa
:020000041d02db
:10674000160080100080033c0800848c005e6324e7
:1067500010008314f5ff0224c1bf033cc0ff628c0c
:10676000c0ff638c200006240006427c4006637c48
:1067700010000424010042240500a0100b20c300d7
:10678000251044000000a2ac0800e0032510000022
:10679000251000000800e003000000000800e003ee
:0467a000f5ff0224db
:020000040000fa
:020000041d02db
:1067a4000800838ce8ffbd271000b0af1000628c96
:1067b4001400bfaf0100052406004730040046342e
:1067c4000a10c70038004730200046340a10c700ba
:1067d400100062acf894400f258080000600401041
:1067e4001400bf8f040002241a0002a60100022430
:1067f4001c0002a61400bf8f1000b08f0800e00335
:046804001800bd2794
:020000040000fa
:020000041d02db
:10680800301f029d0092029dd8a0029d34a6029dd1
:10681800f088029dcc92019de06e029d6498029dd5
:106828009098029df46f029d6c8b029d70c3019d30
:10683800e873029d4067029d3c6f029d845c029d47
:10684800f05c029d986f029d308b029d6895029db9
:1068580074fe019de4e1019d14a4029db4a0029d73
:04686800bc98029d39
:020000040000fa
:020000041d02db
:10686c000400a28c0900422c140040143d000324a7
:10687c000000a58c3c0082240000a3a00700032488
:10688c000100a3a0010003240200a3a00b204400dc
:10689c00030086880300a3240900022400008698c4
:1068ac000600a6a8000066b804008590040065a048
:1068bc00050084900800e003050064a00800e003d4
:0468cc00ffff0224a4
:020000040000fa
:020000041d02db
:1068d000e0ffbd271400b0af0d0090901c00bfafcb
:1068e000070000161800b1af1c00bf8f2510000272
:1068f0001800b18f1400b08f0800e0032000bd27fe
:10690000e1ac400f258880000c0023922520400038
:1069100001006324e3ac400f0c0023a21c00bf8fd6
:10692000251000021800b18f1400b08f0800e0039a
:046930002000bd275f
:020000040000fa
:020000041d02db
:10693400e8ffbd271400bfafe1ab400f000000002b
:1069440004004010251800003c0044900500851008
:10695400010005241400bf8f251060000800e00327
:106964001800bd27fbff8514251800004000458c46
:106974000300a730f8ffe0141400bf8f0000c38c9d
:106984000442857c400045ac140043acf1ff001088
:0469940001000324d7
:020000040000fa
:020000041d02db
:106998000080023c845f45940e00a0103081838ff4
:1069a80042006294400042300c0040142c81828fd7
:1069b800050000102520000042006294400042308b
:1069c800060040142c81828f01008424faff85146c
:1069d8006c006324251800002c81828f030040106e
:1069e800000000000800e003000000000800e003c9
:0469f8002c8183afbc
:020000040000fa
:020000041d02db
:1069fc000000a58c0001023c7f0042241300a21071
:106a0c00000000000080023c845f46940c00c01023
:106a1c003081828f0400438c0a00a3100000000018
:106a2c0004000010251800000400448c0500a4107c
:106a3c000000000001006324fbff66146c0042247c
:106a4c00251000000800e003000000000800e0032f
:046a5c002510800081
:020000040000fa
:020000041d02db
:106a6000e8ffbd271000b0af258080001400bfaf45
:106a700013a4400f252000003c004490251840003e
:106a800006000224000004a23d006490010004a25c
:106a90003e006490020004a23f006490030004a240
:106aa00040006490040004a241006390050003a22a
:106ab0001400bf8f1000b08f0800e0031800bd273e
:020000040000fa
:020000041d02db
:106ac000e8ffbd271000b0af1400bfaf6a7d400fd4
:106ad00025808000060040041400bf8f0200423869
:106ae0002b1002001000b08f0800e0031800bd2733
:106af00002000224020002a6f7ff023c1c0002aec4
:106b0000180000aec9aa400ff7ff04241400bf8f7d
:106b1000251000001000b08f0800e0031800bd270a
:020000040000fa
:020000041d02db
:106b2000e8ffbd271000b0af1400bfafb09a400f10
:106b300025808000090040101400bf8f2800038ebc
:106b4000090060543400049602000224020002a6e8
:106b5000180000ae1c0000ae1400bf8f1000b08ff4
:106b60000800e0031800bd278000827c0400453443
:106b7000100084300b10a400f3ff0010000062ac82
:020000040000fa
:020000041d02db
:106b800090ffbd276800b0af258080007c8084879f
:106b90001000a5276c00bfafab68400f3400a0af5a
:106ba000580002923400a38f4800048e4d004230fa
:106bb00032004234280003ae09000324560003a625
:106bc00003008010580002a2067e400f2528000016
:106bd0006c00bf8f6800b08f0800e0037000bd2715
:020000040000fa
:020000041d02db
:106be000e8ffbd271000b0af1400bfaff9a1400f00
:106bf000258080000a0040101400bf8f0400038e1f
:106c00000700605025100000420003960800633022
:106c1000060060541000038e251000001400bf8f82
:106c20001000b08f0800e0031800bd27fcff6014bf
:106c30001400bf8f1400028ef9ff00102b10020009
:020000040000fa
:020000041d02db
:106c40000200022414008210010004242510e00038
:106c5000e8ffbd272538c0002530a0001400bfafd5
:106c6000ab40400f25284000ffff032407004310de
:106c7000ac80848f80180200010005240a18837cf0
:106c80004000648c448ca47c400064ac1400bf8f32
:106c90000800e0031800bd270800e003ffff0224fe
:020000040000fa
:020000041d02db
:106ca0002510800004000324422704000300831001
:106cb000251840000800e003000000000418037cd1
:106cc000233043000f00a5242128c5000229050018
:106cd0000700a01000000000002905002128a300e3
:106ce000000075bc10006324fdff65140000000067
:106cf0000f0000000020033c0800e00325104300c3
:020000040000fa
:020000041d02db
:106d000012008010000000000000878c0f00e010cf
:106d1000000000000080023c845f46940b00c0101d
:106d20003081828f25200000420043944000633070
:106d300004006010010084240400438c0600e3106a
:106d400000000000f8ff86146c0042240200a0102e
:106d5000251000002c81828f0800e0030000000055
:020000040000fa
:020000041d02db
:106d60005000838c14006010000000004400828cee
:106d7000e0ffbd271c00bfaf3000428c09f8400087
:106d8000252060000a0041041c00bf8f039d053cc4
:106d9000039d043cac11062464aca524a89784246c
:106da0004689400f1000a2af1000a28f1c00bf8fb9
:106db0000800e0032000bd270800e003f2ff0224e2
:020000040000fa
:020000041d02db
:106dc0003481828fe8ffbd270a0040101400bfaf56
:106dd00065ac400f000000003481838f1400bf8f2a
:106de0001800bd271b004300f40160000800e00309
:106df0001210000002a5400f0100042465ac400ff2
:106e0000348182af3481838f1400bf8f1800bd2777
:106e10001b004300f40160000800e00312100000b2
:020000040000fa
:020000041d02db
:106e2000f8ffbd270400bfaf006802400008033c24
:106e30002510430000688240c000000081bf033c71
:106e400001000424c40064ac251000000048824006
:106e5000c0000000ffff022400588240c000000074
:106e600000680240c4de027c00688240c00000006e
:106e70000400bf8fc80064ac0800e0030800bd2711
:020000040000fa
:020000041d02db
:106e80001000828ce0ffbd271800b1af2b88c20034
:106e90000a3051001c00bfaf0c00c0101400b0af8e
:106ea000258080001400848cd4a6400f2588c00063
:106eb0001400028e1000068e211051002388d1008c
:106ec000140002ae100011ae000040a01c00bf8fe5
:106ed0001800b18f1400b08f0800e0032000bd2718
:020000040000fa
:020000041d02db
:106ee000140080100080023c0800838c005e422465
:106ef00010006214000000000c00828ce8ffbd2727
:106f00001000b0af1c00428c258080001000848ce3
:106f10001400bfaf09f8400000000000000000a20c
:106f20001400bf8f020000a61000b08f0800e0031d
:0c6f30001800bd270800e003000000006e
:020000040000fa
:020000041d02db
:106f3c00140080100080033c0800858c005e6324e4
:106f4c000e00a314f5ff0224020083840200022425
:106f5c000a006254f6ff022401000224020082a4fb
:106f6c0003000224180082ac0100023c1c0082ac1d
:106f7c00280086ac0800e003010002240800e003ae
:0c6f8c00000000000800e003f5ff0224f4
:020000040000fa
:020000041d02db
:106f9800140080100080033c0800868c005e632487
:106fa8000e00c314f5ff02240200838402000224a9
:106fb8000a006254f6ff022401000224020082a49f
:106fc80006000224180082ac0100023c1c0082acbe
:106fd800280085ac0800e003010002240800e00353
:0c6fe800000000000800e003f5ff022498
:020000040000fa
:020000041d02db
:106ff400140080100080033c0800858c005e63242c
:107004000e00a314f5ff0224e8ffbd2702000224aa
:107014001400bfaf020082a4f4ff023c1c0082ac47
:10702400180080acc9aa400ff4ff04241400bf8fd9
:10703400251000000800e0031800bd270800e00345
:0c704400000000000800e003f5ff02243b
:020000040000fa
:020000041d02db
:10705000e8ffbd271000b0af1400bfafb09a400fdb
:107060002580800005004054340002961400bf8f34
:107070001000b08f0800e0031800bd2704000524ad
:1070800025200002f894400f220002a6f8ff4010cd
:107090001400bf8f070002241a0002a61c0000a6dd
:0c70a0001000b08f0800e0031800bd27ae
:020000040000fa
:020000041d02db
:1070ac00e8ffbd271000b0af1400bfafb09a400f7f
:1070bc002580800005004054340002961400bf8fd8
:1070cc001000b08f0800e0031800bd270500052450
:1070dc0025200002f894400f200002a6f8ff401073
:1070ec001400bf8f060002241a0002a61c0000a682
:0c70fc001000b08f0800e0031800bd2752
:020000040000fa
:020000041d02db
:10710800e8ffbd271000b0af1400bfafb09a400f22
:107118002580800005004054340002961400bf8f7b
:107128001000b08f0800e0031800bd2706000524f2
:1071380025200002f894400f260002a6f8ff401010
:107148001400bf8f050002241a0002a61c0000a626
:0c7158001000b08f0800e0031800bd27f5
:020000040000fa
:020000041d02db
:10716400e8ffbd271000b0af1400bfafb09a400fc6
:107174002580800005004054340002961400bf8f1f
:107184001000b08f0800e0031800bd270a00052492
:1071940025200002f894400f240002a6f8ff4010b6
:1071a4001400bf8f040002241a0002a61c0000a6cb
:0c71b4001000b08f0800e0031800bd2799
:020000040000fa
:020000041d02db
:1071c000e8ffbd27010005241400bfaf9990400fd0
:1071d0001000b0af0d004010258040000740400f68
:1071e00025204000e1ac400f0400108e2520400017
:1071f0000000029201004224000002a21400bf8f8e
:107200001000b08fe3ac400b1800bd271400bf8ff7
:0c7210001000b08f0800e0031800bd273c
:020000040000fa
:020000041d02db
:10721c00000082948439027c251045000800c010bf
:10722c00000082a40300c2880000c298100082ac47
:10723c000400c290140082a00500c290150082a028
:10724c000080023c805e428c01000324160083a463
:10725c000400e0100c0082ac04008524a187400bd4
:0c726c002520e0000800e0030000000006
:020000040000fa
:020000041d02db
:10727800e0ffbd271400b0af25808000240084847f
:107288001800b1afffff1124040091101c00bfaf1c
:107298000583400f00000000240011a60c00048e96
:1072a8000500805025200002e8a9400f00000000da
:1072b8000c0000ae252000021c00bf8f1800b18f03
:0c72c8001400b08f7a84400b2000bd271a
:020000040000fa
:020000041d02db
:1072d40013008004a880868fe8ffbd271400bfaf89
:1072e4002a1086000a00401025180000e1ab400f68
:1072f4000000000006004010010004244000438cfc
:10730400280045a4448c837c400043ac0100032442
:107314001400bf8f251060000800e0031800bd278b
:0c732400251800000800e00325106000a0
:020000040000fa
:020000041d02db
:107330001300a010212885001c81023cc59d423409
:107340000031020040180200211866002118620076
:10735000c031020001008424003a020021186600b6
:10736000ffff8690001602002118670021104300dd
:10737000f3ff85142610c2000800e003000000009f
:0c7380001c81023c0800e003c59d423463
:020000040000fa
:020000041d02db
:10738c001200801000000000420083944000633023
:10739c0003006014251000000800e003000000004a
:1073ac000000a58cffff02240a00a21000000000c0
:1073bc000800838c0400848c2710030025104400e3
:1073cc00261045000800e0030100422c0800e003f1
:0c73dc00251000000800e003010002245e
:020000040000fa
:020000041d02db
:1073e800130080100080033c0800858c005e632435
:1073f8000d00a314f5ff0224020083840200022476
:1074080009006254f6ff022401000224020082a44b
:1074180005000224180082ac0100023c1c0082ac6a
:107428000800e003010002240800e0030000000057
:087438000800e003f5ff022447
:020000040000fa
:020000041d02db
:1074400040100100a4b0029d589e009db896029d78
:107450003cb2029df49c029db88e019d308a029d33
:10746000489a029da049029dc0a7019d44b2029d79
:107470006426029df40e019d14e0019dbc87019dd0
:10748000204a029d8015029d5854029d1482019d40
:0874900078f6019da4a6029dff
:020000040000fa
:020000041d02db
:107498001300a010000000000c01828c0800468c2c
:1074a8000e00c010253800000000c38c04006014d2
:1074b800000000000a0000100000a7ac251880009a
:1074c8000400c28c0000648c25306000c001427c3e
:1074d8000100422cf9ff80142138e2000000a7ac1b
:0874e8000800e003251000007c
:020000040000fa
:020000041d02db
:1074f0001300a010000000000401828c0800468cdc
:107500000e00c010253800000000c38c0400601479
:10751000000000000a0000100000a7ac2518800041
:107520000400c28c0000648c25306000c001427ce5
:107530000100422cf9ff80142138e2000000a7acc2
:087540000800e0032510000023
:020000040000fa
:020000041d02db
:107548000000c294010043301100601080004230f6
:10755800e8ffbd271400bfaf040040141000b0af0f
:107568000000a294ffff42240000a2a40000848c23
:107578002580c00051a7400f2528c000260000a67e
:107588001400bf8f1000b08f0800e0031800bd275b
:087598000800e0030000000000
:020000040000fa
:020000041d02db
:1075a000e8ffbd272000073c1000b0af0600e7242d
:1075b0002580800004000624140005241400bfafb9
:1075c0008d97400f7800042407004010029d033c73
:1075d00001000424c0bb6324080043ac0c0050ac81
:1075e000700044a4580044a41400bf8f1000b08f52
:0875f0000800e0031800bd27ac
:020000040000fa
:020000041d02db
:1075f8001100800400000000c080828f2b108200e0
:107608000d00401080200400d080828f0a20447c26
:1076180009008010000000004c00828c0600401019
:107628000300032476008290050043100800032419
:1076380003004310000000000800e00325100000cc
:08764800aca2400b00000000a1
:020000040000fa
:020000041d02db
:10765000e0ffbd271400b0af258080002520a000ea
:10766000252800021800b1af1c00bfaf9e88400f54
:107670002588c00006004010251800000c00228e4e
:107680002528000209f840002520200201000324db
:107690001c00bf8f251060001800b18f1400b08f40
:0876a0000800e0032000bd27f3
:020000040000fa
:020000041d02db
:1076a80081bf033c00100424040007245476023ce4
:1076b800080064ac00040624480167ac0004053cdb
:1076c800103242240400073c880366ac25204000a1
:1076d800880367ac880365aca80366acd80365acbf
:1076e800100062ac1000628cfeff44140000000021
:0876f8000800e003000000009f
:020000040000fa
:020000041d02db
:10770000039d063c25100000c8aac62440180200ac
:1077100021186600000067800300e0540000858c9b
:107720000800e00301006290010042240000a880ec
:1077300004000715ff004230010062900100a524fb
:10774000000085ac0b00432cf1ff601440180200d0
:087750000800e0030000000046
:020000040000fa
:020000041d02db
:1077580012008010000000001000a01000000000bf
:107768004880828f400043280a0060100080063c51
:10777800c0180200e455c6242118660001004224fe
:10778800488082af000064ac040065ac0800e003e8
:10779800251000000800e003feff02240800e003b3
:0477a800ffff0224b9
:020000040000fa
:020000041d02db
:1077ac00e0ffbd271800b0af258080001c00bfafe4
:1077bc0013a4400f252000000400468c039d053cbb
:1077cc0025200002021e0600003cc27c1400a3af60
:1077dc001000a2af003ac77c5cb0a52405a8400fee
:1077ec00ff00c6301c00bf8f1800b08f0800e003ec
:0477fc002000bd2785
:020000040000fa
:020000041d02db
:10780000e0ffbd271800b0af258080001c00bfaf8f
:1078100013a4400f252000000800468c039d053c62
:1078200025200002021e0600003cc27c1400a3af0b
:107830001000a2af003ac77c5cb0a52405a8400f99
:10784000ff00c6301c00bf8f1800b08f0800e00397
:047850002000bd2730
:020000040000fa
:020000041d02db
:10785400e0ffbd271800b0af258080001c00bfaf3b
:1078640013a4400f252000000c00468c039d053c0a
:1078740025200002021e0600003cc27c1400a3afb7
:107884001000a2af003ac77c5cb0a52405a8400f45
:10789400ff00c6301c00bf8f1800b08f0800e00343
:0478a4002000bd27dc
:020000040000fa
:020000041d02db
:1078a800e0ffbd271800b2af1000b0af2590c000b0
:1078b80025808000ff00a5301c00bfaf1400b1afc9
:1078c800b5ab400f2588e000ff004532b9ab400f4b
:1078d8002520000225282002252000021c00bf8f39
:1078e8001800b28f1400b18f1000b08fbca0400bed
:0478f8002000bd2788
:020000040000fa
:020000041d02db
:1078fc00e0ffbd271800b1af1400b0af2588c00061
:10790c00258080001c00bfafb5ab400fff00a53039
:10791c00ff002532b9ab400f25200002bdab400f54
:10792c0025200002c1ab400f252000021c00bf8f98
:10793c00040002241800b18f1400b08f0800e0037b
:04794c002000bd2733
:020000040000fa
:020000041d02db
:107950001200a010000000000c01828c0800468c70
:107960000d00c010253800000000c38c0400601416
:1079700000000000090000100000a7ac25188000de
:107980000400c28c0000648c25306000c001427c81
:10799000faff80142138e2000000a7ac0800e003e1
:0479a00025100000ae
:020000040000fa
:020000041d02db
:1079a4000400a28c0600422c1000401400000000c9
:1079b4000000a38c04000224010064900b008214d4
:1079c4000000000002006490060002241300a4a03a
:1079d400030064901200a4a0040064901100a4a009
:1079e400050063900800e0031000a3a00800e00372
:0479f400ffff02246b
:020000040000fa
:020000041d02db
:1079f8000400a28c0600422c100040140000000075
:107a08000000a38c04000224010064900b0082147f
:107a18000000000002006490060002241700a4a0e1
:107a2800030064901600a4a0040064901500a4a0ac
:107a3800050063900800e0031400a3a00800e00319
:047a4800ffff022416
:020000040000fa
:020000041d02db
:107a4c000400a28c0600422c100040140000000020
:107a5c000000a38c04000224010064900b0082142b
:107a6c000000000002006490060002241b00a4a089
:107a7c00030064901a00a4a0040064901900a4a050
:107a8c00050063900800e0031800a3a00800e003c1
:047a9c00ffff0224c2
:020000040000fa
:020000041d02db
:107aa00002000000d0bb009d883d029d0300000045
:107ab0007856019d7091019d06000000c0d4019d83
:107ac000c07e029d090000007899019dec2d019d6a
:107ad0000a000000f459019dfca8019d0c00000063
:107ae0005411019da463029d0f000000e4d4009d89
:047af0002032029da1
:020000040000fa
:020000041d02db
:107af400a028057cd8ffbd27022c2500a5ff022461
:107b04002400bfaf1000a2a31400a5aba010067cf4
:107b14001100a5bb021422002800a4a71000a52769
:107b24001800a2ab2800a427090006242781400fcf
:107b34001500a2bb2400bf8f251000000800e0033d
:047b44002800bd2731
:020000040000fa
:020000041d02db
:107b48000000043ce8ffbd270000842403008010e7
:107b58001400bfaf09f88000000000000000843066
:107b68000000a530019d083cb4eb082509f8000188
:107b7800000000000000023c000042240300401006
:107b88000000000009f8400000000000f9ff0010a4
:047b980000000000e9
:020000040000fa
:020000041d02db
:107b9c00e0ffbd271800b0af1c00bfafb48d400f85
:107bac0025808000060040504400028effff022416
:107bbc001c00bf8f1800b08f0800e0032000bd2709
:107bcc00010006241000a52709f84000252000021a
:107bdc0001000324f5ff43141000a293f5ff0010dd
:047bec001c00bf8f2b
:020000040000fa
:020000041d02db
:107bf000e0fdbd272802a2271802b0af2802a6afd9
:107c0000258080002c02a7af2530a0001000a427fb
:107c100025384000ff0105241c02bfaf7782400fca
:107c20001002a2af1000a5270400400f252000027b
:107c30001c02bf8f1802b08f0800e0032002bd278e
:020000040000fa
:020000041d02db
:107c40000300000004ad029d0600000000000000db
:107c500002000000549c029d09000000ecb1029d4e
:107c60000a000000e4b1029d0c00000014ad029d6a
:107c70000f000000d0a8029d2000000000000000be
:107c8000010000004401008040100000b4a3029de8
:020000040000fa
:020000041d02db
:107c900000290400c21904000040a530421104006c
:107ca0000400633025186500080042308029040074
:107cb000251043004020a530c01804002528a2004c
:107cc00080036330801004002518650020004230d6
:107cd000251043004008847c0800e0032510820042
:020000040000fa
:020000041d02db
:107ce0000400a28c0500422c0f004014039d043cac
:107cf0000000a28c9ca883249ca88590010064901d
:107d00000200639037000624000046a0030006240a
:107d1000010046a0020045a0030044a0040043a0c7
:107d20000800e003050002240800e003ffff02242e
:020000040000fa
:020000041d02db
:107d30000000828c1000401000000000e8ffbd270a
:107d40001000b0af258080001400bfaf60a0400fce
:107d500025204000d682400f24000426d682400f02
:107d600014000426040004261400bf8f1000b08ff6
:107d7000d682400b1800bd270800e0030000000079
:020000040000fa
:020000041d02db
:107d8000e0ffbd271800b1af258880002520a000a6
:107d90001c00bfaf1400b0af02a6400f2580a000aa
:107da00025284000cc9c400f252000020c00238e8b
:107db0001c00bf8f1800b18f1b004300f40160004e
:107dc0001400b08f2000bd270800e0031010000051
:020000040000fa
:020000041d02db
:107dd000e0ffbd271c00bfaf1800b1af1400b0af6b
:107de000040080ac000080ac080080ac25808000de
:107df000e1ac400f0100112425204000e3ac400f0e
:107e00000c0011a21c00bf8f0d0011a20100022462
:107e10001800b18f1400b08f0800e0032000bd27c8
:020000040000fa
:020000041d02db
:107e2000544350204e554c4c2064796e616d69630b
:107e300020616c6c6f636174696f6e2068616e6441
:107e40006c652f696e6974206461746100000000c4
:107e5000205443502044796e616d696320616c6cdd
:107e60006f636174696f6e206661696c65640000a0
:020000040000fa
:020000041d02db
:107e70000e00800425100000c080838f2b18830023
:107e80000a006010d080838f802004000a20647c68
:107e9000060080100000000076008490fdff83241f
:107ea0000300632c03006010010002240800e003bb
:107eb00000000000080082380800e0030100422ca6
:020000040000fa
:020000041d02db
:107ec000dc80828fe8ffbd27050040181400bfaf9b
:107ed0001800848c0200032404008350ffff422416
:107ee0001400bf8f0800e0031800bd27fcff4014fa
:107ef000dc8082afd880848ffaff80101400bf8f9f
:107f0000e8a9400f00000000f5ff0010d88080af06
:020000040000fa
:020000041d02db
:107f1000e0ffbd271800b1af1400b0af1c00bfaf29
:107f200025888000040000102580a0000c00028e2f
:107f300009f8400000000000d37e400f25202002f9
:107f400025284000f9ff4014252000021c00bf8fa7
:107f50001800b18f1400b08f0800e0032000bd2787
:020000040000fa
:020000041d02db
:107f6000495076343a204661696c656420746f200c
:107f7000726567697374657220415250206e6f7428
:107f8000696669636174696f6e21200d0a000000e3
:107f9000495076343a2041525020656e74726965ba
:107fa0007320706f6f6c20656d707479210d0a00fd
:020000040000fa
:020000041d02db
:107fb00011008010000000000300a010000000006d
:107fc0000000a28c040082ac0300c010000000007e
:107fd0000000c28c080082ac0400e0504200829491
:107fe0000000e28c0c0082ac420082941000a3934b
:107ff0000463627c420082a40800e00300000000e9
:020000040000fa
:020000041d02db
:10800000d8ffbd272000b1af258880002400bfaf76
:108010001c00b0af00607041c00000005da9400fbf
:108020000000000025202002aba7400f1000a2afe7
:10803000bfa7400f010004322400bf8f1000a28fa1
:108040002000b18f1c00b08f0800e0032800bd277e
:020000040000fa
:020000041d02db
:1080500050696e67696e672025642e25642e25643d
:108060002e25642e2e2e00002053756363656564f3
:10807000656420696e2025732e0a00002046616920
:108080006c6564207769746820636f64652025756a
:0c80900020696e2025732e0a00000000fd
:020000040000fa
:020000041d02db
:10809c00e8ffbd272800a28c1000b0af2580a000ff
:1080ac002400a584242082007000038e0a20857c85
:1080bc001400bfaf4010062409f86000010005242d
:1080cc003001028e1400bf8f01004224300102ae39
:0c80dc001000b08f0800e0031800bd2762
:020000040000fa
:020000041d02db
:1080e80001000224980282ac000000000000000099
:1080f8000000000000000000000000000000000078
:108108000000000000000000000000000000000067
:108118000000000000000000000000000000000057
:0c812800000000000800e0030000000060
:020000040000fa
:020000041d02db
:108134000400a28c0300422c0e004014010003240e
:108144000000a28c010046900a00c314020003241c
:1081540002004290050043140800a2ac580082902b
:108164000400423003004014000000000800e00353
:0c817400030002240800e003ffff0224c7
:020000040000fa
:020000041d02db
:108180000c00878c0f00e0100000838c0800888ca6
:1081900025280000000062940100a524253040003d
:1081a00001004230050040100400067c000066a477
:1081b0002400828cffff4224240082acf5ffa71428
:0c81c000211868000800e0030000000027
:020000040000fa
:020000041d02db
:1081cc000800801000000000020002240b00a21026
:1081dc00010003240500a310251000000800e00393
:1081ec00000000000800e00325100000420082940b
:1081fc00100042380800e0030001427c42008294e7
:0c820c00080042380800e003c000427c7b
:020000040000fa
:020000041d02db
:108218005469636b20436f756e74657220252e3325
:108228006620286b487a290a53797320436f756e44
:108238007465722020252e336620284d487a290a35
:1082480053797320436c6f636b20202020252e33d5
:088258006620284d487a290038
:020000040000fa
:020000041d02db
:10826000e8ffbd271400bfafc9a6400f0000000003
:10827000fdff401482bf033c010004241022628ce5
:108280004002427cfdff4410000000001022628c7e
:108290000002427cfdff40101400bf8f251000003b
:0882a0000800e0031800bd27ef
:020000040000fa
:020000041d02db
:1082a800e477019d14b2029d1c4d029d9895029d94
:1082b80008df009d706d019d8c45029dc071029d77
:1082c800a49c029df437029d5c5d029dc895029da9
:1082d800f895029d2896029da0ba019dd81f029d7f
:0882e8008896029d5896029d44
:020000040000fa
:020000041d02db
:1082f000b00285a4000000000000000000000000a3
:10830000000000000000000000000000000000006d
:10831000000000000000000000000000000000005d
:10832000000000000000000000000000000000004d
:088330000800e003000000005a
:020000040000fa
:020000041d02db
:108338000400a28c0300422c0d0040140000000031
:108348000000a48c35000224000082a00100022451
:10835800010082a00c00a38c030005240300022462
:10836800090066380a18a6000800e003020083a086
:088378000800e003ffff0224ee
:020000040000fa
:020000041d02db
:108380000400a28c0600422c0d00401400000000e6
:108390000000a38c040002240100649008008214f1
:1083a00002006324030066880c00a4240600022453
:1083b000000066980f00a6a80800e003000086b839
:0883c0000800e003ffff0224a6
:020000040000fa
:020000041d02db
:1083c800350000003481029d01000000545a029dce
:1083d800030000001458029d06000000d81d029ded
:1083e800360000008083029d33000000a479029dbe
:1083f8003a000000f879029d3b0000004c7a029d8b
:08840800ff00000024b3029df7
:020000040000fa
:020000041d02db
:10841000e8ffbd271000b0af2580800000008494e5
:108420001400bfafef44400f0000000002000496ac
:10843000ef44400f000002a606000496ef44400ff0
:10844000020002a61400bf8f060002a61000b08f23
:088450000800e0031800bd273d
:020000040000fa
:020000041d02db
:10845800e8ffbd271000b0af0280a6701400bfafc0
:108468005757400f252800020600401025184000e5
:108478002530000225280000c9a7400f252040000c
:10848800251840001400bf8f251060001000b08f21
:088498000800e0031800bd27f5
:020000040000fa
:020000041d02db
:1084a000e8ffbd271000b0af1400bfaf8fa3400f8f
:1084b0002580a000090040101400bf8f42004394a3
:1084c00000106330060060501000b08f2000038e53
:1084d000c005637c0a1003001400bf8f1000b08f2a
:0884e0000800e0031800bd27ad
:020000040000fa
:020000041d02db
:1084e8000080023c645342242481848f0800439412
:1084f8001400598c0100842402006334248184af61
:1085080007002013080043a40080043c253800001d
:108518000200062401000524080020037453842463
:088528000800e0030000000060
:020000040000fa
:020000041d02db
:10853000e8ffbd271000b0af0080103cf85e1026a9
:10854000310005920800048e1400bfaf94aa400fba
:108550000000000030000292040040141400bf8f9d
:1085600001000224380002a21400bf8f1000b08f57
:088570000800e0031800bd271c
:020000040000fa
:020000041d02db
:108578000f00c01025100000ffffc62425180000ba
:1085880021108300000042902138a300070040100a
:108598000000e7900600e050231047000400c35095
:1085a80023104700f6ff47100100632423104700fb
:0885b8000800e00300000000d0
:020000040000fa
:020000041d02db
:1085c0008000a3280e006014251000008200a3285c
:1085d00003006014830003240900a31400000000ba
:1085e0000000c28c070042240410027c08004324cf
:1085f0000000c3ac000040d401000224000080f45d
:088600000800e0030000000087
:020000040000fa
:020000041d02db
:10860800e8ffbd271000b0af258080001400bfaf81
:1086180013a4400f2520000090a8400f25204000fb
:10862800039d053c252000022530400005a8400f89
:1086380064a0a5241400bf8f1000b08f0800e003c9
:048648001800bd2732
:020000040000fa
:020000041d02db
:10864c00e0f7bd272408a2272408a5af2808a6af69
:10865c002c08a7af25308000253840001000a42737
:10866c00000805241c08bfaf7782400f1008a2af8a
:10867c006b7f400f1000a4271c08bf8f0800e0037d
:04868c002008bd27de
:020000040000fa
:020000041d02db
:108690004554484d4143000045454d0031302e3092
:1086a0002e302e33370000003235352e3235352e40
:1086b0003235352e3000000031302e302e302e3144
:1086c00000000000302e302e302e300066756c6cad
:0486d00000000000a6
:020000040000fa
:020000041d02db
:1086d400e0ffbd271800b1af1400b0af2588c0007b
:1086e400258080001c00bfafb5ab400fff00a53054
:1086f40025200002b9ab400fff00253225200002df
:108704001c00bf8f1800b18f1400b08f3aa0400b2b
:048714002000bd275d
:020000040000fa
:020000041d02db
:10871800e8ffbd271000b0af1400bfaf0300001082
:108728004c0090249da6400f0000000062a3400f5b
:10873800252000022520400009000624f9ff4014e6
:10874800efff05241400bf8f1000b08f0800e0036e
:048758001800bd2721
:020000040000fa
:020000041d02db
:10875c00554450204e554c4c2064796e616d6963c4
:10876c0020616c6c6f636174696f6e2068616e64fc
:10877c006c6500005544502044796e616d6963202e
:10878c00616c6c6f636174696f6e206661696c6596
:04879c006400000075
:020000040000fa
:020000041d02db
:1087a00006000000000000000000000000000000c3
:1087b000000000000a0000000000000000000000af
:1087c00000000000000000000000000000000000a9
:1087d0000000000000000000000000000000000099
:0487e000090000008c
:020000040000fa
:020000041d02db
:1087e4000e008010000000004200839440006530b9
:1087f4000300a014251000000800e003000000009e
:108804006200849001008430fbff801000000000af
:10881400001062380800e0030003427c0800e00313
:04882400251000001b
:020000040000fa
:020000041d02db
:1088280000606041c000000099aa033c80bf023c80
:1088380055666324300040ac300043ac6655033cb9
:10884800aa996334300043ac80bf023c0100032482
:10885800581243ac80bf023c5012428c0ca2400b11
:04886800000000000c
:020000040000fa
:020000041d02db
:10886c000080023c785f438ce8ffbd271000b0af5e
:10887c001400bfaf03006014258040000867400f50
:10888c00000000000080023c7c5f438c1400bf8f12
:10889c00785f028e1000b08f1800bd270800e0032f
:0488ac002310620033
:020000040000fa
:020000041d02db
:1088b000e0f7bd272808a2272808a6af2c08a7aff5
:1088c0002530a0001000a42725384000000805240a
:1088d0001c08bfaf7782400f1008a2af6b7f400f1c
:1088e0001000a4271c08bf8f0800e0032008bd2744
:020000040000fa
:020000041d02db
:1088f0000080023c005e42240b0082140000000055
:108900002400829008004010039d193c3c00829492
:1089100088a63927801002000ac8227f0080043c04
:1089200008002003245e84240800e0030000000007
:020000040000fa
:020000041d02db
:10893000e8ffbd2700800634252800001000b0aff6
:108940001400bfaf2893400f258080000500401021
:108950001400bf8f010002241a0002a61c0000a60a
:108960001400bf8f1000b08f0800e0031800bd276f
:020000040000fa
:020000041d02db
:10897000e8ffbd271000b0af1400bfafb09a400fa2
:1089800025808000040040141400bf8f1000b08fb9
:108990000800e0031800bd27340006962200059663
:1089a000252000021000b08f6400400b1800bd2786
:020000040000fa
:020000041d02db
:1089b000e8ffbd27010005241000b0af1400bfafd1
:1089c000f894400f25808000060040101400bf8fef
:1089d000040002241a0002a6090002241c0002a6b8
:1089e0001400bf8f1000b08f0800e0031800bd27ef
:020000040000fa
:020000041d02db
:1089f000e8ffbd27090005241000b0af1400bfaf89
:108a0000f894400f25808000060040101400bf8fae
:108a1000040002241a0002a6070002241c0002a679
:108a20001400bf8f1000b08f0800e0031800bd27ae
:020000040000fa
:020000041d02db
:108a3000401002240c008214000000000080023c60
:108a40006009422420004390010064300600801039
:108a50000200643004008014010004244408837c74
:108a60000800e003200043a00800e003ffff022409
:020000040000fa
:020000041d02db
:108a7000e8ffbd272510a0001000b0af04000524ba
:108a8000258080001400bfafcc9c400f2520400003
:108a90000c00038e1400bf8f1000b08f1b0043002a
:108aa000f40160001800bd270800e003101000006a
:020000040000fa
:020000041d02db
:108ab0000800838c0c00828c2b2862000500a050db
:108ac0000400858c23104300ffff42240800e003cc
:108ad000ffff42300000848c231062002328a40092
:108ae000ffffa324231062000800e003ffff4230d1
:020000040000fa
:020000041d02db
:108af0000b00c010ff00a530000082900a00451056
:108b00002130860004000010010084240600451076
:108b10000000000001008424fcffc4540000829087
:108b20000800e003251000000800e0032510800085
:020000040000fa
:020000041d02db
:108b30000c0080100080033c0800868c005e6324db
:108b40000600c314f5ff02240400a0102510000045
:108b50003c00838c0800e0030000a3ac0800e003a5
:0c8b6000000000000800e003f5ff022404
:020000040000fa
:020000041d02db
:108b6c000c0080100080033c0800848c005e6324a1
:108b7c0006008314f5ff02240400c0102510000029
:108b8c00020083940800e0030000c3ac0800e0037b
:0c8b9c00000000000800e003f5ff0224c8
:020000040000fa
:020000041d02db
:108ba800e8ffbd27252800001000b0af1400bfafb4
:108bb800f894400f25808000050040101400bf8ff6
:108bc800010002241a0002a61c0000a61400bf8f90
:0c8bd8001000b08f0800e0031800bd275b
:020000040000fa
:020000041d02db
:108be400e8ffbd27010005241000b0af1400bfaf9b
:108bf400f894400f25808000050040101400bf8fba
:108c0400010002241a0002a61c0000a61400bf8f53
:0c8c14001000b08f0800e0031800bd271e
:020000040000fa
:020000041d02db
:108c20000400828c070040100000a0ac000045ac9e
:108c30000800828c040085ac010042240800e00397
:108c4000080082ac0800828c040085ac000085ac72
:0c8c5000010042240800e003080082ac90
:020000040000fa
:020000041d02db
:108c5c000000828c09004010000000000400838c8e
:108c6c0008006250040080ac0000438c000083ac10
:108c7c000800838cffff6324080083ac0800e0032a
:0c8c8c0000000000faff0010000080aca7
:020000040000fa
:020000041d02db
:108c98000000828c09004010000000000400838c52
:108ca80008006250040080ac0000438c000083acd4
:108cb8000800838cffff6324080083ac0800e003ee
:0c8cc80000000000faff0010000080ac6b
:020000040000fa
:020000041d02db
:108cd4000400828c070040100000a0ac000045acea
:108ce4000800828c040085ac010042240800e003e3
:108cf400080082ac0800828c040085ac000085acbe
:0c8d0400010042240800e003080082acdb
:020000040000fa
:020000041d02db
:108d10000a008010000000001000838c0900601021
:108d2000251000000c0064940000638cfdff6014ab
:108d3000211044000800e003ffff42300800e00378
:0c8d4000251000000800e0030000000007
:020000040000fa
:020000041d02db
:108d4c000400828c070040100000a0ac000045ac71
:108d5c000800828c040085ac010042240800e0036a
:108d6c00080082ac0800828c040085ac000085ac45
:0c8d7c00010042240800e003080082ac63
:020000040000fa
:020000041d02db
:108d88000000828c09004010000000000400838c61
:108d980008006250040080ac0000438c000083ace3
:108da8000800838cffff6324080083ac0800e003fd
:0c8db80000000000faff0010000080ac7a
:020000040000fa
:020000041d02db
:108dc4000c00800425100000c080838f2b188300c2
:108dd40008006010d080838f802004000a20647c07
:108de40004008010000000003e0082940800e003ac
:0c8df4008002427c0800e0030000000048
:020000040000fa
:020000041d02db
:108e00000c0080100000000042008394400063309a
:108e100003006014251000000800e00300000000bb
:108e20000800828c0400838c271002000800e003f5
:0c8e3000251043000800e003251000009e
:020000040000fa
:020000041d02db
:108e3c000c0080100000000042008394400063305e
:108e4c0003006014251000000800e003000000007f
:108e5c0062008290010042300a2002000800e00308
:0c8e6c00251080000800e0032510000025
:020000040000fa
:020000041d02db
:108e7800001104000080043c6453842421208200f3
:108e880008008294271805000001a5302418430023
:108e98000400a010080083a41081838fffff6324bf
:0c8ea800108183af0800e0030000000010
:020000040000fa
:020000041d02db
:108eb4000000848c03008104251000000800e003f6
:108ec40000000000e8ffbd271400bfafee8f400f85
:108ed40000000000ffff03240100435025100000a0
:0c8ee4001400bf8f0800e0031800bd2739
:020000040000fa
:020000041d02db
:108ef000e0ffbd271800b0af1000a6af25808000ae
:108f00001c00bfafce24400f1000a6270400038e24
:108f10001c00bf8fffff0424100063300b10830080
:0c8f20001800b08f0800e0032000bd27ff
:020000040000fa
:020000041d02db
:108f2c000800c010251080002000032423186600c0
:108f3c000600601c0620c500252000000610c50098
:108f4c00252880000800e0032518a0000610c200a8
:108f5c0004286500faff0010251045000800c01019
:108f6c002510800020000424232086000600805c4d
:108f7c000418c200251800000428c2002510600047
:108f8c000800e0032518a0000428c5000610820084
:088f9c00faff00102528a200d5
:020000040000fa
:020000041d02db
:108fa4009086029d9886029d000000009c86029d8a
:108fb400a886029db886029db886029dc486029d3d
:108fc400cc86029d000000004074029d0000000059
:088fd400000000000000000095
:020000040000fa
:020000041d02db
:108fdc000b00a010000000000900c01000000000f1
:108fec000700800400000000a880828f2a188200ed
:108ffc0003006010000000001e87400b0000000002
:08900c000800e003251000003c
:020000040000fa
:020000041d02db
:10901400544350495020537461636b20417373650a
:1090240072743a20696e2066696c653a2025732c47
:109034002066756e633a2025732c206c696e653a40
:089044002025642c200d0a0018
:020000040000fa
:020000041d02db
:10904c000080023c845f43942b188300080060105e
:10905c0025100000c01004002310440080100200f2
:10906c00231044003081848f801002002110820074
:08907c000800e0030000000001
:020000040000fa
:020000041d02db
:109084000b00801000000000420083944000633015
:1090940003006014251000000800e0030000000035
:1090a4000000a38c010002240800e0030c0083ac40
:0890b4000800e0032510000094
:020000040000fa
:020000041d02db
:1090bc00e8ffbd271000b0af0080103cf85e102612
:1090cc000800048e1400bfaf00a0400f380000a2af
:1090dc001400bf8f310002a2010002241000b08fd7
:0890ec000800e0031800bd2795
:020000040000fa
:020000041d02db
:1090f400251800000a00c31000000000211083009e
:10910400010063242138a30000004290ffffe79090
:10911400f8ff4710231047000800e0030000000098
:089124000800e0032510000023
:020000040000fa
:020000041d02db
:10912c00e8ffbd271400bfaf1000b0af1c00a5af07
:10913c0002a6400f258080001c00a58f2520000270
:10914c00e7a7400f010046241400bf8f1000b08f1a
:08915c000800e0031800bd2724
:020000040000fa
:020000041d02db
:1091640099aa033c80bf023c55666324300040ac9e
:10917400300043ac6655033caa996334300043acd9
:1091840001000324581243ac5012428cffff00101c
:0491940000000000d7
:020000040000fa
:020000041d02db
:109198002538a000039d053ce8ffbd272530800049
:1091a800d4a3a5241400bfaf2ca2400f2520000093
:1091b8005c80828ffeff40141400bf8f0800e0031c
:0491c8001800bd27a7
:020000040000fa
:020000041d02db
:1091cc002538a000039d053ce8ffbd272530800015
:1091dc00f4a3a5241400bfaf2ca2400f252000003f
:1091ec006080828ffeff40141400bf8f0800e003e4
:0491fc001800bd2773
:020000040000fa
:020000041d02db
:109200000080023c005e422408008214000000003e
:109210000400a38c1000a28c02000524040085a485
:109220000c0083ac140082ac240080a00800e00392
:04923000000000003a
:020000040000fa
:020000041d02db
:109234002538a000039d053ce8ffbd2725308000ac
:1092440020a1a5241400bfaf2ca2400f25200000ac
:109254006480828ffeff40141400bf8f0800e00377
:049264001800bd270a
:020000040000fa
:020000041d02db
:10926800031905000900601000190300f007022423
:10927800140082acf00763302510a0000418027cab
:10928800180083ac0800e003000000000800e003b9
:04929800ffff0224ae
:020000040000fa
:020000041d02db
:10929c000000a290200382a00100a290210382a0d2
:1092ac000200a290100382a00300a290110382a0de
:1092bc000400a290000382a00500a2900800e00325
:0492cc00010382a078
:020000040000fa
:020000041d02db
:1092d000200382900000a2a0210382900100a2a09e
:1092e000100382900200a2a0110382900300a2a0aa
:1092f000000382900400a2a0010382900800e00312
:049300000500a2a022
:020000040000fa
:020000041d02db
:109304000800a28c09004010000000000400a38c97
:109314008002637c0400601000a0033c0080033cd6
:109324000800e00325104300251043000800e00373
:049334000000000035
:020000040000fa
:020000041d02db
:109338000a0080100000000042008394400063305f
:1093480003006014251000000800e003000000007e
:109358005e0082940800e003ecff42240800e0036a
:0493680025100000cc
:020000040000fa
:020000041d02db
:10936c000a0080100000000042008394400063302b
:10937c0003006014251000000800e003000000004a
:10938c006000828c0800e0030004427c0800e003cb
:04939c002510000098
:020000040000fa
:020000041d02db
:1093a0000a008010000000004200839440006330f7
:1093b00003006014251000000800e0030000000016
:1093c0006000828c0800e0030004427c0800e00397
:0493d0002510000064
:020000040000fa
:020000041d02db
:1093d4005443502f495020537461636b3a204865bd
:1093e40061702044656c657465206661696c212038
:1093f4004e6f207472616365206578697374730db0
:049404000a0000005a
:020000040000fa
:020000041d02db
:109408000080023c045f428ce8ffbd27e803062485
:1094180019008200253800001400bfaf1220000098
:10942800e42f400f102800001400bf8f0800e0034d
:049438001800bd2734
:020000040000fa
:020000041d02db
:10943c00f8ffbd270400bfaf006802400008033ce2
:10944c002510430000688240c00000000400bf8f5c
:10945c0081bf023c01000324c40043ac0800e003bc
:04946c000800bd2710
:020000040000fa
:020000041d02db
:1094700081bf023c010003244000448c440043ac03
:109480004481828f05004010010084304881858f1f
:109490004481998f08002003000000000800e003c9
:0494a00000000000c8
:020000040000fa
:020000041d02db
:1094a400e8ffbd271000b0af1400bfaf4782400fe4
:1094b4002580a000000043901400bf8fff001032ed
:1094c400261870000b1003001000b08f0800e00392
:0494d4001800bd2798
:020000040000fa
:020000041d02db
:1094d800e0ffbd27010005241c00bfaf0485400f35
:1094e8001000a4270100032402004314ffff0224f4
:1094f8001000a2931c00bf8f0800e0032000bd27c6
:020000040000fa
:020000041d02db
:10950800e8ffbd271400bfaf1c00a5a30100052478
:10951800a362400f1c00a427fdff40100100052492
:109528001400bf8f010002240800e0031800bd27c3
:020000040000fa
:020000041d02db
:10953800434c492d54656c6e65740000496e69741e
:1095480069616c697a656420257320636f6e6e6546
:109558006374696f6e20696e2025732e0a000000ff
:020000040000fa
:020000041d02db
:10956800080080100080033c0800868c005e63249d
:109578000500c314f5ff02243c0085ac0800e00395
:1095880025100000f5ff02240800e0030000000099
:020000040000fa
:020000041d02db
:1095980009008010020003240800828c060043148e
:1095a8000000000002008394ffff042401006330e0
:1095b8000800e0030a1083000800e003ffff02240c
:020000040000fa
:020000041d02db
:1095c800d8ffbd27010002241800a2af3800a28fdf
:1095d8001000a7af1400a2af2400bfaf9658400fe9
:1095e800253800002400bf8f0800e0032800bd27ad
:020000040000fa
:020000041d02db
:1095f800d8ffbd27020002241800a2af3c00a28faa
:109608002400bfaf1400a2af3800a28f9658400fb5
:109618001000a2af2400bf8f0800e0032800bd2778
:020000040000fa
:020000041d02db
:10962800d8ffbd27030002241800a2af3800a28f7c
:109638001000a7af1400a2af2400bfaf9658400f88
:10964800253800002400bf8f0800e0032800bd274c
:020000040000fa
:020000041d02db
:10965800d8ffbd27040002241800a2af3800a28f4b
:109668001000a7af1400a2af2400bfaf9658400f58
:10967800253800002400bf8f0800e0032800bd271c
:020000040000fa
:020000041d02db
:10968800d8ffbd27050002241800a2af3c00a28f16
:109698002400bfaf1400a2af3800a28f9658400f25
:1096a8001000a2af2400bf8f0800e0032800bd27e8
:020000040000fa
:020000041d02db
:1096b8000080023c6009422405008214000000007a
:1096c8002000829001004230030040140000000096
:1096d8000800e00300000000eb71400b00000000f0
:020000040000fa
:020000041d02db
:1096e8000c00858c240080ac0700a0100000828c40
:1096f8000800848c2518000001006324000040a4a1
:10970800fdff6514211044000800e003000000007c
:020000040000fa
:020000041d02db
:10971800090080100000000042008394400063307c
:1097280003006014251000000800e003000000009a
:109738000800e0030c00828c0800e00325100000fc
:020000040000fa
:020000041d02db
:10974800090080100000000042008394400063304c
:1097580003006014251000000800e003000000006a
:109768000800e0030400828c0800e00325100000d4
:020000040000fa
:020000041d02db
:10977800090080100000000042008394400063301c
:1097880003006014251000000800e003000000003a
:109798000800e0030800828c0800e00325100000a0
:020000040000fa
:020000041d02db
:1097a8007372632f6d6963726f636869702f6c6978
:1097b80062726172792f74637069702f7372632f8c
:1097c80074637069705f6d616e616765722e6300a6
:020000040000fa
:020000041d02db
:1097d80081bf023c80000324940043ac3c81828f0b
:1097e80005004010000000004081848f3c81998f63
:1097f80008002003000000000800e003000000004b
:020000040000fa
:020000041d02db
:109808000000828008004010000000002510800041
:109818000100422400004380feff605401004224fe
:109828000800e003231044000800e00325100000ae
:020000040000fa
:020000041d02db
:10983800039d053ce8ffbd27dcb1a5241400bfaf9c
:10984800cc5f400f252000001400bf8f0080033c30
:0c985800d05f62ac0800e0031800bd27e0
:020000040000fa
:020000041d02db
:10986400070080100080033c0800858c005e6324a0
:109874000400a314ffff02240800e0030200828412
:0c988400ffff02240800e00300000000c9
:020000040000fa
:020000041d02db
:10989000070080100080033c0800858c005e632474
:1098a0000400a314f5ff02240800e0031e008284d4
:0c98b000f5ff02240800e00300000000a7
:020000040000fa
:020000041d02db
:1098bc00e8ffbd271400bfaf6a7d400f0000000019
:1098cc0003004204f7ff0224020042380100422c3c
:0c98dc001400bf8f0800e0031800bd2737
:020000040000fa
:020000041d02db
:1098e8001a0099940300222f0600401080101900d6
:1098f800039d193c80b039270ac8227f080020033d
:0c9908000000000094a9400b00000000cb
:020000040000fa
:020000041d02db
:109914001a0099940300222f0600401080101900a9
:10992400039d193c8cb039270ac8227f0800200304
:0c9934000000000094a9400b000000009f
:020000040000fa
:020000041d02db
:109940001a0099940800222f060040108010190078
:10995000039d193c54a439270ac8227f080020031c
:0c9960000000000094a9400b0000000073
:020000040000fa
:020000041d02db
:10996c001a0099940600222f06004010801019004e
:10997c00039d193c00a939270ac8227f080020033f
:0c998c000000000094a9400b0000000047
:020000040000fa
:020000041d02db
:109998001a0099940300222f060040108010190025
:1099a800039d193c98b039270ac8227f0800200374
:0c99b8000000000094a9400b000000001b
:020000040000fa
:020000041d02db
:1099c4001a0099940500222f0600401080101900f7
:1099d400039d193c38ab39270ac8227f08002003ad
:0c99e4000000000094a9400b00000000ef
:020000040000fa
:020000041d02db
:1099f0001c0099940b00222f0600401080101900c3
:109a0000039d193c1c9a39270ac8227f08002003ad
:0c9a10000000000094a9400b00000000c2
:020000040000fa
:020000041d02db
:109a1c00a467029df46e019d681a029d5441029d3b
:109a2c00a048029d74ab019df089029da057029d38
:0c9a3c00b089029ddc41029ddc2a029de5
:020000040000fa
:020000041d02db
:109a48000080023c600942240600821400000000e5
:109a58002000829001004330020060104408027c1c
:0c9a6800200082a00800e00300000000c5
:020000040000fa
:020000041d02db
:109a74000100a0542e0085a00800998c0300201337
:109a84002f0080a0080020030c00858c039d053c5a
:0c9a940094a4a5242ca2400b2520000067
:020000040000fa
:020000041d02db
:109aa000444843503a204661696c656420746f20d5
:109ab00072656769737465722049507634206669ef
:0c9ac0006c74657221200d0a000000008b
:020000040000fa
:020000041d02db
:109acc000800c0100000000006008004a880838fee
:109adc002a10830003004010000000004d9a400b38
:0c9aec00000000000800e003251000004e
:020000040000fa
:020000041d02db
:109af800f8ffbd270400bfaf006802400008033c20
:109b08002510430000688240c00000000400bf8f99
:0c9b1800448180af0800e0030800bd2776
:020000040000fa
:020000041d02db
:109b24000080033cb45e63240c00628c0800648ce7
:109b34002b2882000300a010000000001800638c92
:0c9b4400212083000800e00323108200b1
:020000040000fa
:020000041d02db
:109b50000800c010251080002130860025188000e4
:109b60000100a524ffffa79001006324fcff6614f9
:0c9b7000ffff67a00800e00300000000f9
:020000040000fa
:020000041d02db
:109b7c00000082800000a38003004314ff006330c8
:109b8c000400405401008424ff0042300800e0032c
:0c9b9c0023104300f6ff00100100a52478
:020000040000fa
:020000041d02db
:109ba800e0ffbd27ffff0224251800001000a2af28
:109bb8001400a3af1c00bfaf3285400f00000000a7
:0c9bc8001c00bf8f0800e0032000bd2738
:020000040000fa
:020000041d02db
:109bd4004000838c3c00868c500085ac23106600ca
:109be4000400a010540082ac2a10a20001004054ca
:0c9bf4002118c5000800e0034c0083ac01
:020000040000fa
:020000041d02db
:109c00000080043c605f822401000324080043ac10
:109c10000080033c48606324605f83ac0300033c26
:0c9c2000400d63240800e003040043ac86
:020000040000fa
:020000041d02db
:109c2c00e8ffbd271000b0af1400bfafd4a6400fa3
:109c3c002580c0001400bf8f251000021000b08fcb
:089c4c000800e0031800bd2729
:020000040000fa
:020000041d02db
:109c54000500000001000000b00400003c0000000a
:109c640002000000320000004b0000000100000070
:089c74000300000001000000e4
:020000040000fa
:020000041d02db
:109c7c0000000000002088bf000000004100000030
:109c8c00e8a8029d00000000a882029df4b1029d8c
:089c9c0000000000180b00801d
:020000040000fa
:020000041d02db
:109ca400e8ffbd271400bfaf9990400f252800009e
:109cb40002004050ffff02240c00428c1400bf8fae
:089cc4000800e0031800bd27b1
:020000040000fa
:020000041d02db
:109ccc00e8ffbd271000b0af1400bfafc9ab400f09
:109cdc0025808000252000021400bf8f1000b08f5b
:089cec00c1ac400b1800bd27bc
:020000040000fa
:020000041d02db
:109cf4000080033c6009632405008314ffff0224f1
:109d04002000839001006330010060541c00828ca9
:089d14000800e003000000005c
:020000040000fa
:020000041d02db
:109d1c0007008010000000000080023c745e468c3e
:109d2c000300c0100080053c949d400b8c5ea52464
:089d3c000800e00325100000ff
:020000040000fa
:020000041d02db
:109d44000000a29401004330050060100400027c6e
:109d54000000a2a42400828cffff4224240082acd1
:089d64000800e003000000000c
:020000040000fa
:020000041d02db
:109d6c000c00838c2b18a30005006010251000003c
:109d7c000800828c0000838c0220a27021108300ca
:089d8c000800e00300000000e4
:020000040000fa
:020000041d02db
:109d940005008010000000000000838c01000224f4
:109da40003006210000000000800e003251000001a
:089db4006f5f400b000000008e
:020000040000fa
:020000041d02db
:109dbc00e8ffbd271000b0af1400bfafc49f400f29
:109dcc0025808000252000021400bf8f1000b08f6a
:089ddc007488400b1800bd273c
:020000040000fa
:020000041d02db
:109de4004950763420496e69743a204661696c653d
:109df4006420746f20696e6974616c697a653a20b5
:089e0400256421200d0a000075
:020000040000fa
:020000041d02db
:109e0c0007008010f880868f0500c010039d073c6a
:109e1c000080053c14a5e724d27d400bf05fa524ff
:089e2c000800e003251000000e
:020000040000fa
:020000041d02db
:109e34000700801000000000420083943c0084244a
:109e4400400062300a2002000800e0032510800070
:089e54000800e00325100000e6
:020000040000fa
:020000041d02db
:109e5c005443502f495020537461636b3a20496e20
:109e6c00697469616c697a6174696f6e205374618d
:089e7c0072746564200d0a00f8
:020000040000fa
:020000041d02db
:109e8400421104000029020081bf023cc0004224a8
:109e9400010003242110450004188300080043ac8a
:089ea4000800e00300000000cb
:020000040000fa
:020000041d02db
:109eac00421104000029020081bf023cc000422480
:109ebc00010003242110450004188300040043ac66
:089ecc000800e00300000000a3
:020000040000fa
:020000041d02db
:109ed400421104000029020081bf023c40004224d8
:109ee400010003242110450004188300040043ac3e
:089ef4000800e003000000007b
:020000040000fa
:020000041d02db
:109efc000700801000000000f8ffbd270400bfaf72
:109f0c00206062410400bf8f0800e0030800bd27f9
:089f1c000800e0030000000052
:020000040000fa
:020000041d02db
:109f24000700c01025108000202c057c21308600fd
:109f34002518800001006324feff6614ffff65a05e
:089f44000800e003000000002a
:020000040000fa
:020000041d02db
:109f4c00e8ffbd271000b0af1400bfaff1a7400f62
:109f5c00258080001400bf8f251000021000b08fe8
:089f6c000800e0031800bd2706
:020000040000fa
:020000041d02db
:109f7400e8ffbd271000b0af1400bfaf9c94400fa2
:109f8400258080001400bf8f251000021000b08fc0
:089f94000800e0031800bd27de
:020000040000fa
:020000041d02db
:109f9c00ff00a5302130860005008610251000003a
:109fac00ffffc390ffffc224fbff65142530400068
:089fbc000800e00300000000b2
:020000040000fa
:020000041d02db
:109fc40002000010251080002510c0000100a52407
:109fd400ffffa38001004624fbff6014ffffc3a022
:089fe4000800e003000000008a
:020000040000fa
:020000041d02db
:109fec000080033c3860668c0500c014251000000e
:109ffc00386064ac100080ac000085ac0100022419
:08a00c000800e0030000000061
:020000040000fa
:020000041d02db
:10a01400e0ffbd272800a6af2800a6271c00bfaf7d
:10a024002c00a7af0fa8400f1000a6af1c00bf8fd5
:08a034000800e0032000bd2735
:020000040000fa
:020000041d02db
:10a03c002538c0002530a000ff7f053ce8ffbd2778
:10a04c001400bfaf7782400fffffa5341400bf8f01
:08a05c000800e0031800bd2715
:020000040000fa
:020000041d02db
:10a06800000000000000f03f000000000000e03f9a
:10a078000000000000005043000000000000b03f56
:08a08800000000000000204070
:020000040000fa
:020000041d02db
:10a0900000008484e8ffbd271400bfaf1498400f70
:10a0a000000000001400bf8f251000000800e0032e
:04a0b0001800bd27b0
:020000040000fa
:020000041d02db
:10a0b400e0ffbd27010002241000a2af1c00bfafc7
:10a0c4001e84400f000000001c00bf8f0800e00346
:04a0d4002000bd2784
:020000040000fa
:020000041d02db
:10a0d8000080023c005e432404008314000000005a
:10a0e800040080a4005e40a0140080ac0800e003d7
:04a0f8000000000064
:020000040000fa
:020000041d02db
:10a0fc005f4452565f5048595f534d495472616edc
:10a10c007366657257616974436f6d706c657465c5
:04a11c00000000003f
:020000040000fa
:020000041d02db
:10a12000644d49494d204173736572743a2025731b
:10a130002c20696e206c696e653a2025642c200df8
:04a140000a00000011
:020000040000fa
:020000041d02db
:10a144000400a38c03006014ffff02240800e00352
:10a15400000000000000a38c000062a00800e003df
:04a1640001000224d0
:020000040000fa
:020000041d02db
:10a168000080023cb05e428c030044502000438cc7
:10a17800bb90400b00000000c418037c0800e003fb
:04a18800200043acc4
:020000040000fa
:020000041d02db
:10a18c000c00828c05004010000000002000428c66
:10a19c00080042380800e003c000427c0800e003dd
:04a1ac00251000007a
:020000040000fa
:020000041d02db
:10a1b00006008004a880838f2a10830003004010cb
:10a1c00000000000fe68400b000000000800e003f3
:04a1d0002510000056
:020000040000fa
:020000041d02db
:10a1d400e8ffbd27010006241400bfaf9e0c400f0a
:10a1e400100005241400bf8f0100422c0800e00376
:04a1f4001800bd276b
:020000040000fa
:020000041d02db
:10a1f80006008010000000002c00828c3000838c48
:10a20800231043000800e003001102000800e003e7
:04a21800251000000d
:020000040000fa
:020000041d02db
:10a21c002861029d5c5d019d5884029da023019dd7
:10a22c0030a7029d9c07029df8a1029d4ca7029da0
:04a23c0068a7029d70
:020000040000fa
:020000041d02db
:10a2400006008010251000004400828c030040109e
:10a25000000000000800e0030400428c0800e00356
:04a2600000000000fa
:020000040000fa
:020000041d02db
:10a26400200083349fff63241a00632c03006014ce
:10a2740001000224d0ff84240a00822c0800e00399
:04a2840000000000d6
:020000040000fa
:020000041d02db
:10a28800d0ff83240a00632c040060140100022418
:10a29800200084349fff82240600422c0800e0033b
:04a2a80000000000b2
:020000040000fa
:020000041d02db
:10a2ac000080043c3c60828c954c033c2d7f6324e5
:10a2bc0002104370010042243c6082ac0800e003b1
:04a2cc004214020036
:020000040000fa
:020000041d02db
:10a2d000e0ffbd272c00a7af2c00a7271c00bfafb5
:10a2e0007782400f1000a7af1c00bf8f0800e0036b
:04a2f0002000bd2766
:020000040000fa
:020000041d02db
:10a2f4005468652050656c61676963204172676fbb
:10a304007379205369746573204c616e6400000096
:020000040000fa
:020000041d02db
:10a3140000008484e8ffbd271400bfaf2f98400fce
:10a32400000000001400bf8f0800e0031800bd27e0
:020000040000fa
:020000041d02db
:10a3340000008484e8ffbd271400bfaf2d55400ff3
:10a34400ffffc6301400bf8f0800e0031800bd27cc
:020000040000fa
:020000041d02db
:10a35400253032583a253032583a253032583a2589
:10a364003032583a253032583a25303258000000fd
:020000040000fa
:020000041d02db
:10a37400e8ffbd271400bfaf13a4400f2520000041
:10a384001400bf8f25204000dba4400b1800bd271c
:020000040000fa
:020000041d02db
:10a39400e8ffbd271400bfaf13a4400f2520000021
:10a3a4001400bf8f25204000e1a9400b1800bd27f1
:020000040000fa
:020000041d02db
:10a3b4000800000608000400000001000200f40187
:10a3c40037420000002088bf0868029d7c9c029de3
:020000040000fa
:020000041d02db
:10a3d40050485920436f6e643a2025732c20696ecf
:10a3e400206c696e653a2025642c200d0a0000005b
:020000040000fa
:020000041d02db
:10a3f400504859204173736572743a2025732c2098
:10a40400696e206c696e653a2025642c200d0a0063
:020000040000fa
:020000041d02db
:10a41400e0ffbd271000a0af1c00bfaf1e84400f9b
:10a42400000000001c00bf8f0800e0032000bd27cf
:020000040000fa
:020000041d02db
:10a434004452565f504859206f7065726174696f59
:10a444006e206572726f723a2025640d0a00000056
:020000040000fa
:020000041d02db
:10a4540004b2029d68dc019d0845029d6471029d61
:10a464000871029dac70029d5070029d6c76019d36
:020000040000fa
:020000041d02db
:10a4740001000000020000000800000004000000c9
:10a4840010000000200000004000000080000000d8
:020000040000fa
:020000041d02db
:10a494005061636b65742041636b3a206f7270681e
:10a4a400616e207061636b657421200d0a000000e9
:020000040000fa
:020000041d02db
:10a4b400000102240300c210010006240800e00386
:10a4c4000000000001000524ae7a400b0c000424b7
:020000040000fa
:020000041d02db
:10a4d400000102240300c210010006240800e00366
:10a4e4000000000001000524ae7a400b0f00042494
:020000040000fa
:020000041d02db
:10a4f4000000000000000000010000003cac029dd0
:10a504000200000044ac029d0300000048ac029d20
:020000040000fa
:020000041d02db
:10a51400080082900400401000000000e480828f54
:10a52400ffff4224e48082af0800e0030000000043
:020000040000fa
:020000041d02db
:10a534000080023c845f42240300441400000000b5
:10a544000800e0030c81828f0800e003ffff02246f
:020000040000fa
:020000041d02db
:10a5540006080200000001000008030000000000db
:10a56400ffff040000000000ffff050000000000e2
:020000040000fa
:020000041d02db
:10a574004219040081bf023c00190300c0004224b8
:10a584000a10437c061082000800e00301004230f8
:020000040000fa
:020000041d02db
:10a59400f8ffbd270400bfaf00606241c0000000a7
:10a5a4000400bf8f010042300800e0030800bd270b
:020000040000fa
:020000041d02db
:10a5b800000000000000f03f000000000000244000
:10a5c800000000000000504300000000000014409c
:10a5d800000000000000e043000000000000e0c3ad
:10a5e800000000f0ffff1f34000000000000f0072b
:020000040000fa
:020000041d02db
:10a5f80000008c90ffffc624010084240000aca05a
:10a60800fbffc0140100a5240800e003251080000a
:020000040000fa
:020000041d02db
:10a618008cac029d206e029d3c94029da0b1029dcf
:0ca6280000000000f4a7029d80aa029d23
:020000040000fa
:020000041d02db
:10a634000080033c005e632402008314ffff0224b5
:0ca64400040082840800e0030000000015
:020000040000fa
:020000041d02db
:10a6500002000224020082a4f7ff023c180080ac32
:0ca660001c0082acc9aa400bf7ff0424c8
:020000040000fa
:020000041d02db
:10a66c005f4452565f5048595f534d495472616e66
:0ca67c0073666572537461727400000014
:020000040000fa
:020000041d02db
:10a68800fcb1029dc499029d9899029d6c99029d06
:0ca698004099029d1499029de898029dd3
:020000040000fa
:020000041d02db
:10a6a4000080033c60096324020083142510000029
:0ca6b4009c00828c0800e0030000000005
:020000040000fa
:020000041d02db
:10a6c000e8ffbd271400bfafa7ac400f000000009b
:0ca6d0001400bf8f0800e0031800bd2735
:020000040000fa
:020000041d02db
:10a6dc004452562050485920696e6974206661694d
:0ca6ec006c65643a2025640d0a00000033
:020000040000fa
:020000041d02db
:10a6f800002a0500007fa530007f0224340282acc6
:0ca70800380285ac0800e00300000000ef
:020000040000fa
:020000041d02db
:10a714003883029dc800029de07c029d80fa019d61
:0ca724003805019d6c68029d44a1029d57
:020000040000fa
:020000041d02db
:10a7300004008010000000002c00828c0800e00360
:0ca74000001102000800e00325100000da
:020000040000fa
:020000041d02db
:10a74c0004008010000000003400828c0800e0033c
:0ca75c00001102000800e00325100000be
:020000040000fa
:020000041d02db
:10a7680004008010000000003800828c0800e0031c
:0ca77800380080ac0800e003f7ff02246a
:020000040000fa
:020000041d02db
:10a784000400801000000000420082940800e003ee
:0ca794008001427c0800e003251000005a
:020000040000fa
:020000041d02db
:10a7a000040080100000000010000624c9a7400b20
:0ca7b000252800000800e0030000000065
:020000040000fa
:020000041d02db
:10a7bc0040100400211044000080043c8010020072
:0ca7cc00f05c842462a3400b212082007a
:020000040000fa
:020000041d02db
:10a7d800756e6b0065746800776c616e0000000030
:0ca7e80070707000673361647000000046
:020000040000fa
:020000041d02db
:10a7f400f8ffbd270400bfaf00588440c00000002c
:0ca804000400bf8f0800e0030800bd271f
:020000040000fa
:020000041d02db
:10a8100086bf023c0022040038004224211044007c
:0ca82000000045ac0800e0030000000050
:020000040000fa
:020000041d02db
:10a82c0086bf023c00220400340042242110440064
:0ca83c00000045ac0800e0030000000034
:020000040000fa
:020000041d02db
:10a8480086bf023c00220400140042242110440068
:0ca85800000045ac0800e0030000000018
:020000040000fa
:020000041d02db
:10a86400bfff83241a00632c0200601025108000af
:0ca87400200082340800e0030000000017
:020000040000fa
:020000041d02db
:10a880009fff83241a00632c0200601025108000b3
:0ca890005f0082300800e00300000000c0
:020000040000fa
:020000041d02db
:10a8a0000000200201020006000000000b0800006a
:08a8b00001000000000000009f
:020000040000fa
:020000041d02db
:10a8b800fca9f1d24d62503f8dedb5a0f7c6c03e60
:08a8c8008dedb5a0f7c6b03e0e
:020000040000fa
:020000041d02db
:10a8d000010000000500000000000000050000006d
:08a8e00001000000010000006e
:020000040000fa
:020000041d02db
:10a8e800b460019d3858019d74b0029d00000000bd
:08a8f800000000000000000058
:020000040000fa
:020000041d02db
:10a90000a88b029d2049029d8cda019d7089029dd1
:08a9100060b8019d7c2b029d43
:020000040000fa
:020000041d02db
:10a918004d49494d5f50726f636573735f5265614e
:08a92800644578740000000092
:020000040000fa
:020000041d02db
:10a930004d49494d5f50726f636573735f5772691c
:08a94000746545787400000005
:020000040000fa
:020000041d02db
:10a948005f4452565f4d49494d5f52656c6561736e
:08a95800654f70446370740048
:020000040000fa
:020000041d02db
:10a960005f4452565f4d49494d5f4f704c69737457
:08a9700052656d6f7665000071
:020000040000fa
:020000041d02db
:10a978002510c0006000d98c2530a0002528800053
:08a98800080020035c00448c70
:020000040000fa
:020000041d02db
:10a990007f00a5307f000224240282ac280285ac0f
:08a9a0000800e00300000000c4
:020000040000fa
:020000041d02db
:10a9a8007f00a5307f000224340282ac380285acd7
:08a9b8000800e00300000000ac
:020000040000fa
:020000041d02db
:10a9c0000300c3880800a28c0000c398261043002f
:08a9d0000800e0032b10020057
:020000040000fa
:020000041d02db
:10a9d80003008010000000000800e0035800829483
:08a9e8000800e003ffff022458
:020000040000fa
:020000041d02db
:10a9f00003008010000000000000a28c0c0082ac5c
:08aa00000800e0030000000063
:020000040000fa
:020000041d02db
:10aa080003008010000000000000a28c100082ac3f
:08aa18000800e003000000004b
:020000040000fa
:020000041d02db
:10aa200003008010000000000000a28c140082ac23
:08aa30000800e0030000000033
:020000040000fa
:020000041d02db
:10aa3800388186af25308000039d043c010007243f
:08aa48001782400b88b1842441
:020000040000fa
:020000041d02db
:10aa50000300a014000000000800e0030000000054
:08aa6000a1a7400b000000005b
:020000040000fa
:020000041d02db
:10aa6800f8ffbd270400bfaf006802400070024035
:08aa7800ffff001000000000c8
:020000040000fa
:020000041d02db
:10aa8000f8ffbd270400bfaf004802400400bf8f9d
:08aa90000800e0030800bd27e7
:020000040000fa
:020000041d02db
:10aa98006c776461715f68616e646c655f6d657326
:08aaa800736167650000000006
:020000040000fa
:020000041d02db
:10aab00000601a40bfff1b3cffff7b3724d05b03c5
:08aac00000609a4018000042fa
:020000040000fa
:020000041d02db
:10aac80068076c094c836a9074a07ac00080688813
:08aad80000846c820081000083
:020000040000fa
:020000041d02db
:10aae000000000000000f0bf000000000000304344
:08aaf000000000000000f03f2f
:020000040000fa
:020000041d02db
:10aaf800ffffc6240000a0a0fdffc0140100a5248c
:08ab08000800e00325108000a5
:020000040000fa
:020000041d02db
:10ab100002000224020082a4180080ac0800e003b6
:04ab20001c0080ace9
:020000040000fa
:020000041d02db
:10ab2400039d053c2530800034a4a5242ca2400bb1
:04ab340025200000d8
:020000040000fa
:020000041d02db
:10ab3800683b019d5486019dc8cd019dd47a019d35
:04ab4800f099029de1
:020000040000fa
:020000041d02db
:10ab4c005f4452565f4d49494d5f4765744f7044a1
:04ab5c0063707400ae
:020000040000fa
:020000041d02db
:10ab60005f4452565f4d49494d5f4f705265737552
:04ab70006c74000001
:020000040000fa
:020000041d02db
:10ab74005f4452565f4d49494d5f5265706f727420
:04ab84004f7000000e
:020000040000fa
:020000041d02db
:10ab88004d49494d5f50726f636573735f526561dc
:04ab98006400000055
:020000040000fa
:020000041d02db
:10ab9c004d49494d5f50726f636573735f577269ae
:04abac0074650000cc
:020000040000fa
:020000041d02db
:10abb0004d49494d5f50726f636573735f536361b5
:04abc0006e00000023
:020000040000fa
:020000041d02db
:10abc4005f4452565f4d49494d5f50726f636573e0
:04abd400734f70004b
:020000040000fa
:020000041d02db
:10abd800dce9019d58f2019de8f8019df4b4019d5e
:04abe80080b9019d92
:020000040000fa
:020000041d02db
:10abec000400060008000a000e0014001c002800d7
:04abfc0030003200f3
:020000040000fa
:020000041d02db
:10ac0000e459029db4f9019dace3019dc025029d6c
:04ac100054dd019d71
:020000040000fa
:020000041d02db
:10ac14002000828c8228050084f8a27c0800e003ce
:04ac2400200082acde
:020000040000fa
:020000041d02db
:10ac28003000828c8228050084f8a27c0800e003aa
:04ac3800300082acba
:020000040000fa
:020000041d02db
:10ac3c0066756c6c000000006c6f7700646f776e4b
:04ac4c000000000004
:020000040000fa
:020000041d02db
:10ac50002510a00025300000252880005069400bf9
:04ac6000252040006b
:020000040000fa
:020000041d02db
:10ac64005f5443504950537461636b5061636b6527
:04ac7400745478009c
:020000040000fa
:020000041d02db
:10ac7800d8a7029ddca7029de0a7029de8a7029d38
:04ac8800eca7029d96
:020000040000fa
:020000041d02db
:10ac8c0044818227000044ac040045ac0800e0037a
:04ac9c0000000000b4
:020000040000fa
:020000041d02db
:10aca000f8aa029df8a5029df451029df451029d5f
:04acb000f451029dbc
:020000040000fa
:020000041d02db
:10acb40025288000100106240180400b10bd043caf
:020000040000fa
:020000041d02db
:10acc40074637069705f736572766572000000006a
:020000040000fa
:020000041d02db
:10acd4007365727665725f7365745f6970000000f6
:020000040000fa
:020000041d02db
:10ace40070696e675f676174657761790000000061
:020000040000fa
:020000041d02db
:10acf40074656c6e65745f7461736b73000000003f
:020000040000fa
:020000041d02db
:10ad04000a00000000000000000000000000000035
:020000040000fa
:020000041d02db
:10ad1400000000000a00000044000000430000009e
:020000040000fa
:020000041d02db
:10ad24004452565f4554485048595f4f70656e0011
:020000040000fa
:020000041d02db
:10ad34004452565f4d49494d5f5461736b73000033
:020000040000fa
:020000041d02db
:10ad440001000224080082ac0800e00300000000b7
:020000040000fa
:020000041d02db
:10ad540000800234080282ac0800e0030000000016
:020000040000fa
:020000041d02db
:10ad640000800234040282ac0800e003000000000a
:020000040000fa
:020000041d02db
:10ad740000800234040082ac0800e00300000000fc
:020000040000fa
:020000041d02db
:10ad840000800234080082ac0800e00300000000e8
:020000040000fa
:020000041d02db
:10ad940000020224040082ac0800e003000000006a
:020000040000fa
:020000041d02db
:10ada40000020224080082ac0800e0030000000056
:020000040000fa
:020000041d02db
:10adb40000010224040082ac0800e003000000004b
:020000040000fa
:020000041d02db
:10adc40000010224080082ac0800e0030000000037
:020000040000fa
:020000041d02db
:10add40040028294046aa27c0800e003400282a438
:020000040000fa
:020000041d02db
:10ade400400282940418a27c0800e003400282a47a
:020000040000fa
:020000041d02db
:10adf40000080224680282ac0800e003000000009e
:020000040000fa
:020000041d02db
:10ae040060028294c45a027c0800e003600282a4b7
:020000040000fa
:020000041d02db
:10ae1400600282940442a27c0800e003600282a4df
:020000040000fa
:020000041d02db
:10ae2400ffc0a530a40085ac0800e00300000000ca
:020000040000fa
:020000041d02db
:10ae3400ffc0a530a80085ac0800e00300000000b6
:020000040000fa
:020000041d02db
:10ae4400002c0500080085ac0800e00300000000a9
:020000040000fa
:020000041d02db
:10ae540008000224080282ac0800e003000000009d
:020000040000fa
:020000041d02db
:10ae640004000224080282ac0800e0030000000091
:020000040000fa
:020000041d02db
:10ae740080000224080082ac0800e0030000000007
:020000040000fa
:020000041d02db
:10ae8400480086ac580087ac0800e00300000000ce
:020000040000fa
:020000041d02db
:10ae940002000224880282ac0800e00300000000e3
:020000040000fa
:020000041d02db
:10aea40002000224840282ac0800e00300000000d7
:020000040000fa
:020000041d02db
:10aeb40001000224880282ac0800e00300000000c4
:020000040000fa
:020000041d02db
:10aec40001000224840282ac0800e00300000000b8
:020000040000fa
:020000041d02db
:10aed400a00282940462a27c0800e003a00282a47f
:020000040000fa
:020000041d02db
:10aee400a00282940420a27c0800e003a00282a4b1
:020000040000fa
:020000041d02db
:10aef40004000224d80282ac0800e0030000000031
:020000040000fa
:020000041d02db
:10af040002000224980282ac0800e0030000000062
:020000040000fa
:020000041d02db
:10af140002000224940282ac0800e0030000000056
:020000040000fa
:020000041d02db
:10af240001000224940282ac0800e0030000000047
:020000040000fa
:020000041d02db
:10af340000800234880282ac0800e00300000000b4
:020000040000fa
:020000041d02db
:10af440000800234840282ac0800e00300000000a8
:020000040000fa
:020000041d02db
:10af5400800282948428a27c0800e003800282a4f8
:020000040000fa
:020000041d02db
:10af64000300c2880000c2980800e0030800a2acf5
:020000040000fa
:020000041d02db
:10af7400040080ac000080ac0800e003080080ac52
:020000040000fa
:020000041d02db
:10af8400ac80828f802004000800e0030a10447c17
:020000040000fa
:020000041d02db
:10af9400e8ffbd271400bfaf9aaa400f00000000cd
:020000040000fa
:020000041d02db
:10afa400e8ffbd271400bfaf9aaa400f00000000bd
:020000040000fa
:020000041d02db
:10afb400e8ffbd271400bfaf9aaa400f00000000ad
:020000040000fa
:020000041d02db
:10afc40080bf023c0006428c0800e003c003427cc0
:020000040000fa
:020000041d02db
:10afd400494e4600696e66004e414e006e616e0039
:10afe400494e4600696e66004e414e006e616e0029
:020000040000fa
:020000041d02db
:10aff800000000000000e07f000000000000600387
:020000040000fa
:020000041d02db
:0cb00800636c695f6d7063696500000097
:020000040000fa
:020000041d02db
:0cb01400636c695f726573657400000076
:020000040000fa
:020000041d02db
:0cb02000636c695f6c6f67696e00000074
:020000040000fa
:020000041d02db
:0cb02c00636c695f64656275670000007a
:020000040000fa
:020000041d02db
:0cb03800636c695f7374617475730000d1
:020000040000fa
:020000041d02db
:0cb04400636c695f68656c7000000000c0
:020000040000fa
:020000041d02db
:0cb05000636c695f7365727665720000c6
:020000040000fa
:020000041d02db
:0cb05c0025752e25752e25752e257500f6
:020000040000fa
:020000041d02db
:0cb06800636c695f636f6e6669670000cf
:020000040000fa
:020000041d02db
:0cb074002600023c0800e003a025422456
:020000040000fa
:020000041d02db
:0cb080003089029d3011029db8d6019d60
:020000040000fa
:020000041d02db
:0cb08c000cb2029d8444029d10ab029d9a
:020000040000fa
:020000041d02db
:0cb09800e48b029d5830029d206b029d4d
:020000040000fa
:020000041d02db
:0cb0a4005049433332494e540000000074
:020000040000fa
:020000041d02db
:0cb0b000e000828c0800e003c001427c3c
:020000040000fa
:020000041d02db
:0cb0bc00e000828c0800e0038001427c70
:020000040000fa
:020000041d02db
:0cb0c800e000828c0800e0034001427ca4
:020000040000fa
:020000041d02db
:0cb0d400d40085ac0800e0030000000080
:020000040000fa
:020000041d02db
:0cb0e000c80085ac0800e0030000000080
:020000040000fa
:020000041d02db
:0cb0ec00c40085ac0800e0030000000078
:020000040000fa
:020000041d02db
:0cb0f800d40085ac0800e003000000005c
:020000040000fa
:020000041d02db
:0cb104000000828c0800e003c003427cc5
:020000040000fa
:020000041d02db
:0cb11000d00282900800e00301004230f1
:020000040000fa
:020000041d02db
:0cb11c00d00282900800e0038000427c1a
:020000040000fa
:020000041d02db
:0cb128002000a48cdfa6400b2528c000ee
:020000040000fa
:020000041d02db
:0cb134000000998c0800200300000000bf
:020000040000fa
:020000041d02db
:0cb140000400998c0800200300000000af
:020000040000fa
:020000041d02db
:0cb14c000800998c08002003000000009f
:020000040000fa
:020000041d02db
:0cb158000c00998c08002003000000008f
:020000040000fa
:020000041d02db
:0cb1640001000624b13b400b25288000b0
:020000040000fa
:020000041d02db
:0cb170000080023c0800e003845f429471
:020000040000fa
:020000041d02db
:0cb17c002c0082240800e0030a100400ec
:020000040000fa
:020000041d02db
:0cb188003881998f080020032528000062
:020000040000fa
:020000041d02db
:0cb194000080023c0800e003045f428cd5
:020000040000fa
:020000041d02db
:0cb1a000f505023c0800e00300e1423429
:020000040000fa
:020000041d02db
:0cb1ac006c776461715f7461736b7300f9
:020000040000fa
:020000041d02db
:0cb1b800286e696c2900000025000000d2
:020000040000fa
:020000041d02db
:08b1c400020000000001000080
:020000040000fa
:020000041d02db
:08b1cc006b7f400b2520a00061
:020000040000fa
:020000041d02db
:08b1d40054656c6e6574000007
:020000040000fa
:020000041d02db
:08b1dc0018a6029d000000000e
:020000040000fa
:020000041d02db
:08b1e4000a0000000020000435
:020000040000fa
:020000041d02db
:08b1ec000a000002000000004f
:020000040000fa
:020000041d02db
:08b1f40000000000002088bfec
:020000040000fa
:020000041d02db
:08b1fc000800e0030000000060
:020000040000fa
:020000041d02db
:08b20400f9a2400b000000005c
:020000040000fa
:020000041d02db
:08b20c00f9a2400b0000000054
:020000040000fa
:020000041d02db
:08b214000800e0030000000047
:020000040000fa
:020000041d02db
:08b21c000800e003000000003f
:020000040000fa
:020000041d02db
:08b224000800e0030000000037
:020000040000fa
:020000041d02db
:08b22c0044ac400b00000000df
:020000040000fa
:020000041d02db
:08b23400c5ab400b0000000057
:020000040000fa
:020000041d02db
:08b23c000800e003000000001f
:020000040000fa
:020000041d02db
:08b244000800e00301000224f0
:020000040000fa
:020000041d02db
:08b24c000004a3000000000053
:020000040000fa
:020000041d02db
:08b25400bdac400b000000003e
:020000040000fa
:020000041d02db
:08b25c00bbac400b0000000038
:020000040000fa
:020000041d02db
:08b26400b9ac400b0000000032
:020000040000fa
:020000041d02db
:08b26c00b7ac400b000000002c
:020000040000fa
:020000041d02db
:08b27400b5ac400b0000000026
:020000040000fa
:020000041d02db
:08b27c00b3ac400b0000000020
:020000040000fa
:020000041d02db
:08b28400b1ac400b000000001a
:020000040000fa
:020000041d02db
:08b28c000965400b25200000bc
:020000040000fa
:020000041d02db
:08b294000800e003500285a44c
:020000040000fa
:020000041d02db
:08b29c000800e003e2008290cb
:020000040000fa
:020000041d02db
:08b2a4000800e0032000828c89
:020000040000fa
:020000041d02db
:08b2ac000800e0033000828c71
:020000040000fa
:020000041d02db
:08b2b4000800e003b20085a0d0
:020000040000fa
:020000041d02db
:08b2bc000800e003b00085a0ca
:020000040000fa
:020000041d02db
:08b2c4000800e0031001829470
:020000040000fa
:020000041d02db
:08b2cc000800e0034001829438
:020000040000fa
:020000041d02db
:08b2d4000800e0030001829470
:020000040000fa
:020000041d02db
:08b2dc000800e0035001829418
:020000040000fa
:020000041d02db
:08b2e4000800e0036001829400
:020000040000fa
:020000041d02db
:08b2ec000800e0032001829438
:020000040000fa
:020000041d02db
:08b2f4000800e0033001829420
:020000040000fa
:020000041d02db
:08b2fc000800e003d000828c81
:020000040000fa
:020000041d02db
:08b304000800e003c00282947e
:020000040000fa
:020000041d02db
:08b30c000800e0036c8080af33
:020000040000fa
:020000041d02db
:08b314000800e003f8ff022429
:020000040000fa
:020000041d02db
:08b31c000800e0030800022410
:020000040000fa
:020000041d02db
:08b324000800e0032510000001
:020000040000fa
:020000041d02db
:08b32c00ffffffffffff00001f
:020000040000fa
:020000041d02db
:08b33400400080000000000051
:020000040000fa
:020000041d02db
:08b33c0040008000c000000089
:020000040000fa
:020000041d02db
:08b34400109b400b02000724de
:020000040000fa
:020000041d02db
:08b34c00b781400b0000000076
:020000040000fa
:020000041d02db
:08b35400bb90400b000000005b
:020000040000fa
:020000041d02db
:08b35c00749f400b000000008b
:020000040000fa
:020000041d02db
:08b364000800e00325100000c1
:020000040000fa
:020000041d02db
:08b36c000800e0032c81828f30
:020000040000fa
:020000041d02db
:08b374000800e0030481828f50
:020000040000fa
:020000041d02db
:08b37c000800e0030081828f4c
:020000040000fa
:020000041d02db
:08b3840065a9400b0000000068
:020000040000fa
:020000041d02db
:08b38c00bfa7400b0000000008
:020000040000fa
:020000041d02db
:08b394004c5744415100000038
:020000040000fa
:020000041d02db
:08b39c00aba8400b000000000b
:020000040000fa
:020000041d02db
:08b3a4000800e00300000000b6
:020000040000fa
:020000041d02db
:08b3ac000800e00300000000ae
:020000040000fa
:020000041d02db
:04a064002573000060
:020000040000fa
:020000041d02db
:04a5b4000000000c97
:020000040000fa
:020000041d02db
:04a89c0001030600ae
:020000040000fa
:020000041d02db
:04aff40063825363be
:00000001FF
