:020000040000fa
:020000041fc01b
:100000000300001000000000f0f3060000000000f4
:100010000600f00f0000000000601a40c0045a7f84
:100020000500401300000000029d1a3c58625a2748
:10003000080040030000000008801d3cf0ffbd27c1
:1000400000801c3cf07f9c27026009402058200162
:1000500007000a248449497d02608940c0000000ed
:1000600000e0dc41ffff4a25faff401500000000d8
:1000700002608b40c0000000029d083c186b082500
:1000800009f8000100000000029d083c50cf08253f
:1000900009f80001000000000080083c3400082539
:1000a0000080093c480129250300001000000000e1
:1000b000000000ad040008252b080901fcff2014f6
:1000c00000000000c0bf083c7005082509f80001c9
:1000d00000000000029d083c140d082509f80001ed
:1000e0000000000081bf093c00000a3c30024a25a4
:1000f000e0072aad0000093c00002925010020117d
:100100000000000000488040ffff0a2400588a4099
:100110004000083c00600a4025500a0100608a4007
:10012000009d093c00002925c0000000017889409d
:100130000000093c0100292500000a2444492a7dc9
:1001400001608a408000093c0068894000800840c6
:100150008005097d404c0900006008405800013cc2
:100160002440010100010a3c2540480100240a3cca
:1001700025404801254028010060884000010a3cd4
:1001800000f8ca44c0000000029d083c206b08250e
:1001900009f800010000000000600840bfff013cba
:1001a000ffff2134244001010060884000008430ba
:1001b0000000a530029d083cb4330825080000016a
:0401c000000000003b
:020000040000fa
:020000041fc01b
:10038000029d1a3c00675a27080040030000000045
:020000040000fa
:020000041fc01b
:1004b0000080094000000a2400000b2400000d24e5
:1004c00000000e240080013c244021012500001181
:1004d00001800940000000003800013c2440210157
:1004e000c24408000f0000110000000001000825b0
:1004f0000700013c2460210102640c0001008c25ee
:100500002550800101000b2404580b0104500a01fe
:10051000c001013c24402101824508000600082555
:1005200004500a01001c2831824208000d0000110d
:10053000000000000100082580032f31c2790f0060
:100540000100ef252568e00101000e2404700e0172
:1005500004680d0100e02831424308000600082528
:1005600004680d010800e003000000000000000026
:100570000080084007000924244828010200293986
:1005800004002011000000000800e003000000004b
:10059000000000002518e003c5ff11040000000062
:1005a00000600840feff0924244828010400293582
:1005b00000608940c000000000d0804000e0804022
:1005c000c0000000009d043c000084240100801451
:1005d000009d043c0400401121288a0021208b004a
:1005e000feff8514fcff88bc0080043c00008424ce
:1005f000010080140080043c0400a01121288d001b
:1006000021208e00feff8514fcff89bc0f00000036
:100610000080013c10002aac0080013c1c002dac85
:100620000080013c14002bac0080013c20002eac6b
:100630000080013c18002cac0080013c24002fac51
:1006400000608840c0000000008009400700293594
:10065000070029390300293500808940c0000000c7
:1006600025f860000800e003000000000000000022
:020000040000fa
:020000041d00dd
:10000000029d1a3c94b55a270800400300000000e6
:020000040000fa
:020000041d00dd
:10010000029d1a3cbcb45a270800400300000000be
:020000040000fa
:020000041d00dd
:10018000029d1a3c58b15a270800400300000000a5
:020000040000fa
:020000041d00dd
:10020000b641400b000000002a42400b00000000f5
:100210009e42400b000000001243400b0000000013
:100220008643400b00000000fa43400b0000000032
:100230000000023c00004224070040100000023c85
:100240000000422405004050029d023c3f00007027
:100250000800e00300000000029d023cb43f42247d
:10026000030040100000000009f8400000000000fa
:080270000800e003000000009b
:020000040000fa
:020000041fc01b
:10067000000000d01f00c0001f00c400000000d216
:100680001f00c8001f00cc00000000f01700c000d1
:100690001700c400000000f21700c8001700cc00cb
:1006a000000000c01f0080001f008400000000c286
:1006b0001f0088001f008c00000000e01700800071
:1006c00017008400000000e21700880017008c006b
:020000040000fa
:020000041fc01b
:1004800000f89b40c0000000029d1b3cb43f7b274e
:10049000020060130000000000c09b4000f81b40f9
:0c04a000c00000001f000042000000002f
:020000040000fa
:020000041fc01b
:04ffc000fffffffe42
:020000040000fa
:020000041fc01b
:04ffc40098b1f9fff8
:020000040000fa
:020000041fc01b
:04ffc80039ff745f2a
:020000040000fa
:020000041fc01b
:04ffcc00d3f7ffff69
:020000040000fa
:020000041fc01b
:04ffdc00ffffffff25
:020000040000fa
:020000041fc01b
:04fff000ffff00000f
:020000040000fa
:020000041d00dd
:1002780090ffbd270f0005240a0004244800b0aff2
:100288006c00bfaf6800beaf6400b7af6000b6af28
:100298005c00b5af5800b4af5400b3af5000b2af74
:1002a8008191400f4c00b1af2580400001004230e1
:1002b800100040546210113c020010324700001632
:1002c800a880838f6c00bf8f6800be8f6400b78fd3
:1002d8006000b68f5c00b58f5800b48f5400b38fa0
:1002e8005000b28f4c00b18f4800b08f0800e00377
:1002f8007000bd27009d123c04000010d34d31262c
:100308000a000624a994400f25208002c697400fb2
:100318000a000424e8ff401025a040002c00959610
:100328001400a22ef6ff4014f2ff05241c00968e3e
:100338000c00c28e0019427c0500432cf1ff6014aa
:100348000a000624801002002a10a202edff4014c1
:1003580002001e3c2000828e24f05e00e9ffc017d8
:10036800f1ff05241800938e000242301000632626
:10037800d80040142800a3af1000628e0c00638ed2
:100388002520a0021c00a2af000602241800a3af7b
:100398001935400f2000a2a7253000000c000524c5
:1003a8001800a4272135400f2200a2a72000838e21
:1003b8002710020004006330b6016014ffff4630c6
:1003c8002528a0022135400f2520c002c100401079
:1003d800f6ff0524cbff00100a000624b9ff6010c1
:1003e8006210123c2588000025800000009d133c07
:1003f800d34d5226b880828f808010000a80507cae
:100408001f0000120b000224760004921c008210c8
:10041800c000023c3c00148e2410820229004010c7
:100428003e000296c005947e040043302900601403
:1004380010001524080042302f004014000000006e
:1004480076000392050002245400621000000000a8
:100458003300a0160100863a3e000296020043309f
:1004680036006014004042300400401003000224ab
:10047800760003925700621000000000a880838f66
:1004880001003126208e117c2b102302d9ff401445
:10049800258020026c00bf8f6800be8f6400b78f74
:1004a8006000b68f5c00b58f5800b48f5400b38fce
:1004b8005000b28f4c00b18f4800b08f0800e003a5
:1004c8007000bd2725a8000004004330d9ff601044
:1004d80025a00000c687400f000000002800038efa
:1004e80023104300d3ff40043e0002960800423028
:1004f800d3ff401010001524c687400f00000000ed
:100508002c00038e23104300cdff40040500022475
:10051800760003921d016210100015240100863a2e
:100528002528a002750b400f252000023e000296e8
:1005380002004330ccff601000404230c687400fb5
:10054800000000002400038e23104300ccff420467
:10055800a880838f760005920a00a22c54014010cf
:10056800801005007c0563260a10627c08004000a4
:1005780000000000b80a009d2c0a009d740a009d26
:10058800f809009d4006009db80a009dd009009d0d
:10059800b80a009db80a009d4006009dc687400f16
:1005a800000000003000038e23104300a8ff400421
:1005b8000100062414000524750b400f25200002b5
:1005c800252800000238400f25200002acff00104b
:1005d800a880838fc687400f000000002400038e88
:1005e80023104300a6ff4004a880838f790003925c
:1005f800840002921c0262101000052425200002cb
:10060800750b400f02000624c687400f01003126f3
:10061800700004969880858fa880838f022085704b
:10062800190092001020000082210400211082008d
:1006380094ff0010240002ae780002920500432cbb
:10064800da006010000000005000038e0100422410
:10065800ff00423025a00000110005241000048e80
:100668000c00068e40180300780002a223108600b2
:100678002b208600500003ae06008010ffff42309a
:100688000400038e0000048e231864002110430028
:10069800ffff4230640004965400038e100006ae3b
:1006a800253000002318620021104400540003aed6
:1006b800640002a6750b400f252000026fff801210
:1006c800252800000238400f252000026cff00108a
:1006d800a880838f1884400f2520c0021c008e8eae
:1006e8000c00cb8e0200cd9500196b7dff006b319d
:1006f8003602a01180580b000e0067960c00629617
:100708000000cf95a880868f2138e2002138e701c4
:100718002638ed002d02c010ffffe73028008c8e30
:10072800b8808a8f251000002528000025b8000011
:10073800080000100b0008241400831100000000ba
:100748000100a524202e057c2b18a6002c00601083
:100758002510a000801002000a10427df9ff4050c9
:100768000100a52476004490f6ff88500100a524d6
:10077800770043900200632cf2ff60500100a5242b
:100788004800438cecff6014000000001800801043
:1007980072004394ebffe3140100a5240000c48d0c
:1007a8006000438ce7ff8314000000004000448c85
:1007b8000c00638ee4ff8314202e057c01000324c3
:1007c800770043a02800a38fed02601048004cacce
:1007d800740043941000648e010005240463a37c14
:1007e800440044ac740043a41800001025b840002d
:1007f800d3ffa3510ab85700d2ff00100100a52467
:10080800f201e012010003240c00628e7700e3a2db
:100818004000e2ae2800a28f070040104800ecae6e
:100828007400e2961000638e010004240463827c45
:100838004400e3ae7400e2a60000e28e7200e7a670
:100848006000efa66200eda61000e2ae1000848ef4
:100858003e00e3960d00d3920c0082940040653070
:100868000800c88e23104b000c0082a40400a010be
:100878000400c98e02006330990060107900e0a27c
:100888007400e3967600e2920442037cb4014010bf
:100898007400e3a601000424890144500400623274
:1008a8001400b5262358ab02ffff6b31ecff6a2515
:1008b800ffff4a3101006c3286008015256840012f
:1008c80002006432030080101c00f58e0100ab2585
:1008d800ffff6d312000e48e2b28a402cc01a05428
:1008e80023a895001800e58e1400e68e23a8a4021c
:1008f8002320a60023a89500ffffb5325800eb8ef1
:10090800c601a01123582b01cb01a0520400733259
:10091800e90160052b207501080080140600643287
:100928002a207501040080142328ad022a28ab0070
:10093800c101a0540400733206006432cb01801454
:10094800100064327a0080100a00442cca0080101b
:10095800802002006c0945260a20a47c080080003b
:1009680000000000800c009d800c009d540e009d2e
:100978006c0b009d6c0b009d6c0b009d6c0b009d1f
:10098800800c009d6c0b009d280b009dc687400fb6
:10099800000000003000038e23104300dffe4204f5
:1009a8001000152403ff001001000624aa01801678
:1009b8000100062414000524750b400f25200002b1
:1009c80040ff001025280000780002920500432c03
:1009d800f6ff60100000000001004224ff004230d2
:1009e8005000038e25a000001cff001010000524f5
:1009f800780002920500432cf8ff6054010042245d
:100a08000400032410ff8016760003a201000624c8
:100a180011000524750b400f2520000298fe0010d8
:100a2800a880838f780002920400432c69016054e7
:100a3800010042249880848f0500022425a000002c
:100a4800401904002318640080180300211864006a
:100a5800c0180300190072000200052410180000d5
:100a680082190300fdfe00100019030078000292ad
:100a78000300432c5c0160503e00039601004224b1
:100a8800ff0042305000038e25a00000f3fe001046
:100a9800120005242538c0002528c0022530a002f0
:100aa800e959400f2520800248fe00100000000090
:100ab80073fea012a880838f990380160100062474
:100ac8002528a002750b400f252000026cfe00109f
:100ad800a880838fedff6b2579ff0010ffff6d3134
:100ae8003000a9af2c00a8afc687400f2800abafd5
:100af8007000e3969880848f3000a98f2c00a88f0f
:100b0800021864702800ab8f1900710010180000db
:100b1800821903002110620059ff00102400e2ae80
:100b28005400e28e01004224c4000211252800006e
:100b38007a00e6962430de00f1fdc010020005249c
:100b48007c00e28eeffd40500a0006242800858ec6
:100b58008000e78e09f840003c00e486e8fd0010bc
:100b6800020005245400e78e2570e0001000e68e90
:100b78000800e58e2320a600060081042310070143
:100b88000400e28e0000ef8e23104f002120820027
:100b980023100701231044000d0040580c00e48e78
:100ba8007400e48e04000e240402843068018e145c
:100bb8000100042467014454253000000100ee249c
:100bc800444a437c5400eeae7400e3a60c00e48e65
:100bd8002318c4002b10c4006301401023186e00b2
:100be8000000e68e0400e28e231046002130020148
:100bf8002118c300030060182b1043008d0140101a
:100c0800dc0502243800e28ecb0140543c00aaaf38
:100c18007d0185503e00e2965400e78e0e00c29694
:100c28006e00e3962b186200010060546e00e2a685
:100c38006400e49621184800231867000700801410
:100c4800ffff6330060060507600e2923e00e296b5
:100c5800010004248431827c3e00e2a67600e29200
:100c680004000424610144106400e3a60600032480
:100c7800450243100000000020007332acff6016ec
:100c8800f8ff43240200632ca9ff60140600032424
:100c9800a8ff43507a00e6963a0040110000000091
:100ca8000c00c28e1c00e58e1800e48e0019427cf0
:100cb80080100200e301601921184b012a30a302b9
:100cc8000500c0102130a3002350ab02ffff4a31ba
:100cd80021184b012130a3002110c2022b308600bd
:100ce800ec02c0102400a2af2398850001007326ef
:100cf80023986b02d40260064000a3afffff733253
:100d0800010016242128ab00253860022400a627fc
:100d1800252080021000b6af2800aaaf3c00adaf76
:100d28003800acaf3400a9af3000a8afee58400f80
:100d38002c00abaf2800aa8f1400e58e2400a6274c
:100d4800233853011000b6afffffe730252080029b
:100d5800ee58400f25a840002110a202ffff4230a4
:100d68002800aa8f2c00ab8f3000a88f3400a98fe1
:100d78003800ac8f3c00ad8f4000a38f7f024251fa
:100d88005c00e28e1100a011000000007600e292e3
:100d9800fdff42240300422c040040543e00e2962a
:100da8001c00e28e2000e2ae3e00e29610004330c6
:100db8000902601401000624010003240421627c56
:100dc80008004430410280103e00e2a659ff8051dd
:100dd8007a00e6965800e38e2148a90101006324b1
:100de80054ff69547a00e6963e00e4967600e29253
:100df800010005248452a47c030005245800e3aeb6
:100e08000004de37890245103e00e4a60400432ca6
:100e180082016014040003246902431005000324be
:100e280088004354010006242520e00225300000f4
:100e3800750b400f10000524252800000238400fcc
:100e48002520e0023bff00107a00e6965400e78e6a
:100e5800dd0007152570e000030002247600e2a2f9
:100e680042ff001000011e24010005242520000275
:100e7800895e400f3c00148e3e0002960100032458
:100e88000004947e0400627c001006243e0002a642
:100e9800252800007673400f2520000278fd805633
:100ea800a880838f3e0002960a000324760003a2de
:100eb8000400027c3e0002a671fd0010a880838f0a
:100ec8001bff401410006b320400601102007332e3
:100ed8005400f58e7d0015555400e8ae15ff60529c
:100ee8007a00e6960e00c296010029255800e9ae60
:100ef8006e00e2a66400e2a63862400f2520c00218
:100f08003c00e38e000f637c890060106a00e2a653
:100f1800010062382b1002007400e39601000624d9
:100f2800c47b437c770060117400e3a6100005249d
:100f3800750b400f2520e0023e00e29603000324d3
:100f480000404230950040147600e3a23e00e2964d
:100f580000011e244408027cf5fe00103e00e2a6b3
:100f680004006232b4ff401410006232480040149a
:100f780002007332b1ff6012252800000100292504
:100f88005800e9ae3862400f2520c0023c00e38ecd
:100f9800000f637c530060106a00e2a6010062380b
:100fa8002b1002007400e3960100062412000524a9
:100fb800c47b437c7400e3a6750b400f2520e00238
:100fc80002000224dafe00107600e2a2ccfc001037
:100fd800f1ff05245000038eff00423025a00000d9
:100fe8009efd001002000524010063306ffe6014ae
:100ff80000000000490080160100062402000524b4
:10100800750b400f252000021dfd0010a880838f5e
:10101800ffffb52639fe0010ffffb53247fe60110d
:1010280006006432030060052a20750143fe80141f
:101038000600643204007332befe60567a00e696fb
:101048000100062410000524750b400f2520e0023e
:10105800b8fe00107a00e69601004224ff004230f4
:101068005000038e7dfd0010140005240400733227
:1010780072ff6012252800003e00e296010003245a
:1010880000081e24444a627c6cff00103e00e2a661
:101098002520e0025400e8ae25300000750b400f13
:1010a80004000524252800000238400f2520e0020e
:1010b800a0fe00107a00e6962120ab01deff8058e2
:1010c800040073321dfe001006006432010006247d
:1010d80004000524750b400f2520e00294fe001043
:1010e8005400f5ae0400e38e0000e58e40200200b7
:1010f800212082002310650043180400a9ff001076
:101108002a10430012000524750b400f2520e00229
:101118000200022486fe00107600e2a201004224aa
:10112800ff0042305000038e4cfd001025a0000047
:101138000400e38e0000e58e40200200212082009a
:10114800231065004318040073ff00102a104300a1
:101158002530000010000524750b400f2520e00203
:1011680074fe00107a00e696211803010700601843
:10117800000000000400e28e0000e78e2310470004
:101188002b1043002b004010dc050224a0fec410e5
:10119800000000009cfe00103800e28ec687400f59
:1011a800000000007000e3969880848f0218647035
:1011b8001900710010180000821903002110620044
:1011c80062ff00102400e2ae5400e8ae01000624dd
:1011d800040005242520e002750b400f2800a7af66
:1011e8002800a78f52fe00105400e7ae6f00075189
:1011f8007400e29620007332a7fe6012000000001f
:101208004cfe00107a00e696000143305e00605400
:101218005400e78e004042306e0140543c00aaafb3
:101228003e00e2965400e78e4408027c7bfe0010e4
:101238003e00e2a63400e2ae4000aaaf3c00a3aff5
:101248003800abaf3400adaf3000acaf2c00a9af65
:10125800c687400f2800a8af9880858f3400e68e97
:10126800e8030e243e00ef960230c5700c00e48eb1
:101278003c00a38f1000e58e44290f7c3e00efa6aa
:10128800211883002b38a4000c00e3ae2520600051
:101298002800a88f2c00a98f3000ac8f3400ad8fa8
:1012a8003800ab8f4000aa8f1b00ce00f401c001ac
:1012b800123000002110c2001901e0143800e2ae1b
:1012c8002b10a300240140545400e78e0400e28e42
:1012d8002b3062000700c0542b18a2000000e48ed7
:1012e80023204400231864000c00e3ae252060008e
:1012f8002b18a200060060547600e2920000e38eec
:10130800231043002328a2001000e5ae7600e292e5
:10131800030003240500431008000324040043507d
:101328000400de373afe00100800e58e0400de37c0
:1013380037fe00100800e58e3800abaf3400adafc3
:101348003000acaf2c00a9afc687400f2800a8af6b
:101358003800e38e2800a88f2c00a98f23104300a3
:101368003000ac8f3400ad8f3800ab8fa60041043d
:101378003c00aa8f0800e58e25fe00100c00e48ec4
:1013880032fd001025b8400025fe07550e00c29614
:101398007400e3960400633021fe60500e00c2968c
:1013a800fdfe42301dfe00103e00e2a60400423061
:1013b80091ff4050200073323c00aaaf3800abaf19
:1013c8003400adaf3000acaf2c00a9afc687400fda
:1013d8002800a8af9880858f88130324e803042485
:1013e80002186570050005247600e5a22800a88f7c
:1013f8002c00a98f3000ac8f3400ad8f3800ab8f34
:101408003c00aa8f1b006400f40180001218000041
:101418002110620077ff00103000e2ae02000324c2
:1014280007ff4314090002247600e2a20100062403
:1014380011000524750b400f2520e002bdfd0010aa
:101448007a00e69623104b00ffff633021b0c202fa
:101458002b1075002400b6af020040102598a0029a
:1014680025986000ffff73322110b3002b10820013
:101478004900401001000224231085000100562471
:10148800ffffc33201000a24253860002400a62784
:10149800252080021000aaaf3800adaf3400acaff1
:1014a8003000a9af2c00a8afee58400f2800a3af1a
:1014b8002800a38f1400e58e01000a242318630274
:1014c800ffff67301000aaaf2400a627252080025e
:1014d800ee58400f25a840001400e38e2c00a88f7a
:1014e8003000a98f3400ac8f3800ad8f2110a202d4
:1014f80023b07602ffff42302118760021fe6216e3
:10150800000000007600e2925800e48e1c00e3ae72
:10151800fdff4224212064020300422c02004010f7
:101528005800e4ae0002de375c00e28effff0624be
:1015380014fe4610239853006800e5962128b3004e
:10154800f500a0045c00f3ae0efe601e21208500ad
:101558001800e28e211865002b2843005800e4aedd
:101568000600a0101c00e3ae1400e48e2310440013
:1015780027100200211862001c00e3aeffff0224be
:1015880000fe00105c00e2ae6afd07557a00e696a0
:101598002afe0010252800001000a2af253860029e
:1015a8002400a627252080023400adaf3000acaf60
:1015b8002c00a9afee58400f2800a8af1c00e38efe
:1015c8003400ad8f3000ac8f211873002c00a98f28
:1015d800caff00102800a88f100005242520e0026b
:1015e8003400adaf3000acaf2c00a9af750b400f85
:1015f8002800a8af2800a88f2c00a98f3000ac8f36
:10160800f2fd00103400ad8f3400e28e00fa04348d
:101618003c00aaaf4018020001fa02342b10620005
:101628000b2062003400e4ae3800abaf3400adaf3d
:101638003000acaf2c00a9afc687400f2800a8af78
:101648009880848f3400e38ee80306241000e58e2a
:10165800021864700c00e48e5400e78e2800a88fee
:101668002370a4002338ee002b28a4005400e7ae12
:101678002c00a98f3000ac8f3400ad8f3800ab8fb1
:101688003c00aa8f1b006600f401c000121800007d
:10169800211062000600a0103800e2ae0400e28ebd
:1016a8000000e38e231043002338e2005400e7ae25
:1016b8003e00e296010003240800e58ec439627cee
:1016c8001000e4ae52fd00103e00e2a6c418627c91
:1016d8003400adaf3000acaf2c00a9af2800a8afe4
:1016e800c687400f3e00e2a69880858f64000324d9
:1016f800e8030424021865703400ad8f3000ac8f05
:101708002c00a98f2800a88f1b006400f40180001a
:101718001218000021106200acfd00102c00e2ae8f
:101728000400e28e0000e68e233046002130a60039
:101738002b38c300e7fee0502b3062005400e78ee0
:10174800233066001000e3ae2138e6005400e7ae0f
:10175800dffe0010252860000400e28e23286500c3
:101768002138e5002b2862005400e7aee7fea014fc
:101778001000e3aed9fe001025286000ffff042406
:101788005a0044102b2862016800e4965a00a01001
:10179800212082002b2883000700a0546800eaa6b5
:1017a8002b106200040040546800eaa623208b0036
:1017b800ffff8a306800eaa672fd00105c00ebaefd
:1017c8005400e28e98fd0211060002241cfe00104f
:1017d8007600e2a23800abaf3400adaf3000acaf5a
:1017e8002c00a9afc687400f2800a8af7000e39669
:1017f8009880858fe80304243c00aa8f021865703e
:101808003800ab8f3400ad8f3000ac8f2c00a98f1f
:101818002800a88f1b006400f40180001218000043
:10182800211062007efe00102400e2ae7400e296f1
:10183800080003240001423001fe40107600e3a2b4
:10184800bcfc00107a00e6961400e28effff6625c5
:1018580025384001231082002310c200010004240f
:101868001000a4af2400a6272128a200252080026a
:101878003c00adaf3800acaf3400a9af3000a8af22
:101888002c00abafee58400f2800aaaf35fd001072
:101898002800aa8f01000224253840012128ab0026
:1018a8001000a2af2400a627252080024000a3af85
:1018b8003c00adaf3800acaf3400a9af3000a8afe2
:1018c8002c00aaafee58400f2800abaf4000a38f02
:1018d8003c00ad8f3800ac8f3400a98f3000a88f42
:1018e8002c00aa8f25fd00102800ab8f5c00ebae02
:1018f80024fd00106800eaa62b18830021fd601063
:101908002b208b001ffd80142310620121504201ff
:101918001cfd00106800eaa61afd00105c00e6ae87
:10192800780002925000038e2528a002010042246c
:0c193800ff00423049fb001025a0000019
:020000040000fa
:020000041d00dd
:10194400d0ffbd272000b5af5800828c5400958c81
:101954004c00868c5000888c2618a2026ad7023c60
:1019640078a442342c00beaf2110c2000000be8c0b
:101974005800868c2418680021105e002618660022
:10198400211862000400b98c421e2300c7e8023cff
:10199400211803012670150156b742342470c3017f
:1019a4002110c200211059002670d5012170c201f6
:1019b4000800aa8c02752e002024023c21706e00bf
:1019c40026680301db7042242468ae012110a202c0
:1019d40021104a002668a8012168a2011000b1afb5
:1019e400c26b2d000c00b18cbdc1023c2168cd013d
:1019f40026486e00eece423424482d012110020107
:101a040021105100264823011000ac8c21482201ea
:101a1400824a29007cf5023c2148a9012638cd01df
:101a2400af0f4224211082012438e9002118430019
:101a34002638ee001800b3af2138e3001400b38c4d
:101a4400423e27008747033c213827012610a9017d
:101a54002ac66334241047002118630221186e003b
:101a640026104d001800ae8c2110430002152200f0
:101a740030a8033c2110e2002658270113466324b2
:101a84002118c3012458620121686d002658690198
:101a94002800b7af21586d011c00b78cc25b2b0026
:101aa40046fd033c21584b002630e2000195633487
:101ab4002118e3022430cb00214869002630c700f6
:101ac4002000b88c2130c900823226008069093c8c
:101ad4002130660126184b00d8982935214809037e
:101ae4002418660021382701261862002400a98cd6
:101af40021186700421e2300448b073c1c00b4af2e
:101b04002118c30026a06601aff7e7342138270166
:101b140024a083022110e20026a08b020c00b0afa7
:101b240021a082022800b08c02a53400ffff023cf1
:101b340021a074002678c300b15b42242478f40108
:101b44002110020221104b002678e6012c00ab8cf8
:101b54002178e201c27b2f005c89023c2400b6afed
:101b640021788f0226b07400bed74234211062015e
:101b740024b0cf022130460026b0c3021400b2af15
:101b840021b0c6023000b28c82b23600906b023ca7
:101b940021b0f60126388f0222114224211042027c
:101ba4002438f600211843002638f4003400ad8ca4
:101bb4002138e300423e270098fd033c2138c70248
:101bc4002610f60193716324241047002118a30101
:101bd4002118740026104f003800b48c21104300e3
:101be4000215220079a6063c2110e2002618c7023d
:101bf4008e43c624241862002130860226187600fb
:101c04002130cf003c00af8c21286600c22b250078
:101c1400b449033c212845002630e200210863240e
:101c24002118e3012430c50021b076002630c70016
:101c34002130d600823226002130a6001ef6163c42
:101c44002618a6006225d62621b036032418620081
:101c54002138c7022618650021186700c21e230018
:101c64002118c30040c0073c26b0c30040b3e7348a
:101c74002138c70124b0c5022110e20026b0c602f3
:101c840021b0c202c2b5360021b076005e26073c00
:101c940026107600515ae7242138670124104600a3
:101ca4002128e5002610430021104500821422005b
:101cb4002110c202b6e9073c2628c202aac7e734ab
:101cc4002138c7032428a3002130e6002628b600c3
:101cd4002128a600022b2500212845002fd6063cea
:101ce400263845005d10c624213066022438f600eb
:101cf4002118c3002638e2002138e300c23e270041
:101d04002138a7004402063c2618a7005314c62411
:101d1400213006022418620021b0d600261865007e
:101d240021187600c21d23002118e300a1d8163c17
:101d34002630e30081e6d63621b0f6012430c50012
:101d44002110c2022630c7002130c200823426008e
:101d540021306600d3e7163c26106600c8fbd63651
:101d640021b09601241047002128c5022610430003
:101d740021104500021322002110c200e121163c6b
:101d84002628c200e6cdd63621b036012428a30089
:101d94002138c7022628a6002128a700c22e250024
:101da4002128450037c3073c26b04500d607e72461
:101db4002138870224b0c6022118e30026b0c202eb
:101dc40021b0c302c2b5360021b0b600d5f4033c3d
:101dd4002638b600870d6324211823022438e20034
:101de400213066002638e5002138e600823c2700d1
:101df4002138c7025a45063c2618c702ed14c624ea
:101e040021300603241865002110c200261876002c
:101e140021186200021b23002118e300e3a9063cf9
:101e24002610e30005e9c6342130a601241056002b
:101e34002128c5002610470021104500c2162200a3
:101e440021106200effc063c26286200f8a3c63489
:101e5400213046012428a70021b0d6002628a3005b
:101e64002128b600c22d2500212845006f67163ca5
:101e740026304500d902d62621b0f6022430c3000c
:101e84002138c7022630c2002130c7008234260020
:101e94002130a6002a8d163c2638a6008a4cd62668
:101ea4000000a7af21b056022438e2002638e5002e
:101eb4002118c3022118e300faff073c4239e72442
:101ec400213867022110e2000000a78f021b2300c3
:101ed4002118c3002638e300211047007187163cff
:101ee4000217220081f6d636211062002638c3007c
:101ef40021b016032638e2002128c5022128e50076
:101f04009d6d163c422d25002261d62621284500d0
:101f14002638620021b076012638e5002130c60259
:101f24002130e600e5fd163c023426000c38d626a6
:101f34002130a6002638450021b096022118c3029c
:101f44002638e6002138e300bea4163c423a2700b6
:101f540044ead6362138c7002618a60021b0360335
:101f6400261867002110c20221106200de4b163cc5
:101f740002172200a9cfd6362110e2002618c70086
:101f840021b09601261862002128c5022128650087
:101f9400bbf6033c422d2500604b632421284500f9
:101fa40026b0e2002118e3022130660026b0c50203
:101fb40021b0c602bfbe033c02b4360070bc633419
:101fc40021b0b600263045002118030221386700ed
:101fd4002630d6002130c7009b28073c4232260019
:101fe400c67ee7242130c6022618b6002138a70190
:101ff400261866002110e20021106200a1ea033cc9
:1020040002172200fa2763242110c2002638c602d0
:102014002118c303212865002638e2002138e50091
:10202400efd4053c423d27008530a52421384700e4
:102034002618c2002128250221b0b6002618670000
:10204400211876008804053c021c2300051da524e4
:102054002118e30026b047002128c5012130a6003d
:1020640026b0c30221b0c602d4d9053c42b2360020
:1020740039d0a53421b076002630e300212825018b
:102084002110a2002630d6002130c200dbe6023c3b
:1020940002372600e59942342130c602262876000c
:1020a40021104202213847002628a6002128a70033
:1020b400a21f023c422d2500f87c42242128c500a1
:1020c4002638c6022110e201211843002638e50013
:1020d4002138e300acc4023c023c2700655642248c
:1020e4002138a7002618c5002110420121b056004e
:1020f4002618670021187600421a230029f4163c9a
:102104002118e300271005004422d6262510430099
:1021140021f0d60321f0c6032610470021105e00eb
:10212400821622002a43063c2110620027b00700d1
:1021340097ffc63421b8e60225b0c20226b0c30216
:102144002128e5022128c502822d250094ab163ce6
:102154002128450027300300a723d62621a0960274
:102164002530c5002630c200213887022138c70037
:10217400423c270093fc143c2138a700273002007e
:1021840039a09436219874022530c7002630c50042
:10219400211863022118c300c21a23005b65133c93
:1021a4002118e30027300500c359732621905302f8
:1021b4002530c3002630c700211042022110c2007e
:1021c400821622000c8f123c211062002730070077
:1021d40092cc52362530c200219032022128450289
:1021e4002688c30021882502828d3100efff063c3a
:1021f40021885100272803007df4c6342528b10026
:10220400213006022138c7002680a200218007025f
:10221400428430008485063c218030022728020055
:10222400d15dc6242528b000213026032118c3001f
:1022340026c8b10021c82303c2ca3900a86f033cd1
:1022440021c81902273811004f7e63242538f9006c
:1022540021c003032638f000211002032138e200d4
:10226400823e27002cfe023c213827032730100031
:10227400e0e642342530c7002178e2012630d90057
:102284002188f1012130d1008235260001a3023cce
:102294002130e60027281900144342242528a600eb
:1022a4002170c2012628a7002180d0012128b00076
:1022b400422c2500084e023c2128c500271807009f
:1022c400a11142242168a201251865002618660080
:1022d40021c8b90121187900c21a230053f70d3c13
:1022e4002118a30027100600827ead252510430087
:1022f40021608d01213887012610450021104700f7
:10230400821622003abd0c3c2110620027380500d9
:1023140035f28c352538e20021586c012638e3006b
:10232400213066012130e60082352600d72a0b3c95
:102334002130460027380300bbd26b352538e60030
:1023440021504b012638e200212845012128e500cf
:10235400422c250086eb0a3c2128c50027380200c0
:1023640091d34a352538e50021482a012638e6006c
:10237400211823012118e300c21a2300214005017a
:102384004c00878c214068005800838c2110e200a7
:1023940021a8a502213066004c0082ac540095ac03
:1023a400251000002c00be8f2800b78f2400b68fa4
:1023b4002000b58f1c00b48f1800b38f1400b28fa7
:1023c4001000b18f0c00b08f500088ac580086ac60
:0823d4000800e0033000bd2702
:020000040000fa
:020000041d00dd
:1023dc0098ffbd274400b1af0080113cdc382226a9
:1023ec006400bfaf6000beaf5c00b7af5800b6afc3
:1023fc005400b5af5000b4af4c00b3af4800b2af0f
:10240c00b30044144000b0aff480838fffff62240c
:10241c000200422cae0040101881908fa0000012d8
:10242c0001000224b60062101880928fdc382296cc
:10243c0096014010259000004c00028e3500401093
:10244c00252040004400028e1800428c09f8400000
:10245c000000000042000296004042302e00401066
:10246c00dc3822964400028e1400428c09f840009d
:10247c004c00048e03014004020003242600431484
:10248c00dc3822964400028e5000048edc050324b6
:10249c004000428c1000a5272000a3af1000a0af75
:1024ac001400a0af1800a0af1c00a0af2400a0af78
:1024bc002800a0af09f840002c00a0af1000a28f9c
:1024cc00408005243f0002aa3c0002ba1400a393ea
:1024dc0042000296400003a21500a393410003a200
:1024ec001800a38f2b180300446b627c420002a6d9
:1024fc002800a38f2000a48fbf3f4230600003a2ae
:10250c002400a38f251045005e0004a6610003a2e1
:10251c00420002a6dc382296010052262a184202fa
:10252c00c5ff60146c001026f480848f0100032416
:10253c00a4008310000000001481828f5f01401002
:10254c00000000000c81828f060040140000000087
:10255c001081828ff880838f251043005d0040101e
:10256c006400bf8f0c81828f580140140000000062
:10257c001081838f1881908fdc3822963f01601078
:10258c0025900000108180af0d02401025a800009e
:10259c000d0000100080143c00204230060040105a
:1025ac00dc3822964400028e3800428c09f8400038
:1025bc005000048edc3822960100b5262a10a202a7
:1025cc00c60040106c0010264200029640004230bb
:1025dc00f9ff4010dc3822964400028e5000048e25
:1025ec005400428c09f840005a001396b49a400fdc
:1025fc00259862025a000496ffff763227181600bf
:10260c00241864005a0003a6b69a400f25204000f7
:10261c004400028e5c0003965000048e5000428ce5
:10262c0025b0c302252860025c0016a609f84000fc
:10263c0016007332d8ff6052420002964400028e9c
:10264c005000048e252800003400428c09f840000c
:10265c0025300000252840000c004010b43584269d
:10266c003691400f280050ac4400028e5000048e6e
:10267c00252800003400428c09f840002530000069
:10268c0025284000f6ff4014b43584260481828f3f
:10269c0001004224048182afbfff00104200029669
:1026ac00f080828f09f840001000a4270900401c1c
:1026bc006400bf8f06004054f48080af1000a48fdc
:1026cc0003008050f48080af8919400f0000000097
:1026dc006400bf8f6000be8f5c00b78f5800b68f50
:1026ec005400b58f5000b48f4c00b38f4800b28f9c
:1026fc004400b18f4000b08f0800e0036800bd2794
:10270c00ffff02244aff4216dc382296029d063c4b
:10271c00b83cc624252800007298400f05000424fc
:10272c002580400090015210188082af9a89400f8a
:10273c000080103c80200200212082006210053ca9
:10274c00e7038424d34da524190085000080123c96
:10275c00542f0326b4315226102000008229040085
:10276c0040210500232085008020040021208500c5
:10277c00c02004001b008200f40140001220000065
:10278c00008184af040000102036047c1000632408
:10279c00840172104c0182240000628cfcff4050ba
:1027ac00100063240a006284f9ff40501000632477
:1027bc002b2844000b10c5000c0062a4f3ff001082
:1027cc000a0062a4b50040101881928f252840029f
:1027dc0025800000251800000004092401000824ad
:1027ec004200a494000c86301f00c9100438680005
:1027fc002580070201006324f9ff43146c00a52413
:10280c000100032404104300ffff4224a400505095
:10281c00029d053cdc3822960700401425980000e8
:10282c001d010010029d053cdc3822962a10620224
:10283c00180140106c0052264000428e4040033c70
:10284c0024104300f8ff4010010073262528400295
:10285c000300072404000624056e400fdc382426f0
:10286c00f2ff0010dc3822962036047c98ffc1045d
:10287c0040008430e0ff805001006324ddff001035
:10288c0025800702252800020300072404000624e3
:10289c00056e400fdc38242642000296010003240a
:1028ac0001005226c47b627c420002a6dc382296d0
:1028bc002a184202e0fe60146c0010261bff001068
:1028cc00f480848f1081828fa30040100080103c14
:1028dc00108180af010012240080143c029d023c48
:1028ec003000a2af029d023c0080133c3400a2af2a
:1028fc00029d023c25800000342f73260080153c7d
:10290c003800a2af4591400fb43584261400401016
:10291c0025f040001400c28f1935400f0c00449470
:10292c0006080424e40044503000a28f000804245c
:10293c00ff0044503400a28fffff04340601441002
:10294c00010006242520c003a994400ff3ff0524a1
:10295c004591400fb4358426eeff401425f040001d
:10296c00b49a400f00000000180063962520400028
:10297c000400037cb69a400f180063a6dc3822963c
:10298c00160040101881908f259800004200029686
:10299c00400042300d004010010073265c0002968e
:1029ac008606433005006050620003920881838fd5
:1029bc0001006324088183af62000392020064303b
:1029cc0024008014252060005c0000a6dc382296d0
:1029dc002a106202edff40146c0010265e00405677
:1029ec000080103c0080123c0080103c542f1026bc
:1029fc00b43152260000028e0800039605004010e8
:102a0c0010001026030060100000000009f84000c0
:102a1c0000000000f8ff12560000028ef880828f32
:102a2c002cff40106400bf8f0080023c482f428c6a
:102a3c0028ff40100080043c2538000000010624cb
:102a4c000100052409f84000442f842421ff0010c4
:102a5c006400bf8f0010453404006330000842341a
:102a6c004408047c620004a20b2843005165400f0b
:102a7c0025200002d5ff00105c0000a6c3ff4054c7
:102a8c0025980000d8ff00100080123cf480838f42
:102a9c0001000224a9fe62541481828f029d053c20
:102aac0002000224c8aca52425200000c09a400fc7
:102abc00f48082afa1fe00101481828f9088400fa9
:102acc00000000009ffe0010000000000c8180af91
:102adc003b9a400f00000000ad85400f2580400060
:102aec0025204000253000022538000025286000f4
:102afc0025904000c323400f259860006210063ccf
:102b0c00d34dc62419000602ec8082af2538000094
:102b1c00252040022528600210300000c323400ffe
:102b2c0082310600e88082af0081838ffc80828f27
:102b3c002310430037004018fc8082af1081838f34
:102b4c001881908f51006014dc3822968eff40144f
:102b5c00010012240080103c542f10260080123cdf
:102b6c000080133c25880002b43152260500001069
:102b7c00342f73260c0024a6100031261c003212b0
:102b8c00000000000000228efcff40501000312697
:102b9c000a002386f8ff60100081848f0c002296b7
:102bac0023104400ffff42302026027cf1ff801ce2
:102bbc0021104300080023960400288e232833029a
:102bcc000200633425202002253800000200062470
:102bdc00032905000c0022a6e7ff0011080023a61c
:102bec0009f8000110003126e4ff0010000000007d
:102bfc00b49a400f000000000800639625204000a6
:102c0c004408037cb69a400f080063a67aff0010b4
:102c1c000000028edc3823964d014224fc8082afea
:102c2c0028ff60101881908f2590000042000296ba
:102c3c00400042300e004010010052264400028e2b
:102c4c002400428c09f840005000048e620004926b
:102c5c0001000524251880004408a37c8410437cc3
:102c6c0001008430020044100400437c620003a283
:102c7c00dc3822962a184202ecff60146c001026f5
:102c8c001081838fb1ff60101881908f3dfe001072
:102c9c0001001224029d053cffff02242530000296
:102cac0084aca524252000008f90400ff48082afc7
:102cbc0088fe00106400bf8f010016241800042445
:102ccc000100083cac5c57242000c28fa835a92613
:102cdc002528c00304ac027c251048002000c2af9c
:102cec003691400f212024012410160205ff4014b8
:102cfc00000000000200e596258016020029050060
:102d0c0021206502080082940400838c0100423467
:102d1c00fcfe6010080082a4253800000100062487
:102d2c0009f8600002290500f6fe00100000000002
:102d3c00b45c5724010002240200e596010006242d
:102d4c000400e88e4020050021208500802004002e
:102d5c00ddff001004b046003800a28fbc5c572485
:102d6c00f5ff001002000224029d053c14aca524c2
:102d7c00050006248f90400f252000004e67400f61
:102d8c0000000000029d053cffff062444aca52476
:102d9c00252000008f90400ff48090af4dfe001066
:102dac006400bf8f1b004400f40180001881908fd9
:102dbc0012100000022044709cfd0010fc8084afb7
:082dcc00c6fe00100080143c5b
:020000040000fa
:020000041d00dd
:102dd4007700839001000224910162140000000036
:102de400a8ffbd274000b3af4c00938c4c00b6af96
:102df4003c00b2af3400b0af5400bfaf5000b7af27
:102e04004800b5af4400b4af3800b1af25808000ae
:102e14002590a000e000601225b0c0002000628e62
:102e240008004330dc006014080042341000648e53
:102e34000100a330200062ae540060ae480060aed2
:102e44006c0060ae600060ae000080ac2f006010cb
:102e54000c0080a43e00029601000424fe005232bd
:102e64000442827c3e0002a63e0002920100042439
:102e740003004230da0064143e0002a21c00718e8a
:102e8400060042320c0023920439037c28004010cf
:102e94000c0023a2020057322e00e012030042323b
:102ea4004800048e020402248d0180101c00a2a795
:102eb400bf92400f000000000c00238e0c002492ef
:102ec400ecff42240019637c010063240439647c10
:102ed400ffff42306c0002a60c0024a2770004928b
:102ee400a010027c01000324830183101e00a2a70a
:102ef4005400028e1700401403004232c84e400fa3
:102f04002520000212000010540002ae1c00718e35
:102f14003e0002920c002392030042303e0002a2c3
:102f24000439037c06004232daff40140c0023a269
:102f34000800038e1000028e100162106a001596bc
:102f44006400029638014014000000000200573269
:102f540003004232a60040100200c23225a800003d
:102f640025a000000100d6320d00c0129880838f86
:102f7400780000a2401103002310430080100200d7
:102f8400211043006210033cc0100200d34d63249f
:102f9400190043001010000082110200500002ae1c
:102fa400c687400f000000005000048e3e000596c6
:102fb4005400038e21108200010004244408857cff
:102fc400240002ae3e0005a6212074000c002292cb
:102fd40062000796600006965800058e0418027c6d
:102fe4000c0022a2000027a6020026a6040023ae9d
:102ff400080025ae0d0032a2100020ae10004232af
:10300400540004ae0a00e0121400142401004050dd
:10301400080020ae740005960800a630c900c05010
:1030240001000324ffff6324040023ae18001424ca
:10303400010043320400601001000424740003966c
:103044008410837c740003a6060040501c00028e8a
:1030540074000296010003240442627c740002a6f8
:103064001c00028e2000038e2b2043002600805477
:10307400231062001800048e1400058e23104300f0
:103084002318850023106200ffff42300e0022a6a1
:10309400252020021884400f660002a60c00228e10
:1030a4000c002392010004240019427c05004224f0
:1030b4000439437c0c0023a277000292230044507d
:1030c4004000028e9400a012ffff02243800028efa
:1030d4008d004014dc050224c687400f340002ae84
:1030e4003400038e9880858fe803042402186570e9
:1030f4001b006400f401800012180000211062001b
:1031040081000010380002aeffff4224ffff42306e
:103114000e0022a6252020021884400f660002a675
:103124000c00228e0c002392010004240019427c1e
:10313400050042240439437c0c0023a27700029248
:10314400e0ff4414000000004000028e31004014ef
:1031540000000000deffa0563800028effff0224ac
:103164002000638e5400bf8f5000b78fc418037cb7
:10317400200063ae4c00b68f4800b58f4400b48f76
:103184004000b38f3c00b28f3800b18f3400b08f51
:103194000800e0035800bd27d88b400f252000020b
:1031a40082004010259840002000428c4c00048e80
:1031b40008004234200062ae6e0080107700039253
:1031c4000100423224ff40543e0002963e00029227
:1031d400010004240300423028ff64103e0002a2d0
:1031e4000c0002900439027c0c0002a034000000a0
:1031f4005a004054790002923e0015960200b532fe
:103204007600a0560100d6325400038e6fff0010e2
:1032140025206000fa83400f25200002380040106a
:10322400218895021000648e4800038e4400068ea7
:103234000c0082944000058e1c00768e21108202c0
:10324400380066ae3c0065ae400063ae0c0082a45c
:103254001000c0a6600062900100423019004014c2
:10326400ffff313225202002000602241000a6af01
:103274001400a5af1935400f1800a2a7253000008f
:103284000c0005241000a4272135400f1a00a2a722
:1032940027100200ffff4630252880022135400f09
:1032a4002520c002273802000b01a016ffffe730db
:1032b4001000648e10008394c418037c100083a44f
:1032c4001000c2a6850003928600029225206002a7
:1032d4002000a72725302002060005242100a3a3ef
:1032e4002000a2a34e33400f2200a0a3000060ae32
:1032f4002f9a400f252060028d004014000000002a
:1033040073ffa0563800028e770003920100022456
:1033140093ff6210ffff02245400bf8f5000b78f49
:103324004c00b68f4800b58f4400b48f4000b38f73
:103334003c00b28f3800b18f3400b08f0800e00336
:103344005800bd2701008424c418657c540004aed1
:10335400740005a636ff0010180014245400048ecf
:1033640025a8000001004224790002a217ff0010e2
:10337400ffff832492ff00104c0013ae3e00029620
:1033840000014230f2fe40100200573264000296ff
:10339400f0fe401003004232eefea01200000000d6
:1033a40001005236e9fe0010ff0052325400bf8f74
:1033b400fdff02245000b78f4c00b68f4800b58f34
:1033c4004400b48f4000b38f3c00b28f3800b18ffb
:1033d4003400b08f0800e0035800bd270800c01671
:1033e400000000007800029205004010ffff422414
:1033f4005000038e780002a242100300500002ae77
:10340400c687400f25a800005000048e5400038e88
:1034140021108200240002aeecfe00102520600082
:103424000800e003feff0224ac9a400f00000000f5
:10343400050040140800048e6c0002962b18a202aa
:103444000b10a30225a840001000028e2b18440084
:10345400590060102538a0026400039623208200de
:103464002ba083000a20740025a080002b20a40236
:103474006f0080543e000496ffff9532770005925a
:10348400010004242100a4100000000021105400b5
:10349400100002ae3e0002960001423007004010c8
:1034a40025b84002050074100000000003008712d4
:1034b4000000000001005736ff00f732a3fe8052df
:1034c4002590e002640002960800f236ff005232b2
:1034d40023105500640002a6a2fe00100200f73279
:1034e400fa83400f252000027300405077000392b6
:1034f4006ffe00104800048e1c00a38f14002226c7
:10350400170023aa7afe0010000043b86f00401091
:10351400480060ae1000658e48006426560075a60b
:10352400540075a6500062aed8ff00100000a4ac91
:103534000500a052040052323800028e7900401077
:10354400dc05022404005232100040125400bf8fe4
:103554007c00088e0e000011251000007a000396ee
:10356400080063306eff60105000b78f8000078e34
:103574004800058e3c0004860800062409f8000172
:103584002800a2af64ff00102800a28f25100000bd
:103594005000b78f4c00b68f4800b58f4400b48fed
:1035a4004000b38f3c00b28f3800b18f3400b08f2d
:1035b4000800e0035800bd270400068e0000088eb2
:1035c400640003962328c20021208500232088005c
:1035d4002ba083000a20740025a080002b20a402c5
:1035e400250080543e000496ffff95322b2085026f
:1035f400140080542528a00223208502470080104f
:103604000100092477000a922000491100000000fb
:10361400211054002b2046009eff8014100002ae9f
:103624002330c800231046009aff0010100002ae99
:103634000100052425a0a002c439a47c8fff00103a
:103644003e0004a67700099201000424f1ff2455ea
:10365400211054002a004010480060ae1000698e0a
:1036640048006426560065a6540065a6500062ae64
:10367400e7ff0010000024ad0100092425a0a002ea
:10368400c439247dd9ff00103e0004a62100001196
:10369400ffff8430600069266e0064a66c0064a697
:1036a400680068ae480069ae180040101000698eca
:1036b400ebff0010ffffa53001000224a8fe6210fa
:1036c400fcff022415ff00105400bf8f1000648e0d
:1036d4006eff0010000080ac1000638e5000658ef9
:1036e4002530a002100062942520600208004234b4
:1036f400e959400f100062a4f2fe00101000c2a6a7
:103704001000648ec2ff0010000080acc0ff0010e7
:10371400000020ade4ff0010480060aec9ff0010b7
:10372400ffffa530c687400f340002ae3400058e7b
:103734009880838fe8030424021865701b006400da
:10374400f401800012180000211062007dff0010b7
:04375400380002ae89
:020000040000fa
:020000041d00dd
:10375800d80200800c00000001000000f401000005
:10376800d00700000100000090020080180000004f
:10377800010000000100000001000000000000003e
:103788005cdb019d2417029d5299000028390080b6
:103798001000000000000000b83600806c00000037
:1037a8000000000034000080080000000000000055
:1037b8003c0000800400000000000000703400801d
:1037c800a800000000000000400000800400000085
:1037d80000000000500100804001000001000000ce
:1037e800002e029d00000000000000000000000004
:1037f80000000000000000000000000000000000c1
:1038080000000000000000000000000000000000b0
:1038180000000000000000000000000000000000a0
:103828000000000000000000000000000000000090
:103838000000000000000000000000000000000080
:103848000000000000000000000000000000000070
:103858000000000000000000000000000000000060
:103868000000000000000000000000000000000050
:103878000000000000000000000000000000000040
:103888000000000000000000000000000000000030
:103898000000000000000000000000000000000020
:1038a8000000000000000000000000000000000010
:1038b8000000000000000000000000000000000000
:1038c80000000000000000000000000000000000f0
:1038d80000000000000000000000000000000000e0
:1038e80000000000000000000000000000000000d0
:1038f80000000000000000000000000000000000c0
:1039080000000000000000000000000000000000af
:10391800000000000000000000000000000000009f
:1039280044000080040000000000000038390080d6
:103938001000000000000000480000800e00000099
:1039480000000000580000800c000000000000008b
:10395800000000800600000001000000ffffffffdc
:10396800ffff0000843700804800000000000000ce
:10397800640000800800000000000000903800800b
:1039880028000000000000006c000080010000001a
:103998000000000070000080060000000000000029
:1039a8007800008015000000000000008e000080f4
:1039b8000400000000000000940000801c000000cb
:1039c80000000000683900801800000000000000b6
:1039d800183500809000000000000000b000008052
:1039e80010000000000000004839008010000000ae
:1039f80000000000c000008002000000000000007d
:103a0800c400008008000000000000008039008029
:103a18000c00000000000000583900801000000071
:103a280000000000cc0000800a0000000000000038
:103a3800d800008008000000000000001439008051
:103a48001400000000000000e000008008000000f2
:103a580000000000a8350080900000000000000071
:103a6800342f00808002000000000000e800008081
:103a78000c000000000000000800008004000000a6
:103a880001000000fffffffffc3800801800000065
:103a980000000000dc38008020000000000000006a
:103aa800f400008020000000000000000c000080ee
:103ab800020000000100000001000000bc3300808b
:103ac800b400000000000000103800804000000032
:103ad8000000000014010080050000000000000044
:103ae8001c0100800400000000000000b4310080c8
:103af8000801000000000000200100801c000000f8
:103b080000000000342b00800004000000000000ca
:103b1800383600808000000000000000cc370080ac
:103b2800440000000000000024370080600000000e
:103b3800000000003c0100800400000000000000bc
:103b4800503800804000000000000000bc320080b7
:103b5800000100000000000070250080c205000080
:103b680000000000a80200803000000001000000f2
:103b7800ffff000000000000500000004062029dae
:103b8800ffff000000000000170000004862029dcf
:103b9800ffff0000000000005a0000005062029d74
:103ba800400100800800000000000000e4020080de
:103bb8008c22000000000000400581bf7801000051
:103bc8000100000000020000300200003002000086
:103bd8003002000030020000300200003002000015
:103be8003002000030020000300200003002000005
:103bf80030020000300200003002000030020000f5
:103c080030020000300200003002000030020000e4
:103c180030020000300200003002000030020000d4
:103c280030020000300200003002000030020000c4
:103c380030020000300200003002000030020000b4
:103c480030020000300200003002000030020000a4
:103c58003002000030020000300200003002000094
:103c68003002000030020000300200003002000084
:103c78003002000030020000300200003002000074
:103c88003002000030020000300200003002000064
:103c98003002000030020000300200003002000054
:103ca8003002000030020000300200003002000044
:103cb8003002000030020000300200003002000034
:103cc8003002000030020000300200003002000024
:103cd8003002000030020000300200003002000014
:103ce8003002000030020000300200003002000004
:103cf80030020000300200003002000030020000f4
:103d080030020000300200003002000030020000e3
:103d180030020000300200003002000030020000d3
:103d280030020000300200003002000030020000c3
:103d3800300200003002000030020000d80681bfc7
:103d480014000000010000003002000030020000f2
:103d5800300200003002000030020000f40681bf8b
:103d680040000000010000003002000030020000a6
:103d78003002000030020000300200003002000073
:103d88003002000030020000300200003002000063
:103d98003002000030020000300200003002000053
:103da8003002000030020000400781bffc00000024
:103db8000100000030020000300200003002000064
:103dc8003002000030020000300200003002000023
:103dd8003002000030020000300200003002000013
:103de8003002000030020000300200003002000003
:103df800300200003002000008020000100200003b
:103e080018020000300200003002000030020000fa
:103e180030020000300200002002000030020000e2
:103e280030020000300200003002000030020000c2
:103e380030020000300200003002000030020000b2
:103e480030020000300200003002000030020000a2
:103e5800280200003002000030020000300200009a
:103e68003002000030020000300200003002000082
:103e78003002000030020000300200003002000072
:103e88003002000030020000300200003002000062
:103e98003002000030020000300200003002000052
:103ea8003002000030020000300200003002000042
:103eb800400881bf0c000000010000003002000033
:103ec8003002000030020000500881bf04000000ea
:103ed8000100000030020000580881bf14000000f3
:103ee8000100000030020000300200003002000033
:103ef8003002000030020000740881bf1800000082
:103f08000100000030020000300200003002000012
:103f1800300200003002000030020000940881bf27
:103f280004000000010000003002000010000080c2
:103f38002400000001000000ffffffffffffffff5c
:103f480001000000ffffffffffffffff010000006f
:103f5800ffffffffffffffff010000004c01008093
:103f68000400000000000000480100800400000078
:103f780001000000010000008c39008004000000ee
:103f880000000000b8380080240000000000000095
:103f980090390080040000000000000000000000cc
:020000040000fa
:020000041d00dd
:103fa800d0ffbd270f0005240c0004242c00bfaf50
:103fb8002800b4af2400b3af2000b2af1c00b1afeb
:103fc8008191400f1800b0af030042303c00401010
:103fd8002c00bf8f329a400f25880000350040180a
:103fe8002590400004000010009d133c010031267c
:103ff80030005112000000000492400f25202002da
:10400800faff401025a04000420042944000423090
:10401800f7ff405001003126252080025a98400fb2
:104028007080908f4018020021186200c0180300a9
:1040380023186200801803002180030258000392ad
:1040480001006230eaff4050010031265600029616
:10405800feff44240700842c2000801420006330d5
:104068000e00432ce1ff601080100200844063269c
:104078000a10627c0800400000000000f43f009d28
:104088000045009d3044009dcc41009d0c42009da0
:104098008844009df442009d4845009d1c44009db5
:1040a8002041009d4841009dd843009d5443009df8
:1040b8006442009d9185400f648084872c00bf8fe7
:1040c8002800b48f2400b38f2000b28f1c00b18f5a
:1040d8001800b08f0800e0033000bd27e1ff601032
:1040e8000e00432c2000038edeff60100e00432cd0
:1040f800b09a400f000000002000038e5000049684
:10410800231043002b10440027014010010006240f
:10411800d3ff001056000296b09a400f000000002e
:104128000800038e1000048e231043002b10440057
:10413800afff4054010031260a000224560002a6af
:10414800253800000900062425288002a025400ff4
:1041580025200002a6ff401001003126b09a400f2a
:10416800000000000c0002ae090005243c7b400f53
:10417800252080020800058e1400028e1000048e8f
:104188000c00038e21104500231044002310430027
:1041980058000492421002003c00432c3c000524c5
:1041a8008410047c0b10a300580004a2b09a400f9e
:1041b8001c0002ae040002ae0b0002248cff0010ab
:1041c800560002a625288002094e400f252000022d
:1041d8000a000324b00043100000000084ff405090
:1041e800010031265800039201000524020004242e
:1041f800c418a37c7dff4414580003a204000224c1
:10420800560002a654000296010007240300032466
:10421800020042380b386200030006242528800279
:10422800a025400f2520000271ff40100100312613
:10423800b09a400f00000000080002ae02000524fa
:104248003c7b400f252080025e87400f252000021e
:104258000500022466ff0010560002a625288002e9
:10426800094e400f252000020a00032460ff435432
:1042780001003126b09a400f000000000800038eac
:104288001800048e231043002b104400ed00401446
:104298000200033c580002920100632420004430cd
:1042a80009008010540003ae2000038e010004248e
:1042b8004429827c04006014580002a2b09a400f7e
:1042c80000000000200002ae580002920100032402
:1042d80007000524c439627c580002a23c7b400fc9
:1042e8002520800242ff0010010031262c00028e9a
:1042f800253000001000a52725208002c362400f4a
:104308001000a2afba0040101000a527d06d400fd2
:10431800252080022528800225200002030007248a
:10432800a025400f0400062407000224b09a400f7d
:10433800560002a6040002ae050005243c7b400f8f
:10434800252080022aff00100100312601000724e1
:104358000900062425288002a025400f25200002f8
:1043680023ff401001003126b09a400f00000000e2
:104378000c0002ae0a0005243c7b400f2520800279
:104388000800058e1800028e1400048e0c00038e9f
:1043980021104500231044002310430058000492c4
:1043a800421002003c00432c3c0005248410047c8d
:1043b8000b10a300580004a2b09a400f1c0002aed4
:1043c800040002ae0d00022409ff0010560002a6e8
:1043d80025288002094e400f2520000225a0400014
:1043e8000a00022402ff825601003126b09a400fcb
:1043f800000000000800038e1400048e2310430000
:104408002b104400700040140c000224f7fe00102a
:10441800560002a6252880029659400f2520000242
:10442800f3fe001001003126252800009a57400f9e
:104438002520000258000296280000ae0300072439
:10444800f9004230580002a60100062425288002ff
:10445800a025400f25200002e5fe4050010031262e
:10446800010005243c7b400f252080025e87400f19
:104478002520000203000224dcfe0010560002a6dc
:1044880025288002094e400f252000020a00032437
:10449800d7fe435401003126c687400f00000000b4
:1044a8000400038e0000048e231043002b104400e8
:1044b800cffe4054010031264c0002960200033c16
:1044c8000100632440100200ffff42304100442ce9
:1044d80002008014540003ae400002244c0002a6df
:1044e800580002922000433079ff605001000324f5
:1044f8006eff00102000038ed992400f2520800205
:10450800bbfe4050010031265400029602000324ed
:104518004700431003000424480044100a00022402
:10452800560003a64800048eb1fe805001003126d3
:104538000b6f400f01000524adfe0010010031266d
:10454800b09a400f000000000400038e23104300bf
:104558000a00422ca6fe405401003126580002925f
:104568000200033c0100632420004430090080104d
:10457800540003ae2000038e010004244429827ce9
:1045880004006014580002a2b09a400f0000000016
:10459800200002ae5800029201000324c439627c54
:1045a80092fe0010580002a2010005243684400f34
:1045b8002520800258000392560002964429037c65
:1045c800a7fe0010580003a2b09a400f0000000098
:1045d8000400038e1c00048e231043002b1044009b
:1045e80082fe4050560014a681fe001001003126bc
:1045f800b29a400f000000000400038e5200049697
:10460800231043002b10440079fe4054010031264a
:10461800252880029659400f252000021000a52762
:10462800d06d400f2520800271fe00100100312658
:1046380004000224bbff0010560002a6b9ff0010b8
:10464800560002a6b09a400f000000000400038e36
:104658001c00048e231043002b10440064fe4054b9
:10466800010031260c00022460fe0010560002a64c
:020000040000fa
:020000041d00dd
:1046780068ffbd27a400a7af0000c0d41000a28c1b
:104688007800beaf1800a0f7000080441800a1d73a
:104698000000e0446400b3af3c0820466000b2afbd
:1046a8005c00b1af5800b0af7c00bfaf7400b7afcb
:1046b8007000b6af6c00b5af6800b4af8800b6f74d
:1046c8008000b4f79800a4af2588a0000000b28c41
:1046d8000400be8c0800b38c4000a2af080001455e
:1046e8000c00b08c040042323900401408005432e7
:1046f8000f00801225b060020a000010200002247a
:104708001800a28f1c00a38f2000a2af0080023cdb
:10471800261043002400a2af2000a1d72d000224b8
:104728001800a1f7000002a2ffff7626010014245a
:104738001c00a28f1800a48f2118140200f0427cdc
:10474800270080142800a3aff07f033c2500431402
:10475800f07f053ca400a28fbfff51241a00312e20
:104768001d002012029d053c029d053ca067a52462
:10477800fe95400f2800a48f1994400f25200002b1
:104788009800a48f1000b2af2538600225280002d7
:104798005166400f253040007c00bf8f7800be8fe7
:1047a8007400b78f7000b68f6c00b58f6800b48f37
:1047b8006400b38f6000b28f5c00b18f5800b08f77
:1047c8008800b6d78000b4d70800e0039800bd275a
:1047d800d4ff00102b000224e5ff0010a467a524d5
:1047e800f07f053c0100a3242b184300050060500e
:1047f800a400a28f0c0045141800a1d70a0080104d
:10480800a400a28fbfff51241a00312e04002052a9
:10481800029d053c029d053cd5ff0010a867a52414
:10482800d3ff0010ac67a524029d053c029d023c05
:10483800320920462c00a2af305db4d41f000445d5
:1048480025a80000a400a48ffe97400f2000a5af64
:104858002014027c2000a58f3401c00767000424bf
:104868002900441425b840000100c05301001e244b
:10487800fcffa42a030080142a20be02250180140c
:10488800000000002a0000106500172406052046d5
:104898000100b52602a022461800a1d73c0a2046ee
:1048a800faff08452c00a38f029d043c2510000048
:1048b800405d80d40f000010385d62d4f5ff001011
:1048c800385d42d4d4fea42a0800805003a52246ad
:1048d800050040141800a1d702a5204601000224b3
:1048e800420820461800a1f703a52246ffffb52677
:1048f8001800a1d73c0b3446f2ff0d45a400a48f45
:10490800d1ff001000000000660004240800e4162f
:104918000100de270300a10667000424305db4d43b
:1049280025a80000020044106600172421f0d503d2
:104938001800a0d786a52046252800002000a0f74b
:104948002000a0d74c00a5af4800a2affa75400fd1
:10495800030336462000a28f0080073c4d00204606
:104968003000a2af2400a28f4400a1e786b32046fe
:104978002610e2003400a2af3000a1d7060320467b
:10498800f714400f1000a1f700006d440080073ca9
:104998002610ed002400a2af2c00a28f4c00a58f9a
:1049a80000000c44385d40d40100a5242000acafc1
:1049b80083b52046e2ffc5174800a28f029d043c3c
:1049c800485d8ed42000a0d782b32e463c042e46e4
:1049d8005e00114532052e46050014454400a38f9c
:1049e800000080440000e044010064309203244643
:1049f8002c00a38f1800a0d7385d76d400002e466f
:104a080082a53646000004443eb6204652001845aa
:104a180000006544660007245000e7160100b5262b
:104a28000100de272548a00223183e011800a3af85
:104a380025f0800225600000257800001800a38f6b
:104a4800060069102568c00310002a8efbff4a255e
:104a58002b50ca0346004055000084440600e01568
:104a6800100042320400401021680d022e0002247a
:104a78000100de270000a2a121201e0265000224f9
:104a88002200e216000080a00300a10625280000ed
:104a980023a81500010005244000a28ffeffcc26a4
:104aa8000a000b24ffff422421480202000020a133
:104ab800020009248600a016213089018400201de7
:104ac8002b0003242d0009240b182501252860003c
:104ad80021180202ffff65a0a400a38ffeff422455
:104ae80021280202bfff71241a00312e4500032439
:104af8000bb871002a38c2030000b7a00300e01009
:104b0800feffd624fe95400f00000000030042324d
:104b18000200032418ff43140000000016ffc01a07
:104b2800000000001994400f252000022a185400a4
:104b3800710060102530c0022800a48fcb95400f6b
:104b4800300005240cff00102598000000708044f8
:104b5800a7ff00100070e04486a520466500e93aea
:104b68002518a0020a180900afff001025486000a8
:104b78005000a2af0000e5444c00acaf030336463a
:104b88004800afaf4400a9af3000adaf2000a4afdc
:104b9800fa75400f2400a5af4d00204600080a44ce
:104ba80009000e240a0058290a50d80110004e3274
:104bb8002570ca012000a48f2400a58f3000ad8f76
:104bc8004400a98f4800af8f4c00ac8f0b00c01574
:104bd8005000a28f67000e2408004e140000000049
:104be8001d00200501008e252568c00321c01e0276
:104bf800257080010f00001030001924fbffe055dc
:104c08002568c003f9ff23052568c00321680d0244
:104c18002e000e240100de27ffffd6260000aea1dd
:104c2800f1ff001001000f24000019a3ffffce259b
:104c380001001827fcffc015ffffc62621680d02da
:104c48000100c7272168ac0130004a2523b0cc00f9
:104c580021f0ec000000aaa100800a3c4c00a2afa1
:104c6800261045013800a4af3c00a2af3800a1d7f8
:104c780086b32046060320461000a1f74800aeafd1
:104c88004400afaf3000a9af2000a4aff714400f25
:104c98002400a5af2c00a28f00000c4400006d4436
:104ca8003000a98f385d40d44800ae8f00800a3ca0
:104cb8002520800126284d0183b52046ffff2925a0
:104cc8002560c0014c00a28f5cff00104400af8f2c
:104cd8001a00ab02f4016001ffff422421300202f6
:104ce800ffff29251050000030004a250000caa007
:104cf80070ff001012a80000211802020000648052
:104d08002118c20221180302000064a087ff0010c6
:104d1800ffff422403ffa10667000424fafe0010e7
:104d280066001724d2fe001006001e24d0fe441090
:0c4d380006001e24f4fe001025b8400008
:020000040000fa
:020000041d00dd
:104d440028fdbd27c002b4af25a0800024008484c0
:104d5400000206241000a527b002b0afd402bfaff2
:104d6400d002beafcc02b7afc802b6afc402b5af73
:104d7400bc02b3afb802b2afde3f400fb402b1af72
:104d8400258040001000a227211050001000a42705
:104d94000c00032e8402a2af7c02a4af570060145f
:104da400251000001000a28fffff44308802a2af3c
:104db4001400a28f8c02a2af1800a28f9002a2af9f
:104dc4001c00a2271935400f8002a2af8a02a497c3
:104dd4001935400f8802a2a79202a49725884000a3
:104de4001935400f8a02a2a78e02a4979202a2a7a5
:104df4001935400f030031329002a4971935400f42
:104e04008e02a2a78c02a4971935400f9002a2a784
:104e14008c02a2a78802a2275402a2af1000a227e4
:104e24005802a2af7c02a2275c02a2af6002b0a724
:104e3400310020166402a0af259000000200032474
:104e4400d60043128802a22703000324da00431287
:104e5400010003243e01435206004294040042949c
:104e640025004010ffff53241002b5275c02b68fc3
:104e74001002a0a32580a0020800c88e0400c28ee0
:104e84002548c00225b800001c000251251000006e
:104e94000000439001005e245600601004003ead03
:104ea400c0006430c00005244000851025886000df
:104eb4003c00001223201e015002aa27231850018f
:104ec4002a1071001a0040102558000023582302ac
:104ed40016006014258860012b20910007008014bf
:104ee400251000002110d103040022ad21882302e3
:104ef400e7ff021521b8f10225100000d402bf8f8c
:104f0400d002be8fcc02b78fc802b68fc402b58f51
:104f1400c002b48fbc02b38fb802b28fb402b18f97
:104f2400b002b08f0800e003d802bd2725886000d6
:104f34002b209100f1ff8014251000002520000291
:104f4400253020022528c003a802a8afa402abafd5
:104f5400f694400fa002a9afa002a98f21801102ec
:104f64005002aa272110d1032b500a02040022adbb
:104f7400a402ab8f05004011a802a88f2e000324c1
:104f8400000003a20100f72601001026d8ff6011db
:104f9400251820022320020125f04000ceff001036
:104fa40025886001ccff001025180000001a0300ba
:104fb400d1ff1e11003f6330010046905802a58fb7
:104fc4006002a49721186600020042242140a40034
:104fd4002b208300040022ad6c02a5afc6ff801411
:104fe4007402a8af2110a3007002a2afa6ff0010a4
:104ff4006c02a9270700001200000000040015122b
:105004002e000224ffff038221006250ffff1026be
:10501400000000a2b8ffe01a5402a28f0000848ea0
:105024002528a002d066400f0000509404004010d0
:105034002588400024004294170050500000229616
:105044006402b18f060020520800d78e0000229619
:1050540080004230a9ff4054251000000800d78e7c
:105064000400d08e160040162310f0020400422cd7
:10507400a2ff405425100000040010260400d0ae06
:105084003e006012ffff622678ff00102598400062
:10509400dfff0010fffff7268000423096ff401428
:1050a4006402a28fa6004014000000000800d78efe
:1050b4000400d08e6402b1afecff40122310f00262
:1050c4000a00422c9402a0af9802a0af8aff4014b9
:1050d4009c02a0a70300038a0700028a0800069224
:1050e4000000039a090005920400029a0a001e2691
:1050f400022403000400deae9402a3af9c02a6a324
:105104009d02a5a31935400f9802a2af9c02a49753
:105114009602a2a71935400fa802a2af9802a48f45
:105124009c02a2a71635400fa402a2af9402a49732
:105134009802a2af1935400fa002a2af9402a2a711
:1051440023b8fe02a002a68fa402a38f040020129b
:10515400a802a58f010004243e00a4100000000052
:105164002bb8e30265ffe0562510000021f0c303cd
:105174000400deaec4ff6016ffff62260100522663
:1051840004000224100042126802a0af5402a28f4d
:10519400020003242dff4316030003240800429455
:1051a40031ff4014ffff53246802a0af01005226d0
:1051b400f7ff00105402a28f0a0042942aff401401
:1051c400ffff53246802a0af6402a28f4bff40503c
:1051d400251000002400438c0478037c47ff6050b2
:1051e4002510000000004394260045901c00848e86
:1051f4000442037c80006334000043a40300a01035
:105204002a0040a0010003242a0043a02700439061
:10521400050060501800438c2a0043900200633458
:105224002a0043a01800438c04006054260083968f
:10523400b0040324180043ac26008396080044ac51
:105244000c0044acffff6224260082a62bff001052
:1052540001000224430045101c000424c1ff4454ef
:105264002bb8e30210000224beff62542bb8e30201
:105274002a00229202004230baff40502bb8e302c7
:1052840027002492220082962b108200b5ff405002
:105294002bb8e3021000f72e6c02a0af7002a0af8f
:1052a4007402a0af14ffe0167802a0af0d00098ac3
:1052b4001100088a1500058a1400228e0a00099a32
:1052c4001900038a00210400211044000e00089aea
:1052d4002520a0001600039a1200049a030049a88e
:1052e400000049b8070048a81a0010267802a3afa6
:1052f400040048b86c02a9af7002a8af7402a4af4e
:105304000400d0ae0b0044a8080044b80f0043a822
:105314000c0043b81800228e2b18c20004006054fd
:10532400180026ae0300405427002292180026ae2f
:10533400270022920100422451ff0010270022a2dc
:1053440047ff22520800d78eecfe00102510000003
:10535400c5fe4014ffff53246802a0af94ff001061
:1053640001005226040002247eff62542bb8e3029b
:1053740026002492200082962b10820079ff405050
:105384002bb8e3020400f72edbfee0166c02a0af9c
:105394000d00028a1000238e1800288e0a00029a3b
:1053a40080280400211865000e0010262b28c80050
:1053b4006c02a2af0400d0ae0300a014000062ace3
:1053c4000300005501008424180026ae0100842443
:0853d4002bff0010260024a2ab
:020000040000fa
:020000041d00dd
:1053dc0068ffbd2700600644006067443000a427c6
:1053ec009800acf78400bfaf6000b0af8800b4f792
:1053fc00a000aef7a800b4d78000beaf7c00b7af5a
:10540c007800b6af7400b5af7000b4af6c00b3af3a
:10541c006800b2afb27e400f6400b1afa000aed74f
:10542c002000a42700700644b27e400f0070674431
:10543c0000a0064400a06744b27e400f1000a427d1
:10544c003800b08fa000aed7cb03022a0500401065
:10545c009800acd72800a68fcb03c22803004014b9
:10546c001800a28f0600001021658e4ecb03432836
:10547c0011006014cb0303240100435421658e4eac
:10548c008400bf8f06a020468000be8f7c00b78fa3
:10549c007800b68f7400b58f7000b48f6c00b38f2a
:1054ac006800b28f6400b18f6000b08f8800b4d7f1
:1054bc000800e0039800bd273000a88f2000aa8fb9
:1054cc002400a48f3400ac8f19000a01218006023d
:1054dc0023905000127000004000aeaf4000b78f18
:1054ec00107800004400afaf4400a38f19000401f2
:1054fc00124000001048000019008a0112500000f0
:10550c0021b00a012b28c8021058000021502b0191
:10551c002128aa00190084012158c3022b20630101
:10552c0012600000212885012120a40010680000d1
:10553c002b50ac0021504d012b1885002588800084
:10554c00a500401a21506a004000432a1000a98f80
:10555c006d0060101400a88f252020012528000163
:10556c00253040025400aaaf5000abafa000aef7fc
:10557c009800acf74c00a9afbd91400f4800a8af04
:10558c004c00a98f4800a88f40000624252020013c
:10559c00252800012330d20025984000ae91400f01
:1055ac004000a3af4000a78f9800acd7a000aed7a7
:1055bc005000ab8f5400aa8f254840002540600056
:1055cc002c00a28f3c00b28f269042021c00a28fae
:1055dc00ac00521421f077022b18d30321b0eb004e
:1055ec0021b076002b10c7020700401401000524df
:1055fc000500f654252800002b98d30303006016f1
:10560c0021a031012528000021a031012b10890295
:10561c0021180a0121a0b400211843002b2885026f
:10562c0021a8a300252080022987400f2528a0024d
:10563c00ffff5124400006242330d1002520c00355
:10564c00ae91400f2528c002253020022520800273
:10565c002528a00225b84000bd91400f2598600078
:10566c00253020022520c0032528c00225b8e202df
:10567c00bd91400f25986302251043002b100200aa
:10568c00400010262510e2022520400006004012a2
:10569c0025286002233002002b1806002338130043
:1056ac002520c0002328e30000008444233011028d
:1056bc000000e544c4fbc328ce0060102103a046c3
:1056cc00c3fb0324cf00c354802d1300ac00401245
:1056dc00029d033c585d62d432102c46ab00004551
:1056ec00401d0200029d023c605d40d4029d023cc4
:1056fc00685d54d402632046206320462163004633
:10570c005fff001002653446c0ff5226c0ff5024d4
:10571c0025980000aaff4012253800004000422abc
:10572c00500040105800aaaf4000a48f4000152430
:10573c0023a8b202252860012530a0025400a7af8f
:10574c005000a8af4c00a9afa000aef79800acf782
:10575c00bd91400f4800abaf4800ab8f4000a48f09
:10576c002530400225286001ae91400f25b843003a
:10577c005800aa8f252020022530a00225284001a0
:10578c002bb8170025b0600025b8e202bd91400f80
:10579c004800aaaf4800aa8f2558c3022520200232
:1057ac0025284001253040024000abafae91400fa0
:1057bc0025b8e20225884000255060004000ab8fe0
:1057cc009800acd7a000aed74c00a98f5000a88f82
:1057dc007bff00105400a78f239002020500401697
:1057ec001000b38f1400a78f2548000074ff001021
:1057fc00254000004000422a1f0040101000b48fca
:10580c001400b58f400006242330d20025208002de
:10581c002528a0024800aaaf4000abafa000aef70d
:10582c00bd91400f9800acf7251043002530400285
:10583c00252080022528a002ae91400f2b98020053
:10584c00259862022538600025480000254000009c
:10585c009800acd7a000aed74000ab8f58ff00101b
:10586c004800aa8f01001724255800002588000045
:10587c0053ff00102550000001001324daff001024
:10588c002538000023f0f3022b18fe0223b0670129
:10589c0023b0c3022b10760101000524060040142e
:1058ac00253000000400cb562528000003006014ae
:1058bc002360290225280000236029022ba82c0232
:1058cc00231848012318750023a085012b6094012f
:1058dc002318660023a86c001200a10623203101b6
:1058ec0023f077022b987e0223b0eb0023b0d30277
:1058fc002b10240123180a0125a0d60321a885000a
:10590c00231862002ba014002b20a402211866007f
:10591c0023a0b402211883002ba8b40223a875007d
:10592c000100522e251095023eff40142510d6037f
:10593c00d3fe405021658e4e2520c0032987400f91
:10594c002528c002ffff512407002106c01f1600a6
:10595c0042101e00251062000100de3325105e008f
:10596c0049ff001042981600253020022520c00364
:10597c00bd91400f2528c00243ff00102598600000
:10598c00029d033c54ff0010505d62d4190060105e
:10599c00c01f130042200200252064000100423089
:1059ac0042981300254082000040023c0600401241
:1059bc0025485300231008002b180200232009004f
:1059cc00254040002348830000008844029d023c8f
:1059dc000000e944685d4cd42100a046000020463c
:1059ec000100224602032c468100204602632c460d
:1059fc002163024cd57e400f00000000a0fe001079
:105a0c000605204680250200821202002b2004008d
:105a1c002510a20025108200823d02000448137c50
:105a2c002528f300060040128022020023100400f7
:105a3c002b18020023380500252040002328e30002
:105a4c00000084440000e544eaff00102103a04656
:020000040000fa
:020000041d00dd
:105a5c002518e0000400c78c0000c68c70ffbd2721
:105a6c008000baf70000864400d080440000e74470
:105a7c0000d0e0441000a28c3c003a464c00b3af7e
:105a8c004800b2af4400b1af4000b0af6400bfaf4c
:105a9c006000beaf5c00b7af5800b6af5400b5aff6
:105aac005000b4af7800b8f77000b6f76800b4f7e0
:105abc009000a4af0000b28c0400b18c0800b38c31
:105acc002000a2af080001450c00b08c040042324b
:105adc0037004014080057320d00e01225f0600228
:105aec0008000010200002240080023c2610470011
:105afc001c00a2af1800a6af1800a68f1c00a78f21
:105b0c002d000224000002a2ffff7e2601001724b4
:105b1c00bfff65242548c00000f0e27c2800c014bb
:105b2c001a00a52cf07f033c26004314f07f0a3c9e
:105b3c00212017022000a010029d113c029d053c63
:105b4c009067a524fe95400f000000009467242662
:105b5c001994400f000000009000a48f1000b2af09
:105b6c0025386002252800025166400f2530400080
:105b7c006400bf8f6000be8f5c00b78f5800b68f7b
:105b8c005400b58f5000b48f4c00b38f4800b28fc7
:105b9c004400b18f4000b08f8000bad77800b8d7de
:105bac007000b6d76800b4d70800e0039000bd279a
:105bbc00d4ff00102b000224e2ff0010946725266e
:105bcc00f07f0a3c010043252b18430005006010b0
:105bdc00212017020d004a54000086440b0020516e
:105bec00000086440700a010029d113c029d053c5c
:105bfc009867a524fe95400f00000000d4ff00100c
:105c0c009c672426fbff00109c672526300002248d
:105c1c000000e744000082a032013a4658000324f9
:105c2c0078000224029d093c0b10650025a8000099
:105c3c00a9000445d05734d500c086440000342a4e
:105c4c00180009240a48340286a5204600c0e744ff
:105c5c00010082a0010034252510000003c3364644
:105c6c003000a5af2400a2af1800a6af1c00a7af50
:105c7c00fa75400f029d163c820036462400a28f16
:105c8c002800b6af1800a68f010042241c00a78f75
:105c9c003000a58f01c62246e857c2d60400210663
:105cac0082b5224632c53a4603001545029d043c96
:105cbc00eaff8216029d043cf05782d482b0224641
:105ccc003cc62246a000194532c7224608001e4594
:105cdc00000086440d00204600000444000080446f
:105cec00010084300000e044920024460000864409
:105cfc000200f7260000e744000022461800a0f737
:105d0c001c00a38f1800a48f0400801400f0667c84
:105d1c00f07f043c87ffc4102120170223100200df
:105d2c00feffc6272400a2af25f0e00225100000dc
:105d3c0025a0000025b000002000a38ffbff6424e9
:105d4c002b20c4031c0080102538c0031800a0d7da
:105d5c003c00a5af3800a6af030334462c00a2af1d
:105d6c00fa75400f3000a7af4d00204600080444e0
:105d7c003000a78f2c00a28f3800a68f75008014de
:105d8c003c00a58f7c00c0522ba0140001004224c3
:105d9c00020034461800a1d72800a38fffffd62697
:105dac00010820461800a0f7e85760d42400a38f00
:105dbc00e1ff761402a520461400801621201e0255
:105dcc00a600405010004232a300201a01004732b6
:105ddc00a100e0142e000724000087a021385e00eb
:105dec002138070230000924010089a00100842415
:105dfc00feff8754010089a021f05e0027100200ed
:105e0c000100de272130460021201e02000080a068
:105e1c000300a1062510000023a815000100022490
:105e2c002000a38fffffc62401000b24ffff712469
:105e3c00213811020000e0a00a000a240100072406
:105e4c007400a01621a0c7007200eb102b000324d5
:105e5c002d0006240b18c200251060002118110219
:105e6c00ffff62a0feff31265000072470000224c1
:105e7c000a384500212811022a88d1030300201278
:105e8c000000a7a0fe95400f000000000300423266
:105e9c00020003240c004314feff91262cff201a51
:105eac00252000021994400f252000022a185700c3
:105ebc00620060102530200230000524cb95400f85
:105ecc00212017022598000021ff00102520000238
:105edc00060520460100b52600a03446000886447d
:105eec000008e7443c0a2046f9ff0845029d093c9e
:105efc00d85720d5029d093ce05722d506012046f3
:105f0c00000886440008e7443c0c34464bff12451d
:105f1c0000c0864482a1204632333a4608000e4522
:105f2c0002a524460008864402a522460008e74440
:105f3c0042082246000806440008674402a524468d
:105f4c00efff0010ffffb5260010804467ff001024
:105f5c000010e044090080162558c0030700c01249
:105f6c002e000924213807020100de27ffffc6247a
:105f7c000000e9a0010014242558c00321601e0272
:105f8c00253840000300001030000d24ffffe724eb
:105f9c0001008c25fdffe05400008da121584b0021
:105fac00ffffc6240100de270a0087282330c20029
:105fbc0021f0c20321580b020200e010570082248a
:105fcc00300082241100a050000062a12000473450
:105fdc009fffe7241a00e72c0c00e050000062a1a0
:105fec00252040003c00a5af3800abaf2c00a6af7d
:105ffc000598400f3000a0f73c00a58f3800ab8f00
:10600c002c00a68f3000a0d7000062a160ff00100a
:10601c00251000001a00aa02f4014001ffff3126ee
:10602c0021601102ffffe7241048000030002925f1
:10603c00000089a182ff001012a8000021180202a2
:10604c00000064802118820221180302feff64a064
:10605c0096ff0010ffff4224100042326bff4050ad
:10606c0021201e022e0002240100de2766ff0010f4
:04607c00000082a0fe
:020000040000fa
:020000041d00dd
:1060800018ffbd27dc00b4afd800b3afd400b2af67
:10609000d000b1afe400bfafe000b5afcc00b0af0f
:1060a000259080002588c000b800a5af2598000085
:1060b000029d143cb800a58f0000a280e4004010af
:1060c000ffff02249c00a2af1800a227a400a2afe9
:1060d000800002249800a0afa000a0afa800a2af4b
:1060e00025800000250003242110b000000042801c
:1060f0000300401000000000fbff43540100102685
:106100000600001225300002e289400f25204002df
:10611000b800a28f21105000b800a2afb800b58f10
:10612000250002240000a382c20062140100b526eb
:10613000b800b5af2b0005242d0006243000032441
:106140002000072423000824b800a48f00008280c8
:106150001b0045509800a28f2c0049281e002011da
:1061600000000000180047509800a28f1800485007
:106170009800a28f2a0003241e0043500000228ea4
:106180008183400f00000000a000a2afb800a38fe1
:1061900000006280d0ff42240a00422c21004010ff
:1061a00001006324f9ff0010b800a3af01004234de
:1061b000010084249800a2afe3ff0010b800a4af50
:1061c000fbff001004004234f9ff001008004234c5
:1061d000f7ff001010004234f4ff46509800a28fe1
:1061e000e5ff43542a0003249800a28ff0ff00101b
:1061f0000200423401008424b800a4af0400432408
:106200000000428c000023ae06004104a000a2afb3
:106210009800a38f23100200a000a2af01006338f2
:106220009800a3af9800a28f0100433002006010d5
:106230004408027c9800a2afb800a28f2e0003246d
:10624000000044800d008314010044249c00a0af92
:10625000b800a4af010045802a0003242300a31442
:1062600002004224b800a2af0000228e04004324a2
:106270000000428c000023ae9c00a2af1a8c400f9d
:10628000b800a427c000a2afb800a28ffe97400fad
:10629000000044806900032477004310c000a58fec
:1062a0006a0043282f00601063000324be004310df
:1062b000640043281800601025000324cb0043101d
:1062c000610003244f00435025302002ffff0224c9
:1062d000b800b5af9800a0afa000a0af9c00a2afdf
:1062e0001000a0afc9000010253800008183400fc6
:1062f000000000009c00a2afb800a38f00006280e5
:10630000d0ff42240a00422cdcff4010010063242d
:10631000f9ff0010b800a3af640003245600431037
:1063200068004228eaff4010ffff022425302002c7
:10633000648f400fb000a42797004010b800a28fd0
:10634000b000a6279800a52701004324b800a3affa
:10635000000047809e11400f2520400235000010ac
:1063600021800202700003246e0043107100432854
:10637000130060106e000324830043106f00032499
:10638000d3ff4314ffff02242538200225300000ec
:10639000e64c400fb000a4277f004010b800a28f49
:1063a000b000a6279800a52701004224252040021e
:1063b0008468400fb800a2af1e00001021800202c6
:1063c000750003243a00431078000324460043106c
:1063d00073000324bdff4314800002246e00a21446
:1063e000b800a28f2538000001004224b800a2aff7
:1063f0000000228e04004324000023ae760000102b
:106400000000468c648f400fb000a427620040104b
:10641000b800a28fb000a6279800a527010043244a
:10642000b800a3af000047809716400f2520400218
:1064300021800202218070022a98130277006012e4
:106440000080023c4f000324903943acffff13242b
:10645000e400bf8f25106002e000b58fdc00b48f30
:10646000d800b38fd400b28fd000b18fcc00b08fe2
:106470000800e003e800bd272538200201000624bb
:10648000e64c400fb000a42743004010b800a28f94
:10649000b000a6279800a52701004224252040022d
:1064a0004259400fb800a2afe2ff00102180020263
:1064b0002538200225300000e64c400fb000a4270c
:1064c00035004010b800a28fb000a6279800a5277d
:1064d00001004224252040020374400fb800a2afff
:1064e000d4ff001021800202253820022530000050
:1064f000e64c400fb000a42727004010b800a28f40
:1065000001004324b800a3af00004780b000a627d5
:106510009800a527673e400f25204002c5ff0010c8
:10652000218002022538200225300000f0000524d9
:10653000e64c400fb000a42717004010b800a28f0f
:10654000b400a38f01004224b800a2afb000a28f14
:1065500025104300edff4014780007241994400fe4
:106560001c6984269800a38fa000a78f25304000c7
:106570001000a3af1c6985265166400f25204002fc
:10658000acff001021800202253820022130700269
:10659000776b400fb000a427b800a28f01004224ff
:1065a000a4ff0010b800a2af80000224faffa214da
:1065b000b800a28f01000724b000a62701004224e2
:1065c000b800a2af0000228e040043240000428cd9
:1065d000000023aeb000a2a39800a527747a400f54
:1065e0002520400293ff0010218002028000022437
:1065f000e9ffa214b800a28fa000a78f01004224d7
:10660000b800a2af9800a28f1000a2af029d053c77
:1066100001000624d8ff00102469a524a5fe00105f
:0466200025980002b7
:020000040000fa
:020000041d00dd
:1066240090ffbd274800b0af0800908c6c00bfaf4e
:106634006800beaf6400b7af6000b6af5c00b5af32
:106644005800b4af5400b3af5000b2af42000012d0
:106654004c00b1af0400968c4000c05225a000004d
:106664002800c28e3d00405025a000000c00918cf3
:106674003a00205225a000001000928c36004012ef
:106684000080033c0000878c1400868c0000258e5b
:10669400fc38622401000424fc3867ac040056acc6
:1066a400080050ac0c0051ac100052ac3800a410df
:1066b400140046acfeff432625102002ffff0524ec
:1066c40004000010010006240000448c31008610f0
:1066d400ffff6324fcff6514080042242528000002
:1066e4006795400f252000000080033c29014014d9
:1066f400e43862ac25300000019d053cb8dda524da
:106704008f90400f2520000001000624019d053cc8
:10671400d0dfa5248f90400f252000004e67400f46
:1067240025a000006c00bf8f251080026800be8f7a
:106734006400b78f6000b68f5c00b58f5800b48fcb
:106744005400b38f5000b28f4c00b18f4800b08f0b
:106754000800e0037000bd2725a000006c00bf8f77
:10676400251080026800be8f6400b78f6000b68f6a
:106774005c00b58f5800b48f5400b38f5000b28fb3
:106784004c00b18f4800b08f0800e0037000bd27b3
:10679400251020020400448c0080133c25280000ae
:1067a4003800b3af3400a4af6795400fdc387326cc
:1067b4003000a2af42004010080062ae3400a28f45
:1067c4003000a48f6c0006240000438c0800828ce7
:1067d4002528000209f840000c0063ae2d0040108b
:1067e400188182af3000b58f253000022528c00201
:1067f4006a82400f2520a0020800401425a0400012
:10680400019d053c2530a00228dea5248f90400f71
:1068140025200000bdff0010030006243800a38fcc
:10682400ffff0232040072aedc3862a4ce00001a0c
:106834001881978f25f0c0020400001025a80000dd
:106844006c00f726230015123800de2725300000df
:106854002528e0024436400f2520c003f8ff4054a9
:106864000100b526019d053c5cdea5242520000021
:106874008f90400f2530a002019d053c2530000279
:10688400a0dea5248f90400f252000009fff00105c
:1068940004000624c03010002330d00080300600ed
:1068a4002330d000019d053c80300600e8dda5249e
:1068b4008f90400f2520000094ff00100200062452
:1068c4003400a28f8cff4050253000008aff001056
:1068d4000000468c1881978f02006d962560000099
:1068e4002558e0022530a0012550000001004a256a
:1068f4004400678d0e000a126c006b252520600190
:10690400040000102518400101006324f7ff03125e
:106914006c0084244400858cfcffa754010063248c
:106924000100c624ffffc630f7ff001025604000b9
:10693400020080512530a001020066a68d00c0141b
:106944002528e002253800001800a68c0100e72461
:106954006c00a5247200c0142a10f000fbff405400
:106964001800a68c3800a28fdc384294148180afc2
:106974001800a0af1c00a0af2000a0af2400a0af5f
:10698400210040102800a0af029d023c2064422454
:106994004000a2af019d023c6400f72625f00000f0
:1069a4004400a2afffffe7921800a227f4fffea65f
:1069b4008038070021a847004000a28f0000aa8e5b
:1069c4002520e0020a38477c4400a28f1000aaafb9
:1069d4000700052468df4624a296400f3c00aaafb6
:1069e4003800a28f0600e0a23c00aa8fdc38429453
:1069f4000100de2701004a252a10c2030000aaaec6
:106a0400e8ff40146c00f7260080043c8002062452
:106a140025280000cb95400f342f84243400a28f06
:106a24000080033c0080153c0400478c0800468c21
:106a34000c00458c1000448c00004a8ca835b52607
:106a440014396224f88080af14396aac040047ac6e
:106a5400080046ac0c0045ac100044ac9000b726ce
:106a64002520a002b899400f0c00b526fdfff516ad
:106a74002520a002180060ae1b00001a1881978f11
:106a840025a800008d81400f2000c48e25204000e1
:106a94004408047c0100032407008310019d053c85
:106aa4002530400070dfa5248f90400f2520000082
:106ab40016ff001007000624253040022528200276
:106ac400252060021c0062ae100077ae0f29400f33
:106ad400140075ae2d0040100100b5266c00f72699
:106ae400e8ff15163800d6263000a48f1800828cd3
:106af40009f84000000000000008432c18ff605013
:106b04006c00bf8f019d053c25304000a4dfa52407
:106b14008f90400f2520000011ff00106c00bf8fe4
:106b240091ff40103800a28f1800a28c0800c210f8
:106b34002518a0002510e0000100422482ff021263
:106b44006c0063241800648cfcffc414010042240c
:106b5400019d053c24dfa5248f90400f25200000d3
:106b6400eafe0010060006240200669680ffc0506c
:106b7400148180af019d053ce0dea5248f90400f79
:106b840025200000e1fe001005000624dffe0010b1
:0c6b9400080006240000028c3400000001
:020000040000fa
:020000041d00dd
:106ba000a8febd270001af275001b7af5401beaf0b
:106bb0004c01b6af4801b5af4401b4af4001b3af2b
:106bc0003c01b2af3801b1af3401b0af2001b727fb
:106bd0002510e001251880000000668c0400422486
:106be00004006324fcffe216fcff46ac2568a0030a
:106bf0004000a6272510a0030000a38c0400422417
:106c00000400a524fcffc214fcff43acc000ab256c
:106c10002518a0013800658c0400668c2400688c5f
:106c200000006a8cc23c2500421425002610470053
:106c3000824c2600823a0500c22926002610470011
:106c40002628a90021380a01c23006002110470079
:106c50002628a60021104500400062ac04006324f1
:106c6000edff63553800658c0001a5252801a5af0f
:106c7000c0b5053ccffba5342401a5af3771053c59
:106c80009144a524029d0e3c1cab163c3f92153c42
:106c9000f159143c5639133cb5e9123c2001a5af1b
:106ca0008a42053c1c01a98f1001a88f1801ac8fe6
:106cb0001401a78f0001aa8f0401a38f0801a28fde
:106cc0000c01a68f6497ce25d55ed626a482b53654
:106cd000f11194265bc27336a5db52360c0000100e
:106ce000982fb9240400c58d0000d98d0c00d28dd9
:106cf0002001a5af0800c58d1000d38d1400d48de0
:106d00001800d58d1c00d68d2401a5af2000ce25fe
:106d100026c0870182812800c25a28000000b18d58
:106d200026580b02422e280024c00803262865019d
:106d300026c00c0321c0b800212811032148a90056
:106d4000212839010400a98d2130c50026880701ba
:106d500024882602c25a26002688270282c92600d5
:106d600021488901428626002160290226c82b037a
:106d70002001a98f26c8300325c0430142f32a0011
:106d800082582a00216099012480430126587e01ff
:106d9000216089010800b98d828d2a0024c0020378
:106da00025c0100321104c002688710126580601c9
:106db000218838022458620121482502c2c22200db
:106dc00026586801828922002138f90025802a018d
:106dd00082f0290026883802422b290042ce220068
:106de000213867012401ab8f2480030224c02a01cb
:106df00026c839022628c50382f5290025c01802b5
:106e00002138f9002628be002158eb000c00b98d6e
:106e10002128b8002160ac0021186b0026c0c200f8
:106e2000422b2c0025802c01c2f2230082882c00ea
:106e300024c003038239230024800a022688250205
:106e400026c0060321401901822d2c0024c82c01e4
:106e50002638fe0042f6230025c819022638fe0017
:106e600026282502214008032128b90021400701d6
:106e7000219012012138ab001000be8d215052012b
:106e8000422b270025808701265843008240270097
:106e9000264005012480090224c88701c28a2a00ed
:106ea000822d270024586a0182c12a0025c81902b0
:106eb000265862012628050126c011032130de0074
:106ec000428e2a002140b9002130660126c01103fc
:106ed000219012012130d8002198d3001400b98ddf
:106ee000422b32002530f200825832002148330113
:106ef0002440f2002658650182c5320026286a0027
:106f00002430cc00265878012530c80024c0a900c0
:106f1000c28229008241290026280303264010014d
:106f20002130660121105900425e29002130d30032
:106f30002110a20026280b012128450042c326006b
:106f4000821026002558460221a0b4001800a88d02
:106f5000261058002458670182c5260024284602be
:106f60002160940125586501261058002628490102
:106f700021104b00c2c22c0082592c002428ac00e6
:106f8000211054002628aa00211868002640780104
:106f9000425e2c0026400b012118a30042c32200b0
:106fa000822822002558c200211868002628b8002f
:106fb00082cd22002458720124c0c20021a875008d
:106fc0001c00a88d2618b900252878012138f50065
:106fd0002118650026282c0121187500c25a2700a7
:106fe0002428a70082c127002628a9002150480193
:106ff00026c00b038240230042cb230025584300c8
:10700000428627002150aa0026c010032628190115
:107010002440660182cd23002458430021505801aa
:107020002628b90025400b0121b056012150a800a7
:107030002801a58f2000ad252140560229ffad145f
:10704000215056011c01a9af1001a8af1801acaf27
:107050001401a7af0001aaaf0401a3af0801a2afba
:10706000020000100c01a6af0000ea8d0000828c27
:107070000400ef250400842421504a00faffef1693
:10708000fcff8aac251000005401be8f5001b78f61
:107090004c01b68f4801b58f4401b48f4001b38fc6
:1070a0003c01b28f3801b18f3401b08f0800e0038a
:0470b0005801bd279f
:020000040000fa
:020000041d00dd
:1070b400029d023c986943249869468c04006394b9
:1070c40098ffbd27401002246400bfaf6000b5af35
:1070d4005c00b4af5800b3af5400b2af5000b1afce
:1070e4004c00b0af4000a6af4400a3a73800a0af47
:1070f400ff0082143c00a0a70080133c50017026be
:107104002000029201004330ef0060142590000239
:1071140002004230f70040546400bf8f0400b18c79
:107124000c00228ef30040106400bf8f0800b28c64
:10713400f0004012000000001800428eee004050a3
:10714400ffff12241c00428eea0040100080043c21
:107154003001062425280000cb95400f60018424cb
:10716400ffff03240080023c180003ae140003aeaa
:1071740010024224000055bc0f0000000080023cb5
:1071840020024224000055bc0f0000000080023c95
:1071940030024224000055bc0f0000000080023c75
:1071a40040024224000055bc0f0000000c00248e55
:1071b4000400258e0800228e990006245c0004ae8b
:1071c400940006ae36002496640002ae600005ae5c
:1071d4003000258e01008230240005aefcff05241a
:1071e4000b18a20010002f8e14002e8e18002d8e66
:1071f4001c002c8e100000ae220004a6280003ae52
:107204000000438e2000049208004a8e0c00498e30
:107214001000488e1400478e1800468e1c00458ec0
:1072240004004b8effff62300421047c0400422cd6
:10723400200004a268000fae6c000eae70000dae0c
:1072440074000cae2c0003ae30000bae34000aae5a
:10725400380009ae3c0008ae400007ae440006ae5c
:1072640003004010480005ae040002242c0002a6ce
:107274002e0002968000442cc2008010800003245b
:1072840088bf123c00205226990004242e0003a635
:107294004c0012aef28d400fb00000ae3e5e400fc7
:1072a400252000029400048eb795400fffff15249b
:1072b40000060524789a400f252040024400148ecd
:1072c4004800058e0000828e09f840002520000049
:1072d4009f005510030005241400838e140002ae91
:1072e40009f86000252000009900551000000000f6
:1072f4004800038e3c00058e2c00878e080066949f
:107304000c00648c1400638c1800a6af2000a4af9a
:107314000080063c0f0004241c00a5af2400a4af89
:10732400180002ae2800a3afc801c6241800a52780
:1073340009f8e0002520400085004004ffc0053422
:107344006499400f25204002029d083c2528000036
:107354002510000001000724cc5b08250800062442
:1073640004184700570063308020020003006010b7
:10737400010042240a20047d2528a400f9ff4614b4
:107384000418470088bf123c6899400f0020442627
:10739400300005246c99400f002044360200052477
:1073a400809a400f0020443625280000829a400f1e
:1073b400002044367099400f002044367499400fe1
:1073c400002044367899400f002044363b00228a3e
:1073d4003c0025923d0024923800229a4000a38f5d
:1073e4003400a5a33000a2af690043103500a4a364
:1073f4003800a38f6c0043103400a39788bf043c6b
:107404003000a5279892400f002084242c00059674
:10741400029d123c1000b0af08614726020006240a
:107424005b5d400f252000022c00039648004314a6
:1074340008614726300005961000b0af010006240d
:107444005b5d400f2520000230000396400043148a
:10745400000000003200129630004016030006249b
:107464003400129635004016020006245080828fa4
:1074740010000212259000023500401400000000a4
:107484009400048e2000338ef28d400f2400318e40
:10749400b795400f9400048e9c0000ae980000ae97
:1074a400a40000aea00000aea80013aeac0011ae64
:1074b400508090af20000292010003241c0003ae10
:1074c4000400627c200002a26400bf8f25104002e9
:1074d4006000b58f5c00b48f5800b38f5400b28f36
:1074e4005000b18f4c00b08f0800e0036800bd2746
:1074f4006400bf8fffff1224251040026000b58f87
:107504005c00b48f5800b38f5400b28f5000b18f19
:107514004c00b08f0800e0036800bd272528400216
:107524004250400f252000020900421600000000ce
:1075340034001296cdff4012253000002528400269
:107544004250400f50016426c9ff52105080828f70
:107554004a63400f500164266400bf8fffff12246a
:10756400251040026000b58f5c00b48f5800b38fc3
:107574005400b28f5000b18f4c00b08f0800e0036c
:107584006800bd270f0042243dff0010f0ff433088
:107594003400a4974400a39796ff83143800a38f64
:1075a4009bff00102c0005963c00a29794ff6214e8
:0c75b40088bf043c96ff00102c000596d8
:020000040000fa
:020000041d00dd
:1075c0003a01801000000000e0febd271401b7afb3
:1075d0000000978c0f00023c404242241c01bfafc8
:1075e0001801beaf1001b6af0c01b5af0801b4afc2
:1075f0000401b3af0001b2affc00b1af1e01e21253
:10760000f800b0af03000224258880002580a00088
:10761000e800a2a34200c014e400b7af080082242f
:107620008c00b227f000a2af251840023800882451
:1076300003004788070046880b0045880f004488f0
:107640000000479804004698080045980c004498ac
:1076500010004224000067ac040066ac080065ac72
:107660000c0064acf2ff481410006324030044884b
:1076700004004690050045900000449806004290a2
:1076800001001524040066a0000064ac050065a09c
:10769000060062a00100162425a000001000b327f8
:1076a0007c00268e7800258eca89400f2520600236
:1076b0004f00401025f04000ba9a400f252060028c
:1076c00025104002c300a327000040a0010042246f
:1076d000fdff4314000000003700c0130100022426
:1076e000ac00a327000040a201005226fdff431674
:1076f0001c01bf8f1801be8f1401b78f1001b68f08
:107700000c01b58f0801b48f0401b38f0001b28f53
:10771000fc00b18ff800b08f0800e0032001bd2706
:107720001f00c830421106002b4008002140020112
:107730008c00b2270800822425a8c000f000a2af68
:1077400025b000012518400238008924030047882d
:10775000070046880b0045880f00448800004798c2
:1077600004004698080045980c00449810004224f4
:10777000000067ac040066ac080065ac0c0064acab
:10778000f2ff49141000632403004488040046906b
:10779000050045900000449806004290040066a051
:1077a000000064ac050065a0bbff0015060062a0e8
:1077b000c3ff001001001e247c00268e7800258e59
:1077c0001000b327ca89400f252060025e004010d8
:1077d00001000624ba9a400f25206002010002240d
:1077e0000000238e01006324bdff0010000023aec3
:1077f00037000624252840022439400f2520600246
:10780000adff401425f0400025206002ad35400f4b
:10781000c400a52725f04000ba9a400f2520600239
:10782000a8ffc017251040020000228e0200422c43
:1078300004004014c400a38f0400228e1400625080
:1078400080002292800020a2040023ae0b00005290
:10785000010094260900a052010094262000a22ec7
:10786000140040102530a002c400a527f694400f54
:107870002520000225a80000010094262a10960267
:1078800088ff40547c00268e8eff00102510400299
:107890000100032492ff431001000224ffffc226cf
:1078a000261082020100422c21b0c202e7ff001024
:1078b000800023a2c400a48fc800a28fcc00a38f95
:1078c000030004aa000004ba070002aa040002bad6
:1078d000d000a28f0b0003aa080003bad400a58f22
:1078e0000f0002aad800a48f0c0002badc00a38ffc
:1078f000130005aae000a28f100005ba170004aa21
:10790000140004ba1b0003aa180003ba1f0002aa3d
:107910001c0002bae0ffb52620001026c200a327f3
:1079200000006290ffff642401004224ff00423007
:10793000d1ff4014000062a0f9ff43162518800013
:10794000ceff001001009426e800a5272439400f3f
:10795000252060029fff4014f000a58f3700062409
:107960002439400f252060029aff40142528400248
:10797000ad35400f2520600225206002ba9a400fe5
:10798000f000a2aff000a28f4a00401425180000ba
:107990003e002526ab00a627020000102520a000ef
:1079a00025302001000087900000c890ffff84244c
:1079b000ffffc9242138e80021186700010083a0d7
:1079c000f7ff4616007a637c1e0024260700272650
:1079d00000008690ffff842421186600ffff6330bb
:1079e000010083a0faffe414021a03002518a00086
:1079f000252000000000669037006890ffff632498
:107a00002130c80021208600010064a0f9ffe314a2
:107a1000007a847ca0b8177c02bc3700e400b7afc2
:107a2000e400a427e000a927251800000000a69084
:107a300003008890ffffa524ffff84242130c800a5
:107a4000211866000100a3a0f8ff2415007a637cca
:107a50003a00242600008590ffff84242118650049
:107a6000ffff6330010083a0faffe414021a030051
:107a70005cff00100000238e1c01bf8f0200022457
:107a80001801be8f1401b78f1001b68f0c01b58f8e
:107a90000801b48f0401b38f0001b28ffc00b18fd5
:107aa000f800b08f0800e0032001bd270800e003c4
:0c7ab000010002244aff00100100022423
:020000040000fa
:020000041d00dd
:107abc00c0ffbd270f000524020004242400b1af31
:107acc003c00bfaf3800b6af3400b5af3000b4af38
:107adc002c00b3af2800b2af8191400f2000b0afa3
:107aec0025884000010042300e0040140080133cf9
:107afc00020031323b0020160080123c3c00bf8f4c
:107b0c003800b68f3400b58f3000b48f2c00b38f93
:107b1c002800b28f2400b18f2000b08f0800e00342
:107b2c004000bd2704000010843773260200062491
:107b3c00a994400f25204002c697400f0200042450
:107b4c00ebff4010259040001800508ef88e400f2f
:107b5c00252000020000039601000224f3ff6214aa
:107b6c00f2ff05240400039606040224f0ff6214bd
:107b7c00020006241b00148a2800558e0400768e01
:107b8c001800149a2520a0025a98400f1c00b4af7c
:107b9c001100038a002102002320820080200400af
:107bac00251060000a20c47e0e00029a1800a5273a
:107bbc00d066400f1800a2af0500401025b0400061
:107bcc0008000626252840000471400f2520a0023d
:107bdc000400a28ea30082524200a296d3ff001092
:107bec0002000524843752261800438e6210023c92
:107bfc00d34d4224d007632419006200180043ae11
:107c0c001010000082110200329a400f140042ae94
:107c1c0025a84000b9ff40180400518e14003126ed
:107c2c0025a000000492400f252080021000308e09
:107c3c001d000012259840001400428e0800048e8e
:107c4c003400438e231044002b1043004800405452
:107c5c004200769607000010100036260800048ead
:107c6c003400438e231044002b104300400040543a
:107c7c0042007696ecff248e5395400ffcff0526b0
:107c8c00d86f400f2520c00204000526ffff0724f3
:107c9c0025300000d370400f252060021000308e7c
:107cac00eeff00561400428e0000308e1e00005273
:107cbc00ecff228e1400438e0800048e3000428e9e
:107ccc00231864002b1062000a004050ecff248e35
:107cdc0015000010ecff228e0800048e3000438e3d
:107cec00231044002b1043000f004054ecff228e55
:107cfc00ecff248e5395400ffcff0526d86f400fe8
:107d0c002520200204000526fdff07242530000055
:107d1c00d370400f252060020000308eeeff00561d
:107d2c001400428eecff228e2000238e2400428c05
:107d3c002b104300340040502400228e0100942666
:107d4c00b8ffb4163c0031263c00bf8f3800b68f0c
:107d5c003400b58f3000b48f2c00b38f2800b28f55
:107d6c002400b18f2000b08f0800e0034000bd2735
:107d7c001f0000100010d632120004962b10820047
:107d8c00190040500000108e3800468e0800058ef9
:107d9c001400428e02208670231045002b104400e4
:107dac00110040540000108e0100052425206002b3
:107dbc000300c012000163300b0060500000108ef5
:107dcc000400078e0400668e108082271400a0af7a
:107ddc00633f400f1000a2af120002960100422434
:107dec00120002a60000108eb0ff00520000308e70
:107dfc00fcff039600026230dfff405442004296c3
:107e0c00ddff001040004296ccff401025b0000072
:107e1c000c000010000000005395400fecff248e66
:107e2c00fcff07242530000004000526d370400f0a
:107e3c00252060022400228e2b10c202c0ff40506d
:107e4c0001009426d86f400f252020020100d62671
:107e5c0025804000f0ff4014fcff4524b8ff0010c3
:107e6c00010094260010423030ff4014020005241b
:107e7c001000c0122520a002060003960100022467
:107e8c002aff6214020005241100078a0400a68e42
:107e9c003c00a2260e00079a080010261400a2af80
:107eac001000b0af633f400f2520a0021fff001051
:107ebc00020005245a98400f0400748e0019020029
:107ecc00231062008010020021a082020000848e28
:107edc001800a5273769400f08001626e7ff405009
:107eec000600039600004394020063300700601004
:107efc002530c0021400872680000524c98a400f53
:107f0c0025204000ddff00100600039625284000c8
:107f1c000471400f2520a002d8ff00100600039624
:020000040000fa
:020000041d00dd
:107f2c00c8ffbd27010002242800b6af2400b5af5e
:107f3c002000b4af1800b2af3400bfaf3000beaffa
:107f4c002c00b7af1c00b3af1400b1af1000b0af32
:107f5c0025a0a0002590800025a8c0000300a21039
:107f6c0025b0e000bb00c01400000000017e400ff3
:107f7c0000000000f400401025984000b49a400f17
:107f8c00000000009c808393b8006014ffff632402
:107f9c00b69a400f25204000a880848f0f008010d7
:107fac00b880858f0000a28c06004014258000004c
:107fbc001300001025b800000a10a27c11004050dc
:107fcc00ac80848f010010262086107c2b180402b4
:107fdc0080101000f8ff601425b80002b49a400f0e
:107fec00ffff10249c808393252040000100632414
:107ffc00b69a400f9c8083a38a0000103400bf8f78
:10800c00ac80848f880006240800828c09f840001c
:10801c0001000524ac80848fa080859725884000c2
:10802c000400828c09f840000100a524ac80848fe8
:10803c009e80859725f040000400828c09f8400052
:10804c000100a524ab002012ac80848faa00c05381
:10805c0025284000a7004010a0808397b880848f0b
:10806c009e8085970100632480b817002128450065
:10807c002118c30321b89700140022ae1802022461
:10808c00180025ae040023ae3c0030a600003eae26
:10809c006a0022a6b49a400f0000f1ae9c80839334
:1080ac002520400001006324b69a400f9c8083a3d6
:1080bc00740023963e0022960000258ef3fd63305b
:1080cc00740023a67400248e1400278e6200299657
:1080dc00ffff63304450027c01000624000242344e
:1080ec000008847c080025ae0c0025ae100025aedf
:1080fc0000206830ffff0524720029a61c0027ae63
:10810c00200027ae380020ae340020ae540020ae44
:10811c005c0025ae640026a66e0026a6600020a694
:10812c003e0022a6400020ae790020a202000015dd
:10813c00770024a2480020ae00406330010060505c
:10814c00440020aeff00423201000324870020a22d
:10815c0024004312770022a24c0020ae6100401490
:10816c0000000000740022960408427e2500801254
:10817c00740022a6620033a6c687400f600035a6a5
:10818c003e00249601000324240022ae4408647ca3
:10819c004a0043123e0024a67700229201000324d9
:1081ac00370043504000228e0b000324760023a29c
:1081bc003400bf8f251000023000be8f2c00b78f0b
:1081cc002800b68f2400b58f2000b48f1c00b38f0d
:1081dc001800b28f1400b18f1000b08f0800e003ac
:1081ec003800bd27d88b400f2520200258004010a6
:1081fc004c0022ae740022960408427e28008016a1
:10820c00740022a63e00229601000324620033a6cd
:10821c000400627c3e0022a6760020a2720033a6e7
:10822c003400bf8f251000023000be8f2c00b78f9a
:10823c002800b68f2400b58f2000b48f1c00b38f9c
:10824c001800b28f1400b18f1000b08f0800e0033b
:10825c003800bd27b49a400f2598c0009c808393aa
:10826c004bff601025a80000ffff63242520400071
:10827c00b69a400f9c8083a348ff0010a880848f7f
:10828c00caff40100b000324bd86400f252020029e
:10829c00c5ff400401000324c5ff0010760023a293
:1082ac00620033a6c687400f600035a63e002396b9
:1082bc00240022ae4408437e3e0023a6b7ffc01222
:1082cc00770022920000c38eb5ff6050010003249a
:1082dc0001000424ecff4410400023aeb3ff001057
:1082ec000b0003249287400f25202002ccff0010a6
:1082fc00ffff1024252840000c00828c09f8400058
:10830c00ffff1024ac80848f0c00828c09f8400095
:10831c002528c003ac80848f0c00828c09f84000a7
:10832c0025282002b49a400f000000009c80839303
:10833c002520400001006324b69a400f9c8083a343
:10834c00b8ff00103400bf8fb5ff0010ffff1024e2
:08835c0082ff0010770022925d
:020000040000fa
:020000041d00dd
:108364005e0080049080878fe0ffbd271c00bfafb4
:108374002a1087001800b0af5300401025180000e1
:10838400bc99400f2580c0004f0040102520a0005c
:108394000080a6305400c010847b047c01000524b6
:1083a4001000832cf100601080200400019d033c28
:1083b400c48363240a20647c080080000000000059
:1083c4009086009de886009dbc86009d4886009da1
:1083d4000486009de885009ddc85009dd085009d78
:1083e400b885009dac85009d0484009d9885009d02
:1083f4008085009d7085009d5885009d7886009d30
:1084040031000012251800000000038e01006430c2
:1084140009008010020064300400058e4000448c82
:108424000100a530c418a47c0421a47c8410a47c7d
:10843400400044ac02006430050080100400643045
:108444000400048e4000847c440044ac0400643086
:1084540007008010080064300400048e480045942e
:108464008000847c0400857c480045a408006430b6
:1084740007008010100064300400048e4800459406
:10848400c000847c4408857c480045a41000643006
:1084940006008010200063300400048e4000458ce8
:1084a4000001847c8494857c400045ac0600601007
:1084b400010003240400048e4000458c4001847ca8
:1084c400c49c857c400045ac1c00bf8f2510600017
:1084d4001800b08f0800e0032000bd272518000015
:1084e4000800e003251060000040a530acffa01494
:1084f400020005241000852cf3ffa0108020040046
:10850400019d033c188563240a20647c08008000d4
:10851400000000004487009d2c87009d1487009d67
:108524004886009d0486009de885009ddc85009dad
:10853400d085009db885009dac85009d0484009d78
:108544009885009d8085009d7085009d5885009dbf
:108554007886009d480044942b30100001000324c9
:108564000400c47cd8ff0010480044a42b30100041
:10857400440046acd4ff0010010003244800449496
:108584002b30100001000324444ac47cceff0010a9
:10859400480044a44800449401000324c440047ed9
:1085a400c9ff0010480044a4630050a0c6ff001097
:1085b400010003244000448c2b30100001000324ec
:1085c4000484c47cc0ff0010400044ac620050a08e
:1085d400bdff0010010003243d0050a0baff0010ad
:1085e4000100032425204000e684400f1000a2afc0
:1085f4001000a28f01000324b3ff0010100050a448
:108604004000448c00028530afffa0142518000000
:108614002b8010008002847cabff90500100032467
:1086240025204000e684400f1000a2af1000a28f66
:10863400010003244000448c8452047ea2ff0010f5
:10864400400044ac4000438c030006320408c37c61
:108654004100c010400043ac010004240442837c68
:10866400ffff0424400043ac140044ac96ff001008
:1086740001000324480044940100062e0100032451
:108684008452c47c90ff0010480044a44000478cee
:108694003f0044900100a3380100632c0100062e22
:1086a4000400647c8410c77c400047ac3f0044a0b5
:1086b40085ff0010010003244000478c3f004490d4
:1086c4000100a3380100062e0100632c0421c77c9d
:1086d4008410647c400047ac3f0044a07aff001043
:1086e400010003244000478c3f0044900100a3385c
:1086f4000100632c0100062e4408647cc418c77c66
:10870400400047ac3f0044a06fff00100100032469
:108714004000448c0100062e010003240421c47c83
:1087240069ff0010400044ac4000448c0100062e58
:1087340001000324c418c47c63ff0010400044ac4f
:108744004000448c0100062e010003248410c47ce4
:108754005dff0010400044ac0442037c400043ac85
:10876400140040ac58ff00100100032456ff001011
:0487740025180000c4
:020000040000fa
:020000041d00dd
:10877800b0ffbd270000a2943000b2af0400928c75
:108788004000b6af3800b4af3400b3af2c00b1af7f
:108798004c00bfaf4800beaf4400b7af3c00b5af18
:1087a8002800b0afc439027c240096842588a00034
:1087b800259880000000a2a42900b0905d00401216
:1087c8001c00b48c2289400f252040029b004010d9
:1087d800f9ff03240100062425282002bc74400f59
:1087e8002520400295004010f9ff0324c50080129f
:1087f80029002292cf0002521c00228e040010266b
:10880800808010000a80907ec50000161000b0af6e
:108818002872400f2520c002ae004010253000000d
:1088280025280000637b400f2520c0027585400f76
:108838002520c002a7004010258040001c00278e7c
:1088480025300000010005240400e724653d400fa1
:108858002520c002290022921c00238e1800658e54
:1088680004004224801002000a10627c2000a6271f
:108878002520c002bf94400f2000a2af3500052478
:10888800f78a400f2520c0029996400f000000008b
:10889800ffff4230252040001935400f240022a652
:1088a800000104241935400f1000a2a70100042478
:1088b8001935400f1200a2a71000a38f1400a2a719
:1088c8001600a0a71800a0af1400a28f030003aae7
:1088d800000003ba070002aa040002ba0b0000aaab
:1088e800080000ba2000328e0c0004260d00032672
:1088f8002528400201005226ffff42925c004010ea
:108908002e0006242f000824740046102c0007248b
:10891800570048103e000624040047502310450223
:10892800f5ff46540100522623104502520000105c
:10893800ffff52240800848c040006241000a52799
:108948001000a0af1400a0af1800a0afb06b400f8c
:108958001c00a0af1c00248e04000624b06b400f3e
:108968001000a527ae9a400f259000002520400052
:1089780004000624b06b400f1000a527329a400f60
:10898800000000000500401c25a840000c00001055
:108998001000b2270a00b2521000b2270492400f0a
:1089a800252040022520400004000624b06b400f1b
:1089b8001000a527f7ff4014010052261000b22727
:1089c8002000a4272510400225f000000000438c59
:1089d800040042242b180300fcff821421f0c30377
:1089e80025a800000000578e040052260d00e01252
:1089f8002520e0022289400f00000000ffffc62763
:108a08002630d5000100c62c25282002050040107c
:108a18002520e002bc74400f0000000073ff4014e2
:108a2800000000000100b52604000224eeffa25653
:108a38000000578e1c0020aef9ff03244c00bf8fa6
:108a4800251060004800be8f4400b78f4000b68fe5
:108a58003c00b58f3800b48f3400b38f3000b28f2c
:108a68002c00b18f2800b08f0800e0035000bd270c
:108a780023904502ffff5226000092a025304002b5
:108a8800f694400f2520600021905200000040a27b
:108a9800010040a2280023920500422623805000ae
:108aa800ffff103201000224020043a2253000001b
:108ab800252800022520c002030040a2637b400f46
:108ac800040042a28e2b400f2520c002dbff50106d
:108ad80001000324d9ff0010f6ff03242398450260
:108ae800ffff7326000093a025306002f694400f24
:108af8002520600021205300252840027dff00101a
:108b08000100832442ff02121c00348e0400102648
:108b1800808010000a80907e3dff00121000b0afe8
:108b28001000a527d06d400f2520800238ff0010c7
:108b38000000000032ff54540400102634ff0010d7
:048b48000000000029
:020000040000fa
:020000041d00dd
:108b4c001800838cb8ffbd27030002244400bfaf7c
:108b5c004000beaf3c00b7af3800b6af3400b5af85
:108b6c003000b4af2c00b3af2800b2af2400b1afcb
:108b7c008d0062102000b0af0080133c8437752646
:108b8c000c00b18e7b002016259080006b00a0108d
:108b9c0025b8a0000400a2900400b08e00009494ac
:108bac00080000121000a2a2030040148437628e49
:108bbc00050054500800448ef161400f0000000085
:108bcc000400b08e0800448e0800ea8e0c00e98e7a
:108bdc001000e88e1400e68e2000e58e2400e28e54
:108bec000800a4ae843774ae3000aaae3400a9ae2f
:108bfc003800a8ae3c00a6ae4000a5a61700001297
:108c0c004200a2a65a98400f1000448e1000a49265
:108c1c005f008014002102000c00a28e01001024c1
:108c2c00010042240c00a2ae4400bf8f25100002ac
:108c3c004000be8f3c00b78f3800b68f3400b58f24
:108c4c003000b48f2c00b38f2800b28f2400b18f6a
:108c5c002000b08f0800e0034800bd270800828c7c
:108c6c003c00062409f840002528800225b040006d
:108c7c00320040100400a2ae0000e28e8437648ef5
:108c8c0040a0020021a08202c0a014007c00801829
:108c9c0028009426029d023c1000a2af029d023ccb
:108cac001400a2af029d023c029d1e3c1800a2af14
:108cbc000800a48e0400828c09f84000252880024c
:108ccc002580400028004a241000a28fbc41c927ef
:108cdc0025200002700f48241400a28f50614524f7
:108cec001800a28f13000012d06642240000eb8ef5
:108cfc0000000aae18000a2408000aae01000a247b
:108d0c00040016ae0c000bae10000aae140009ae37
:108d1c00180008ae1c0005aead93400f200002ae4b
:108d2c000000d0ae668d400f0400c4263a004014fb
:108d3c0000000000f161400f000000004400bf8ff4
:108d4c0025800000251000024000be8f3c00b78f2c
:108d5c003800b68f3400b58f3000b48f2c00b38f31
:108d6c002800b28f2400b18f2000b08f0800e003e0
:108d7c004800bd271000448e5a98400f0400b08e56
:108d8c001000a492a5ff80500c00a28e00210200be
:108d9c0023208200802004003e8d400f21200402fd
:108dac009eff00100c00a28e0080023c84374224ef
:108dbc00100050900e0000164000be8f4400bf8f74
:108dcc0001001024251000023c00b78f3800b68f2c
:108ddc003400b58f3000b48f2c00b38f2800b28fc5
:108dec002400b18f2000b08f0800e0034800bd279d
:108dfc001000848c5a98400f0400518c0021020002
:108e0c0023208200802004003e8d400f212024026c
:108e1c0086ff00104400bf8f668d400f1400c426df
:108e2c00c4ff40102400c426668d400f010031267b
:108e3c00c0ff4010000000000000c28e1800e48e3d
:108e4c003c00d6260c00428c02104470eb51043cc2
:108e5c001f85843463004224190044001010000064
:108e6c0042110200f8ffc2ae1c00e28efcffc2ae43
:108e7c008437628e2a1022028eff40540800a48e82
:108e8c000100063c0200c6241c000524e769400fc3
:108e9c003800042404004010029d043cfc58842437
:108eac00080044ac0c0040ac009d053cd0070624e7
:108ebc00bc7aa52402000424ac87400f4400a2ae67
:108ecc000080043ca4378424aa9a400f1c00a2ae54
:108edc004400a48e97ff8010000000001c00a48e9c
:108eec0094ff80100000000092ff40100000000072
:108efc000400b08e1800a0ae42ff00101400a0ae0b
:020000040000fa
:020000041d00dd
:108f0c002540c0002518e000255080009800e01492
:108f1c002510a0002b30a6003500c010000000006a
:108f2c00202805710600a0102320050006208a00c9
:108f3c000410a2000440a800251082000450aa00ce
:108f4c00023408001b004600f401c000ffff05318d
:108f5c0002240a0012380000101000000014020055
:108f6c00252044000248a7702b5889000a00601184
:108f7c002510e000212088002b5888000600601581
:108f8c00ffffe2242b588900040060512320890044
:108f9c00feffe22421208800232089001b0086008c
:108fac00f401c00010300000003406001220000054
:108fbc000238a470ffff45312528c5002b48a700b7
:108fcc000800201125308000212805012b40a80025
:108fdc0004000015ffff86242b28a7000100a054d5
:108fec00feff8624001402000800e0032510460052
:108ffc0004000015010002241b004800f4010001cc
:10900c001240000020580b7123006015200007242b
:10901c002328a80001000324023408001b00a6002a
:10902c00f401c000ffff073102240a0012280000df
:10903c001010000000140200252044000248e570c6
:10904c002b5889000a0060112510a00021208800ef
:10905c002b58880006006015ffffa2242b588900ae
:10906c000400605123208900feffa22421208800e7
:10907c00232089001b008600f401c000ffff4a3149
:10908c0010280000002c05002528aa001220000042
:10909c00caff00100238e4702338eb00044068016a
:1090ac000648e400023408000638e5001b00e60020
:1090bc00f401c0000410650125482201ffff0231b4
:1090cc00021c09001228000010380000003c0700a8
:1090dc002538e300025045702b60ea000a0080112d
:1090ec002518a0002138e8002b60e8000600801548
:1090fc00ffffa3242b60ea00040080512338ea0010
:10910c00feffa3242138e8002338ea001b00e60008
:10911c00f401c000ffff25311230000010380000b0
:10912c00003c07002528e500021046702b48a200e1
:10913c000a0020112538c0002128a8002b48a800bf
:10914c0006002015ffffc7242b48a2000400205165
:10915c00001c0300feffc7242128a800001c0300ec
:10916c00045064012328a200abff001025186700ef
:10917c002b40a700251800004e00001525100000fc
:10918c002050ea7007004015200009242b28e50028
:10919c004800a014010002242b1086000800e003f4
:1091ac000100423823482a010610260104384701e1
:1091bc0025384700041845010244070006282501fc
:1091cc001b00a800f4010001ffffeb300610240186
:1091dc0025104300021c0200122800001048000059
:1091ec00004c090025482301026065712b682c0195
:1091fc000a00a0112518a000214827012b6827017f
:10920c000600a015ffffa3242b682c010400a0511d
:10921c0023482c01feffa3242148270123482c01bd
:10922c001b002801f4010001ffff45301240000033
:10923c0010480000004c09002528250102586871cf
:10924c002b10ab000a004010254800012128a70074
:10925c002b10a70006004014ffff09252b10ab00b4
:10926c000400401000140300feff09252128a7006c
:10927c000014030004304601251049001900c200f7
:10928c002328ab00103800002b18a700070060142f
:10929c00123000000700a714251800000420440118
:1092ac002b2086000300801000000000ffff4224ea
:1092bc00251800000800e003000000002548c0004d
:1092cc00251080008b00e0142518a0002b30a60080
:1092dc003300c01020502a7108004011025c0900b4
:1092ec000418450123280a000628a4000448490153
:1092fc002518a30004104401025c09001b006b003c
:10930c00f4016001ffff2431121800001028000046
:10931c0002306470001c0500022c02002518650048
:10932c002b2866000800a05023186600211869003d
:10933c002b2869000300a0142b2866000100a05400
:10934c0021186900231866001b006b00f4016001f2
:10935c00ffff4230103000001218000002586470f9
:10936c00001c0600251062002b184b0009006050f1
:10937c0023104b00211049002b18490005006054a4
:10938c0023104b002b184b00010060542110490096
:10939c0023104b00061042010800e00325180000c2
:1093ac0004002015010003241b006900f4012001b6
:1093bc001248000020502a711f004015200007247d
:1093cc002328a900025c09001b00ab00f40160011a
:1093dc00ffff243112280000101800000230a47086
:1093ec00002c0300021c02002528a3002b18a60049
:1093fc00080060502330a6002128a9002b18a900d2
:10940c00030060142b18a600010060542128a90049
:10941c002330a6001b00cb00f4016001ffff42309b
:10942c0010280000123000000258c47000340500ef
:10943c00cdff00102510c2002338ea000448490172
:10944c000618e400023409000638e5001b00e600ab
:10945c00f401c00004104501ffff283125186200fb
:10946c00022c030012380000106000000210e8709b
:10947c00003c0c002538e5002b28e2000800a05029
:10948c002338e2002138e9002b28e9000300a0145e
:10949c002b28e2000100a0542138e9002338e20017
:1094ac001b00e600f401c000ffff65301230000025
:1094bc0010380000003c07002528e5000230c87079
:1094cc002b10a60009004010041044012128a9000b
:1094dc002b10a90005004014041044012b10a60009
:1094ec00010040542128a90004104401b5ff0010cc
:1094fc002328a6002b40a7005c0000152070ee70fe
:10950c000a00c0152b40e500030000152b40860017
:10951c005600001500000000231086002328a70029
:10952c002b1882000800e0032318a30020000b2452
:10953c0023586e01066066010438c701253887017f
:10954c000440c501024c0700062865011b00a90058
:10955c00f40120010610640125104800ffffe830db
:10956c0002640200122800001050000000540a008f
:10957c0025504c01021805712b6043010a00801123
:10958c002568a000215047012b604701060080157b
:10959c00ffffad242b604301040080512350430195
:1095ac00feffad2421504701235043011b0049010c
:1095bc00f4012001124800001050000000540a0071
:1095cc0002280971ffff4830254048012b10050186
:1095dc000a00401025502001214007012b100701e3
:1095ec0006004014ffff2a252b1005010400401033
:1095fc0000640d00feff2a252140070100640d00c8
:10960c000410c60125608a0119008201234005015e
:10961c000418c401106800002b200d012528a0019e
:10962c0012600000050080141230000007000d15b8
:10963c002b206c0006008010233066002330820142
:10964c002338a7012b6086012328ec002330660009
:10965c002b18660023400501231803010410630135
:10966c000630c601251046000618c3010800e003a9
:04967c0000000000ea
:020000040000fa
:020000041d00dd
:1096800088febd276001b0af648090876401b1aff0
:1096900025888000252000027001b4af6c01b3afb3
:1096a0006801b2af7401bfaf2590a00025a0c00033
:1096b0002872400f2598e0002c01422c9d00401498
:1096c00025284002ff78400f2520000225300000a9
:1096d00001000524d920400f25200002010062323c
:1096e00004004014253040022800228e9c00405483
:1096f0002800262601000524d578400f25200002e9
:10970000020073321c006012251000005801a627c9
:1097100001000524252000024980400f5801a2af16
:1097200025188002c418037c010002241e00625028
:109730005800228203000224930082121200a42700
:109740002a000624cb95400f252800004000238ed8
:10975000010104241000a4a7070002240600042429
:109760001200a4a3220082161400a3af2c00228ea4
:109770001f0000101c00a2af0400428e5801a62753
:1097800001000524252000024980400f5801a2afa6
:1097900025188002c418037c01000224e6ff62142d
:1097a00003000224580022827200410400000000dd
:1097b0004000338e580022922a00062425280000fb
:1097c0008410027c580022a2cb95400f1200a427df
:1097d00001010324f9ff82261000a3a74408027c9c
:1097e000060003241200a3a3e0ff40101400b3af4f
:1097f0003c0042260a1012000300438804004890ef
:1098000005004790000043982c0006241000a5276f
:10981000252000022c00a3af3000a8a3e891400f40
:109820003100a7a3c000062425280000cb95400fd7
:109830001000a427c00006241000a527e891400fbf
:10984000252000023801062425280000cb95400f72
:109850001000a427029d023c2c5d428c25200002b2
:10986000029d113c1000a2af1400a2272872400fe5
:109870004801a2affcff42244c01a2af0400022425
:109880005001a2af029d023c5401b4af083b4224f8
:109890008c5e312602000010029d133c0000228ed7
:1098a0004801a52709f84000252040020400312680
:1098b00043004004a85e65264c01a48f5001a68f8a
:1098c0004801a38f2320820021304600211062002e
:1098d0004c01a4af5001a6aff0ff25164801a2af7e
:1098e000ec00c2242c01422c04004010ffffc630c3
:1098f000400002245001a2af400006241000a5271a
:10990000e891400f252000028e2b400f25200002f9
:109910007401bf8f010002247001b48f6c01b38ffa
:109920006801b28f6401b18f6001b08f0800e0035d
:109930007801bd278e2b400f252000027401bf8fb8
:10994000251000007001b48f6c01b38f6801b28fd5
:109950006401b18f6001b08f0800e0037801bd277a
:1099600001000524bf94400f2520000265ff001070
:10997000020073329996400f0000000025984000c5
:109980008cff0010400022ae5400239602000224f7
:1099900084ff62102a00062425280000cb95400f82
:1099a0001200a4274000228e010103241000a3a767
:1099b000060003241200a3a38dff00101400a2af21
:1099c0002520000225300000637b400f2528000081
:1099d0007401bf8f251000007001b48f6c01b38f2c
:1099e0006801b28f6401b18f6001b08f0800e0039d
:0499f0007801bd2716
:020000040000fa
:020000041d00dd
:1099f400b0ffbd270f000524030004244c00bfafb3
:109a04004800beaf4400b7af4000b6af3c00b5afae
:109a14003800b4af3400b3af3000b2af2c00b1aff4
:109a24008191400f2800b0af010042300d00401476
:109a34000080133c4c00bf8f4800be8f4400b78f9a
:109a44004000b68f3c00b58f3800b48f3400b38f1c
:109a54003000b28f2c00b18f2800b08f0800e003d3
:109a64005000bd27029d143cc697400f03000424f8
:109a7400f0ff4010258840001800328e4000032477
:109a840000004292f00042300d004314f2ff05241e
:109a94000000508e808010003c0010321400022e12
:109aa40008004014030006241000228effff153224
:109ab4000c0042942b1055000600401000000000da
:109ac40003000624a994400f25202002e6ff00107d
:109ad400000000001935400f0200449625b04000f4
:109ae4002b105500f6ff4014f2ff05242791400f78
:109af400252020022b105600f1ff4014f2ff05240c
:109b04002800378eeeffe012ecff05244200e296b7
:109b140040004230030040540c00438ee9ff001023
:109b240003000624ffff0224e5ff6210f5ff05246d
:109b34000800e28e0400e48e271002002510440081
:109b4400e0ff62100300062410005e8eddffc013e8
:109b5400f4ff05240400428e0c00438e0000468e60
:109b64000800458e022402001000a6af1c00a3af1b
:109b74001400a2af1800a5af2000beaf1935400fe6
:109b84001200b6a71600a2a71400a28fff3f033c41
:109b940024104300caff4014f2ff05242000228e43
:109ba400000142302b004010253000000400e48ef8
:109bb4000800e38e241083001000c213ffff052465
:109bc4002b00c513c880828f271803002518640052
:109bd4002700c3132000a393e0000524f0006330a2
:109be400530065100001033c7f0063245500c31338
:109bf400010042305300c41300000000cc80828f67
:109c0400cc80838ffdff431400000000acff4010a4
:109c1400ecff05248982400f483964264839728e46
:109c2400252800024b004012252020020800429201
:109c3400fcff40500000528e0400428e09f84000a0
:109c4400000000003600401400000000f4ff001083
:109c54000000528e2528a0022135400f2520400205
:109c6400d3ff40500400e48e95ff0010f6ff052456
:109c740002004230e1ff4014000000001800308e62
:109c84001000258e0000028e0c00a394020004969e
:109c9400801002003c004230ffff52302318720053
:109ca400211002021c0022ae1935400f0c00a3a49f
:109cb4000600049623905200020002a61935400fb4
:109cc4002c0032a609000392060002a6ffff6224bc
:109cd400ff0042301100432c79ff6010f1ff05248e
:109ce40080100200a43e83260a10627c0a00401001
:109cf400ff3f033c0400048e241864005aff6014e0
:109d04000100062425282002a37f400f25204000bf
:109d140055ff40140000000069ff0010f1ff052406
:109d24005e88400f48396426d5ff00101800308e35
:109d340004004230d2ff40501800308eafff0010b4
:109d440000000000adff401400000000ccff001034
:109d54001800308e5e88400f4839642658ff001082
:049d6400ecff0524e7
:020000040000fa
:020000041d00dd
:109d68001800838cc8ffbd27030002243400bfaf4e
:109d78003000b7af2c00b6af2800b5af2400b4afa1
:109d88002000b3af1c00b2af1800b1af860062105c
:109d98001400b0af7480928f1600401225b880006e
:109da8001000e48e4200829408004230880040147b
:109db800253000007480828f0100102401004224a5
:109dc800748082af3400bf8f251000023000b78f37
:109dd8002c00b68f2800b58f2400b48f2000b38fd5
:109de8001c00b28f1800b18f1400b08f0800e00378
:109df8003800bd270080153c9038b1269038a0aeb9
:109e0800040020ae080020ae0c0020ae100020aeea
:109e1800140020ae180020ae1c0020ae200020ae9a
:109e28009000a010240020ae1000a38c0200022491
:109e38008c0062102598a0000400a68c0800848c71
:109e480040800600218006020400828c00811000f8
:109e580028001026100024ae09f84000252800022a
:109e68008000401025b04000253000022528000061
:109e7800cb95400f252040000400628e2800c326a1
:109e88000000c3ae0c00c2ae010002241000c2ae36
:109e9800029d023c483542241400c2ae029d023c99
:109ea800e0c742241800c2ae029d023c80684224ea
:109eb8001c00c2ae029d023c30000324b0124224b2
:109ec8000800c3ae2000c2ae2520c002ad93400feb
:109ed8000400d6ae0c00648e1400638e0800678ef2
:109ee8001000668e0400658effff7430ffff82301d
:109ef8001000422480a0140021a08202ffff022447
:109f08009038b6ae240022a6140027ae200024a65e
:109f1800220023a6180026ae1400a01c80a014005e
:109f280030000010019d053c20002396200000ae63
:109f3800100000ae8020030003006010140000ae83
:109f4800100002ae21104400220023960300601086
:109f580000210300140002ae211044000400638ea7
:109f68002a1843021e006010200002ae2528400275
:109f78005d95400f2520c0021000248e25804000ea
:109f8800252880020400828c09f84000010052262e
:109f9800e5ff4014040002ae8e74400f2520200215
:109fa80088ff0010258000001000848c42008294f5
:109fb8000800423083ff40100100102425300000c3
:109fc8004b7a400f252800007fff00103400bf8f18
:109fd8004b7a400f2528000077ff00107480828f8d
:109fe800019d053cc80006249c2ba524ac87400f86
:109ff8000f000424190040100c0022ae2400308603
:10a00800ffff022466ff0256788091af1800248e65
:10a0180025300000a49a400f350005240f00501089
:10a028002590400053000524a69a400f25204000a3
:10a038005300422c1800401025300000530006241d
:10a0480005000524d920400f2520400212004014a5
:10a05800253000004773400f25204002e08a400f5a
:10a068009038a4263400bf8f2580000025100002f8
:10a078003000b78f2c00b68f2800b58f2400b48f1e
:10a088002000b38f1c00b28f1800b18f1400b08f5e
:10a098000800e0033800bd2702000524d920400f3e
:10a0a80025204002029d063c253800002c5cc62471
:10a0b80000010524a286400f25204002e5ff40103c
:10a0c80000000000240032a635ff0010788091af10
:020000040000fa
:020000041d00dd
:10a0d8000400828c0800432cb9006010801802002c
:10a0e800019d023c14a142240a10437c90ffbd2725
:10a0f8006400b1af6000b0af6c00bfaf6800b2af32
:10a108002580a000080040002588800018a2009d36
:10a1180084a2009dfca2009d34a1009d9ca1009ded
:10a1280040a3009d98a3009db4a1009d8e8d400f73
:10a1380000008484180040106c00bf8f0000248643
:10a148004458400f2000a527b30040100c00258e6e
:10a158002700a4932600a393029d023c2500a79301
:10a168002400a693606742241400a4af019d043c18
:10a178001800a2af1000a3afdc8f400f3c2e842440
:10a1880009f8000225202002790040040500022475
:10a19800040022ae6c00bf8f6800b28f6400b18fdc
:10a1a8006000b08f0800e0037000bd279996400f4b
:10a1b800000000005f6b033c6bca63341900430066
:10a1c80010180000422503004019040023286400e9
:10a1d8008019050023186500c018030021186400c1
:10a1e800802003002118640080190300eaff43540b
:10a1f8006c00bf8f029d053c019d043c6067a5244f
:10a20800dc8f400fb42e8424e3ff00106c00bf8f56
:10a218000080023c2397400f2c39448c7600400480
:10a2280002000324dcff43146c00bf8f0492400f2c
:10a2380025200000258040007596400f252040000d
:10a2480025200002359a400f259040007269400f82
:10a2580025204000029d073c019d043c253040001c
:10a268006067e72425284002dc8f400f682d84248e
:10a2780001000224c7ff0010040022ae0492400f20
:10a288002520000025204000ba8f400f258040007f
:10a29800c1ff40106c00bf8fb993400f252000020a
:10a2a800252000027596400f259040002528400083
:10a2b800029d023c6067422402461200003c437e35
:10a2c800019d043c1800a2af003a477eff004632c9
:10a2d800a42d84241400a8afdc8f400f1000a3af76
:10a2e8004768400f0000000002000224a9ff001088
:10a2f800040022ae08008594253000000e5d400f52
:10a3080001000424029d073cffff0324000022a64d
:10a318000800268e0c00258e310043106067e72464
:10a32800019d043cdc8f400f0c2e84240300022482
:10a3380098ff0010040022ae8e8d400f0000848428
:10a34800060040500c00258e5491400f00002486d2
:10a358001d004010000000000c00258e029d063ce8
:10a36800019d043c6067c624dc8f400f902e842436
:10a378006c00bf8f06000224040022ae6800b28f72
:10a388006400b18f6000b08f0800e0037000bd2743
:10a39800ed7a400f000084846c00bf8fffff022419
:10a3a800000022a602000224040022ae6800b28f38
:10a3b8006400b18f6000b08f0800e0037000bd2713
:10a3c8000800e0030000000009f800022520200230
:10a3d80071ff41046c00bf8fe7ff001006000224e4
:10a3e800019d043cdc8f400fdc2d842407000224ef
:10a3f80068ff0010040022ae029d053c019d043c4c
:10a408006067a524dc8f400f3c2d842407000224bc
:10a4180060ff0010040022ae029d063c019d043c32
:10a428006067c624dc8f400f642e842454ff00101c
:04a438000000000020
:020000040000fa
:020000041d00dd
:10a43c0078ffbd276c00b1af1000918c8000b6afd7
:10a44c007c00b5af7800b4af7400b3af7000b2af9e
:10a45c006800b0af8400bfaf1c00908c4200229605
:10a46c001400879425908000845a027e25a8a000b1
:10a47c002598c000580027a6420022a64400348e1e
:10a48c000e00a0105400368e0c00c01000008596f3
:10a49c000000a28e5900a210feffc3242510a002ba
:10a4ac0004000010ffff06240000448c5400a4108c
:10a4bc00ffff6324fcff6614080042240100022401
:10a4cc005400025200004296019d073c029d103c34
:10a4dc004c8be724b83210260a000010029d143c65
:10a4ec0009f8e000252040021b00405000000696b1
:10a4fc000c0010260c3383262a0003525000248ea5
:10a50c000400078ef6ffa012252800008d006012b3
:10a51c00000005960000a28e1f004510feff63266a
:10a52c002510a00204000010ffff06240000448c3c
:10a53c001a00a410ffff6324fcff661408004224d9
:10a54c002528000009f8e00025204002e9ff4054ce
:10a55c000c00102600000696029d053c28c5a5247b
:10a56c00252000008f90400f6000a2af6000a28fea
:10a57c008400bf8f8000b68f7c00b58f7800b48fbd
:10a58c007400b38f7000b28f6c00b18f6800b08f05
:10a59c000800e0038800bd272510a002d0ff0010a2
:10a5ac000400458cf3ff80108400bf8f4400228e82
:10a5bc00010006244c00428c09f840009607052443
:10a5cc00620040108400bf8f430023928000b68f3e
:10a5dc003f00633040006334430023a27c00b58ffe
:10a5ec007800b48f7400b38f7000b28f6c00b18f91
:10a5fc006800b08f0800e0038800bd272510a0027a
:10a60c000400568c01000224afff0216540036ae33
:10a61c00000042960800438e3e00a7a73c00a2a76c
:10a62c00029d023c986842241000a2af029d023c9d
:10a63c00a46842241400a2af029d023cb0684224dc
:10a64c001800a2af029d023c9ca742242000a2af9e
:10a65c00029d023c04fe42242400a2af029d023c57
:10a66c00a45242242800a2af029d023c64844224de
:10a67c002c00a2af029d023cf86342241c00a3af45
:10a68c003800a0af4000a0af4400a0af4800a0af7e
:10a69c004c00a0af3000a2af989a400f3400b1af7d
:10a6ac009a9a400f4000a2a73f00238a40002492b0
:10a6bc001c00458e3c00239a4c00a4a3410024921c
:10a6cc001800468e4500a5a34800a3af4400a6a3de
:10a6dc004d00a4a3000084960800838e4200a2a71c
:10a6ec001000a2274600b0a75000a0a35400a2afb0
:10a6fc005800b6af09f860005000a527ffff1024e2
:10a70c001b0050104c0022ae1c00828e0000849660
:10a71c0009f84000030005246bff5014500022aed2
:10a72c000400868e029d053c500020ae4c0020aeed
:10a73c0004c5a5248f90400f252000008cff00102d
:10a74c002510000066ff0010252860024400238eaf
:10a75c00029d053c5cc5a5240400668c25200000e8
:10a76c008f90400f6000a2af81ff00106000a28f9d
:10a77c000400868e029d053c4c0020aed4c4a5245a
:10a78c008f90400f2520000079ff0010251000004d
:020000040000fa
:020000041d00dd
:10a79c0060ffbd270f000524060004248400b2af1f
:10a7ac009c00bfaf9800b7af9400b6af9000b5afa8
:10a7bc008c00b4af8800b3af8000b1af8191400f73
:10a7cc007c00b0af25904000010042300e004014d8
:10a7dc000080153c02005232290040169c00bf8fad
:10a7ec009800b78f9400b68f9000b58f8c00b48f03
:10a7fc008800b38f8400b28f8000b18f7c00b08f43
:10a80c000800e003a000bd27130000100080163cd8
:10a81c001800118e253800002530e0022528600232
:10a82c0025200002e959400f0c00348e070040141b
:10a83c00f6ff052400006296080003247a004350ba
:10a84c002800048e46004010f3ff05240600062461
:10a85c00a994400f25200002c697400f060004243f
:10a86c00dcff4010258040002c0017960800e22edb
:10a87c00e7ff40501c00138ef4ff0010f2ff05247c
:10a88c00c687400f0080113c1000a427b899400fd8
:10a89c00259040006839308e1400001225280000e5
:10a8ac00050000100400028e100040102528000244
:10a8bc00258040000400028ebc80838f231042024e
:10a8cc002b104300f8ff40540000028ec984400f47
:10a8dc0068392426252800023691400f1000a42741
:10a8ec000000028ef2ff4014252800020080113c6b
:10a8fc0009000010743931261c00028e04004050ef
:10a90c002528000209f840002000078e25280002a7
:10a91c003691400f252020024591400f1000a427ae
:10a92c0025804000ffff062425284000f2ff40143c
:10a93c00080044249c00bf8f9800b78f9400b68ffa
:10a94c009000b58f8c00b48f8800b38f8400b28fc9
:10a95c008000b18f7c00b08f0800e003a000bd2701
:10a96c006839b18ebaff20120600062404006496e2
:10a97c000400001025280000580040102528200253
:10a98c002588400012002296fbff44540000228ec2
:10a99c001000239606006296f7ff62540000228e88
:10a9ac0008002a8e0c00298e1000288e1400278e89
:10a9bc001800268e1c00238e2000228e6839a426b7
:10a9cc005800aaaf5c00a9af6000a8af6400a7afa5
:10a9dc006800a6af6c00a3afc984400f7000a2af93
:10a9ec00252820023691400f7439c4266c00a28fa2
:10a9fc0008007326f8fff7266400b3af6800b7a70a
:10aa0c005c00b4af91ff4010020005247000a78fca
:10aa1c00252820022530000009f840005800a42702
:10aa2c008aff001002000524258b400f10002526fc
:10aa3c0086ff4014f1ff05241c00048e2800118ea3
:10aa4c0002008294000080a4ff0046300800c3245a
:10aa5c00ff006330252840000800672c0800e01038
:10aa6c000438657c003a427c01004224ff004230ed
:10aa7c0003004014047a457c0900c6240438c57cc4
:10aa8c00020085a4253000000100052425200002c9
:10aa9c00cb52400f000000ae1800028e2530000093
:10aaac00252800020c00438c1000428c1000a427b7
:10aabc004800a3af4c00a2af202d400f5000b1af07
:10aacc0065ff401406000624faff0524a994400fe4
:10aadc002520000260ff0010000000005bff00104a
:04aaec00f3ff05244b
:020000040000fa
:020000041d00dd
:10aaf000c8ffbd273400bfaf3000beaf2c00b7afda
:10ab00002800b6af2400b5af2000b4af1c00b3af2f
:10ab10001800b2af1400b1af497e400f1000b0afc3
:10ab20009b004010029d123c258840006c63522619
:10ab3000029d133c029d143c029d163c029d153c57
:10ab4000029d173c9000308e430000120000000070
:10ab50001000028e0400428c62002216ba03052403
:10ab60000f000392020002244d006214bb0305246f
:10ab70000c000292ffff4224ff0043300500632ccb
:10ab800050006010c70305240e0004920100032446
:10ab90008b00831000000000806363268010020099
:10aba0000a10627c2528000209f8400025202002b6
:10abb0000e0002920600432c4600601000000000c8
:10abc0000500422c240040140000000010001e8ede
:10abd0000400c28f47002216bc0405240d00029217
:10abe00001004230130040540c0003920800c28f51
:10abf000440040500c0003920e000492ffff832497
:10ac00000400632c73006054080007960700832c2f
:10ac100083006010050003245900831025300000d4
:10ac2000080007962528000209f840002520c003e7
:10ac30000c000392030002240700621002000724a4
:10ac40009000262625280002675f400f252020025d
:10ac5000bdff00109000308eb49a400f000000003d
:10ac6000000023922520400001006324000023a25d
:10ac70003400bf8f3000be8f2c00b78f2800b68ff6
:10ac80002400b58f2000b48f1c00b38f1800b28f42
:10ac90001400b18f1000b08fb69a400b3800bd275a
:10aca0007e92400f252040020c000292ffff4224ba
:10acb000ff0043300500632cb4ff60540e00049283
:10acc000c70305247e92400f25204002070002247e
:10acd0000e0002a25c9a400f1000248eb8ff0010f4
:10ace0000e0002927e92400f252040029dff001030
:10acf0000f0003927e92400f1c638426b8ff001061
:10ad00000d00029203000224d3ff62100000000035
:10ad100090003e8e3500c013560205249400228e0a
:10ad20003900c253940020ae0000c28f900022aec2
:10ad30009800228e02000324ffff4224980022aed6
:10ad40000f00c293320043140601052427001e168b
:10ad500056020524a000228e280040100000c0af3b
:10ad600000005eaca0003eaea400228e0100422492
:10ad7000a40022ae0300022472ff00100f00c2a341
:10ad8000040002240e0002a2a5ff00100800c28fda
:10ad90003400bf8f3000be8f2c00b78f2800b68fd5
:10ada0002400b58f2000b48f1c00b38f1800b28f21
:10adb0001400b18f1000b08f0800e0033800bd27e9
:10adc0005a9a400f1000248e0c00029272ff00105d
:10add000ffff4224010006242528000209f8400054
:10ade0002520c00393ff00100c0003927e92400fb9
:10adf000a064a426d8ff0010a000228ea0003eaec2
:10ae0000d9ff00109c003eaec9ff0010900020ae9c
:10ae10007e92400ff060c426ccff001000000000be
:10ae2000f30405247e92400f0863e4260800c28fd5
:08ae30007bff0010ecff06247b
:020000040000fa
:020000041d00dd
:10ae3800c0ffbd272000b0af3c00bfaf3800b6afa1
:10ae48003400b5af3000b4af2c00b3af2800b2afb8
:10ae58002400b1af0d008004258000009080828f0f
:10ae68002a1082000a0040103c00bf8fbc99400f96
:10ae78000000000005004010258840003c0052906a
:10ae8800010002240c004212000000003c00bf8fa9
:10ae9800251000023800b68f3400b58f3000b48f0b
:10aea8002c00b38f2800b28f2400b18f2000b08f00
:10aeb8000800e0034000bd274896400f25202002e7
:10aec800f3ff40103c00bf8f4000278e0002e230a5
:10aed800530040500800308e0c00228e54005094cd
:10aee800ebff00123c00bf8f1400228e5000401070
:10aef8008000e230500040102400248e4f00805023
:10af08008001e77c0300e23002000324890043103b
:10af1800000000001400228e0c00338e1800238ecf
:10af28000002e7303c0062ae380063ae400064ae19
:10af38004e00e0101c00748e540070964800752670
:10af48000800022408001626ffffd6321000638e80
:10af58002a0024960c006594211045001935400fed
:10af68000c0062a4280024961935400f000082a620
:10af7800020082a61935400f2520c0022400238e26
:10af8800040082a6060080a6600063900200633079
:10af98004f0060503c00638e3c0063924800228e54
:10afa800e0000424f0006330c028497c6300289244
:10afb8003a0064104002427c1c00a7272530c002da
:10afc80011000524252060021e00a2a31d00a8a3cd
:10afd8004e33400f1c00a9a3000060ae25100000ee
:10afe800340062a62f9a400f25206002a8ff401463
:10aff8003c00bf8f4000228e1000638e000242305a
:10b00800230040100c0060a4540060a62000628e4b
:10b0180025800000c418027c9cff0010200062ae4e
:10b028000000228e23800202adff0010ffff1032c5
:10b0380096ff0010258000008001e77c1800262676
:10b04800a573400f1400252625204000f8ff401066
:10b05800240022ae40002292c0ff032425104300a2
:10b06800400022a2a7ff00104000278e0000228e79
:10b078000800308e25a8000023800202ffff10324e
:10b0880008000226ffff4230b0ff001025b0400044
:10b098000000228eddff0010080022ae0b90080190
:10b0a8001c00a7272530c0021100052425206002b6
:10b0b8001e00a2a31d00b2a34e33400f1c00a9a37b
:10b0c8004000228e000060aec5ff00108004427c64
:10b0d8003800678e253000001400a3af0c0005244b
:10b0e800001103241000a4271800a3a71000a7af7d
:10b0f8002135400f1a00a2a74000238e2710020016
:10b108000002633011006010ffff4630080005247c
:10b118002135400f252080020800a48e2710020048
:10b12800ffff46302135400f252800029aff001006
:10b13800060082a66391400f00000000140022aeb2
:10b148002400248e74ff00104000278e2528c0029a
:10b158002135400f252080028fff0010060082a6af
:020000040000fa
:020000041d00dd
:10b1680088ffbd27029d023c2800a2af029d023c39
:10b178002c00a2af029d023c3000a2af029d023c0f
:10b188003400a2af029d023c3800a2af029d023cef
:10b198003c00a2af029d023c4000a2af029d023ccf
:10b1a8004400a2af029d023c5400b1af5000b0afc2
:10b1b800019d113c029d103c4800a2af029d023c3b
:10b1c8006c00b7af6800b6af6400b5af6000b4af4d
:10b1d8005c00b3af5800b2af7400bfaf7000beaf31
:10b1e800f86a1026029d123c029d163c0080133c12
:10b1f8004cb331264c00a2af029d153c029d143c75
:10b20800029d173cd594400f000000002200401812
:10b218007400bf8f010005241875400f2400a4276f
:10b2280001000324f7ff43142400a3930d00042412
:10b2380020f4037c2300c4130a0004242100c4134f
:10b24800080004242e00c4137f0004242c00c41317
:10b25800e0ff63245f00632ceaff6010a087842668
:10b26800dc8f400f2528c0034c81838f4000642c5d
:10b2780046008010503865260100642421186500b6
:10b288004c8184afd594400f00007ea0e2ff401ca3
:10b29800010005247400bf8f7000be8f6c00b78f4b
:10b2a8006800b68f6400b58f6000b48f5c00b38f00
:10b2b8005800b28f5400b18f5000b08f0800e003df
:10b2c8007800bd27538b400f252000024c81828fc8
:10b2d80001000324120043100200422c0400401411
:10b2e80098874426538b400f6887c426988744263e
:10b2f800538b400f4c8180afc2ff0010000000004c
:10b308004c81828fbfff4010ffff4224fc6aa426b5
:10b31800538b400f4c8182afbaff00100000000031
:10b32800503865829fffa224ff0042301200432c50
:10b338004c006010801002000a10227e08004000b5
:10b3480000000000ccb3009d6cb4009d6cb4009d5f
:10b358006cb4009d6cb4009d6cb4009d6cb4009df1
:10b36800fcb3009d6cb4009d6cb4009d6cb4009d52
:10b378006cb4009d6cb4009d4cb4009d6cb4009df1
:10b388005cb4009d6cb4009da8b3009da487e4261e
:10b39800538b400f4c8180af9aff001000000000d3
:10b3a8002c00a28f538b400f38874424cb8f400f3b
:10b3b800000000004a92400f00000000ccff00107f
:10b3c800988744263000a28f538b400f1c87442453
:10b3d8001000a4271166400f140005243400a28f22
:10b3e8001000a527dc8f400f30874424c0ff0010d1
:10b3f800988744263800a28f538b400fa486442494
:10b408003c00a28f538b400fb08644244000a28f8b
:10b41800538b400fc48644244400a28f538b400fa3
:10b42800d88644244800a28f538b400fec864424ce
:10b438004c00a28f538b400f04874424acff0010ac
:10b4480098874426e15a400f00000000a8ff00102a
:10b45800988744264768400f00000000a4ff0010aa
:10b46800988744262800a28fdc8f400f4887442401
:08b478009fff00109887442695
:020000040000fa
:020000041d00dd
:10b48000c0ffbd273c00bfaf3800b5af3400b4af3c
:10b490003000b3af2c00b2af2800b1af4500c014ec
:10b4a0002400b0af2598a000020014244000828c34
:10b4b000360040102590a000258880003c0085249f
:10b4c000a988400f252040003d00401025a800001d
:10b4d0003f00438840004590410044903c00439821
:10b4e0001400a5a31500a4a31000a3af400022ae32
:10b4f0001000b0270000438e250060542510000086
:10b50000252840021c8f400f252040001f004010be
:10b5100025884000280042ae000807243c0046244d
:10b5200025280002227a400f252040025300a01651
:10b53000010006242000428e2528400210004234db
:10b54000200042ae5484400f25202002100000103d
:10b5500001000224d480828f5b0040140080103ce4
:10b56000019d053c253000009c3ca5246c86400fc5
:10b570002520000053004014d48082af029d053c7a
:10b580002837a5248f90400f2520000025100000ab
:10b590003c00bf8f3800b58f3400b48f3000b38fbc
:10b5a0002c00b28f2800b18f2400b08f0800e00378
:10b5b0004000bd2725988000bcff00100100142426
:10b5c0003c00358effff02242600a2124000308e80
:10b5d0006391400f252000022100a2524000308ece
:10b5e0000400001203000224630003925b00625017
:10b5f0001000a0af3c00229220004224ff00423005
:10b600001000422c460040543d0022923c00238e04
:10b610000400028e0800048e2610620024104400ec
:10b620002500401401001524010007241000a6275e
:10b630001800a52725200002d67b400f1800a3afd5
:10b640000200032442004310010003244408027c4a
:10b65000ceff431425800000a6ff00104000228e7c
:10b66000ffff02241000a2af1400a2a701001524be
:10b67000251000029fff00101000b0272791400ff7
:10b68000252040025e002396f2ff4224ffff423055
:10b690002b186200beff605425100000adff0012a1
:10b6a000252840028289400f252020022710020011
:10b6b000b7ff0010c21702000c00038edaff001063
:10b6c000020015240080103c583904268982400f5e
:10b6d000580031960080043c4591400f8039842405
:10b6e000230040101800a38f252840005839042655
:10b6f0000c0043ac040054a0050051a03691400f4b
:10b70000080053ac5e88400f583904262000438e51
:10b7100001000224080063349dff0010200043aea6
:10b720003e002396010004247f0042301000a4a7ad
:10b730005e0004241300a2a31200a4a31400a3a774
:10b740004000228e1000b0276aff0010010015246f
:10b750004000228e67ff00101000b0271400a0a741
:10b760004000228e1000b02762ff00100100152457
:10b77000029d053c5837a5248f90400f25200000de
:10b780005e88400f5839042681ff00102510000004
:020000040000fa
:020000041d00dd
:10b7900050febd279401b0af648090879c01b2af8a
:10b7a0002c000624259080004801a52725200002b2
:10b7b000ac01bfafa801b5afa401b4afa001b3af56
:10b7c0009801b1afde3f400f4801a0a34801a39309
:10b7d000020002240e006210c0000624258800002a
:10b7e0009185400f25200002ac01bf8f251020025b
:10b7f000a801b58fa401b48fa001b38f9c01b28fb3
:10b800009801b18f9401b08f0800e003b001bd270b
:10b8100025280000de3f400f25200002c000032441
:10b82000efff431425880000380106241000a527e7
:10b83000de3f400f2520000225a040000400422cde
:10b84000e7ff401425880000029d023c1000a38ff2
:10b850002c5d428ce2ff621400000000329a400f1f
:10b860000000000025a840002e0040187080938f33
:10b8700003000010000000002a00b1125c007326d3
:10b880000492400f25202002fbff401001003126ca
:10b890004200439440006330f7ff60100000000056
:10b8a0005800639201006330f3ff60100000000055
:10b8b00056006396c418037cfdff6324fdff6330cc
:10b8c000edff60144c01a48f4000638eeaff8314e7
:10b8d000060006243c0045242e92400f6401a42754
:10b8e000e5ff401400000000100053122520000264
:10b8f0002880400f25280000ac01bf8f258800005c
:10b9000025102002a801b58fa401b48fa001b38f28
:10b910009c01b28f9801b18f9401b08f0800e003b1
:10b92000b001bd27aeff40162588000058004292a6
:10b930000400423007004014fcff94265900429254
:10b94000010003240400627c5801a38f590042a225
:10b950002c0043ae1400a227029d113c7c01a0af35
:10b960008001a0af8401a0af8801a0af8c01a0af7f
:10b970007401a2af7801b4af00393126029d153ca5
:10b98000029d133c95ff801a7401a68f3500022496
:10b990000000c4901a00821001000324a03ba226dc
:10b9a000e03b65260b0083500400428c08004224d3
:10b9b000fcff45540000438c0100c2900200422469
:10b9c0002130c20023a082027401a6afedff001057
:10b9d0007801b4af7401a52709f840002520400282
:10b9e000090040187401a38f7801b48f21186200f8
:10b9f00023a082027401a3afe2ff00107801b4af6c
:10ba0000f4ff00102510200275ff40142588000067
:10ba10007c01b18f02000324090023128001a28f50
:10ba2000050004240c002452540044962400438e44
:10ba30006bff62542588000069ff001000000000c1
:10ba400058004392240042ae010002248410437c3b
:10ba500063ff0010580043a209008350580043922e
:10ba60002400438e5eff6254258800007401a527e0
:10ba70009a57400f2520400259ff00100000000097
:10ba8000240042ae010002248410437cf7ff001022
:04ba9000580043a275
:020000040000fa
:020000041d00dd
:10ba9400c8ffbd270f000524090004242800b2af05
:10baa4003400bfaf3000b4af2c00b3af2400b1af4b
:10bab4008191400f2000b0af0100523025004016a4
:10bac400000000003400bf8f3000b48f2c00b38f0f
:10bad4002800b28f2400b18f2000b08f0800e0034b
:10bae4003800bd272518830077006a540100e72435
:10baf400010002243c0002a24800029602004230e7
:10bb040005004010e000032410006292f00042306f
:10bb14001d004314f1ff0524252820023691400f0f
:10bb24004c000426600002960001423009004010d7
:10bb3400000000005800028e0600401000000000c3
:10bb44005c00078e2800258e1200048609f8400048
:10bb540000010624c697400f09000424d9ff4010b1
:10bb6400258840002c0022960800422c0600401430
:10bb7400f2ff05242000228e4004427c070040503e
:10bb84001c00348ef1ff052409000624a994400ffb
:10bb940025202002efff0010000000001935400f9f
:10bba40004008496258040002c002296f6ff501451
:10bbb400f2ff052406008296050040101800338e1b
:10bbc4002000228e00044230520040100011022452
:10bbd400000084961935400ff8ff10260200849661
:10bbe4001935400f000082a69080898f020082a63a
:10bbf400040090a6e3ff201928002b8e9480888fe0
:10bc04002538000002000d3c01000c240f000a241a
:10bc14000000108d2c0000520100e7244000058e26
:10bc24002418ad00280060500100e724620004924b
:10bc34005400038e2a186400230060500100e72496
:10bc44002a000396200062540100e7243c0003927a
:10bc540023006c5028000e961b0060540100e7245a
:10bc640028000e9600008696251840022000c61172
:10bc7400252000000400a63002006e340b18c60113
:10bc84002400068e05006651040084341200c0109e
:10bc94000800a6300100c054040063341c00068e62
:10bca40090ffc050080063341000a5308dffa054ed
:10bcb400080063341800258e0c00a58c1100c550b3
:10bcc400080084340100e724d1ffe91404000825a6
:10bcd400adff0010f1ff0524f0ff001004006334f1
:10bce4000000869625180000e2ffc61525204002b4
:10bcf4002400068ee5ff661502008434e7ff001079
:10bd04000400843478ff8a54251883007bff0010d4
:10bd1400480002961800a2a71000638e04008296c1
:10bd24000c00678e253000000c0005241000a427a9
:10bd34001400a3af1000a7af2135400f1a00a2a72b
:10bd44002000238e27100200040063300a006010d4
:10bd5400ffff46302538c000252880022530000228
:10bd6400e959400f2520200299ff4010f6ff0524d1
:10bd740086ff001009000624252800022135400f03
:0cbd840025208002f8ff001000000000e5
:020000040000fa
:020000041d00dd
:10bd900020ffbd27c800b4afdc00bfafd800beafe6
:10bda000d400b7afd000b6afcc00b5afc400b3afce
:10bdb000c000b2afbc00b1afb800b0afae008010f1
:10bdc000f000b48f7600a010340011242400022467
:10bdd000080087ac140094ac040094ac0c0080ac58
:10bde000100080a00b884600feff02242800a2afae
:10bdf000800002242000a2af3000a227029d1e3c3a
:10be00001c00a2af300002242598c0002590a0009d
:10be1000258080002400a0af1800a0af1400a0afc0
:10be20001000a2af0450c7272530000025280000cd
:10be30006161400f25200000880040540300022467
:10be4000029d163c3507d6263000b527b000b7272f
:10be50002520c0022538a00203000010d3000324cf
:10be600000008390010084240000e5900100e72495
:10be700026186500fafff7142510430076004014d9
:10be8000029d053cfeff02242800a2af8000022490
:10be90002000a2af3000a2271c00a2af2000022485
:10bea0002400a0af1800a0af1400a0af1000a2aff4
:10beb0000450c727100006242450a5246161400fb8
:10bec00025200000650040540300022403000010f8
:10bed000d30003240000c3920100d6260000a492e0
:10bee0000100b52626186400fafff5162510430058
:10bef0005a00401403000224d776400f8400042423
:10bf0000410040100c0002ae253020023000a52771
:10bf10005977400f252000023f0040140200022400
:10bf20003000a4278f7e400f252820023e004010bd
:10bf30000c00048e050080500c0000aec985400f37
:10bf4000b000a2afb000a28f0c0000ae3000a3275b
:10bf500021887100000060a001006324fdff7114be
:10bf6000000000001600401401000324100003a28a
:10bf7000dc00bf8fd800be8fd400b78fd000b68f43
:10bf8000cc00b58fc800b48fc400b38fc000b28f8f
:10bf9000bc00b18fb800b08f0800e003e000bd27ff
:10bfa000f3ffc01453ff0224080087ac140094acc4
:10bfb000040094ac0c0080ac8bff0010100080a03b
:10bfc000030003242400431001000324260043102f
:10bfd00002000324100003a2dc00bf8fd800be8f34
:10bfe000d400b78fd000b68fcc00b58fc800b48f07
:10bff000c400b38fc000b28fbc00b18fb800b08f47
:10c000000800e003e000bd2702000224100002a2a5
:10c01000ceff001083ff0224100002a20c00048e49
:10c02000c4ff0010010002240800028e25384002df
:10c030001800b4af1000b3af1400a2affcff262667
:10c04000d45e400f3400a527c1ff40103000a32765
:10c05000b8ff00100c00048e03000224100002a29e
:10c06000c3ff00102fff022402000224100002a2ce
:10c07000bfff001039ff0224bdff001053ff022450
:020000040000fa
:020000041d00dd
:10c08000d0ffbd272c00bfaf2800b5af2400b4af50
:10c090002000b3af1c00b2af1800b1af1900c01040
:10c0a0001400b0af1800a010258000001600800416
:10c0b000a880828f2b10820013004010b880918fcf
:10c0c000802004000a88247e100020522c00bf8f9c
:10c0d0004c00228e0c0040100300032476002292b4
:10c0e000130043102590a000080003241000431003
:10c0f00000000000770023920100022456006250e5
:10c100000800238e258000002c00bf8f2510000220
:10c110002800b58f2400b48f2000b38f1c00b28f8d
:10c120001800b18f1400b08f0800e0033000bd2765
:10c130007f90400f25202002eeff40102598400000
:10c140002b8046000800248e0b3050000400228e05
:10c15000ffffd030211890002b18620033006010d0
:10c1600025a0000225308002f694400f25284002c9
:10c170000800268e1000238e2130d4001700c31033
:10c18000080026ae740024962016047c3c0040046f
:10c19000640025962b1066005b0040500400228e40
:10c1a0002330c300ffffc6306a0022962b38a6005a
:10c1b0000b30a7002b10c2004d0040100000000003
:10c1c0006e002296421002002b30c2004800c010c0
:10c1d000000000003e00e050000884303e0022963f
:10c1e00004004330c9ff60142c00bf8f01000324fa
:10c1f0008410627cc687400f3e0022a69880848f00
:10c2000080180400211864006210043cc018030068
:10c21000d34d842419006400101800008219030013
:10c2200021106200b8ff0010280022ae23a04400b5
:10c23000ffff953225284002f694400f2530a002da
:10c240000000248e2310140221905502080024ae11
:10c25000c4ff0010ffff54301000228eaaff6210ae
:10c260002580000064003096a8ff00122c00bf8fcc
:10c270005a96400f25202002a3ff001025800000c1
:10c280003e00229620004230c3ff40142b1066006f
:10c290000400278e0000288e23107002ffff42301a
:10c2a0002338e800433807002a10e200baff4014a0
:10c2b0002b1066001a00a014000000003e00229619
:10c2c000010003244429627c8fff00103e0022a657
:10c2d00007008014000000003e002286c0ff4204d8
:10c2e0003e0022960c00228ebdff62543e00229634
:10c2f00086ffa0502c00bf8f5a96400f25202002a9
:10c3000082ff00102c00bf8f0000278e23104300f7
:10c310002330c70021304600a3ff0010ffffc630c6
:10c320005a96400f25202002e5ff00103e0022967d
:020000040000fa
:020000041d00dd
:10c33000b0ffbd273c00b0af0400908c4800b3af05
:10c340004400b2af4c00bfaf4000b1af25908000b9
:10c350002c00a0af2800a0af3000a0af2000a0affd
:10c360001c00a0af2400a0af1400a0af1000a0af2d
:10c370001800a0af029d133c9000118e1a002012ed
:10c380001c00a28f9400028e73002252940000ae13
:10c390000000228e900002ae9800028e020003245c
:10c3a000ffff4224980002ae0f0022926600431461
:10c3b000060105241000228e5a0042122000a28f8e
:10c3c00055004010000020ae000051ac2000b1af7d
:10c3d0002400a28f9000118e01004224e9ff201654
:10c3e0002400a2af1c00a28f2800a58f2800b1272f
:10c3f000900002ae2000a28f940002ae2400a28f13
:10c400000800a010980002ae020007242530200288
:10c41000675f400f252000022800a58ffbffa014b6
:10c4200002000724029d133c9c00118e1a0020126a
:10c430001000a28fa000028e59002252a00000ae70
:10c440000000228e9c0002aea400028e0300032492
:10c45000ffff4224a40002ae0f0022924c0043547e
:10c46000060105241000228e400042121400a28f03
:10c470003b004010000020ae000051ac1400b1aff2
:10c480001800a28f9c00118e01004224e9ff2016a3
:10c490001800a2af1000a28f2800a58f2800b12796
:10c4a0009c0002ae1400a28fa00002ae1800a28f62
:10c4b0000800a010a40002ae0300072425302002cb
:10c4c000675f400f252000022800a58ffbffa01406
:10c4d000030007240400428e4c00bf8fffff052499
:10c4e0000400449402004394000040a6ffff84240b
:10c4f0008410037c0c0045ae4800b38f4400b28f1b
:10c500004000b18f3c00b08f040044a4020043a45b
:10c510000800e0035000bd272000b1afacff0010c1
:10c520001c00b1af2c00a28f1f004010000020aef5
:10c53000000051ac2c00b1af3000a28f01004224aa
:10c540008dff00103000a2af7e92400ff060642695
:10c5500099ff00101000228e8fff0010900000ae97
:10c560001400b1afc6ff00101000b1af2c00a28fb5
:10c5700010004010000020ae000051ac2c00b1af04
:10c580003000a28f01004224a7ff00103000a2afac
:10c590007e92400ff0606426b3ff00101000228ee0
:10c5a000a9ff00109c0000ae2c00b1afe2ff00100c
:10c5b0002800b1af2c00b1aff1ff00102800b1afdf
:020000040000fa
:020000041d00dd
:10c5c0009480828fd0ffbd272c00bfaf2800b6af6c
:10c5d0002400b5af2000b4af1c00b3af1800b2af59
:10c5e0001400b1af970040101000b0af0200a230ad
:10c5f000259880002588a00025a0c00025a8e0007f
:10c600002900401025900000b49a400f000000005f
:10c610007c8083932a006014ffff6324b69a400f46
:10c62000252040002b0040129080848f0c00801841
:10c630009480828f0000438c2c0060100400422400
:10c640000400001025800000fcff438c290060508e
:10c650008c80848f01001026fbff04160400422406
:10c66000b49a400fffff10247c8083932520400064
:10c6700001006324b69a400f7c8083a32c00bf8ff7
:10c68000251000022800b68f2400b58f2000b48f3b
:10c690001c00b38f1800b28f1400b18f1000b08f40
:10c6a0000800e0033000bd27b49a400f2590c00079
:10c6b0007c808393d9ff601025a00000ffff6324d6
:10c6c00025204000b69a400f7c8083a3d7ff4016f8
:10c6d0009080848fb97d400f00000000e0ff401083
:10c6e00025904000d1ff00109080848f25800000ad
:10c6f0008c80848f640006240800828c09f8400036
:10c7000001000524d6ff401025b040009480828fa0
:10c71000801810002086107c211043001200d0a643
:10c72000b49a400f000056ac7c80839325204000d3
:10c7300001006324b69a400f7c8083a34000c28e20
:10c740000300032480002432046b627e2a00d2a6f8
:10c750002800d4a63c00d3a23d00c3a26200c3a21d
:10c76000210080104000c2ae01000324444a627cd4
:10c770001000c0a64000c2ae0001223205004010e9
:10c78000010031324000c28e01000324c45a627c91
:10c790004000c2ae17002012010002244800c396d8
:10c7a000010004244000c2928410837c4800c3a688
:10c7b0002c00bf8f8420027c1c0042344000c2a2a7
:10c7c0002400b58f251000022800b68f2000b48ffa
:10c7d0001c00b38f1800b28f1400b18f1000b08fff
:10c7e0000800e0033000bd2784808297e2ff00103c
:10c7f0001000c2a6a2ff62162c00bf8fa1ffa012dc
:10c80000251000024000c28e0000a38e0442627e0a
:10c810004000c2ae2c00bf8f251000021400c3ae32
:10c820002400b58f2800b68f2000b48f1c00b38f72
:10c830001800b28f1400b18f1000b08f0800e00311
:0cc840003000bd278dff0010ffff10240a
:020000040000fa
:020000041d00dd
:10c84c00b8ffbd273400b3af3000b2af2800b0af93
:10c85c004400bfaf7080908f4000b6af3c00b5afc6
:10c86c003800b4af2c00b1af259880005a98400f17
:10c87c002590a0004018020021186200c018030087
:10c88c002318620080180300218003024400028eea
:10c89c000f0040100000000009f840002520600245
:10c8ac000b004010258840001994400f25204000b3
:10c8bc000200432c0600601401004224580014921c
:10c8cc00400094320a1014000500001025a040000e
:10c8dc00359a400f252060022588400025a00000d5
:10c8ec001000a0af1400a0af1800a0af1c00a0afa8
:10c8fc002000a0af2400a0a314002726251020029e
:10c90c001000a3272000062401004224ffff4480ce
:10c91c00f7ff8524050086100500a52c0300a01444
:10c92c0000000000000064a001006324f7ffe21483
:10c93c00010042241994400f1000a4273800401025
:10c94c002580400025b000001000b3277800152486
:10c95c0000006492d3ff82240200422c0500401494
:10c96c000100d6268796400f0000000001004050c1
:10c97c00000075a22a10d002f5ff401401007326a6
:10c98c001000a283200042349fff42241a00422c44
:10c99c0003004014ffff1326780002241000a2a30a
:10c9ac001000a227219853008796400f0000649234
:10c9bc000200401478000224000062a22500805678
:10c9cc00000020a20400428e020013262b105300fc
:10c9dc0037004014253000020000448e0c00022465
:10c9ec00000082a0010090a01000a527f694400f33
:10c9fc0002008424251060024400bf8f4000b68fd3
:10ca0c003c00b58f3800b48f3400b38f3000b28f38
:10ca1c002c00b18f2800b08f0800e0034800bd2720
:10ca2c0001008056000020a2251000004400bf8f9a
:10ca3c004000b68f3c00b58f3800b48f3400b38ff4
:10ca4c003000b28f2c00b18f2800b08f0800e003ab
:10ca5c004800bd270400428e020013262b10530001
:10ca6c00130040140c0003240000428e25300002f9
:10ca7c001000a52702004424000043a0010050a090
:10ca8c00f694400f010010262a1090020aa0020210
:10ca9c00253080021000a52725202002f694400f97
:10caac0021a03402ffff80a2d3ff001025106002ea
:08cabc00deff0010ffff022461
:020000040000fa
:020000041d00dd
:10cac400d0ffbd274800828c2400b0af2580a00091
:10cad4002800b1af2c00bfaf258880001800a0a7a4
:10cae4001000a0af1400a52709f84000252000027b
:10caf400250040041000a6272800228e25280000c7
:10cb040009f84000252000021400a2970800432cd5
:10cb14008600601080180200019d023c30cb422444
:10cb24000a10437c0800400000000000d4cc009da3
:10cb340050cb009d00cc009d30cc009d5ccc009d72
:10cb44009ccc009da0cb009dcccb009d5400228e9c
:10cb54001800a52709f84000252000020a00400417
:10cb640001000324680043101800a2876c004104ec
:10cb7400252800004c00228e1400a0af09f84000c4
:10cb840025200002010002242c00bf8f2800b18f51
:10cb94002400b08f0800e0033000bd275000228e2f
:10cba4001000a68f2528000009f840002520000267
:10cbb400f5ff40040100032453004310070002243e
:10cbc4004d0000101400a2a75400228e1800a527bf
:10cbd40009f8400025200002ebff40040100032473
:10cbe400490043101800a29738000396241043000c
:10cbf4002b100200e4ff0010231002005800228ec4
:10cc04001000a78f380006962528000009f8400078
:10cc140025200002dcff4004010003243a004310f5
:10cc240003000224340000101400a2a75000228e36
:10cc34001000a68f2528000009f8400025200002d6
:10cc4400d1ff4004010003242f00431004000224f8
:10cc5400290000101400a2a75400228e1800a52752
:10cc640009f8400025200002c7ff40040100032406
:10cc7400250043101800a397380002962420620070
:10cc8400c1ff8214ffff0224050002241600a3a79b
:10cc9400190000101400a2a71600a69738000396e6
:10cca4005800228e1000a78f2630c30025280000cc
:10ccb40009f8400025200002b3ff400401000324ca
:10ccc40011004310060002240b0000101400a2a758
:10ccd4005000228e1000a68f2528000009f840007d
:10cce40025200002a8ff400401000324070043108c
:10ccf4002c00bf8f1400a3a74c00228e1400a58f14
:10cd040009f84000252000022c00bf8f01000224f6
:10cd14002800b18f2400b08f0800e0033000bd2745
:10cd240002000224f4ff00101400a2a796ff0010d2
:04cd3400f7ff0224df
:020000040000fa
:020000041d00dd
:10cd3800d8ffbd271000b0af1800908c2000b4af0a
:10cd48001c00b3af1400b1af2400bfaf1800b2afde
:10cd58004400929000000292460083942588800047
:10cd680014005226040004240439827c8220120014
:10cd78000418827c0100633025a0a0002598e000fb
:10cd88000c006010000002a2450024921400022644
:10cd980021181202802004002110440004004424b9
:10cda8002b18830094040424000044a45300601446
:10cdb800020040a421304602010000a25400601283
:10cdc800ffffc4300000629220004330060060106c
:10cdd8001000433025180000010005248410a37cae
:10cde800010003a210004330060060100800433021
:10cdf8000100039201000524c418a37c010003a2ca
:10ce08000800433006006010070043300100039219
:10ce1800010005240421a37c010003a2070043307c
:10ce28000400601000000000010003924439437cb4
:10ce3800010003a21935400f00000000e480839729
:10ce4800020002a601006224ffff423025204000b4
:10ce58001935400fe48082a7040002a61935400f57
:10ce680025200000060002a602006392200060143c
:10ce7800010003240100629264000324090014a243
:10ce88000a106200080002a23c00228e3800238e9d
:10ce98004000248e0a0000a60c0003ae100002ae6b
:10cea8006000829004004230340040502520000287
:10ceb8001000258e1800228e2400bf8f0c00a3942a
:10cec800211052002000b48f219043020c00b2a41c
:10ced8001c00b38f1c0022ae280024ae1800b28fad
:10cee8001400b18f1000b08f0800e0032800bd27a0
:10cef8008473627cdfff0010060002a62130460220
:10cf0800040040a0ffffc430aeff6016010000a27d
:10cf18001935400f00000000e4808397020002a644
:10cf280001006224ffff4230252040001935400fe0
:10cf3800e48082a7040002a61935400f25200000ce
:10cf4800060002a664000224080002a2090014a236
:10cf58003c00228e3800238e4000248e0a0000a652
:10cf68000c0003ae100002ae600082900400423054
:10cf7800d0ff40541000258e2520000225300000e7
:10cf88002135400f252840024000248ec8ff00109c
:04cf98000a0002a6e3
:020000040000fa
:020000041d00dd
:10cf9c00d0ffbd272400b3af0080133c1800b0af06
:10cfac00500170261c00b1af2c00bfaf2800b4afed
:10cfbc002000b2af53000416258800007400028ec6
:10cfcc002590c0002588a0001400a0af05004010db
:10cfdc001000a0af0080043c0500052409f84000b7
:10cfec00600284240080053c1400a7271000a627ab
:10cffc000002a524fd50400f5001642625a04000de
:10d00c007400028e04004010060005240080043ccd
:10d01c0009f8400060028424ffff82260200422ca3
:10d02c0041004014000000005e0080562801028e72
:10d03c001400a38f0400628cc005447c5f008050f8
:10d04c002401028e0000638c0001043c241864004f
:10d05c001000043c2410440025106200570040547a
:10d06c002401028e1801028e0100422402002012bb
:10d07c00180102ae000020ae2800048eb800118efc
:10d08c0024000386bc000296248824020a88237e8e
:10d09c00fcff4524eeff42241000238e0800648c14
:10d0ac00000060acbc0005a60e0085240c0062a438
:10d0bc00140024aec687400f180025ae1400a48fb0
:10d0cc002000238e240022ae0000858c25106000e9
:10d0dc000431027c080046348007a37c3d006010bc
:10d0ec00200026ae28004234200022ae060040125a
:10d0fc002c00bf8f0000838c0400828c000043ae98
:10d10c00040042ae2c00bf8f251020022800b48fe3
:10d11c002400b38f2000b28f1c00b18f1800b08f89
:10d12c000800e0033000bd27020020120100022499
:10d13c00000022aeb800058e1100a0102c00bf8f8d
:10d14c007400028e050040100080043c050005248c
:10d15c0009f8400060028424b800058ee244400fb8
:10d16c00500164267400028e040040100600052451
:10d17c000080043c09f84000600284242c00bf8f1e
:10d18c0025880000251020022800b48f2400b38fbe
:10d19c002000b28f1c00b18f1800b08f0800e00384
:10d1ac003000bd2701004224e2ff2012280102ae0c
:10d1bc00f6ff0224dfff0010000022ae0100422423
:10d1cc00dcff2012240102aef5ff0224d9ff00106f
:10d1dc00000022ae0400a20448004234180042347d
:10d1ec00c2ff0010200022aec0ff0010200022aeb3
:020000040000fa
:020000041d00dd
:10d1fc001800838cc8ffbd27030002243400bfaf86
:10d20c003000b3af2c00b2af2800b1af7a0062107f
:10d21c002400b0af6880828f2580800055004014b8
:10d22c002588a0002500a0105c0006240800828c34
:10d23c00000085940800438c25204000588082af64
:10d24c00ffff022409f86000648082a71b004010d5
:10d25c00708082af009d053c05000624a83fa524e4
:10d26c00ac87400f0c0004240080043c3839842423
:10d27c00aa9a400f5c8082af259840000c00229641
:10d28c000800238e020107242530000025284000c9
:10d29c0001000424628083a73a89400f608082a732
:10d2ac0025904000ffff02240c0042161000a62718
:10d2bc00648092a7c871400f000000003400bf8f3b
:10d2cc00251000003000b38f2c00b28f2800b18fd6
:10d2dc002400b08f0800e0033800bd2705000524aa
:10d2ec00b139400f252040021000a2970002422cb9
:10d2fc000900401062808697000202240002062476
:10d30c000500052425204002d920400f1000a2a7bb
:10d31c0047004010628086972538000001000524e4
:10d32c00653d400f25204002410040102530000093
:10d33c0002000524d920400f25204002029d063c06
:10d34c00253800000c5cc62400010524a286400f81
:10d35c0025204002360040105c80828fd5ff4010a3
:10d36c00648092a7d3ff60120000000000000296b8
:10d37c006c8082af1400038e0400258e1000048e86
:10d38c004010030021104300c01002002310430082
:10d39c007080838f801002004200869421106200fe
:10d3ac002a3805000a0003240a286700500045a407
:10d3bc00020005244e0045a40100c330e8030524f7
:10d3cc00580040a016006014520045a46880838f5a
:10d3dc000100022401006324688083af3400bf8ff6
:10d3ec003000b38f2c00b28f2800b18f2400b08f87
:10d3fc000800e0033800bd271000848c42008394a1
:10d40c0001006330f5ff60100100022401000524c7
:10d41c009166400f1800a2aff0ff00101800a28f09
:10d42c009166400f01000524e9ff00106880838f8e
:10d43c004773400f25204002ffff0224c871400fa4
:0cd44c00648082a79eff00103400bf8f98
:020000040000fa
:020000041d00dd
:10d45800a020047c0800e00302142400a020047c1f
:10d468000800e00325108000a020047ca028057c8b
:10d47800021425000800e003021c2400fcffa82475
:10d488001b000105010007348500a0102518c00005
:10d49800ffffa8240400001500000000000083908e
:10d4a8000f00001021186600ffff08250600001570
:10d4b8000100839000008890001a03002518680076
:10d4c800070000102118660000008990020088906b
:10d4d800001a030025186900211868002118660041
:10d4e800024c0300ffff6a306d00001021182a016a
:10d4f800110000001300c0000100823003008930d1
:10d508000f00201104000b34235869012540000046
:10d5180000008898ffff29250500201108000a341b
:10d52800ffff29250200201108004a2508004a2586
:10d5380004404801010007712328ab0021208b001b
:10d548004219050040310300130060100000888c68
:10d558000400898c0100077108008a8c010027717a
:10d568000c008b8c0100477110008c8c01006771d6
:10d5780014008d8c0100877118008e8c0100a77132
:10d588001c008f8c0100c771ffff63240100e77145
:10d59800edff0010200084242328a60002190500ae
:10d5a800003103000b0060100000888c0400898c97
:10d5b8000100077108008a8c010027710c008b8c10
:10d5c80001004771ffff632401006771f5ff001038
:10d5d800100084242328a600c2180500c0300300c8
:10d5e800070060100000888c0400898c0100077116
:10d5f800ffff632401002771f9ff0010080084244d
:10d608002328a6008218050080300300030060105c
:10d618000000888c04008424010007712328a600d8
:10d628000f00a0100100a6300400c0140000000084
:10d638000100888809000010024408000200a63092
:10d648000400c014000000000000888803000010d7
:10d65800024608000200888802420800010007719b
:10d668001048000012400000211828012b586800bb
:10d67800020060110000000001006324024c030056
:10d68800ffff6a3021182a01024c0300ffff6a30ad
:10d6980021182a010200401000000000a018037c95
:0cd6a800271060000800e003ffff423084
:020000040000fa
:020000041d00dd
:10d6b40094008010000000009200a0100000000000
:10d6c4007000838cd8ffbd27feff02241400b1af85
:10d6d4001000b0af2400bfaf2000b4af1c00b3af44
:10d6e4001800b2af25808000100062102588a000c9
:10d6f4002538a000253000009165400f2528000042
:10d70400f1fe03240a0043506000028e2400bf8f00
:10d714002000b48f1c00b38f1800b28f1400b18f97
:10d724001000b08f0800e0032800bd276000028ebf
:10d734002000132601004324600003ae211062027e
:10d7440080ff0324000043a06000028e3900432cb4
:10d754005700601040001224380006242120620281
:10d764002330c20060001426cb95400f252800000a
:10d774006400048e6800028e25186002422f0400a3
:10d78400c010020021104500c0200400680002ae51
:10d79400640004ae259000020000628c040063243f
:10d7a400a010027c02142200fbff7414fcff62ac84
:10d7b40068000226030046885800042664000326f5
:10d7c400000046985c000226252860025b0006aa39
:10d7d400000086b8030066882520000200006698d1
:10d7e4005f0006aae81a400f000046b8c8ff4014bc
:10d7f4002400bf8f0000428e04005226a010027c39
:10d8040002142200fbff5316fcff42ae0300098af8
:10d814000700088a0b00078a0000099a0f00068a8d
:10d824001300058a1700048a1b00038a1f00028a5a
:10d834000400089a1400049a0800079a0c00069a37
:10d844001000059a1800039a1c00029a030029aae2
:10d85400000029ba070028aa040028ba0b0027aa46
:10d86400080027ba0f0026aa0c0026ba130025aa1e
:10d87400100025ba170024aa140024ba1b0023aaf6
:10d88400180023ba1f0022aa1c0022ba2520000275
:10d894002400bf8f2000b48f1c00b38f1800b28ff8
:10d8a4001400b18f1000b08f8477400b2800bd277f
:10d8b4002330420225280000cb95400f212062022c
:10d8c40060001426600012ae251860020000628c0d
:10d8d40004006324a010027c02142200fbff8316c0
:10d8e400fcff62ac25286002e81a400f25200002e4
:10d8f40086ff401425206002600000ae9aff0010ed
:0cd90400380006240800e00353ff022452
:020000040000fa
:020000041d00dd
:10d91000d0ffbd272000b2af1c00b1af1800b0afe0
:10d920002c00bfaf2800b4af2400b3af2590c000d7
:10d93000258880007400c0142580a00025280000e0
:10d9400025200002cb95400f6c0006240800248e91
:10d9500025a0000025980000780080103c000526d6
:10d96000da53400f000000000c00248e9655400f43
:10d97000180005261000248e9655400f1c00052621
:10d980001400248e9655400f200005261800248e82
:10d990009655400f240005261c00248e9655400ff6
:10d9a000280005262800228e08004010440002ae00
:10d9b00000004394020003a602004390ffff62248c
:10d9c0000400422c0b004014630003a23a004016ee
:10d9d000251000002c00bf8f2800b48f2400b38fc7
:10d9e0002000b28f1c00b18f1800b08f0800e00338
:10d9f0003000bd270400238e2c0002262520400085
:10da000003006888070067880b0066880f00658838
:10da100000006898040067980c00659808006698f4
:10da2000030048a8000048b8070047a8040047b80a
:10da30000b0046a8080046b80f0045a85778400fcd
:10da40000c0045b8420002962400238e01000424f5
:10da50000463827c0410027c01006530480003a648
:10da60003d00a014420002a61800058e1c00048e82
:10da70002000038e0463027c040005ae080004ae9f
:10da80000c0003ae420002a64200029601000324ed
:10da90002400058e2800048e4429627ce7ff423072
:10daa000c418627c420002a6100005ae140004ae49
:10dab000c8ff4012010002241000a48f6400032656
:10dac000670004aa000064b81400a493040064a0d2
:10dad0001500a493050064a01600a493060064a09a
:10dae0002c00bf8f540014ae580013a62800b48f2a
:10daf0002400b38f2000b28f1c00b18f1800b08fac
:10db00000800e0033000bd27070006246400a524b8
:10db1000d595400f1000a4272528000025200002dd
:10db20006c0006245400148ecb95400f58001396b9
:10db30000800248e8aff80143c0005263c0000a2c9
:10db40000100a0a00200a0a00300a0a00400a0a0cb
:10db500085ff00100500a0a00400827ccaff001011
:04db6000420002a6d7
:020000040000fa
:020000041d00dd
:10db640020ffbd27c0100700c000b2afa010027c88
:10db74001f00f230021422002b90120042190700f9
:10db8400ac00a2af2190430201000224dc00bfaf2d
:10db9400d800beafd400b7afd000b6afcc00b5af9d
:10dba400c800b4afc400b3afbc00b1afb800b0afed
:10dbb4007c004012b000a2a32588e00025988000d4
:10dbc40025a0a00025a8c00025800000ac00be2729
:10dbd400060000108c00b727ba9a400f1000a42743
:10dbe40001001026500050122b1016000000868ee3
:10dbf4000000658eca89400f1000a42767004014f6
:10dc040001000624b000a5272439400f1000a427e2
:10dc1400f1ff401425b04000b000a2930400062494
:10dc24002528c003010042241000a4272439400ff2
:10dc3400b000a2a3e8ff401425b04000f000a49374
:10dc44000400022408008210f800a68f01000624b4
:10dc5400f000a5272439400f1000a427deff40144c
:10dc640025b04000f800a68ff400a58f2439400f9a
:10dc74001000a427d8ff401425b04000fc00a28f58
:10dc8400030040100001a28f37004014fc00a58f50
:10dc94001000a427ad35400f2528e00225b0400030
:10dca400ba9a400f1000a427cdffc0162100222edf
:10dcb400340040148c00a58f9000a28f9400a48f90
:10dcc4000300a5aa0000a5ba0700a2aa0400a2baec
:10dcd4009800a28f0b00a4aa0800a4ba9c00a68fe7
:10dce4000f00a2aaa000a58f0c00a2baa400a48fc2
:10dcf4001300a6aaa800a28f1000a6ba1700a5aa0e
:10dd04001400a5ba1b00a4aa1800a4ba1f00a2aa52
:10dd1400010010261c00a2bae0ff3126b3ff501602
:10dd24002000b5262b1016002528e0020000a0a034
:10dd34000100a524fdffbe14dc00bf8fd800be8ff8
:10dd4400d400b78fd000b68fcc00b58fc800b48f85
:10dd5400c400b38fc000b28fbc00b18fb800b08fc5
:10dd64000800e003e000bd27253040002439400fbf
:10dd74001000a427c6ff401025b0400096ff0010f5
:10dd840000000000253020022528e002f694400f10
:10dd94002520a00293ff001001001026e2ff0010ce
:10dda4000100022401000224ac00be27deff0010a3
:04ddb4008c00b72701
:020000040000fa
:020000041d00dd
:10ddb8005443502f495020537461636b3a2048658f
:10ddc8006170206372656174696f6e206661696c49
:10ddd80065642c20747970653a2025640d0a00006a
:10dde8005443502f495020537461636b3a204e6559
:10ddf80074776f726b20636f6e6669677572617492
:10de0800696f6e20616c6c6f636174696f6e2066f8
:10de180061696c65643a20256c750d0a0000000084
:10de28005443502f495020537461636b3a2050611a
:10de3800636b657420696e697469616c697a617471
:10de4800696f6e206661696c65643a203078257860
:10de58000d0a00005443502f495020537461636bde
:10de68003a2044656661756c7420466c617368205d
:10de78004e6574776f726b20636f6e666967757233
:10de88006174696f6e206c6f6164206661696c658e
:10de9800642025640d0a00005443502f4950205334
:10dea8007461636b3a204e6574776f726b20636f91
:10deb8006e66696775726174696f6e20696e6974e0
:10dec80069616c697a6174696f6e206661696c65f5
:10ded800643a2025640d0a005443502f49502053ba
:10dee8007461636b3a204e6574776f726b20636f51
:10def8006e66696775726174696f6e3a20416c6904
:10df080061736573206e6f7420737570706f7274af
:10df180065643a2025640d0a000000005443502f20
:10df2800495020537461636b3a204e6574776f7261
:10df38006b20636f6e66696775726174696f6e3a9c
:10df480020696e76616c696420495020616464724e
:10df58006573733a2030782538780d0a0000000080
:10df680025732564000000005443502f4950205366
:10df78007461636b3a20506f776572204d6f6465ea
:10df880020696e697469616c697a6174696f6e2061
:10df98006661696c3a2025640d0a00005443502fcd
:10dfa800495020537461636b3a2044796e616d69fe
:10dfb80063206d656d6f7279206973206c6f773a95
:10dfc80020256c750d0a00005443502f49502053ea
:10dfd8007461636b3a20496e697469616c697a612e
:10dfe80074696f6e206661696c6564202564202df4
:10dff8002041626f7274696e6721200d0a0000006b
:020000040000fa
:020000041d00dd
:10e008003e008294c8ffbd272400b0af0100423013
:10e01800258080003400bfaf3000b3af2c00b2af12
:10e028002800b1af050040104c00848c74000296a3
:10e03800000443304a006010000000000400801013
:10e048000100022477000392580062100100132493
:10e058007a0006967c00118e2430c5003800c01066
:10e068008000078e36002012010013243c0012861f
:10e078004800058e6600601625200002740003968d
:10e088003e0002960000088ef3fd6330740003a67c
:10e098007400048e14000a8e62000c96ffff633031
:10e0a8004450027c01000924000242340008847ca8
:10e0b800080008ae0c0008ae100008ae00206b3057
:10e0c800ffff082472000ca61c000aae20000aae4e
:10e0d800380000ae340000ae540000ae5c0008ae5c
:10e0e800640009a66e0009a6600000a63e0002a60c
:10e0f800400000ae790000a202006015770004a27b
:10e10800480000ae0040633001006050440000ae9b
:10e11800870000a2760000a23600c0102520400229
:10e1280025c820023400bf8f3000b38f2c00b28f77
:10e138002800b18f2400b08f080020033800bd27c5
:10e14800252000023400bf8f3000b38f2c00b28f1f
:10e158002800b18f2400b08f9287400b3800bd276c
:10e168000700801001000324770006920500c354bd
:10e178007a000696030042300c00401025980000f3
:10e188007a0006967c00118e2430c5001600c01057
:10e198008000078eb5ff2016259800002590000006
:10e1a80025280000b5ff0010253000002000828cd3
:10e1b80008004230210040104c0000ae7a0006965c
:10e1c8007c00118e2430c5001900c0108000078e15
:10e1d800a7ff20563c001286259000002528000045
:10e1e800a4ff00102530000025900000a3ff0010b8
:10e1f800252800003400bf8f3000b38f2c00b28f69
:10e208002800b18f2400b08f0800e0033800bd2734
:10e218001800a7af1400a5af9287400f1000a6af53
:10e228001000a68f1400a58fbbff00101800a78f41
:10e23800259000008fff001025280000817f400fe7
:0ce248001000a5afddff00101000a58f36
:020000040000fa
:020000041d00dd
:10e25400b8ffbd273c00b0af4400bfaf4000b1af32
:10e264000300c01425808000ff7f063cffffc634f6
:10e274002700a4270418047c000095bc0f000000ac
:10e284000020023c252082000c0080ac080080acf9
:10e294000000a38c4d0060104c00118e0100ec3086
:10e2a4000801088e80010d2401000a240200e730d1
:10e2b4001200001004000b244d006304feff02242e
:10e2c4000c00838c000040ac28006010140040acab
:10e2d4000400492400e0297d000062ac140069ac0c
:10e2e4000400a5240c0082ac0000a38c250060105f
:10e2f400ffffc6242400c0500800828c0800028d51
:10e304000c00098d370049500c0000ad0000498c09
:10e31400080009ad00e0697c080049ac04008011e4
:10e3240004004dac0400498c444a497d040049acc6
:10e334000500e010424f03000400498c0463497d4a
:10e34400040049ac424f0300dbff2b150000000022
:10e354000400438c8452437d040043ac0c00838c42
:10e36400000040acdaff6014140040ac0c0082ac36
:10e37400080082ac0400a5240000a38cddff601417
:10e38400ffffc6240800828c100040100c00822479
:10e394000c01058e01000324080087240c00a62428
:10e3a400252000021400a3af1000a2af4241400f89
:10e3b4000800a5247e9a400f252020022c004050fe
:10e3c4000c01028e4c99400f2520200225100000dc
:10e3d4004400bf8f4000b18f3c00b08f0800e003c1
:10e3e4004800bd27cbff4014080000ad0300022401
:10e3f4000801078e0800838c0c00858c1100655081
:10e404000c0080ac0000658c0c00e68c080085ac28
:10e414000400652400e0a57c000060ac1100c0107d
:10e42400140060ac0000c3ac1400c5ac0c00e3ac39
:10e434000c00858c0800838cf3ff65540000658c08
:10e444000c0080ace2ff6010080080ac0c00e68c8d
:10e454000400652400e0a57c000060acf1ffc0145a
:10e46400140060ac0c00e3ace2ff00100800e3ac65
:10e47400252020020800458c0400a524f498400fb0
:0ce4840000e0a57ccfff001000000000ad
:020000040000fa
:020000041d00dd
:10e490008a008010000000006000a010feff02242f
:10e4a0007000838cd0ffbd271c00b2af1800b1af45
:10e4b0001400b0af2c00bfaf2800b5af2400b4af3c
:10e4c0002000b3af258880002580a0000f006210d7
:10e4d0002590c0009165400f25380000f1fe03240f
:10e4e0000b0043506000248e2c00bf8f2800b58f96
:10e4f0002400b48f2000b38f1c00b28f1800b18f9e
:10e500001400b08f0800e0033000bd276000248ea7
:10e510004000822cf4ff40107cff02246400228e15
:10e52000211842022b10620004004010640023ae48
:10e530006800228e01004224680022ae3b00801455
:10e54000200033264000422e28004014600034266c
:10e550002528000225106002400008260300a78835
:10e560000700a6880b00a4880f00a3880000a798c6
:10e570000400a6980c00a3980800a498030047a8dc
:10e58000000047b8070046a8040046b80b0044a89e
:10e59000080044b81000a5240f0043a80c0043b89d
:10e5a000eeffa814100042242580a000c0ff5226d0
:10e5b000251060020000438c04004224a018037c54
:10e5c000021c2300fbff8216fcff43ac25286002df
:10e5d000e81a400f25202002c4ff40142c00bf8ff2
:10e5e0004000422edbff4010252800022d0040167f
:10e5f00025304002251000002c00bf8f2800b58f69
:10e600002400b48f2000b38f1c00b28f1800b18f8c
:10e610001400b08f0800e0033000bd272700c014ad
:10e62000000000000800e003251000004000152451
:10e630002310a4022ba042020b1054022528000232
:10e640002530400021206402f694400f25a04000b0
:10e650006000228e218014022390540221a08202a5
:10e66000b8ff9516600034ae2518600260003426ad
:10e670000000628c04006324a010027c02142200bb
:10e68000fbff8316fcff62ac25286002e81a400fee
:10e690002520200295ff40142c00bf8fa9ff0010f9
:10e6a000600020ae25280002f694400f252060026d
:10e6b000600032aed0ff0010251000000800e0031b
:04e6c00053ff0224de
:020000040000fa
:020000041d00dd
:10e6c4002c0080049080878fe8ffbd271400bfaf23
:10e6d4002a1087002300401025180000bc99400f21
:10e6e40000000000200040101400bf8f1e00c01066
:10e6f4001000a42c1c00801080280500019d033c00
:10e7040014e763240a28657c0800a00000000000c8
:10e7140054e7009db0e7009dc8e7009de0e7009d39
:10e72400f4e7009d08e8009d18e8009d28e8009d96
:10e7340038e8009d4ce8009d5ce8009db8e8009d29
:10e74400cce8009de0e8009d84e7009d98e7009deb
:10e754004000428c01000324040042388000427cc3
:10e764000000c2a01400bf8f251060000800e00361
:10e774001800bd27251800000800e00325106000dc
:10e78400480042900100032401004230f5ff0010cc
:10e794000000c2a04800429401000324000442384f
:10e7a4008002427cefff00100000c2a04000428cb7
:10e7b4000100032408004238c000427ce9ff001035
:10e7c4000000c2a04000428c010003241000423823
:10e7d4000001427ce3ff00100000c2a04000428c14
:10e7e4000100032403004230deff00100000c2ac2d
:10e7f4004000428c010003248002427cd9ff0010b7
:10e804000000c2a01000429401000324d5ff0010b0
:10e814000000c2a43d00429001000324d1ff001077
:10e824000000c2a06200429001000324cdff00104a
:10e834000000c2a0420042940100032401004230bf
:10e84400c8ff00100000c2a063004290010003242e
:10e85400c4ff00100000c2a04000438c4400478c59
:10e86400480044941c0062301c0042380100422cd1
:10e87400020045340b10a700040045340100873022
:10e884000b10a70002008430080045340b10a400cc
:10e89400100044348004657c0b108500c004637c44
:10e8a400200044340b1083000000c2acadff001004
:10e8b400010003244800428c01000324c028427c48
:10e8c400a8ff00100000c2a04800429401000324e5
:10e8d4004002427ca3ff00100000c2a04400428c0e
:10e8e400010003242b1002009eff00100000c2a0b0
:020000040000fa
:020000041d00dd
:10e8f4005081828fc8ffbd272000b4af2b1846007b
:10e904001400b1af3400bfaf3000beaf2c00b7afbe
:10e914002800b6af2400b5af1c00b3af1800b2afe7
:10e924001000b0af2588c0006300601025a0a000cf
:10e93400258080004d0040142590c000508180af98
:10e944003d004012548180af029d153c029d173c4e
:10e954000080163c029d1e3c2862a6262528400203
:10e96400dc8f400fc4f8e42605000010e402d3262f
:10e97400528f400f2520000211004050029d043c9c
:10e984005081858f1e00a01425200002d886400fd8
:10e9940000000000f6ff4010508182af25200002e5
:10e9a40025304000ab46400f25286002528f400faf
:10e9b40025200002f3ff40145081858f029d043c02
:10e9c4002862a526dc8f400fe4f884243400bf8f2e
:10e9d400ffff02243000be8f2c00b78f2800b68fb3
:10e9e4002400b58f2000b48f1c00b38f1800b28fa1
:10e9f4001400b18f1000b08f0800e0033800bd2769
:10ea04002862a626dc8f400f08f9c4275081868f20
:10ea14002b10d2003600401025208002f694400fbf
:10ea2400e402c5265081828f508180af2390420238
:10ea3400c9ff401621a08202251020023400bf8f96
:10ea44003000be8f2c00b78f2800b68f2400b58ffe
:10ea54002000b48f1c00b38f1800b28f1400b18f44
:10ea64001000b08f0800e0033800bd272520a00067
:10ea74005481858f253040000080023ce40242240a
:10ea8400f694400f212845005081828f029d153c49
:10ea9400029d043c239022022862a72625304002ce
:10eaa4002528400094f88424dc8f400f21a08202a2
:10eab400a3ff0010508180af5481858f0080023cf9
:10eac400e402422421284500f694400f25208002c8
:10ead4005481838f5081828f21187100231051003b
:10eae400508182af548183afd4ff001025102002df
:10eaf4000080053c25304002e402a524f694400f32
:10eb0400252080025081828f548192af239052003d
:0ceb1400508192afc9ff001025102002b4
:020000040000fa
:020000041d00dd
:10eb200085008010000000008300a010000000009d
:10eb30005100c010000000001400838c38ffbd2776
:10eb4000feff0224bc00b2afb800b1afb400b0af5a
:10eb5000c400bfafc000b3af258080002588a000ef
:10eb6000200062142590c0000100023c01004224f4
:10eb70002b1042021400401053ff02241000039295
:10eb8000010002246a006214253040020c00048e49
:10eb9000701d400f25282002251840000200022485
:10eba0001c006250feff02240700601025100000c8
:10ebb000030002242d00621003000224020002243c
:10ebc000100002a239ff0224c400bf8fc000b38f1f
:10ebd000bc00b28fb800b18fb400b08f0800e00362
:10ebe000c800bd278d67400f00000000f1fe032420
:10ebf000deff43500100023cc400bf8fc000b38f52
:10ec0000bc00b28fb800b18fb400b08f0800e00331
:10ec1000c800bd272800a2af800002242000a2afb8
:10ec2000200002241800a2af029d023c0c5d422489
:10ec30003000b3271400a2af029d073c300002242d
:10ec40002400a0af1c00b3af1000a2af3450e724e3
:10ec500025300000252800006161400f01000424d8
:10ec600007004050029d053c03000224100002a250
:10ec7000d5ff00102fff02240800e003251000003c
:10ec800025186002b507a524b000a72703000010cf
:10ec9000040004240000a4900100a5240000669054
:10eca0000100632426208600faffe31425104400a7
:10ecb000edff401424000624252860025977400ff8
:10ecc0002520000212004014010003242400052422
:10ecd0008f7e400f252060020d0040142518400053
:10ece0000c00048e1600801020000624844c400f77
:10ecf0003400a52706004014251840000c00048e9f
:10ed000025304002701d400f2528200225184000a4
:10ed1000252860025400a2270000a0a00100a5241d
:10ed2000fdffa214000000009fff00100000000083
:10ed3000a5ff001039ff02240800e00353ff02245e
:08ed4000f3ff001001000324a1
:020000040000fa
:020000041d00dd
:10ed4800d8ffbd272400bfaf2000b3af1c00b2af6f
:10ed58001800b1af270080101400b0af2500a01034
:10ed680025808000b49a400f2590a00048000392a7
:10ed78003f006014f0ff5126b69a400f252040004e
:10ed88002400028e41004010f4ff458e2b18220209
:10ed9800210060502800068e0099050021183302d2
:10eda800470043500400438cf0ff42ae240011aeec
:10edb8003000028e23104500b49a400f300002ae96
:10edc800480003922520400001006324b69a400fb2
:10edd800480003a22400bf8f251060021c00b28fd8
:10ede8002000b38f1800b18f1400b08f0800e00323
:10edf8002800bd27259800002400bf8f2510600239
:10ee08001c00b28f2000b38f1800b18f1400b08f90
:10ee18000800e0032800bd272b18d100200060540b
:10ee28000400c38c2b185100040060100000448caf
:10ee38002b1824022a00601400990500f9ff801499
:10ee480025108000f8ff0224b49a400f380002ae63
:10ee58004800039225204000259800000100632403
:10ee6800b69a400f480003a2e4ff00102400bf8fa9
:10ee7800ffff632425204000b69a400f480003a2f4
:10ee88002400028ec1ff4014f4ff458ef0ff40ae0f
:10ee980000990500280011aec5ff0010240011ae2e
:10eea800001103002110c200180022120099050069
:10eeb8000000d1acf0ff40aebdff0010280011ae3d
:10eec8000000468c2800048e21186500f4ff43ae2c
:10eed800b6ff4414f0ff46aeb4ff0010280011ae90
:10eee80021183302140083500000878cf0ff44aed1
:10eef8000400448c00190400211843000600235222
:10ef0800f4ff438eaaff0010000051ac21186500e1
:10ef1800a7ff00100400c3acf0ff478e2800068e40
:10ef280021206400040044aca1ffd114000047acc8
:10ef38009fff0010280002ae0400838cf0ff47ae4c
:10ef48000000448c21186500e9ffc414f4ff43aea7
:08ef5800e7ff0010280011aed4
:020000040000fa
:020000041d00dd
:10ef6000d0ffbd272c00bfaf2800b6af2400b5af3f
:10ef70002000b4af1c00b3af1800b2af1400b1afa3
:10ef80000200a0101000b0af0000a0ac750080100f
:10ef90000080163c258080007439c4264591400fbe
:10efa00025a8a0007100401025a040001000029686
:10efb000020007242530000008004224ffff5330e0
:10efc000252860025186400f480004244b00401061
:10efd000258840001c00528c029d023ca06a4224fd
:10efe000080022ae080002240c0020ae000042ae51
:10eff0000a00039608000296100006960c00058e83
:10f0000008004426040043a6f694400f060042a6da
:10f0100025300000252860022135400f25204002c0
:10f020000400038e0000048e25380000020042a672
:10f03000380026263c0023aea573400f3c00252651
:10f040002c004010400022ae1000238e00000a8edb
:10f050000400098e0c0062940800088e0c00078ed4
:10f060001000068e1400058e1800048e2110620216
:10f0700008008aae0c0089ae100088ae140087ae7e
:10f08000180086ae1c0085ae200084ae2538000036
:10f0900025306002010005240c0062a44e33400fad
:10f0a000252020022f9a400f252020022200401404
:10f0b000fdff10247439c4263691400f25288002a4
:10f0c000817f400f252020022c00bf8f25100002d9
:10f0d0002800b68f2400b58f2000b48f1c00b38f9a
:10f0e0001800b28f1400b18f1000b08f0800e00339
:10f0f0003000bd27efff0010feff102425288002fe
:10f100003691400f7439c4262c00bf8fffff1024a6
:10f11000251000022800b68f2400b58f2000b48f80
:10f120001c00b38f1800b28f1400b18f1000b08f85
:10f130000800e0033000bd27c687400f0000000034
:10f140000080043c040082ae252880023691400fe6
:10f1500068398424dcffa01225800000daff00104b
:10f160000000b4aed8ff0010fcff1024d6ff001042
:04f17000fbff10246d
:020000040000fa
:020000041d00dd
:10f17400d0ffbd272c00bfaf2800b5af2400b4af2b
:10f184002000b3af1c00b2af1800b1af7a008010fa
:10f194001400b0af5600a01025a080000000848c9d
:10f1a4004000822c720040102580a0000400828e52
:10f1b4002590c0002118c2002b10620031004014b9
:10f1c400040083ae340080140c0093264000422ec9
:10f1d4006500401425880002c0ff51260428117cd4
:10f1e40040003126218811022510600240000726c4
:10f1f4000300068a0700058a0b00048a0f00038aad
:10f204000000069a0400059a0c00039a0800049a68
:10f21400030046a8000046b8070045a8040045b806
:10f224000b0044a8080044b8100010260f0043a89f
:10f234000c0043b8eeff0716100042242528600294
:10f244005106400f25208002e7ff111625a8400033
:10f254003f00523236004016253040022c00bf8f4a
:10f264002510a0022400b48f2800b58f2000b38f8e
:10f274001c00b28f1800b18f1400b08f0800e00397
:10f284003000bd270800828e0c0093260100422422
:10f29400ceff8010080082ae400015242310a40283
:10f2a4002b8842020b105102252800022530400011
:10f2b40021206402f694400f258840000000828ecd
:10f2c400218011022390510221882202bfff3516aa
:10f2d400000091ae252860025106400f25208002cf
:10f2e400deff401425a84000b8ff0010000080aee7
:10f2f4002100c0147cff02240000958c2c00bf8fd9
:10f304004000b52e0b10150025a840002510a002c2
:10f314002400b48f2800b58f2000b38f1c00b28f57
:10f324001800b18f1400b08f0800e0033000bd272f
:10f3340025282002f694400f252060022c00bf8f60
:10f34400000092ae2510a0022400b48f2800b58fcf
:10f354002000b38f1c00b28f1800b18f1400b08f3f
:10f364000800e0033000bd27baff001025a8000004
:10f37400baff00107cff1524b8ff001053ff1524ba
:020000040000fa
:020000041d00dd
:10f38400c0ffbd273c00bfaf3800b6af3400b5aff7
:10f394003000b4af2c00b3af2800b2af2400b1af3b
:10f3a4002000b0af00606241c0000000037d400f48
:10f3b40000000000cc91400f00000000af77400f28
:10f3c400000000008b80400f00000000ca94400f32
:10f3d400000000003e6b400f000000000100023cf2
:10f3e400252800001000a42700c242341000a2af58
:10f3f4001400a0af1800a0afa75d400f1c00a0af81
:10f404004400400f00000000c38c400f00000000c7
:10f41400c288400f0000000020606241029d053c4c
:10f42400029d043c086ba524dc8f400fd04c84243f
:10f4340004000524e297400f2520000000800534d5
:10f44400e297400f02000424029d153c0080143c06
:10f45400029d133c0080123c029d113c0080103c34
:10f464009f90400f010016244091a5263628400f96
:10f47400c8028426684c65263628400fb802442604
:10f484009c4c25263628400fa80204266210023c14
:10f49400d34d42241900c202101000008219020048
:10f4a4004011030023104300801002002110430088
:10f4b400c01002002c00c212008005340300023c7c
:10f4c400400d42242e00c212040005249f90400fd8
:10f4d4000100d6264091a5263628400fc80284266e
:10f4e400684c65263628400fb80244269c4c2526d5
:10f4f4003628400fa8020426eb51023c1f854234f3
:10f504001900c2021010000042190200401003004a
:10f5140021104300c010020021104300801002009b
:10f52400dbffc2166210023c00800534e997400fed
:10f53400020004246210023cd34d42241900c2028a
:10f544001010000082190200401103002310430030
:10f554008010020021104300c0100200d8ffc21620
:10f564000300023c00800534e297400f02000424ab
:10f574000300023c400d4224d4ffc21604000524bb
:10f58400f097400f25200000b5ff00100000000098
:020000040000fa
:020000041d00dd
:10f5940068008004000000009080838fd0ffbd27a6
:10f5a4002c00bfaf2a1083002800b6af2400b5afeb
:10f5b4002000b4af1c00b3af1800b2af1400b1af59
:10f5c4003c0040101000b0afbc99400f0000000098
:10f5d40038004010258040002590a0002588c000f8
:10f5e4003f00a0143c00549032008016259800007f
:10f5f40025a80000b49a400f000000007c8083938b
:10f604005e006014ffff6324b69a400f252040007b
:10f614004a0020162a0016961b00c01200000000a3
:10f62400b49a400f000000007c80839325204000a2
:10f6340001006324b69a400f7c8083a34000028ead
:10f644003c0012a225306002448c027c400002aed1
:10f654002528a002a882400f252000020400605241
:10f664002a0016a6030040503c0014a22a0016a645
:10f67400010002244000038e01000424448c837c96
:10f684000d000010400003aeb97d400f00000000e3
:10f69400e3ff401425b04000b49a400f000000007e
:10f6a4007c8083932520400001006324b69a400f98
:10f6b4007c8083a3251000002c00bf8f2800b68f08
:10f6c4002400b58f2000b48f1c00b38f1800b28fb4
:10f6d4001400b18f1000b08f0800e0033000bd2784
:10f6e400ffffa2240200422cf3ff4050251000002b
:10f6f400030080122598e000efff85162510000016
:10f704002300601201000224baff421625a800005b
:10f714000000628eb7ff4010252800006a89400f60
:10f7240025206002b3ff401425a84000e2ff00102a
:10f73400251000000800e00325100000b8ff361271
:10f744009080858f0b00a0189480828f251800006c
:10f754000000448c0100632404008010040042244f
:10f764002a008494ccff911000000000f9ff655436
:10f774000000448caaff001025b020022520400080
:10f78400b69a400f7c8083a3a1ff00100000000004
:08f7940098ff001025a80000f9
:020000040000fa
:020000041d00dd
:10f79c008880828fd8ffbd272400bfaf2000b4af74
:10f7ac001c00b3af1800b2af1400b1af0900401485
:10f7bc001000b0af2400bf8f2000b48f1c00b38f9b
:10f7cc001800b28f1400b18f1000b08f0800e00346
:10f7dc002800bd27b49a400f258880007c80839335
:10f7ec0066006014ffff6324b69a400f252040008a
:10f7fc001400238e9080828f0100122404907200da
:10f80c002700401825a000009480838f808014006e
:10f81c000a80707c1f000052010094262400138e75
:10f82c005a98400f25206002180040040100032460
:10f83c000418430024187200150060109080828f09
:10f84c0012000486050080042a1082000400405037
:10f85c005800038e8f5a400f010005245800038e68
:10f86c000b0060109080828f600002960020423066
:10f87c00070040109080828f5c00078e1200048677
:10f88c000020062409f86000252860029080828ff1
:10f89c00010094262a188202dcff60149480838f66
:10f8ac001800248e02000324260083148880908f75
:10f8bc00ffff102623000016888090af0d00401823
:10f8cc009480858f801810000a18a37c01001026e4
:10f8dc0005006010252060008786400f00000000a6
:10f8ec009080828f9480858f2a180202f6ff601414
:10f8fc00801810008c80848f0c00828c09f84000da
:10f90c00000000008080848f04008010948080af01
:10f91c00bf97400f00000000808080af2400bf8f95
:10f92c002000b48f1c00b38f1800b28f1400b18f5d
:10f93c001000b08f8c8080af908080af0800e00307
:10f94c002800bd27b49a400f000000007c808393f0
:10f95c002400bf8f2000b48f1c00b38f1800b28f0f
:10f96c001400b18f1000b08f0100632425204000db
:10f97c002800bd27b69a400b7c8083a3252040002d
:10f98c00b69a400f7c8083a39aff00101400238e3c
:020000040000fa
:020000041d00dd
:10f99c000400a88cb0ffbd274400b7af3800b4af4b
:10f9ac002c00b1af4c00bfaf4800beaf4000b6afab
:10f9bc003c00b5af3400b3af3000b2af2800b0afed
:10f9cc0025b880002588a0004c0000050000b48cf0
:10f9dc004408147c08003e8e10008a320000d28c41
:10f9ec000400d68c0400401125a8c0032510560233
:10f9fc0001004054feffd527080089320100205534
:10fa0c00ffffb5261000308e0c00338e2528a00287
:10fa1c00ffff102621107002000040a00200022af5
:10fa2c000b00401425105602360040140f004332d0
:10fa3c0023101501211045003300401c0a006428d6
:10fa4c000300a018020082322f00401400000000b6
:10fa5c000b004011000000000000c28c0400c38c9d
:10fa6c00251043000600401021107002feff1026e6
:10fa7c00ffff47a03000032421107002000043a0b8
:10fa8c000400201120000324ffff10262110700217
:10fa9c00000043a01000268e1000b4af2538c00320
:10faac00ffffc6242330d000212870025166400f7e
:10fabc002520e0020400e38e000163300400601096
:10facc004c00bf8f0400238e2a2043000b106400cf
:10fadc004800be8f4400b78f4000b68f3c00b58ff6
:10faec003800b48f3400b38f3000b28f2c00b18f3c
:10fafc002800b08f0800e0035000bd27b5ff0010b0
:10fb0c00010008240a0064280200801057006224b7
:10fb1c0030006224bfffe3241a00632c1300601032
:10fb2c00200043349fff63241a00632c10006050a4
:10fb3c00ffff1026252040005c00a7af5800a6afa1
:10fb4c002400a8af2000a5af1c00a9af0598400f5a
:10fb5c001800aaaf5c00a78f5800a68f2400a88fae
:10fb6c002000a58f1c00a98f1800aa8fffff10265c
:10fb7c0021187002000062a00291120000171600fa
:10fb8c00ffffa52425905200a4ff001002b116001f
:020000040000fa
:020000041d00dd
:10fb9c00c8ffbd270040e2303000b5af3400bfaf26
:10fbac002c00b4af2800b3af2400b2af2000b1af2b
:10fbbc001c00b0af4300401425a8e0000080143caa
:10fbcc0084379426259080002598c0003c00a5af72
:10fbdc005a98400f0400918e001902002310620005
:10fbec0080100200218822020000248e3769400f09
:10fbfc003c00a58f6000401025804000000042941e
:10fc0c00020043300d006014c0004330410060140a
:10fc1c00030012243400bf8f251040023000b58f32
:10fc2c002c00b48f2800b38f2400b28f2000b18f2a
:10fc3c001c00b08f0800e0033800bd270219150026
:10fc4c00000163300020a532000264341400868e5b
:10fc5c000b1885008439027c25104300000002a695
:10fc6c000100022404000526240024260c0006ae04
:10fc7c002e77400f160002a60800078e0000668e35
:10fc8c00108082271400a0af1000a2af0f00a53285
:10fc9c00633f400f252040023400bf8f0100122427
:10fcac00251040023000b58f2c00b48f2800b38f84
:10fcbc002400b28f2000b18f1c00b08f0800e0032d
:10fccc003800bd270000a78c0000c68c108082274e
:10fcdc001400a0af1000a2af633f400f0f00a5327d
:10fcec003400bf8f06001224f7ff03240a90620031
:10fcfc00251040023000b58f2c00b48f2800b38f34
:10fd0c002400b28f2000b18f1c00b08f0800e003dc
:10fd1c003800bd274800a38f080060104800a48f4e
:10fd2c001000038e030083a8000083b81400039214
:10fd3c00040083a015000392050083a080004230cc
:10fd4c00b4ff4010020012241400312604001326c4
:10fd5c0025286002ab78400f252020021400828eeb
:10fd6c0025286002252020022e77400f0c0002aec1
:10fd7c00a9ff00103400bf8fa6ff0010feff122455
:020000040000fa
:020000041d00dd
:10fd8c00c8ffbd272000b3af0080133c8437732617
:10fd9c001400b0af4400708e3000b7af2c00b6af7b
:10fdac002800b5af2400b4af1c00b2af1800b1af3f
:10fdbc003400bfaf25a0800025b8a00025b0c0003e
:10fdcc0025a8e0004800b18f3c0000124c00b28f17
:10fddc002000028e08004230390040140100063c1d
:10fdec001800028e01000324000043a40008032421
:10fdfc00020043a406040324040043a4440040125c
:10fe0c00060057a40300438a0000439a0b0043a842
:10fe1c00080043b8040043920c0043a00500439231
:10fe2c000d0043a00300238a110056a80e0056b8fb
:10fe3c000000239a25204000150043a8120043b867
:10fe4c0004002392160043a005002392170043a040
:10fe5c001b0055a8f88e400f180055b81000028ee4
:10fe6c001c000324252080028f95400f0c0043a416
:10fe7c00253040000608072425282002227a400f4e
:10fe8c002520000228004054280014ae3400bf8ff7
:10fe9c00251000003000b78f2c00b68f2800b58fce
:10feac002400b48f2000b38f1c00b28f1800b18fc8
:10febc001400b08f0800e0033800bd270100063c99
:10fecc000200c6241c000524e769400f38000424f6
:10fedc00eeff401025804000029d023cfc5842245d
:10feec00080002ae1800028e010003240c0000aec4
:10fefc00440070ae000043a400080324020043a495
:10ff0c0006040324040043a4beff4016060057a4b5
:10ff1c003c00838e400084960b0043a8080043b835
:10ff2c00c0ff00100c0044a4000000ae2528000205
:10ff3c008289400f252080023400bf8f27100200d9
:10ff4c00c21702003000b78f2c00b68f2800b58f77
:10ff5c002400b48f2000b38f1c00b28f1800b18f17
:0cff6c001400b08f0800e0033800bd272f
:020000040000fa
:020000041d00dd
:10ff7800d0ffbd272000b3af2c00bfaf2800b5af1e
:10ff88002400b4af1c00b2af1800b1af1400b0af7a
:10ff98002e008004259800009080838f2a1083000b
:10ffa8002b0040102c00bf8f2a00c01025106002c3
:10ffb800bc99400f00000000240040102588400034
:10ffc8003000548c25a8a000510080122590c00054
:10ffd80036002396259800001a00801200000000c1
:10ffe8002400601025204002340022962b80420213
:10fff8000a205000258080002b20640028008054af
:020000041d01dc
:10000800258060002600001600000000f2ff401462
:10001800000000000000828e3a004010300022ae3e
:100028000c0044940800428c340024a6380022ae08
:1000380004004012000000003000348ee8ff8016f3
:10004800000000000c0060504000228e2c00bf8f82
:10005800251060022800b58f2400b48f2000b38fcc
:100068001c00b28f1800b18f1400b08f0800e00395
:100078003000bd274000228e0004427cf4ff40502f
:100088002c00bf8f4591400f4c00242625284000a6
:10009800ea74400f25202002edff00102c00bf8fce
:1000a8000800a0123800258e2520a002f694400fe3
:1000b8002530000236002396340022963800258e1b
:1000c80021a8b0022318700023105000239050027a
:1000d80021981302ffff6330ffff42302128b00050
:1000e800ffff5232ffff7332360023a6340022a6e8
:1000f800cfff4014380025ae0000828ec8ff4014a0
:10010800300022ae340020a6c9ff0010380020ae0f
:100118004000428c0004427c0600401400000000ad
:1001280036002396caff60142c00bf8fd2ff001040
:100138004000228e4591400f4c002426252840007f
:10014800ea74400f25202002a1ff00103000348ef1
:020000040000fa
:020000041d01dc
:10015800d8ffbd271400b0af0800908c1c00b2afc8
:100168000080023c0a001296b83642241800b1af4b
:100178002400bfaf258880002000b3af49000216d5
:1001880040004432c1bf033cc0ff628cc0ff638c97
:100198000006427c4006637c1a0060140100422479
:1001a8001a00801410004234080053321100433200
:1001b80033006214ffff64321000028e8001433066
:1001c8001b006010010043300400027c1c008010fa
:1001d800444a027c2400bf8f00204234100002ae43
:1001e800010002241a0022a61c0020a62000b38fba
:1001f8001c00b28f1800b18f1400b08f0800e00304
:100208002800bd271d00801020004234ffff433026
:10021800259040000a0003a6252000001000028e49
:1002280080014330e9ff60540400027c0100433040
:10023800e6ff601000000000e7ff80142400bf8f75
:10024800040043321e006050020043322400bf8f76
:1002580000104234100002ae010002241a0022a647
:100268001c0020a62000b38f1c00b28f1800b18f8d
:100278001400b08f0800e0032800bd27080053329f
:1002880002000224020022a6fcff023cfcff042418
:10029800180020aeb398400f1c0022aec6ff001015
:1002a800ffff6432f6ff8010080053322000032459
:1002b800200012240a0003a6d8ff00102520000001
:1002c8000d006010010052322400bf8f00804234bc
:1002d800100002ae010002241a0022a61c0020a66b
:1002e8002000b38f1c00b28f1800b18f1400b08f9c
:1002f8000800e0032800bd27004043342400bf8fd6
:100308000b107200100002ae010002241a0022a68f
:100318001c0020a62000b38f1c00b28f1800b18fdc
:0c0328001400b08f0800e0032800bd277f
:020000040000fa
:020000041d01dc
:10033400d0ffbd272400b3af1800b0af029d133c1b
:1003440025808000029d043c2000b2afe8b88424dc
:100354002590a000506765262800b4af1c00b1affb
:100364002c00bfaf2588c000dc8f400f25a0e00023
:10037400010006241400a5273d3a400f2520000261
:100384004a004004a50003241400a293410043142e
:1003940004000624252840023d3a400f252000028f
:1003a4004200400404000624252820023d3a400f60
:1003b400252000023d004004000000000000428ea1
:1003c400003a457c003c447c003e437c1200a5a3db
:1003d4001100a4a31000a3a31300a2a31000a28fd2
:1003e400000042ae0000228e003a457c003c447c72
:1003f400003e437c1300a2a31200a5a31100a4a3f2
:100404001000a3a31000a68fc305c22c3700401010
:10041400000026ae1700c01425288002000080a228
:10042400010006241400a5273d3a400f25200002b0
:100434001e0040041400a3935a0002241f006214f7
:1004440050676526029d043cdc8f400facb98424c0
:10045400251000002c00bf8f2800b48f2400b38f18
:100464002000b28f1c00b18f1800b08f0800e00389
:100474003000bd273d3a400f252000020b00400408
:10048400000000000000228e21a08202e4ff001080
:10049400000080a2040003240f0043105067652667
:1004a400029d043cdc8f400f28b98424ed7a400f70
:1004b40025200002e7ff0010ffff0224029d043cf8
:1004c400dc8f400f80b98424ed7a400f2520000290
:1004d400e0ff0010ffff0224029d043cdc8f400f6c
:1004e400f8b88424f1ff001000000000029d043cd1
:1004f40050676526dc8f400f54b98424ebff00104d
:0405040000000000f3
:020000040000fa
:020000041d01dc
:10050800c8ffbd272400b4af4800b48f2000b3afa4
:100518000000f38c0000828e3000b7af2c00b6af1d
:100528002800b5af1c00b2af1800b1af1400b0afcf
:100538003400bfaf2588e0002580c00025b8a000a2
:100548004c00b58f4c00928c520062120000d68c81
:100558000000628e0000e2ac0400638ec439037ca4
:10056800040063ae0000838e17006250000080ae66
:100578000000438c000023ae000040ac0000048e55
:100588000400432400e0637c3c008010140040ac6d
:10059800000082ac140083ac000002ae0600a0523a
:1005a8000000228e0400428c0003427c2f00401081
:1005b800000000000000228e0000838eedff6254d0
:1005c8000000438c000080aeebff4014000020ae1a
:1005d8000400658e0800648e1000628e0c00638e25
:1005e8000400c5ae0800c4ae0c00c3ae1000c2ae15
:1005f800000060ae0000028e040060ae080060ae2d
:1006080021004010140060ae0400632600e0637c03
:10061800000053ac140043ac000013ae0400c28ebb
:1006280001000324c439627c0400c2ae0500a01294
:100638003400bf8f0400c28e0003427c19004010b2
:10064800252040023000b78f2c00b68f2800b58fc8
:100658002400b48f2000b38f1c00b28f1800b18f14
:100668001400b08f0800e0033800bd272c99400f14
:1006780025204002d0ff00100000228e000002aeac
:10068800c6ff00100000e2ae000013aee3ff00104a
:100698000000f3ae000080ae25100000aeff001091
:1006a8000000e0ac3400bf8f3000b78f2c00b68f4d
:1006b8002800b58f2400b48f2000b38f1c00b28fa0
:1006c8001800b18f1400b08f2c99400b3800bd274b
:020000040000fa
:020000041d01dc
:1006d80000e85d4100701a4000601b40e8febd273d
:1006e8001401baaf02601a401001bbaf44781b7cfa
:1006f80000047b370c01baaf00609b401210000069
:100708000401a2afd800bff7101800000001a3af82
:10071800d000bdf712102000fc00a2afc800bbf744
:1007280010182000f800a3afc000b9f7121040005d
:10073800f400a2afb800b7f710184000f000a3af5c
:10074800b000b5f710186000a800b3f7a000b2f722
:10075800121060009800b1f79000b0f78800aff76a
:100768008000aef77800adf77000acf76800abf723
:100778006000aaf75800a9f75000a8f74800a7f7a3
:100788004000a6f73800a5f73000a4f72800a3f723
:100798002000a2f71800a1f71000a0f7ec00a2af04
:1007a800e800a3afb81c3f7c0801a3af00f842449f
:1007b800e400a2af0d93400f00000000e400a28ff8
:1007c80000f8c244fc00a58f0801a38f0401a28f82
:1007d8001308a000f800a58ff8fc617c0001a38f26
:1007e8001108a000f400a58fd800bfd7d000bdd74e
:1007f8001310a000f000a58fc800bbd7c000b9d760
:100808001110a000ec00a58fb800b7d7b000b5d77d
:100818001318a000e800a58fa800b3d7a000b2d78e
:100828009800b1d79000b0d78800afd78000aed776
:100838007800add77000acd76800abd76000aad7f6
:100848005800a9d75000a8d74800a7d74000a6d776
:100858003800a5d73000a4d72800a3d72000a2d7f6
:100868001800a1d71000a0d71300400011006000a5
:100878001118a00000606041c00000000c01bb8f8f
:100888001401ba8f02609b401001bb8f00709a4020
:100898001801bd2700e8dd4100609b4018000042b8
:020000040000fa
:020000041d01dc
:1008a80000e85d4100701a4000601b40e8febd276b
:1008b8001401baaf02601a401001bbaf44781b7c28
:1008c80000047b370c01baaf00609b401210000097
:1008d8000401a2afd800bff7101800000001a3afb1
:1008e800d000bdf712102000fc00a2afc800bbf773
:1008f80010182000f800a3afc000b9f7121040008c
:10090800f400a2afb800b7f710184000f000a3af8a
:10091800b000b5f710186000a800b3f7a000b2f750
:10092800121060009800b1f79000b0f78800aff798
:100938008000aef77800adf77000acf76800abf751
:100948006000aaf75800a9f75000a8f74800a7f7d1
:100958004000a6f73800a5f73000a4f72800a3f751
:100968002000a2f71800a1f71000a0f7ec00a2af32
:10097800e800a3afb81c3f7c0801a3af00f84244cd
:10098800e400a2af6e7c400f00000000e400a28fdc
:1009980000f8c244fc00a58f0801a38f0401a28fb0
:1009a8001308a000f800a58ff8fc617c0001a38f54
:1009b8001108a000f400a58fd800bfd7d000bdd77c
:1009c8001310a000f000a58fc800bbd7c000b9d78e
:1009d8001110a000ec00a58fb800b7d7b000b5d7ac
:1009e8001318a000e800a58fa800b3d7a000b2d7bd
:1009f8009800b1d79000b0d78800afd78000aed7a5
:100a08007800add77000acd76800abd76000aad724
:100a18005800a9d75000a8d74800a7d74000a6d7a4
:100a28003800a5d73000a4d72800a3d72000a2d724
:100a38001800a1d71000a0d71300400011006000d3
:100a48001118a00000606041c00000000c01bb8fbd
:100a58001401ba8f02609b401001bb8f00709a404e
:100a68001801bd2700e8dd4100609b4018000042e6
:020000040000fa
:020000041d01dc
:100a780000e85d4100701a4000601b40e8febd2799
:100a88001401baaf02601a401001bbaf44781b7c56
:100a980000047b370c01baaf00609b4012100000c5
:100aa8000401a2afd800bff7101800000001a3afdf
:100ab800d000bdf712102000fc00a2afc800bbf7a1
:100ac80010182000f800a3afc000b9f712104000ba
:100ad800f400a2afb800b7f710184000f000a3afb9
:100ae800b000b5f710186000a800b3f7a000b2f77f
:100af800121060009800b1f79000b0f78800aff7c7
:100b08008000aef77800adf77000acf76800abf77f
:100b18006000aaf75800a9f75000a8f74800a7f7ff
:100b28004000a6f73800a5f73000a4f72800a3f77f
:100b38002000a2f71800a1f71000a0f7ec00a2af60
:100b4800e800a3afb81c3f7c0801a3af00f84244fb
:100b5800e400a2af4149400f00000000e400a28f6a
:100b680000f8c244fc00a58f0801a38f0401a28fde
:100b78001308a000f800a58ff8fc617c0001a38f82
:100b88001108a000f400a58fd800bfd7d000bdd7aa
:100b98001310a000f000a58fc800bbd7c000b9d7bc
:100ba8001110a000ec00a58fb800b7d7b000b5d7da
:100bb8001318a000e800a58fa800b3d7a000b2d7eb
:100bc8009800b1d79000b0d78800afd78000aed7d3
:100bd8007800add77000acd76800abd76000aad753
:100be8005800a9d75000a8d74800a7d74000a6d7d3
:100bf8003800a5d73000a4d72800a3d72000a2d753
:100c08001800a1d71000a0d7130040001100600001
:100c18001118a00000606041c00000000c01bb8feb
:100c28001401ba8f02609b401001bb8f00709a407c
:100c38001801bd2700e8dd4100609b401800004214
:020000040000fa
:020000041d01dc
:100c480000e85d4100701a4000601b40e8febd27c7
:100c58001401baaf02601a401001bbaf44781b7c84
:100c680000047b370c01baaf00609b4012100000f3
:100c78000401a2afd800bff7101800000001a3af0d
:100c8800d000bdf712102000fc00a2afc800bbf7cf
:100c980010182000f800a3afc000b9f712104000e8
:100ca800f400a2afb800b7f710184000f000a3afe7
:100cb800b000b5f710186000a800b3f7a000b2f7ad
:100cc800121060009800b1f79000b0f78800aff7f5
:100cd8008000aef77800adf77000acf76800abf7ae
:100ce8006000aaf75800a9f75000a8f74800a7f72e
:100cf8004000a6f73800a5f73000a4f72800a3f7ae
:100d08002000a2f71800a1f71000a0f7ec00a2af8e
:100d1800e800a3afb81c3f7c0801a3af00f8424429
:100d2800e400a2af6e44400f00000000e400a28f70
:100d380000f8c244fc00a58f0801a38f0401a28f0c
:100d48001308a000f800a58ff8fc617c0001a38fb0
:100d58001108a000f400a58fd800bfd7d000bdd7d8
:100d68001310a000f000a58fc800bbd7c000b9d7ea
:100d78001110a000ec00a58fb800b7d7b000b5d708
:100d88001318a000e800a58fa800b3d7a000b2d719
:100d98009800b1d79000b0d78800afd78000aed701
:100da8007800add77000acd76800abd76000aad781
:100db8005800a9d75000a8d74800a7d74000a6d701
:100dc8003800a5d73000a4d72800a3d72000a2d781
:100dd8001800a1d71000a0d7130040001100600030
:100de8001118a00000606041c00000000c01bb8f1a
:100df8001401ba8f02609b401001bb8f00709a40ab
:100e08001801bd2700e8dd4100609b401800004242
:020000040000fa
:020000041d01dc
:100e180000e85d4100701a4000601b40e8febd27f5
:100e28001401baaf02601a401001bbaf44781b7cb2
:100e380000047b370c01baaf00609b401210000021
:100e48000401a2afd800bff7101800000001a3af3b
:100e5800d000bdf712102000fc00a2afc800bbf7fd
:100e680010182000f800a3afc000b9f71210400016
:100e7800f400a2afb800b7f710184000f000a3af15
:100e8800b000b5f710186000a800b3f7a000b2f7db
:100e9800121060009800b1f79000b0f78800aff723
:100ea8008000aef77800adf77000acf76800abf7dc
:100eb8006000aaf75800a9f75000a8f74800a7f75c
:100ec8004000a6f73800a5f73000a4f72800a3f7dc
:100ed8002000a2f71800a1f71000a0f7ec00a2afbd
:100ee800e800a3afb81c3f7c0801a3af00f8424458
:100ef800e400a2af769a400f00000000e400a28f41
:100f080000f8c244fc00a58f0801a38f0401a28f3a
:100f18001308a000f800a58ff8fc617c0001a38fde
:100f28001108a000f400a58fd800bfd7d000bdd706
:100f38001310a000f000a58fc800bbd7c000b9d718
:100f48001110a000ec00a58fb800b7d7b000b5d736
:100f58001318a000e800a58fa800b3d7a000b2d747
:100f68009800b1d79000b0d78800afd78000aed72f
:100f78007800add77000acd76800abd76000aad7af
:100f88005800a9d75000a8d74800a7d74000a6d72f
:100f98003800a5d73000a4d72800a3d72000a2d7af
:100fa8001800a1d71000a0d713004000110060005e
:100fb8001118a00000606041c00000000c01bb8f48
:100fc8001401ba8f02609b401001bb8f00709a40d9
:100fd8001801bd2700e8dd4100609b401800004271
:020000040000fa
:020000041d01dc
:100fe80000e85d4100701a4000601b40e8febd2724
:100ff8001401baaf02601a401001bbaf44781b7ce1
:1010080000047b370c01baaf00609b40121000004f
:101018000401a2afd800bff7101800000001a3af69
:10102800d000bdf712102000fc00a2afc800bbf72b
:1010380010182000f800a3afc000b9f71210400044
:10104800f400a2afb800b7f710184000f000a3af43
:10105800b000b5f710186000a800b3f7a000b2f709
:10106800121060009800b1f79000b0f78800aff751
:101078008000aef77800adf77000acf76800abf70a
:101088006000aaf75800a9f75000a8f74800a7f78a
:101098004000a6f73800a5f73000a4f72800a3f70a
:1010a8002000a2f71800a1f71000a0f7ec00a2afeb
:1010b800e800a3afb81c3f7c0801a3af00f8424486
:1010c800e400a2aff593400f00000000e400a28ff7
:1010d80000f8c244fc00a58f0801a38f0401a28f69
:1010e8001308a000f800a58ff8fc617c0001a38f0d
:1010f8001108a000f400a58fd800bfd7d000bdd735
:101108001310a000f000a58fc800bbd7c000b9d746
:101118001110a000ec00a58fb800b7d7b000b5d764
:101128001318a000e800a58fa800b3d7a000b2d775
:101138009800b1d79000b0d78800afd78000aed75d
:101148007800add77000acd76800abd76000aad7dd
:101158005800a9d75000a8d74800a7d74000a6d75d
:101168003800a5d73000a4d72800a3d72000a2d7dd
:101178001800a1d71000a0d713004000110060008c
:101188001118a00000606041c00000000c01bb8f76
:101198001401ba8f02609b401001bb8f00709a4007
:1011a8001801bd2700e8dd4100609b40180000429f
:020000040000fa
:020000041d01dc
:1011b800d0ffbd272400b2af0080123c1c00b0afa6
:1011c800cc3750260c00028e0800038e2c00bfafcf
:1011d8002800b3af2b206200030080102000b1afbd
:1011e8001800048e21186400231062005a00401071
:1011f8002c00bf8f82bf113c0080133c1022228e2e
:10120800000242303600401481bf023c0c00028ebe
:101218000800038e3b00435081bf023c0022238e0e
:1012280006000424060063303c00641040180200e5
:10123800342b63268a19627c1000a3a71800048e39
:10124800010042242b2044000a1004000c0002aec6
:101258000022228e202223ae10000292ff0042308c
:10126800e6ff4010000000001800028e0c00038efc
:101278000800048e2b2883000400a0502318830044
:101288001800058e2120850023188300cc37448e52
:10129800daff8010000000000400058e1c00049294
:1012a800ffff422423104300ff0083302200601018
:1012b800000000001400038e2b104300cfff4014e1
:1012c80000000000cc37428e09f8400003000424d7
:1012d8001022228e00024230ccff401081bf023c17
:1012e8000800033c840043ac2c00bf8f2800b38f58
:1012f8002400b28f2000b18f1c00b08f0800e003db
:101308003000bd270800033c040143ac0800033c3f
:10131800840043acf5ff00102c00bf8f342b6426eb
:10132800010065248a19837c8a21857c1000a3a783
:10133800c2ff00101200a4a71400038eafff4314cd
:1013480000000000cc37428e09f840000300042456
:10135800dfff00100000000081bf023c0800033cd2
:10136800040143ac2800b38f2400b28f2000b18f52
:101378001c00b08f840043ac0800e0033000bd2798
:020000040000fa
:020000041d01dc
:1013880090ffbd276000b2af5800b0af2590800035
:101398004700b0276400b3af6c00bfaf6800b4afbc
:1013a8005c00b1af0418107c2520a0004c00538ebf
:1013b800000015be0f0000000020023c258002023c
:1013c8002700b1270418117c0c0000ae080000aefd
:1013d800000035be0f0000000c01458e2588220252
:1013e8000c0020ae080020ae0c00072608000626d8
:1013f800d164400f0800a52425a040000800038ef2
:101408000c00028e220062500c0000ae0000628cbc
:10141800080002ae0400628c4002427c3600405054
:101428000801448e0400628c01000424000060acb2
:10143800c45a027c040062ac0400628c140060ace4
:1014480084f7027c040062ac0400628cc4ff027c56
:10145800040062ac0400628cc439827c040062ac73
:101468000c00228e210040100400642400e0847cdb
:10147800000043ac140044ac0c0023ae0c00028ef8
:101488000800038ee2ff62540000628c0c0000ae7c
:10149800e0ff6014080000ae0800228e0a00401029
:1014a8000c0022260c01458e010003240c00a62402
:1014b8001400a3af1000a2af080027260800a52437
:1014c8004241400f252040026c00bf8f251080024a
:1014d8006400b38f6800b48f6000b28f5c00b18f76
:1014e8005800b08f0800e0037000bd270c0023ae41
:1014f800c2ff0010080023ae000060ac140060ac0e
:101508000c00858c0e00a0100400622400e0427cd0
:101518000000a3ac1400a2ac0c0083ac0400648ce3
:10152800080060ac0003837cb5ff60540800038e9c
:101538002c99400f25206002b1ff00100800038e8f
:0c1548000c0083acf5ff0010080083ac21
:020000040000fa
:020000041d01dc
:10155400d0ffbd272400b1af2c00bfaf2800b2af2d
:101564002000b0af1700a010258880007400828c82
:10157400040040102580a0000500052409f840005f
:1015840014018424500032262000028e0000038eb1
:101594002528000208004234200002ae2520400223
:1015a4001891400f25806000f8ff00562000028e3d
:1015b4007400228e030040100600052409f8400040
:1015c40014012426220022960400423006004054ce
:1015d4007400228e200022921000423045004050b8
:1015e400252020027400228e1400a0af1000a0afaa
:1015f400040040101800a0af0500052409f84000bd
:101604001401242603000010500030261891400fc6
:10161400000000000991400f252000022528400009
:10162400faff40141000a4277400228e2c004010ee
:101634000600052409f84000140124261000a28f96
:101644000c0040507400228e1000458c4557400f0a
:10165400252020021b0040100300032417004354dc
:101664003801228e3c01228e010042243c0122ae2c
:101674007400228e030040100500052409f8400080
:10168400140124261000a527717d400f2520000297
:101694007400228e030040100600052409f840005f
:1016a400140124262c00bf8f2800b28f2400b18f90
:1016b4002000b08f0800e0033000bd270100422461
:1016c400380122ae0991400f1000a4271000a28f08
:1016d400deff40541000458ce6ff00107400228e9b
:1016e4001000a28fd9ff40541000458ce6ff001073
:1016f4001000a527010006245a6a400fffff0524a5
:101704002c00bf8f2800b28f2400b18f2000b08f2f
:081714000800e0033000bd27ce
:020000040000fa
:020000041d01dc
:10171c00b0ffbd273400b0af1f00b0274800b5aff5
:10172c004400b4af4000b3af3800b1af4c00bfaf12
:10173c003c00b2af25a880002588a0002598c000e9
:10174c0025a0e0000418107c000015be0f0000005e
:10175c007400828c0020033c258003020c0000ae38
:10176c0004004010080000ae0500052409f84000f4
:10177c00140184240401a58e080006260c000726fb
:10178c000800a524d164400f252020027400a68ee9
:10179c004b00c010259040000600052409f8c0003d
:1017ac001401a426170060527400a68e0800118e36
:1017bc000a00201600000000120000107400a68e13
:1017cc000080023c2520820009f860022528800256
:1017dc000000318e0b0020527400a68e0400228e65
:1017ec00fcff43040000318e0400228e8002427cf8
:1017fc00f3ff40140800248e00a0023cf2ff0010fe
:10180c00252082001500c0100500052409f8c00031
:10181c001401a4267400a68e0800028e0c00038e00
:10182c00130043500c0000ae0000438c080003aec4
:10183c000001a58e0400432400e0637c0c00a48c02
:10184c00080040ac000040ac19008010140040ac03
:10185c00000082ac140083ac0c00a2ac0800028e19
:10186c000c00038ef1ff43540000438c0c0000aebf
:10187c00efff4014080000ae0300c0100600052462
:10188c0009f8c0001401a4264c00bf8f251040029b
:10189c004800b58f4400b48f4000b38f3c00b28f2a
:1018ac003800b18f3400b08f0800e0035000bd2722
:1018bc000800a2ac0c00a2ace9ff00100800028edc
:1018cc00e7ff60120800028ec4ff40142588400018
:0818dc00d3ff00100c00038e85
:020000040000fa
:020000041d01dc
:1018e400e0ffbd270c00a22c1c00bfaf1800b1af55
:1018f400620040101400b0af80100500019d053c4b
:101904001419a5240a28a27c0800a00025888000b8
:10191400ac19019de419019d181a019d801a019dbd
:10192400801a019d4c1a019d801a019d801a019d07
:10193400801a019d801a019d801a019d4419019d00
:101944002580c000029d043c029d063c252800021f
:101954004067c6245ccb8424dc8f400f2c00a7afe7
:101964002c00a78f25300002252020020e87400f6f
:101974002528e0002c00a78f029d043c78cb84240a
:101984002180f000000000a2dc8f400f2528e00039
:101994001c00bf8f251000001800b18f1400b08ff9
:1019a4000800e0032000bd27029d053c029d043c85
:1019b4004067a524dc8f400f44cb842425202002db
:1019c4002085400f0f0005241c00bf8f2510000048
:1019d4001800b18f1400b08f0800e0032000bd2769
:1019e4000300e590029d043c029d073c4067e72408
:1019f40025300000dc8f400f00cb84241c00bf8ff7
:101a0400251000001800b18f1400b08f0800e00307
:101a14002000bd270400e6900300e590029d043ced
:101a2400029d073c4067e724dc8f400fe0ca842412
:101a34001c00bf8f251000001800b18f1400b08f58
:101a44000800e0032000bd270400e6900300e590b1
:101a5400029d043c029d073c4067e724dc8f400f55
:101a640024cb84241c00bf8f251000001800b18fe4
:101a74001400b08f0800e0032000bd27029d053c40
:101a8400029d043c4067a524dc8f400f80cb842456
:101a94001c00bf8f251000001800b18f1400b08ff8
:081aa4000800e0032000bd274b
:020000040000fa
:020000041d01dc
:101aac00d8ffbd272400bfaf2000b4af1c00b3afdc
:101abc001800b2af1400b1af5800c0101000b0af96
:101acc004d00800425800000a880828f2b1082009e
:101adc0049004010b880918f802004000a88247e31
:101aec00450020122518a0001c00228e2000258ef7
:101afc002b20450053008010239045001800328e97
:101b0c001400248e2390450223104400219042029d
:101b1c0001005226ffff5232400040122b80460239
:101b2c001800228e0b3050022120a6002b204400de
:101b3c002580c0000d00801025a0c0002398450012
:101b4c0001007326ffff733223a0d3004300601003
:101b5c00ffff943225206000f694400f2530600280
:101b6c001400258e21185300200025ae04006010af
:101b7c0025308002f694400f252060002000258e31
:101b8c002128b400200025ae2979400f2520200201
:101b9c001a0040142400bf8f239050022a90120286
:101bac002a0040123e002296040043301400605478
:101bbc0025100002010003248410627cc687400fac
:101bcc003e0022a69880848f4018040021186400df
:101bdc00c0180300211864006210043cc0180300f4
:101bec00d34d8424190064001018000082190300de
:101bfc0021106200280022ae2400bf8f25100002a5
:101c0c002000b48f1c00b38f1800b28f1400b18f5a
:101c1c001000b08f0800e0032800bd272400bf8f00
:101c2c0025800000251000022000b48f1c00b38f0b
:101c3c001800b28f1400b18f1000b08f0800e003b1
:101c4c002800bd27b4ff0010ffff5232010003240f
:101c5c00c439627ce8ff00103e0022a6c8ff0010c9
:041c6c001400258ead
:020000040000fa
:020000041d01dc
:101c70001800838c03000224410062100000000061
:101c8000d0808297d8ffbd272400bfaf2000b4af1b
:101c90001c00b3af1800b2af1400b1af0c0040107d
:101ca0001000b0af2400bf8f01004224d08082a773
:101cb0002000b48f010002241c00b38f1800b28fe3
:101cc0001400b18f1000b08f0800e0032800bd277a
:101cd0000800848c0080033c0080133c0080023ca0
:101ce000583971244839522480397426583960ace7
:101cf000483940ac803960ae2580a000e08084afd8
:101d0000d48080afdc8080af040020ae080020ae1d
:101d10000c0020ae040080ae080080aed88080affa
:101d2000040040ae080040ae0c0040aecc8080af56
:101d30000400a010ffff06240000a28c1200401433
:101d4000019d053c029d053cec55a5248f90400f5c
:101d5000252000006a80400f000000002400bf8f93
:101d6000251000002000b48f1c00b38f1800b28f24
:101d70001400b18f1000b08f0800e0032800bd27c9
:101d80000800e0030100022425300000f499a52496
:101d9000ac87400f030004241f004010dc8082af9a
:101da000668d400f25202002e6ff4010fdff06242f
:101db000aa9a400f2520400219004010e080848f2d
:101dc0000000058e0800828c09f8400010000624ef
:101dd00015004010d88082afb899400f25208002ae
:101de0000000028ed880928f0900401025880000e4
:101df000252840023691400f803964260000028e6b
:101e0000010031262b102202f9ff40141000522647
:101e1000a4ff0010d0808297caff0010feff0624a6
:101e2000c8ff0010fcff0624c6ff0010fbff0624bd
:020000040000fa
:020000041d01dc
:101e3000c8ffbd274800828c2000b0af2580a000dd
:101e40003000b4af2400b1af3400bfaf2c00b3af4b
:101e50002800b2af258880001800a0a71000a0af0e
:101e60001400a5272520000209f8400025a0c00085
:101e7000180040041400b2972800228e0100132499
:101e80001000a6272528000009f8400025200002a0
:101e9000350053525400228e1e00401202000224cc
:101ea000140042163400bf8f1600a6975800228ee9
:101eb0001000a78f1800a6a71b00052409f84000f2
:101ec00025200002040040043400bf8f0100423886
:101ed0000100422c3400bf8f3000b48f2c00b38f30
:101ee0002800b28f2400b18f2000b08f0800e003db
:101ef0003800bd27f7ff02243000b48f2c00b38fc9
:101f00002800b28f2400b18f2000b08f0800e003ba
:101f10003800bd275000228e1000a68f1b0005241c
:101f200009f8400025200002ebff40043400bf8f79
:101f300005005310010005244c00228e09f84000d2
:101f4000252000023400bf8f010002243000b48f2e
:101f50002c00b38f2800b28f2400b18f2000b08fe7
:101f60000800e0033800bd271800a52709f8400045
:101f700025200002d8ff40043400bf8ff2ff52102a
:101f80001800a2970002833205006014100042304e
:101f900000089432130080520080423400a0423482
:101fa0001800a2a7020003241600a2a71400a3a7ea
:101fb0004c00228e1400a58f09f840002520000255
:101fc0003400bf8f010002243000b48f2c00b38f87
:101fd0002800b28f2400b18f2000b08f0800e003ea
:0c1fe0003800bd27efff00101800a2a77a
:020000040000fa
:020000041d01dc
:101fec00b480828fe0ffbd271c00bfaf1800b2afda
:101ffc001400b1af260040141000b0afb080828f37
:10200c0008004010259000001c00bf8f25104002d6
:10201c001400b18f1800b28f1000b08f0800e003cd
:10202c002000bd271800828cf8ff40141c00bf8fc5
:10203c000800828c020003242580a00025888000e3
:10204c0006004010b48083af0500a050029d053cf3
:10205c000000a28c1a00401400000000029d053cf8
:10206c00e835a5248f90400f252000001c00bf8f61
:10207c0025900000251040021400b18f1800b28f7b
:10208c001000b08fb48080af0800e0032000bd27a3
:10209c0001000324dcff431425900000b080828fe4
:1020ac00daff40181c00bf8f1800838cd7ff601418
:1020bc000100122401004224d3ff0010b08082af33
:1020cc009a89400f000000000800238e0000118e3a
:1020dc0004000996060008960800678c0400062484
:1020ec002528200225206000988082afac8083af29
:1020fc00a08089a709f8e0009e8088a71c004010ea
:10210c00b88082af009d053c050006247802a5240a
:10211c000a000424ac87400fa88091af1a0040102d
:10212c00a48082afb080828f01001224010042246f
:10213c00b49a400fb08082af2520400001000224e9
:10214c00b69a400f9c8082a31c00bf8f0100022412
:10215c00b08082afb48082af1400b18f25104002e2
:10216c001000b08f1800b28f0800e0032000bd27cc
:10217c00029d053c1836a5248f90400f25200000a9
:10218c00a1ff0010b48080af947c400f00000000d1
:08219c009dff0010b48080af2c
:020000040000fa
:020000041d01dc
:1021a400c8ffbd273400bfaf3000b5af2c00b4afbb
:1021b4002800b3af2400b2af2000b1af6000a0107c
:1021c4001c00b0af0000a38c07006050fbff10247c
:1021d4004f0080103400bf8f420082944000423090
:1021e4000b004014faff10243400bf8f25100002a6
:1021f4003000b58f2c00b48f2800b38f2400b28f29
:102204002000b18f1c00b08f0800e0033800bd2708
:102214000080143c843794262598e0002590c00063
:102224002580a0005a98400f0400918e00190200e6
:102234002310620080100200218822020000248ef4
:102244003769400f252800023f00401025a84000b0
:102254003900601604002726140027268000132462
:102264000000a296020043300e0060142580000096
:1022740040004330050060140400242680004230ee
:1022840024002426140023260b2062000500871056
:10229400040010240400a526ab78400f1000a7af5b
:1022a4001000a78f2520a00225304002c98a400fc4
:1022b400252860020000228e3c00848e0c00238eb0
:1022c4002400428c3400bf8f3000b58f021044705c
:1022d400eb51043c1f8584342c00b48f2800b38f49
:1022e4002400b28f2000b18f1900440010100000a8
:1022f400421102002b106200050003240a806200d0
:10230400251000021c00b08f0800e0033800bd2730
:10231400faff1024251000023000b58f2c00b48f72
:102324002800b38f2400b28f2000b18f1c00b08f1f
:102334000800e0033800bd27c9ff00104000132443
:10234400a9ff0010fbff1024a7ff0010feff1024bc
:020000040000fa
:020000041d01dc
:1023540036008010000000003400a01000000000cf
:10236400e0ffbd271800b2af0f00a5242590800020
:102374001400b1af1c00bfaf02890500b49a400f2e
:102384001000b0af480043922200601401003126cf
:10239400b69a400f252040002400428e0f00405082
:1023a400faff02240400438c2b207100080080549f
:1023b4000000508c45000010232071002b28710070
:1023c4001c00a01023207100251000020000508c76
:1023d400faff00560400038efaff0224b49a400f59
:1023e400380042ae48004392252040000100632497
:1023f400b69a400f480043a21c00bf8f251000006e
:102404001800b28f1400b18f1000b08f0800e003e1
:102414002000bd27ffff6324480043a2b69a400f63
:1024240025204000ddff00102400428e0800e00358
:10243400251000000300852c1d00a0540000048e0c
:102444001a0071102518200200110400040004aec3
:1024540021800202040011ae3000438e3400428e0b
:10246400218823022b10510002004010300051ae8d
:10247400340051aeb49a400f00000000480043926b
:102484002520400001006324b69a400f480043a26f
:102494001c00bf8f100002261800b28f1400b18fe9
:1024a4001000b08f0800e0032000bd270000048e58
:1024b40025886000000044ac2800438ee6ff70507d
:1024c400280042aee5ff00103000438e0300852c47
:1024d4000700a010000000000000448c258040008c
:1024e40025886000240044aef3ff0010251080000e
:1024f400faff23520000448cd3ff001025804000d3
:020000040000fa
:020000041d01dc
:10250400d8ffbd271800b1af0080113c2000b3af45
:102514001c00b2af2400bfaf1400b0af82bf123ca6
:10252400cc3731260080133c1022428e0100423009
:10253400330040102400bf8f3022508e2800228e9a
:102544003000238e2c00248e010042242b184300db
:102554000a10030033008210000000002c00238eb8
:10256400f1ff6210000000002800248e0022438e38
:10257400060006240600633037006610ff000532ab
:102584003836632621208300000085a0280022ae6f
:1025940034002292ff004230e3ff401000000000ac
:1025a4002800238e2c00228e2b20620035008014fc
:1025b40000000000231062002000238edaff601068
:1025c400000000002400258e3c002392ff006330ad
:1025d4002f006014000000003800238ed2ff431443
:1025e400000000002000228e09f840002520000091
:1025f4001022428e01004230cfff40142400bf8fce
:1026040081bf023c0400033c2000b38f1c00b28f46
:102614001800b18f1400b08f840043ac0800e003ad
:102624002800bd272000238eccff6010000000008e
:102634002400258e2000228e09f840000100042485
:102644002800228e3000238e010042242b184300e0
:10265400c2ff00100a1003002800238e38366626b5
:10266400003a107e401803000100642421208600f3
:1026740021186600000065a0000090a0c3ff0010b0
:10268400000000003000248ecaff001021186400ee
:102694003800238e2b104300a3ff401400000000d9
:0826a400d0ff0010000000004f
:020000040000fa
:020000041d01dc
:1026ac0067008010000000006500a0100000000012
:1026bc000000828cd8ffbd271c00b2af0100432460
:1026cc000c0092241800b1af1400b0af2400bfafbf
:1026dc002000b3af21104202000083ac80ff032422
:1026ec00000043a00000828c2588a0003900432cf8
:1026fc00460060102580800038000624212042020c
:10270c002330c200cb95400f252800000400038e17
:10271c000800028e0400052642270300c0100200a8
:10272c0021104400c0180300080002ae040003aee0
:10273c000300a48844000326080006260000a49881
:10274c004800022625284002470004aa000064b86d
:10275c000300c388252000020000c3984b0003aa85
:10276c005106400f000043b84c0002260300468877
:10277c00070045880b0044880f00438800004698ea
:10278c00040045980c00439808004498030026aabe
:10279c00000026ba070025aa040025ba0b0024aabb
:1027ac00080024ba0f0023aa0c0023ba4567033c87
:1027bc00012363244c0003aecdef033c89ab63349f
:1027cc00500003aeba98033cfedc63342400bf8f88
:1027dc00540003ae3210033c7654632425100000e1
:1027ec00580003ae000000ae040000ae080000aebe
:1027fc00600000ae2000b38f1c00b28f1800b18fa8
:10280c001400b08f0800e0032800bd2740001324fb
:10281c002330620225280000cb95400f2120420274
:10282c0025200002000013ae5106400f252840025f
:10283c00000000ae25204002b2ff00103800062434
:08284c000800e00353ff022421
:020000040000fa
:020000041d01dc
:10285400c8ffbd274800828c2000b0af2580a000af
:102864003000b4af2400b1af3400bfaf2c00b3af1d
:102874002800b2af258880001800a0a71000a0afe0
:102884001400a5272520000209f8400025a0c00057
:10289400180040041400b2972800228e010013246b
:1028a4001000a6272528000009f840002520000272
:1028b400350053525400228e1e004012020002249e
:1028c400140042163400bf8f1600a6975800228ebb
:1028d4001000a78f1800a6a71200052409f84000cd
:1028e40025200002040040043400bf8f0100423858
:1028f4000100422c3400bf8f3000b48f2c00b38f02
:102904002800b28f2400b18f2000b08f0800e003ac
:102914003800bd27f7ff02243000b48f2c00b38f9a
:102924002800b28f2400b18f2000b08f0800e0038c
:102934003800bd275000228e1000a68f12000524f7
:1029440009f8400025200002ebff40043400bf8f4b
:1029540005005310010005244c00228e09f84000a4
:10296400252000023400bf8f010002243000b48f00
:102974002c00b38f2800b28f2400b18f2000b08fb9
:102984000800e0033800bd271800a52709f8400017
:1029940025200002d8ff40043400bf8ff2ff5210fc
:1029a40001009432020080121800a29300404234c5
:1029b400020003241600a2a71400a3a71800a2a7cc
:1029c4001400a58f4c00228e09f840002520000237
:1029d4003400bf8f010002243000b48f2c00b38f69
:1029e4002800b28f2400b18f2000b08f0800e003cc
:0429f4003800bd27c3
:020000040000fa
:020000041d01dc
:1029f800c8ffbd271c00b3af5000b38f2000b4af91
:102a08003400bfaffcff62260200422c3000beaf8c
:102a18002c00b7af2800b6af2400b5af1800b2af8e
:102a28001400b1af1000b0af060040144c00b48fd2
:102a38002000a22c450040102000c22c4900401064
:102a4800258000002588a0000100052425a8e000b5
:102a58005f7f400f2590c0004600401025b8400019
:102a68000400568c0200c296020043303a006010ff
:102a7800080042303d00401425800000fa90400fc5
:102a88008400c426258040001a00401002001e243d
:102a98000f0043900100022439006214029d043c97
:102aa8004800a38fff007332030002240d0003a225
:102ab800010003240c0013a2040011a6060012a6ac
:102ac800080015ae0e0003a204006216100017ae2f
:102ad8000200c296080042340200c2a6252800025d
:102ae800eb90400f9000c426020002240f0002a2bf
:102af80025f00000b49a400f000000000000c392c7
:102b08002520400001006324b69a400f0000c3a2ac
:102b18000100805600009eae3400bf8f25100002d1
:102b28003000be8f2c00b78f2800b68f2400b58fd9
:102b38002000b48f1c00b38f1800b28f1400b18f1f
:102b48001000b08f0800e0033800bd272580000082
:102b5800efff0010fbff1e2425800000e5ff00109a
:102b6800fcff1e24eaff0010faff1e24e1ff0010fc
:102b7800f8ff1e2425800000e5ff0010ffff1e243b
:102b8800060105247e92400ff0608424c5ff0010e2
:042b98004800a38fbf
:020000040000fa
:020000041d01dc
:102b9c00d8ffbd270f0005240f0004242400bfaf6d
:102bac002000b3af1c00b2af1800b1af8191400f41
:102bbc001400b0af080040147880908f2400bf8fb1
:102bcc002000b38f1c00b28f1800b18f1400b08f8f
:102bdc000800e0032800bd27f8ff00120200423075
:102bec003b00401000000000e087400f0000000098
:102bfc00259860009a89400f2590400025304000b0
:102c0c002520400225286002c323400f25380000f0
:102c1c000000128e259840001c0002ae0c00428e63
:102c2c002b004010258800000d00001025204002cc
:102c3c00010080501800448c0800438c2318630258
:102c4c002b1864002e006010253040000c00428ec2
:102c5c00010031262b1022021d00401025204002bd
:102c6c005d95400f2528200200004394010064303c
:102c7c00f7ff80500c00428e80006430ecff8054d3
:102c8c001400048e000165301a00a0140c00448c52
:102c9c00232064020200842cedff80540c00428e31
:102cac002b0045902c0044902b20a400190080147c
:102cbc000c0053ac00016334e4ff0010000043a48b
:102ccc005113400f252000029185400f24000486eb
:102cdc00dd7d400f24000486b9ff40102400bf8f17
:102cec0026000286f8ff401000000000f4ff0010e0
:102cfc0000000000d6ff93500c00428e253040009f
:102d0c0026000526c28b400f25200002d0ff0010a4
:102d1c000c00428e0100a5242b0045a025200002aa
:102d2c00de21400f25284000c9ff00100c00428e08
:020000040000fa
:020000041d01dc
:102d3c005443502f495020737461636b20696e6942
:102d4c007469616c697a6174696f6e206661696c13
:102d5c00656420696e2025732e0d0a00496e74651a
:102d6c007266616365202573206f6e20686f7374c3
:102d7c00202573206177616974696e6720696e69bb
:102d8c007469616c697a6174696f6e20696e202553
:102d9c00732e0d0a00000000496e74657266616343
:102dac00652025732061737369676e6564204950d3
:102dbc0020616464726573732025642e25642e254e
:102dcc00642e256420696e2025732e0d0a000000e8
:102ddc00436f756c64206e6f74206f70656e202568
:102dec007320736572766572206f6e20706f7274cb
:102dfc0020256420696e2025732e0d0a000000002a
:102e0c004c697374656e696e6720666f72202573ea
:102e1c0020636f6e6e656374696f6e206f6e2070c9
:102e2c006f727420256420696e2025732e0d0a00a4
:102e3c00257320636f6e6e656374696f6e206672a6
:102e4c006f6d2025752e25752e25752e25752069ff
:102e5c006e2025732e0d0a00257320636f6e6e6530
:102e6c006374696f6e2066726f6d20756e6b6e6f1a
:102e7c00776e207065657220696e2025732e0d0aa1
:102e8c0000000000257320736f636b657420636c06
:102e9c006f73656420627920636c69656e74206958
:102eac006e2025732e0d0a004661696c65642074d2
:102ebc006f207374617274205443502f49502073e7
:102ecc00657276657220696e2025732e0d0a0000de
:020000040000fa
:020000041d01dc
:102edc006200a010000000000000a28c5f004010f7
:102eec00000000005000801000000000420083949d
:102efc004000633003006014faff02240800e00372
:102f0c0000000000ffffe7240400e22c55004010f5
:102f1c00029d033c029d023c40380700806a6324fa
:102f2c00886a4224c0ffbd272110e2002138e3004b
:102f3c000080033c3800b7af3400b6af3000b5affb
:102f4c002c00b4af2800b3af2400b2af2000b1af57
:102f5c008837728c1c00b0af258880002580a000bb
:102f6c0025a0c0003c00bfaf000053945a98400ffe
:102f7c000000f5940019020023106200801002007a
:102f8c00219042020000578e0000168e0000838ea6
:102f9c000c00e28e2520e00224b0c302080040148d
:102fac0025800000220000103c00bf8f0c00e28e38
:102fbc002b1002021e0040103c00bf8f0000448efc
:102fcc005d95400f25280002000043940100102657
:102fdc0001006430f5ff801024187300f4ffa35631
:102fec000c00e28e0800438c0000848e24186400d0
:102ffc00efff76540c00e28e25284000252040027d
:10300c006d81400f1000a2af1000a28ffeff0724ad
:10301c002530000008004524d370400f25202002e5
:10302c00e3ff00100c00e28e0800e003faff02241c
:10303c00251000003800b78f3400b68f3000b58fe4
:10304c002c00b48f2800b38f2400b28f2000b18fd6
:10305c001c00b08f0800e0034000bd270800e0030f
:0c306c00fbff02240800e003f9ff02242f
:020000040000fa
:020000041d01dc
:10307800e0ffbd271400b1af0080113c10383126a5
:103088000400228e1000b0af1c00bfaf1800428ca5
:103098001800b2af09f840003400308e140022ae98
:1030a8001400248e1000228e2800288e2c00298ed1
:1030b80023208200212888002b30a4002118c90071
:1030c800280025ae2c0023ae2200001200000000cc
:1030d80030002292010042242483400f300022a2b3
:1030e8003400308e0500001200800d3c0c00028e6a
:1030f800320040100100122400800d3cbc33ad2585
:103108002560a00125580000c0100b0021104b00bd
:10311800801002002110a2011900439001006b25c4
:10312800ff00633005006010010004240400838d53
:10313800190040a02e0064500800838d0500022469
:10314800f1ff621524008c2530002292ffff4224f3
:10315800300022a2b49a400f00000000835b400fa9
:1031680025804000252000021c00bf8f1800b28f68
:103178001400b18f1000b08fb69a400b2000bd2705
:1031880014004010000000000f64400f2000048e5f
:103198001000028e040040503400308e09f84000c0
:1031a8001400048e3400308ed4ff001200800d3cd1
:1031b8000c00028ed2ff4014bc33ad250400028ef1
:1031c800180012a225200002190012a2ecff40509c
:1031d8001000028e227c400f000000000400028ec6
:1031e800ebff4050010000a2eaff00101000028e21
:1031f800252080010c0043ac0763400f000000004d
:08320800cfff001005000224b5
:020000040000fa
:020000041d01dc
:1032100080ffbd277800b5af7400b4af6400b0afd5
:1032200025a0a0002580800025a8c000252800003a
:10323000370006247000b3af6c00b2af6800b1afc6
:103240007c00bfafcb95400f2800a4273700022495
:1032500008001126780012267c0013261800a2af61
:10326000010002242000b5af1c00b4af1400b1afc0
:103270001000a2af370007242800a62725286002e7
:10328000d936400f25204002390040142800a327da
:10329000251020025800a7270000668c0400648ccb
:1032a0000800658c030046a8000046b8070044a843
:1032b000040044b80c00648c0b0045a8080045b815
:1032c0000f0044a8100063240c0044b8f2ff6714f8
:1032d000100042240000648c040067900500669092
:1032e00006006590030044a8000044b82800a32706
:1032f000040047a0050046a0060045a05f00a227e5
:10330000000060a001006324fdff62143700072461
:10331000370002242000a0af1c00a0af1800a2af0d
:103320001400b1af1000a0af3f00062625286002b0
:10333000d936400f252040020d004014010003241f
:10334000800000a27c00bf8f000003ae040000ae2e
:103350007800b58f7400b48f7000b38f6c00b28f9b
:103360006800b18f6400b08f0800e0038000bd27c3
:103370007c00bf8f010002247800b58f7400b48fe9
:103380007000b38f6c00b28f6800b18f6400b08f93
:083390000800e0038000bd27e6
:020000040000fa
:020000041d01dc
:10339800880002243f00a2108900a2281a004010c9
:1033a800810002245400a2108200a22805004010c7
:1033b800800002245100a2500000e28c0800e003c3
:1033c80025100000820002243b00a2500000e28c7d
:1033d80084000224f9ffa214000000000000e28c1f
:1033e800040043240000428c2700c0100000e3ac16
:1033f8002016027c000082acc3170200040082acd5
:103408000800e00301000224a00002243600a250b4
:103418000000e28ca100a2281000401090000224b5
:10342800e6ffa214000000000000e28c070042241e
:103438000410027c0000488c0400498c08004224d7
:103448000000e2ac000088ac040089ac0100c010a8
:10345800010002240800e00300000000c00002246c
:103468000500a2500000e28cf0000224d3ffa21451
:10347800000000000000e28c040043240000e3acdc
:10348800020000100000428cffff423020000010b4
:10349800000082ac0000e28c040043240000428c4f
:1034a8000300c0100000e3acd2ff00102014027c1f
:1034b800f6ff0010ff004230070042240410027c8f
:1034c8000000488c0400498c080042240000e2ac4b
:1034d800000088ac040089acdeffc01001000224a3
:1034e8000800e00300000000040043240000e3acef
:1034f800c0ff00100000428c0000e28c040043244e
:103508000000e3ac0000428cbbffc014000082ac9a
:08351800bbff0010040080acb1
:020000040000fa
:020000041d01dc
:10352000e0ffbd271c00bfaf1800b1af080080103e
:103530001400b0af1c00bf8fffff10242510000245
:103540001800b18f1400b08f0800e0032000bd27e1
:103550000080043c70348424497e400f2580a00004
:10356000f4ff401025884000080005321500a054e3
:1035700004004294140042942800401001000224e8
:1035800024002296320040100100023cffff10246c
:10359000b49a400f00000000000023922520400054
:1035a00001006324b69a400f000023a21c00bf8fc5
:1035b000251000021800b18f1400b08f0800e0033e
:1035c0002000bd27f2ff4014ffff102414002296b4
:1035d0002a0040100100022424002296ecff40142f
:1035e0000100023c01004224240022ae0200022419
:1035f0002c0020a2240030262d0020a22e0020a284
:103600002f0020a2280031ae300022ae0200229608
:10361000040042340a000010020022a6140022ae68
:10362000020002241c0020a2140030261d0020a24b
:103630001e0020a21f0020a2180031ae200022aee2
:103640000400229601004224d1ff0010040022a6ab
:1036500001004224240022ae020002242c0020a2f9
:10366000240030262d0020a22e0020a22f0020a210
:10367000280031aef2ff0010300022ae140022ae5e
:10368000020002241c0020a2140030261d0020a2eb
:103690001e0020a21f0020a2180031aedbff001088
:0436a000200022ae36
:020000040000fa
:020000041d01dc
:1036a400e8ffbd271000b0af1400bfafda88400fa9
:1036b400258080002c0040101400bf8f0800068e67
:1036c4003a000396340004961000c28c252083002f
:1036d40006004530040043340a10650038004530c4
:1036e400200043340a1065000100433021006010bb
:1036f400100045300700a0100800032402004730e2
:10370400084005240b18a700002067340400453046
:103714000b18e500200045302b00a01402004730b0
:1037240001016334201e037c2418640000018530e9
:10373400252865001b00a0500200022401018430ea
:10374400010105241000c2ac200003a62a00851044
:103754003c0000ae040002241a0002a60300022466
:103764001c0002a61400bf8f1000b08f0800e003f5
:103774001800bd271b00a01002004330014107249c
:10378400012105240b28e3002518a0002418640057
:103794000001853025286500e9ffa014010184306b
:1037a40002000224020002a6fdff023c1c0002ae3d
:1037b400180000ae1400bf8f1000b08ffdff04246a
:1037c400b398400b1800bd2700106834040045303e
:1037d400d3ffa0100b18070101096334d2ff0010b6
:1037e400201e037c01110724010905240b28e30092
:1037f400cdff00102518a0000f000524a083400f62
:1038040025200002d8ff40101400bf8f04000224ba
:103814001a0002a602000224d2ff00101c0002a615
:020000040000fa
:020000041d01dc
:10382400d0ffbd272000b1af258880006480848745
:103834002400b2af2c00bfaf2800b3af1c00b0af60
:10384400dd7d400f2590a000340040102c00bf8f78
:10385400e42d400f2520200225804000050002248d
:103864002100021206000224180002162c00bf8f49
:1038740006001324580023920200023c0100422453
:103884002000643009008010540022ae2000228ef3
:10389400010004244429837c04004014580023a21a
:1038a400b09a400f00000000200022ae580022927f
:1038b40001000324c439627c580022a22528600236
:1038c4003c7b400f252040022c00bf8f25100002b6
:1038d4002800b38f2400b28f2000b18f1c00b08f5a
:1038e4000800e0033000bd27560022961300501054
:1038f400f5ff4224fdff4230f4ff40142c00bf8f3b
:103904000c00228e25202002080013240a89400f6f
:10391400080022aeeaff0010252860020a001024e5
:10392400251000022800b38f2400b28f2000b18f2d
:103934001c00b08f0800e0033000bd275800228e21
:103944000005032400054230caff43140400132475
:10395400520023960400601408000224560022a694
:10396400d6ff0010030013242c00228e01300724fc
:103974001000a6271400a527252040021000a0afa0
:10398400b07b400f1400a2afb29a400f030013247f
:10399400040022ae06000224c8ff0010560022a62e
:020000040000fa
:020000041d01dc
:1039a4003800a010251080009480838fd8ffbd2795
:1039b4002400bfaf2000b3af1c00b2af1800b1affa
:1039c400070060101400b0af1200b08404000006b9
:1039d4009080848f2a200402090080148020100023
:1039e4002400bf8f2000b38f1c00b28f1800b18f4a
:1039f4001400b08f25204000817f400b2800bd2794
:103a04000a18647cf7ff65142400bf8f34004394c4
:103a14001e0060542000438c6000a39401006330b6
:103a240027006010259800005800b18c5c00b38c0e
:103a34002800528c0c00a38c240062102520400026
:103a44003e00a390ffff6324817f400f3e00a3a0ac
:103a54002b00201225386002252840022520000270
:103a640025c820022400bf8f2000b38f1c00b28f12
:103a74001800b18f1400b08f010006240800200341
:103a84002800bd27817f400b000000002400bf8f69
:103a94002000b38f1c00b28f1800b18f1400b08fb8
:103aa4002800448c40006334340040a4200043ac1c
:103ab40001000624252840005484400b2800bd271b
:103ac40025880000dbff0010259000004000a38c37
:103ad4001000448c00026330060060100c0080a4c7
:103ae400540040a42000438cc418037cd8ff001069
:103af400200043ac0000a38cfaff00100800a3ac24
:103b04002400bf8f2000b38f1c00b28f1800b18f28
:0c3b14001400b08f0800e0032800bd275b
:020000040000fa
:020000041d01dc
:103b2000f8fdbd27fc01b0af100005242580800002
:103b3000e401a4270402bfaf0002b1afe401a0afcb
:103b4000e801a0afec01a0aff001a0afc801a0afa9
:103b5000cc01a0afd001a0afd401a0afd801a0afdd
:103b6000dc01a0af487c400fe001a0af4193400fc3
:103b70001000a427770003920100022413006214ae
:103b80002530000062000296600005964400048e15
:103b90000014020021104500d001a2afe401a28f61
:103ba0004000038ec801a4afd401a2afe801a28fe8
:103bb000cc01a3af1c000624d801a2afec01a28f58
:103bc000dc01a2aff001a28fe001a2afc801a527de
:103bd000b396400f1000a427c801a527bb96400f3d
:103be0001000a427ad85400f00000000258860006c
:103bf0003b9a400f2580400040311000c21e10004b
:103c0000403911002320d000253867002b30c40034
:103c10002328f1002328a600821e04008039040016
:103c2000803105002320e400253066002b38e400b5
:103c30002328c5002328a700c0300400c0280500a1
:103c4000422704002180d000252885002b30060261
:103c50002128b1002128c500821e100080290500fe
:103c6000252865008026050000c8107e25209000cc
:103c70002530400025380000c323400f822905006d
:103c8000c801a38f0402bf8f0002b18f2110620010
:0c3c9000fc01b08f0800e0030802bd2713
:020000040000fa
:020000041d01dc
:103c9c00b8ffbd272c00b2af1000a4270080123c47
:103cac004400bfaf3c00b6af3800b5af3400b4af82
:103cbc0025a8e0003000b3af2800b1af2598a000d4
:103ccc002588c0004000b7afb899400f2400b0afb2
:103cdc008982400f583944260000b42afbff032484
:103cec00fcff02240a10740025a040000080163c42
:103cfc004591400f5839442627004010258040003c
:103d0c000400029201000324030043100200032468
:103d1c002b0043144400bf8f050004920492400f03
:103d2c000800178e0c00058e0000638e2e00a31465
:103d3c00252800023000a006030006240300258a73
:103d4c001400e38e0000259a030065a8000065b8f6
:103d5c0004002492040064a005002492050064a0d1
:103d6c00250040100000e0ae2528e0028289400fbb
:103d7c0025204000200040040300062425280002d2
:103d8c003691400f8039c4264591400f583944264e
:103d9c00dbff4014258040001000a38f58394226c9
:103dac0025204000583943ae1400a38f040043acc7
:103dbc001800a38f5e88400f080043ac4400bf8fef
:103dcc004000b78f3c00b68f3800b58f3400b48fed
:103ddc003000b38f2c00b28f2800b18f2400b08f2d
:103dec000800e0034800bd273691400f1000a427bf
:103dfc00bfff00100000000025288002a994400f8e
:0c3e0c002520e002deff00102528000247
:020000040000fa
:020000041d01dc
:103e1800e8ffbd271000b0af1400bfafda88400f2d
:103e280025808000370040101400bf8f20000296c4
:103e38000800068e340005960100443022000796db
:103e48002400089626000396310080140100c690cd
:103e58001000423003000a240b0004240a20420107
:103e680025108000254800002520000000086a3041
:103e7800050040510004633000020a310e0040552d
:103e88000a00052400046330070060502418a700c6
:103e980000010831040000512418a7000c00052473
:103ea8000d00001025180000000165302700a01043
:103eb80080006530120005240100c6302518c900ad
:103ec8002418640080180300252089002420860017
:103ed800080066340b18c4002800048e05008050c2
:103ee80002000224000082ac040085ac080083ac08
:103ef80002000224020002a6180000ae1c0000ae58
:103f08001400bf8f1000b08f0800e0031800bd2711
:103f1800050004240020ea30010002240004e930ee
:103f28000b108a00030020112520000010004234e5
:103f3800010004240008ea30ccff401125480000a5
:103f480020004234c9ff00104000c97c0a00a014b8
:103f58001400052440006530d7ffa0542200052432
:103f68002000633006006054240005240400027c0d
:103f7800d9ff001000204234d7ff00102518000098
:083f8800d5ff00102518000010
:020000040000fa
:020000041d01dc
:103f9000d8ffbd272400bfaf2000b3af1c00b2afd5
:103fa0001800b1af4f0080141400b0af0080133c74
:103fb000703470260800038e020002240d00621483
:103fc0002590000202000296010042300a004010d3
:103fd0002588a0002400bf8f251040022000b38f49
:103fe0001c00b28f1800b18f1400b08f0800e003de
:103ff0002800bd272588a000a80006242528000049
:10400000cb95400f25200002370020122400bf8fdf
:10401000b49a400f00000000252040000100022457
:10402000b69a400f703462a20400228e010003246d
:10403000020003a602000324080003ae8800038eda
:10404000100002ae0080023ca43442240080053cf3
:10405000010006240c0000a68400098e8c00078e47
:1040600025400000f434a5240f0046a0090060108c
:10407000000040ac14004424000062ac0a0085102b
:1040800025184000251080000f0046a0f9ff60149d
:10409000000040ac140044242548400001000824de
:1040a000f8ff8514251840000080023c0400e72436
:1040b000e03442248c0007aec6ff0011880002ae37
:1040c0002400bf8f25104002840009ae2000b38f6a
:1040d0001c00b28f1800b18f1400b08f0800e003ed
:1040e0002800bd272400bf8fffff122425104002a7
:1040f0002000b38f1c00b28f1800b18f1400b08f56
:084100000800e0032800bd27c0
:020000040000fa
:020000041d01dc
:10410800c8ffbd273000b7af3400bfaf2c00b6af33
:104118002800b5af2400b4af2000b3af1c00b2af85
:104128001800b1af1400b0af5100a0184000d77c00
:104138000100d3300400d4302588800025a8a000d1
:104148002590000017000010029d163c7400228e76
:10415800030040100500052409f84000100124263a
:104168001000058e25386002010006240800a524e9
:104178009538400f2520200225b840007400228e73
:10418800030040100600052409f840001001242609
:104198002200e0566c00228e010052262100b21245
:1041a80025b800002e0025966800228e25300000d4
:1041b800f2ffa524ffffa53009f8400038000424c9
:1041c8001800401025804000040060121000428c46
:1041d8001000439404006334100043a434b2c3268f
:1041e800080003ae1b00e0160c0011aed7ff8016c6
:1041f800000000ae1000058e25386002010006247c
:104208000800a5249538400f2520200225b8400035
:10421800e2ffe052010052266c00228e09f84000ad
:10422800252000023400bf8f251040023000b78fd0
:104238002c00b68f2800b58f2400b48f2000b38fd0
:104248001c00b28f1800b18f1400b08f0800e00373
:104258003800bd270e0045944c00248ef0ffa53091
:104268008b92400f2e0025a6e0ff001000000000f2
:08427800ecff0010259000008e
:020000040000fa
:020000041d01dc
:10428000e0ffbd271400b1af0800918c1800b2af59
:104290000080023c1c009294b83642242610220270
:1042a000010003241000b0af1c00bfaf25808000c8
:1042b0002d0043120b8802001d0040120200022450
:1042c0000c00421200000000020082a4ffff023c2a
:1042d000180080ac1c0082ac1c00bf8f1800b28f8d
:1042e0001400b18f1000b08fffff0424b398400b6f
:1042f0002000bd27da88400f0000000007004010b2
:104300001c00bf8f340002862f00400404000224ea
:104310001a0002a61c0000a61c00bf8f1800b28f56
:104320001400b18f1000b08f0800e0032000bd27fb
:10433000008006340d82400f25280000f7ff401052
:104340001c00bf8f030002241a0002a601000224f1
:104350001c0002a61800b28f1400b18f1000b08f9d
:104360000800e0032000bd27a083400f252800009f
:10437000eaff40101c00bf8fc687400f00000000fe
:10438000259040002000228e9a89400f0000518c19
:1043900003000324021022726210113cd34d312617
:1043a0001a0003a6020003241c0003a6e70342240c
:1043b000190051001010000082110200211052005b
:1043c000d5ff00102c0002aec687400f0000000091
:1043d0002c00038e2b104300daff40141c00bf8f0b
:1043e000ffff023c020012a6180000aebaff001048
:0443f0001c0002aefd
:020000040000fa
:020000041d01dc
:1043f4000600a0500c01828c0b00a0a80800a0b8f5
:104404000c00a0a00d00a0a00c01828c0800438c1d
:104414000d00601401000224500000100000000090
:104424000400628c060043040000638c0400628c68
:10443400c002427c0c004010000000000000638cad
:1044440007006010000000000400628cc001427c80
:10445400f3ff4010020002240800e0030000000003
:104464000800e003010002240200e0100c006224b2
:104474000000e2ac2538a000252060002560000083
:104484002558000000a00e3c1d00e01000800d3ceb
:104494000800898c04008a8c0400888c25102e0165
:1044a40080024a7d25482d010b102a010054087d05
:1044b4000b00e2a8024a08000800e2b80c00e8a0d9
:1044c4000d00e9a00300e28801008c250000e298b9
:1044d4002538400001006b250400828cc001427c19
:1044e400fdff4014000000000400828c8007427c21
:1044f4000700401400000000e5ffe0140000848c75
:10450400f5ffc01401006b250800e003251000002e
:104514000100c0540000cbac0500e0100000000016
:104524000b00e0a80800e0b80c00e0a00d00e0a03b
:10453400f5ffa01000000000c7ff8b55fcff02240c
:104544000400648c0100052425100000c45aa47cd6
:10455400040064ac0800e003000000000800e0036d
:044564000000000053
:020000040000fa
:020000041d01dc
:10456800d8ffbd271800b2af2400bfaf2000b4affa
:104578001c00b3af1400b1af1000b0af4f008010f3
:104588002590a0000c00828c48004050ffff0224b8
:104598001000838c45006050ffff02241400908cab
:1045a800410000122588800009f8400025200002fb
:1045b80045004010259840000f0044240418047c4e
:1045c80023288200232805020418057cb0ffa224b2
:1045d8000004432c37006054fcff02245289400f2a
:1045e80002a1020025804000029d023cb0594224ed
:1045f8005000092625180002200048240000478c96
:104608000400468c0800458c0c00448c10004224a1
:10461800000067ac040066ac080065ac0c0064ac34
:10462800f6ff4814100063240400248e0000458c13
:104638001000228e000065ac240009ae280009aee7
:104648003c0004ae540014ae500000ae2c0014ae72
:10465800300000ae340000ae380000ae400013aeab
:10466800b49a400f440002ae010003242520400004
:10467800b69a400f480003a22510000001004056da
:10468800000042ae2400bf8f251000022000b48f26
:104698001c00b38f1800b28f1400b18f1000b08fb8
:1046a8000800e0032800bd27ffff0224f3ff0010e5
:1046b80025800000f1ff0010258000002580000003
:1046c800eeff0010ffff022425800000ebff001022
:0446d800feff0224bb
:020000040000fa
:020000041d01dc
:1046dc005a00a010000000005800801400000000d8
:1046ec00e0ffbd271400b1af0080113c1000b0af4b
:1046fc000100022410383026380002a20000a28cdf
:10470c001c00bfaf1800b2af0c00438c040002ae0b
:10471c0009f860002590a000803002002120c20022
:10472c00821f02002b3086002130c300c22e0400f1
:10473c0040390400401906002320e4002518a3008a
:10474c002b38e4002318660023186700822f04001e
:10475c0080180300eb0b063c00c2c6342538000061
:10476c00802004002528a300c323400f0c0002aeb8
:10477c000400038e0400448e02004224300000a288
:10478c000000638c200002aeff7f023cffff42342e
:10479c00080004ae25200000100000ae2528000003
:1047ac001c0002aeffff0224280004ae019d043c55
:1047bc00180002ae2c0005ae340000ae2528000017
:1047cc0009f86000783084240400028e1000438cb9
:1047dc00040060100000000009f860001800048e4e
:1047ec000400028e1c00048e1400428c09f8400058
:1047fc00000000000400028e0400428c09f8400006
:10480c00000000000080043cb400062425280000b1
:10481c00cb95400fbc3384241c00bf8f02000224b4
:10482c00103822ae1800b28f251000021400b18f80
:10483c001000b08f0800e0032000bd270800e00343
:04484c00ffff022444
:020000040000fa
:020000041d01dc
:10485000d8ffbd270200a2302000b4af1c00b3afc8
:104860001800b2af1000b0af2400bfaf1400b1af5a
:104870002598a00025a080002580c00019004010c8
:104880002590e000040000100001918c080022ae89
:1048900043000016000000000800248e0c00228e49
:1048a000faff82540000828c0c0020aef8ff8014c6
:1048b000080020ae040000100401918e080022ae12
:1048c0003b000016000000000800248e0c00228e21
:1048d000faff82540000828c0c0020aef8ff801496
:1048e000080020ae010073321e0060122400bf8f4a
:1048f0000801918e0800248e0c00228e0a0082503e
:104900000c0020ae0000828c080022ae1c000016b5
:10491000000000000800248e0c00228efaff825452
:104920000000828c0c0020aef8ff8014080020ae3e
:10493000040000100c01918e080022ae1400001635
:10494000000000000800248e0c00228efaff825422
:104950000000828c0c0020aef8ff8014080020ae0e
:104960002400bf8f2000b48f1c00b38f1800b28fbb
:104970001400b18f1000b08f0800e0032800bd279d
:1049800009f8000225284002e3ff00100800248ee9
:1049900009f8000225284002ebff00100800248ed1
:1049a00009f8000225284002bcff00100800248ef0
:1049b00009f8000225284002c4ff00100800248ed8
:020000040000fa
:020000041d01dc
:1049c000d8ffbd271000b0af0080103c500110266a
:1049d0002400bfaf2000b4af1c00b3af1800b2afcb
:1049e0001400b1af12000416251000002590c0007d
:1049f0002588a0004c00138e150040129800068eea
:104a0000168d400f2520a0003f00c01425a04000b7
:104a10009800058ea000028e25282502251054003e
:104a2000980005ae2b00a014a00002ae01000224e5
:104a30002400bf8f2000b48f1c00b38f1800b28fea
:104a40001400b18f1000b08f0800e0032800bd27cc
:104a50002488c500168d400f2520200225a0400087
:104a60002d00c014259000009c00028e27881100a4
:104a7000a000038e241022029c0002aea400048e2b
:104a800027101400241862002488260224104400f1
:104a90002528800225206002a40002aea00003aefb
:104aa000119a400f980011ae252880020b9a400ff2
:104ab000252060029800028eddff40500100022494
:104ac0009400048e7898400f01004532d8ff001002
:104ad00001000224a400028e25206002271002009b
:104ae00024a054000b9a400f25288002252880021c
:104af0000e9a400f25206002a395400f9400048e6b
:104b0000cbff001025104002f28d400f9400048e60
:104b1000c0ff00109800058ef28d400f9400048ea7
:0c4b200025904000d0ff00109800068e89
:020000040000fa
:020000041d01dc
:104b2c00d8ffbd271c00b3af1000b0af2800938c8a
:104b3c001800908c1400b1af0400628e0c00038e30
:104b4c0025888000020004962400bfaf2000b4af7b
:104b5c001800b2af100003ae0c0002ae25a0a000ee
:104b6c001935400f2590c000060004961935400fea
:104b7c00020002a60800039203006014060002a6bd
:104b8c0064000224080002a21000248e0000028e91
:104b9c000c008394801002003c0045302118a300c7
:104bac00060080120c0083a40a0000a66000639229
:104bbc000400633031006010253000000b004016fb
:104bcc002400bf8f2000228e2000b48f02004234bc
:104bdc00200022ae1c00b38f1800b28f1400b18fce
:104bec001000b08f0800e0032800bd271400248ead
:104bfc00060082240300438800004398030083a826
:104c0c00000083b804004390040083a00500439087
:104c1c00050083a02800238e3c0065240b18a300fc
:104c2c000300658800006598030045a8000045b89e
:104c3c0004006490040044a005006390050043a0a8
:104c4c001000238e0c0062940e0042240c0062a40f
:104c5c002000228e02004234200022ae2400bf8f9e
:104c6c002000b48f1c00b38f1800b28f1400b18fca
:104c7c001000b08f0800e0032800bd272135400f3d
:0c4c8c0025200002cdff00100a0002a647
:020000040000fa
:020000041d01dc
:104c98001c008294e0ffbd271000b0af1c00bfaf1e
:104ca8001800b2af1400b1af10004010258080008a
:104cb800010003242b0043504000828c0200022490
:104cc800020082a4f7ff023c180080ac1c0082acf2
:104cd800f7ff04241c00bf8f1800b28f1400b18f97
:104ce8001000b08fb398400b2000bd270800918cae
:104cf8001400228e1000428c37004050019d023c67
:104d0800400002aec687400f3c0000ae2590400030
:104d18002000228e9a89400f0000518c0100032444
:104d2800021022726210113cd34d31261a0003a6dc
:104d38001c0003a6e70342241900510010100000cc
:104d480082110200211052002c0002ae1c00bf8ffd
:104d58001800b28f1400b18f1000b08f0800e00364
:104d68002000bd2725288000029d043c09f840004a
:104d7800b0208424100040101c00bf8f180040048d
:104d880002000324c687400f000000002c00038e99
:104d98002b104300eeff40141c00bf8f02000224ba
:104da800020002a6feff023c180000ae1c0002ae84
:104db800c8ff0010feff0424020002241a0002a605
:104dc8001c0000a61800b28f1400b18f1000b08f1d
:104dd8000800e0032000bd27c9ff0010c4ca422410
:104de800180000ae1c0000a6020003a61e0002a6c2
:084df800b8ff00102520400067
:020000040000fa
:020000041d01dc
:104e0000d8ffbd272000b3af0080133c1400b0af23
:104e1000500170262400bfaf1c00b2af1800b1af24
:104e200043000416faff02242590c0002100a010c0
:104e30002588a0007400028e040040100080043c0d
:104e40000500052409f84000600284240080053c28
:104e50006c02a524968b400f500164260080053c0f
:104e60007002a5245a8c400f500164267400028ef3
:104e7000040040100080043c0600052409f84000ae
:104e8000600284241801078e1c01068e2001058e05
:104e90002401048e2801038e2c01028e000027ae0f
:104ea000040026ae080025ae0c0024ae100023ae90
:104eb000140022ae250040122400bf8f7400028e21
:104ec000040040100080043c0500052409f840005f
:104ed000640284240080053c50016426ac8b400fa2
:104ee0008402a5243401048e5800028e7400038ebf
:104ef0002110440005006010340102ae0080043c23
:104f00000600052409f86000640284243001068e3e
:104f10003401058e3801048e3c01038e25100000fb
:104f2000000046ae040045ae080044ae0c0043ae9f
:104f30002400bf8f2000b38f1c00b28f1800b18fe8
:104f40001400b08f0800e0032800bd2725100000e2
:104f50002000b38f1c00b28f1800b18f1400b08fe7
:084f60000800e0032800bd2752
:020000040000fa
:020000041d01dc
:104f6800d0ffbd272400b3af1800b0af2c00bfafef
:104f78002800b4af2000b2af1c00b1af2598a00044
:104f88000700a010258080000000a0a00100a0a0bc
:104f98000200a0a00300a0a00400a0a00500a0a0fb
:104fa8002d00001201000224000011822a002012a4
:104fb800ff003132252020029096400f25900000f6
:104fc8001d0040102c00bf8f010004920438947c0f
:104fd8009096400f047a347e16004010ffff84320a
:104fe800c782400f00000000020004822118b203ab
:104ff8003a000524060006242d0007242f008010ff
:10500800100062a003008510010052260a008714d0
:105018002c00bf8f180046120300102600001182d2
:10502800ff0031329096400f25202002e7ff4054c0
:10503800010004922c00bf8f251000002800b48fb7
:105048002400b38f2000b28f1c00b18f1800b08fde
:105058000800e0033000bd272c00bf8f2800b48f64
:105068002400b38f2000b28f1c00b18f1800b08fbe
:105078000800e0033000bd2725100000f6ff60128d
:105088001000a38f030063aa000063ba1400a3935f
:10509800040063a21500a393050063a22c00bf8f30
:1050a8002800b48f2400b38f2000b28f1c00b18f6a
:1050b8001800b08f0800e0033000bd270500423a11
:0850c800eeff00100100422c74
:020000040000fa
:020000041d01dc
:1050d0005600a010251000000080083c00800b3c0a
:1050e00082bf0a3ccc3708250600092410000010b6
:1050f000342b6b252b3867000a1807002700831113
:10510000000000000022478d0600e7302f00e91064
:105110008a61827c2130cb000000cca001004224b7
:10512000080003ad2b1845001c00601000000000b3
:105130000022438d0c000c8d0800068d06006330a4
:105140001800078debff69140100c3242b3867009a
:105150000a180700110083114060020021608c00d2
:105160000100879100008d9100224c8d003a0700cc
:105170002538ed0006008c311c008911ff00ed3050
:105180002130cb00010042240000cda0080003ad77
:105190002b184500e6ff6014000000000c00038d92
:1051a0000800048d2b2883001900a01400000000c3
:1051b000231883000300601081bf033c0800043cf7
:1051c000080164ac0800e003000000004030060065
:1051d0000100c7242138eb002130cb000000cca017
:1051e0000000e0a0ceff0010010042244030060085
:1051f0000100cc24023a07002130cb0021608b0152
:105200000000cda0000087a1c5ff001001004224ce
:105210001800058d2120850023188300e9ff601008
:1052200081bf033ce6ff00100800043c0080083cfe
:08523000daff0010cc3708255d
:020000040000fa
:020000041d01dc
:105238001400828cd0ffbd272400b4af2000b3af88
:105248001800b1af1400b0af2c00bfaf2800b5af45
:105258001c00b2af258880002598a00009f84000fe
:105268001000948c258040000c00228e2c004010e9
:105278002c00bf8f0800328e0000228e0218127296
:1052880021906200000055960100b5322f00a0520f
:105298002000228e0e00001025a800002b200202fc
:1052a800231802022b10a2021c0040100a8064007e
:1052b8000800328e0000228e0218127221906200bd
:1052c80000004296010042301f004050ffffb532f7
:1052d8001c00228e2528400225306002252020024d
:1052e8002180140209f840000100b526ebff405464
:1052f8000c00228e2c00bf8f251040022800b58f8d
:105308002400b48f2000b38f1c00b28f1800b18f17
:105318001400b08f0800e0033000bd272c00bf8fb9
:1053280025900000251040022800b58f2400b48f76
:105338002000b38f1c00b28f1800b18f1400b08ffb
:105348000800e0033000bd272000228e25306002cf
:105358002528400209f84000252020022400228e3a
:105368002c00bf8f020055a601004224240022ae63
:105378002800b58f251040022400b48f2000b38f79
:105388001c00b28f1800b18f1400b08f0800e00322
:045398003000bd27fd
:020000040000fa
:020000041d01dc
:10539c00d8ffbd271000b0af0080103c103810268d
:1053ac00300002922400bfaf2000b4af1c00b3af9a
:1053bc001800b2af130040141400b1af38000392c0
:1053cc00010002240b006210000000002400bf8fbb
:1053dc0001001124251020022000b48f1c00b38f73
:1053ec001800b28f1400b18f1000b08f0800e003ca
:1053fc002800bd271292400f2800a4aff3ff4010e5
:10540c002800a48fffff8224feff422c30004010a6
:10541c00ffff92300500422e2d004010c0a012005c
:10542c00211092020080133c80100200bc337326c2
:10543c00211062022000438c1a00831401001124f5
:10544c000000439017006010000000000100439022
:10545c0014006014258800000c00438c0400605478
:10546c00300002920800438c0c0043ac30000292d6
:10547c002120920280200400190040142120640293
:10548c006671400f21909202809012002198720256
:10549c0001000224180060a2010062a2190060a29f
:1054ac0025880000408f400f000000002400bf8fb3
:1054bc00251020022000b48f1c00b38f1800b28f6f
:1054cc001400b18f1000b08f0800e0032800bd2736
:1054dc00408f400f01001124f5ff00102400bf8ff6
:1054ec000763400f21909202e8ff00108090120099
:020000040000fa
:020000041d01dc
:1054fc00d0ffbd271c00b0af0080103c500110261f
:10550c002c00bfaf2800b3af2400b2af0d000416bf
:10551c002000b1af20000292010042300a0040107e
:10552c002c00bf8f4400128e1000428e09f84000f0
:10553c001400048e1c00118e01000224080022525b
:10554c001800138e2c00bf8f2800b38f2400b28f4d
:10555c002000b18f1c00b08f0800e0033000bd2785
:10556c001c00428e09f8400025206002f6ff511005
:10557c002c00bf8f2000428e09f8400025206002cd
:10558c002200401425200002200002923c00068ece
:10559c008410227e0100c33019006014200002a286
:1055ac000200c6300f0002247800058e0a10060097
:1055bc00253040001165400f25200002c687400fa2
:1055cc00000000009a89400f7c0002ae3a0003965e
:1055dc00900000ae02106270020003241c0003aea7
:1055ec006210033cd34d6324e703422419004300ab
:1055fc001010000082110200d2ff0010800002aed9
:10560c00c418227eedff0010200002a24a63400f56
:10561c001000a2af1000a28f2c00bf8f2800b38ff8
:10562c0025304000ffff02241c0002ae2400b28f84
:10563c002000b18f1c00b08f029d053c545ea52448
:0c564c00252000008f90400b3000bd278f
:020000040000fa
:020000041d01dc
:105658000100a0540000a0ac390080100000000038
:1056680000008280360040100200093c253000000e
:10567800254000002518000003000a24fe000b2422
:1056880006052925f8ffbd27ff0042302e004010ef
:10569800010084240400072d1300e010d0ff4224e9
:1056a80005006010ff0042300b006a100000000087
:1056b8000b004b502b10c9000a00472c0a00e010c1
:1056c80001006324003206000438467cff00633082
:1056d800edff00100000828003004b142b10c9005e
:1056e80004004014003cc77c251000000800e003bb
:1056f8000800bd2740100700003acc7c2110470065
:10570800c010020080180c002110470021186c00fe
:105718004018030080100200211043002130460089
:105728002118a80301000825000066a0ff00083121
:105738002530000025180000d3ff001000008280eb
:105748000800e0030100022403000324e7ff031517
:10575800251000000200033c060563242b18c30033
:10576800e2ff6010003ac77c003cc47c4010040093
:1057780021104400c01002008018070021104400c6
:105788002118670080100200401803002110430010
:10579800213046000300a6a3d4ffa0100100022474
:0c57a8000000a38fd1ff00100000a3ac94
:020000040000fa
:020000041d01dc
:1057b400d0808297c0ffbd273c00bfaf3800b5af93
:1057c4003400b4af3000b3af2c00b2af2800b1af97
:1057d4000a0040142400b0af3c00bf8f3800b58fde
:1057e4003400b48f3000b38f2c00b28f2800b18ff7
:1057f4002400b08f0800e0034000bd2725908000fe
:105804000080133c1000a427b899400f1000518e5b
:105814008982400f583964260080143c4591400f1a
:105824005839642614004010258040000400029278
:10583400010003240300431002000324180043540e
:105844001800438e050004920492400f0800158e40
:1058540020002052040002921d002212252800027a
:105864003691400f1000a4274591400f5839642603
:10587400eeff4014258040001000a38f58396226a3
:1058840025204000583963ae1400a38f040043acb4
:105894001800a38f5e88400f080043ac1800438ea5
:1058a40002000224cdff62143c00bf8fd080829797
:1058b400ffff4224ffff4230c7ff4014d08082a77d
:1058c4006a80400f00000000c4ff00103c00bf8f3e
:1058d40004000292ffff42240200422c06004014fe
:1058e40003000624252800023691400f80398426bf
:1058f400caff001000000000fbff0524a994400f1c
:0c5904002520a002f8ff0010252800025a
:020000040000fa
:020000041d01dc
:10591000d0ffbd272c00bfaf2800b2af2400b1af2d
:105920003a0080142000b0af0080103cb8360292dc
:1059300036004010b836102624000292340040543d
:10594000ffff11241c00028e060004961400428cf6
:1059500009f840002528000025904000ffff0224a0
:105960003c004252029d043c1400028e0080113c17
:10597000dc3631260800438cf505023c00e1423458
:10598000029d043c25282002b020842409f86000f0
:105990001000a2af1c00038e1400a2af1800a0af2d
:1059a0001800628c1000a52709f84000252040024d
:1059b0001e0042041c00028e1c00038e0c00028e8e
:1059c0002c00bf8f300003ae280002ae010003247c
:1059d00002000224340012ae260002a6240003a214
:1059e000251020022c0010ae540000a2380000ae9a
:1059f0003c0000ae400000a62800b28f2400b18f0a
:105a00002000b08f0800e0033000bd27ffff112405
:105a10002c00bf8f251020022800b28f2400b18fe8
:105a20002000b08f0800e0033000bd272520400291
:105a30001c00428c09f84000ffff1124029d043c29
:105a4000380305245792400f90648424f1ff00101e
:105a50002c00bf8f270305245792400f90648424a5
:085a6000ebff0010ffff112411
:020000040000fa
:020000041d01dc
:105a6800d0ffbd272000b3af809804001c00b2af60
:105a78001400b0af0080123c21806402500152260d
:105a880080811000218050022800b5af4c00158e8f
:105a98002400b4af25a080001800b1af2c00bfaf20
:105aa800929a400f2520a002a000118e2488510050
:105ab8000e0020160000000021987402809913003f
:105ac800219853029400648e2c00bf8f2800b58f54
:105ad8002400b48f2000b38f1c00b28f1800b18f40
:105ae8001400b08fb795400b3000bd27a400048e7a
:105af80002191100c011110025209100a40004ae64
:105b08009c00048e000463300002423025104300dc
:105b18004019110025104400000163308221110052
:105b28002510430081008430c2181100251044005c
:105b38007000633082201100251043000800843073
:105b4800401811000600633025104400251043005a
:105b58009c0002ae25282002119a400f2520a002a1
:105b6800252820020b9a400f2520a002a800028eab
:105b7800d2ff4050219874029c00048eac00058e20
:105b8800219874028099130009f840002198530263
:105b98009400648e2c00bf8f2800b58f2400b48f2a
:105ba8002000b38f1c00b28f1800b18f1400b08f83
:085bb800b795400b3000bd273a
:020000040000fa
:020000041d01dc
:105bc000d8ffbd271800b2af1400b1af1000b0afbe
:105bd0002400bfaf2000b4af1c00b3af258080000d
:105be000179a400f2588a00044004010259000001f
:105bf0003499400f252000020000338e0400348ebb
:105c0000a899400f25200002ac99400f25200002e2
:105c1000821013002b1082023c004010029d033cb6
:105c2000986363240600022401000524020000108a
:105c30000a000424020063241b006202f4014000f5
:105c4000121000002b108202040040100100a52455
:105c5000f8ffa454000062940a000524b099400f94
:105c6000252000020800228e010042301200401060
:105c7000252000028099400f000000000800228ebd
:105c80000200423012004010252000028899400f87
:105c9000000000002400bf8f251040022000b48fb8
:105ca0001c00b38f1800b28f1400b18f1000b08f9a
:105cb0000800e0032800bd278499400f0000000081
:105cc0000800228e02004230f0ff4014252000021e
:105cd0008c99400f000000002400bf8f2510400267
:105ce0002000b48f1c00b38f1800b28f1400b18f46
:105cf0001000b08f0800e0032800bd273c99400f3a
:105d000025200002baff001003001224d3ff001068
:045d10000100052465
:020000040000fa
:020000041d01dc
:105d1400c0ffbd272700aa273c00bfaf255880003d
:105d240004180a7c000055bd0f0000000020023c4e
:105d3400255042010c0040ad3f00a010080040adca
:105d44002548a0000b00a588080025993b00a05019
:105d5400252840010d0026910c00229100320600f6
:105d64002530c2003400c01008004d250d0000107d
:105d74000c004c250b006588080065981100a010e4
:105d8400000000000d0066900c00639000320600d5
:105d94002530c3000b00c010000000000c0040546c
:105da4000800438d1000acaf2538a0012d78400fba
:105db400252060010300238900002399edff60146e
:105dc400254860001d004010252840010800438d2f
:105dd400170060103c00bf8f0c00448d100083102e
:105de4000001668d0000648c080044ad0c00c58c75
:105df4000400642400e0847c000060ac1500a01062
:105e0400140060ac0000a3ac1400a4ac0c00c3ac40
:105e14000800438d0c00448df3ff83540000648c10
:105e24000c0040adf1ff6014080040ad3c00bf8f92
:105e34000800e0034000bd27252840017f76400f7d
:105e4400252060013c00bf8f251000000800e003fe
:105e54004000bd270800c3ac0c00c3acedff00102c
:045e64000800438d62
:020000040000fa
:020000041d01dc
:105e6800d8ffbd271c00b3af2400bfaf2000b4afdc
:105e78001800b2af1400b1af1000b0af4100a010cd
:105e8800259880001000a38c1400a28c0b006014cd
:105e98001800b18c3f0040140000000032001224aa
:105ea8003600201678001424c01014002310540063
:105eb800c210020012000010f6ff51241400742cc6
:105ec800140004240a2074000200401425a0800055
:105ed8004210040029002016f6ff52249224023ca6
:105ee800244942242b186200f0ff6014c0101400eb
:105ef800c2881400c010110023105100f6ff51246d
:105f08009996400fcccc103ccdcc103619005000df
:105f180010180000022103008018040021186400f2
:105f28008018030023104300211052009996400f57
:105f3800100062ae190050002400bf8f180074ae24
:105f48001800b28f2000b48f10800000028110006a
:105f580080181000218070008080100023105000ed
:105f680021105100140062ae1400b18f1c00b38fd1
:105f78001000b08f0800e0032800bd27e0ff0010e4
:105f8800f6ff31265f00112432001224dcff0010d6
:105f98007800142404002012f6ff5224f6ff31265c
:105fa800d7ff0010780014245f001124d4ff0010dc
:045fb8007800142435
:020000040000fa
:020000041d01dc
:105fbc001800838c030002244a00621000000000c9
:105fcc008880828fe0ffbd271c00bfaf1800b1afe7
:105fdc00300040141400b0af0800828c2588a0005b
:105fec0042004010258080003900a0101c00bf8f9b
:105ffc00b49a400f0000000025204000010002244c
:10600c00b69a400f7c8082a3019d053c2530000090
:10601c0094baa524ac87400f090004242b0040102f
:10602c00808082af0800048e000025960800828cc8
:10603c0009f84000040006241e0040108880838f5d
:10604c000800068e000025960200249601006324a9
:10605c008c8086af908085af848084a7888083af46
:10606c00b49a400f948082af7c80839325204000ab
:10607c0001006324b69a400f7c8083a301000224a4
:10608c001c00bf8f1800b18f1400b08f0800e00304
:10609c002000bd271c00bf8f01004224888082afe6
:1060ac001800b18f010002241400b08f0800e00327
:1060bc002000bd27029d053c252000008f90400f3d
:1060cc00843ea524bf97400f8080848f1c00bf8f17
:1060dc00251000001800b18f1400b08f0800e003e9
:1060ec002000bd270800e00301000224029d053cae
:1060fc00603ea5248f90400f25200000e0ff00108b
:04610c00251000005a
:020000040000fa
:020000041d01dc
:106110004a008004a880838fe0ffbd271c00bfaf2a
:106120002b1883001800b2af1400b1af1000b0af4d
:106130003c00601025100000b880908f801804008b
:106140000a80037e370000122588a0002590800079
:106150003c00062425280000cb95400f2520200276
:106160007700029201000324390043504000048e5e
:1061700060000796620005964800038e0000088eb6
:106180001800028e1400068e0400048e260025a638
:10619000280023ae2000058e1c00038e240027a6b5
:1061a0007600079223208800234846002b40650094
:1061b0002c0027ae300029a622000011320024a6b0
:1061c00023104500231866002110430001004224db
:1061d000ffff423025204002b97c400f340022a648
:1061e000fdffe4240300842c360022a60400801462
:1061f000030003240800e738010002240b184700bd
:106200003e0004960400653401000224000286303a
:106210000b18a60000048430080065340b18a40095
:10622000380023ae1c00bf8f1800b28f1400b18f4e
:106230001000b08f0800e0032000bd270800e00335
:106240002510000023106500e2ff0010ffff423020
:106250004400038e000022ae040024aec4ff0010f0
:04626000140023ae55
:020000040000fa
:020000041d01dc
:10626400d8ffbd272000b4af0080143cd038828e04
:106274002400bfaf1c00b3af1800b2af1400b1af1d
:106284003a0040141000b0af0080123cd838518e50
:10629400030020160080133c0080113c98393126fd
:1062a400d438708e050000160100023c0080103cba
:1062b40098391026c0fd422421800202821f110059
:1062c400020002240100625000e0317e821f1000af
:1062d400020002240100625000e0107e0c95400f81
:1062e400000000000000438c0400428c2b20230299
:1062f40004008014211062002b2022022900805403
:106304002b1811020080043c4801842400e0847ca2
:106314002b206400150080142b2003020400801439
:106324002b2062002b200202180080142b20620014
:106334000f0080102400bf8f0080043c4801842497
:1063440042270400050005241200851404000524d6
:1063540000a0043c2518640025104400d83843ae3e
:10636400d43862aed838428ed03882ae2400bf8f83
:106374002000b48f1c00b38f1800b28f1400b18fab
:106384001000b08f0800e0032800bd27eaff0010ca
:1063940025100002efff85100080043cf1ff00107f
:1063a400d83842aee4ff601425182002deff001046
:0463b4002b20020296
:020000040000fa
:020000041d01dc
:1063b800d0ffbd271400b1af0000d18c1c00b3afd3
:1063c8002598c0004000a6932800b6af25b0a000cd
:1063d800252820021800b2af2c00bfaf2400b5afab
:1063e8002000b4af1000b0af7375400f2590e000e7
:1063f80030004010252820023b0040122580400034
:106408000e0004960800428c0c00039625282002f2
:106418002110440023105100ffff42302b2043007d
:106428000b1844002b10430225a800001900401047
:1064380025a00000252820022520c002f694400f40
:10644800253040020000108e21a8b2022128320215
:1064580021b0d20218000012ffffb53216008012d8
:106468000800118e25908002251020020e00049647
:106478000c0003962110440023105100ffff423006
:106488002b2043000b1844002b104302e9ff401453
:1064980025a0000017006054239043020000108ece
:1064a800060000122c00bf8f0800118eefff0010ad
:1064b8002510200225a800002c00bf8f2510a0025f
:1064c800000065ae2800b68f2400b58f2000b48f79
:1064d8001c00b38f1800b28f1400b18f1000b08f5a
:1064e8000800e0033000bd2725a80000f2ff0010d7
:1064f80025282002ffff5432ceff001025906000af
:020000040000fa
:020000041d01dc
:10650800c0ffbd272c00b1af258880002520c00022
:106518000400878c0000a28c3800b4afc2a7070023
:106528003400b3af3000b2af2800b0af3c00bfaf0b
:106538002580a0000400a38c0800b28c2000a2af24
:106548000c00b38c3e0080120000c68c233006007d
:106558002b20060023380700080060042338e400d5
:106568004408027c050080162000a2af2000a28ffc
:10657800040043302a006010c000427cffff42261e
:106588002000a3271800a3af0a0003241400a3af18
:106598001000a2af715c400f252000020600801693
:1065a8002d0003242000a38f040064301e008010f7
:1065b800080063302b000324ffff422421206202dd
:1065c800000083a01000068e2000a38f253840020b
:1065d800ffffc6241000a3af2330c20021286202a7
:1065e8005166400f252020020400238e00016330ed
:1065f800040060103c00bf8f0400038e2a20430073
:106608000b1064003800b48f3400b38f3000b28fa1
:106618002c00b18f2800b08f0800e0034000bd2790
:10662800d7ff001023104202e6ff60102000042468
:10663800ffff422421186202e2ff0010000064a05c
:10664800c8ff63044408027cc9ff00102000a28f21
:020000040000fa
:020000041d01dc
:10665800c8ffbd272c00b1af2800b0af2588800047
:106668002580a0002520a0003400bfafd193400fa3
:106678003000b2af2c00322625200002dd93400ff7
:106688002000a2af1000a0af253800003400262655
:106698002528400225200002de8d400f1c00a2aff5
:1066a80059002292020042302f0040143000252663
:1066b80042000296200042300c00401004000624dc
:1066c8005900229208004330300060143800252613
:1066d80010004230280040501800a5273c0025260d
:1066e8006c98400f252000020400062401000524b0
:1066f8003684400f2520000225200002025007247e
:1067080025304002b07b400f252840023400228efd
:106718002c00238e1c00a48f241862002000a28f56
:106728002410440005006210040007241c00a6275a
:106738002000a527b74b400f252000020a89400feb
:1067480025202002252000023c7b400f080005245c
:106758003400bf8f3000b28f2c00b18f2800b08f6b
:106768000800e0033800bd276098400f252000028c
:10677800d0ff001042000296252000026c98400fbe
:106788001800a0afd9ff0010040006246698400f37
:0c67980025200002ceff001059002292c4
:020000040000fa
:020000041d01dc
:1067a4000300c0142510e0000800e003000000000e
:1067b400d0ffbd272000b3af2598c00001000624f8
:1067c4001c00b2af1800b1af1400b0af2c00bfafc3
:1067d4002800b5af2400b4af2588a0007375400f1e
:1067e4002590e0003c004010258040000800438cc8
:1067f40025a000000e0004960c00029621186400e7
:106804002318710003004010ffff63302b20620047
:106814000a1844002b1063021300401025a800003e
:1068240025300000252860022135400f2520200254
:10683400271002000100833223006014ffff42305e
:106844000000108e21a09302ffff94320e0000126c
:10685400219042020c00a0120800118e2598a0027b
:10686400e4ff0010251820021d00601423106302a9
:106874000000108e05000012ffff42320800118e46
:10688400dcff001025182002ffff423202941200a0
:1068940021904202007c427e2c00bf8f2190420254
:1068a40027901200ffff42322800b58f2400b48fd6
:1068b4002000b38f1c00b28f1800b18f1400b08f6a
:1068c4000800e0033000bd271935400f25204000a3
:1068d400dcff00100000108eecff001025104002b9
:0c68e400ffff5530ceff0010259860002b
:020000040000fa
:020000041d01dc
:1068f000460080049080868fe0ffbd271c00bfaf5c
:106900002a1086001800b1af1400b0af3900401053
:1069100025180000bc99400f2580a00035004010cc
:10692000258840003300a0105400062425280000cc
:10693000cb95400f252000023c0022920100032449
:10694000350043501400268e000000ae4000238e18
:106950003f0022920400268e0400643000002d8e39
:106960000100842c28002b962a002a962400298ec8
:106970005400288e010045302538800002008c34f8
:106980000b3885012528e0002330cd000800673052
:1069900044000ba646000aa6480009ae4c0008a613
:1069a0004e0006a60300e014500005ae0400a43417
:1069b000500004ae02004430040080101000633028
:1069c0005000048e08008434500004ae04006014ab
:1069d000040042305000038e10006334500003aeb8
:1069e00004004010010003245000028e20004234b5
:1069f000500002ae1c00bf8f251060001800b18f40
:106a00001400b08f0800e0032000bd272518000007
:106a10000800e003251060001800258e1c00248e5d
:106a20002000238e040006ae140005ae240004ae40
:0c6a3000340003aec5ff0010000002aef1
:020000040000fa
:020000041d01dc
:106a3c00e0ffbd271400b0af1c00bfafbc99400fe6
:106a4c001800b1af2580400029000012251000006d
:106a5c004000028e00304230370040102588a000e4
:106a6c004000028e448c027c000b437c004044307e
:106a7c00400002aeff006630020080143c0003a20e
:106a8c00240000ae008042300600405448000296bc
:106a9c0040000292180000ae3f004230400002a2bb
:106aac00480002960400423005004010000000002f
:106abc004000028e0400423001004054280000a621
:106acc0010002016000000002c00058e0300a01002
:106adc00010002242400c210000000004000038ebc
:106aec000100042401000224448c837c400003ae8a
:106afc001c00bf8f1800b18f1400b08f0800e0038a
:106b0c002000bd27878f400f252000024591400fa4
:106b1c004c00042625284000ea74400f2520000272
:106b2c004000038e0100042401000224448c837c69
:106b3c00efff0010400003aee684400f252000025a
:106b4c004000028e448c027c000b437c004044309d
:106b5c00400002aeff006630caff80143c0003a266
:106b6c00c8ff0010240000aece63400f25200002a9
:086b7c00dbff00104000038e56
:020000040000fa
:020000041d01dc
:106b8400c8ffbd27252000003400bfaf3000b3afdd
:106b94002c00b2af2800b1af0492400f2400b0af74
:106ba4000400538c029d043c0800528c00e68424ab
:106bb40025804000538b400f0c00518c02161300ab
:106bc400029d043c003c677e003a667eff0065320d
:106bd40014e68424dc8f400f1000a2af02161200ca
:106be400029d043c003c477e003a467eff0045324d
:106bf4002ce68424dc8f400f1000a2af0216110093
:106c0400029d043c003c277e003a267eff0025328c
:106c140044e68424dc8f400f1000a2af41000292ae
:106c24003e0007923d0006923c0005921800a2af78
:106c340040000292029d043c5ce684241400a2af4e
:106c44003f000292dc8f400f1000a2afcc92400fa5
:106c5400252000020f004054029d053c029d053c86
:106c6400029d043c88e68424dc8f400ff8e5a524cb
:106c74003400bf8f3000b38f2c00b28f2800b18f47
:106c84002400b08f029d043c98e68424538b400b6f
:106c94003800bd27029d043c88e68424dc8f400f25
:106ca400f4e5a5243400bf8f3000b38f2c00b28fdd
:106cb4002800b18f2400b08f029d043c98e6842400
:086cc400538b400b3800bd2783
:020000040000fa
:020000041d01dc
:106ccc00e0ffbd271600a2301800b2af1c00bfaf0a
:106cdc001400b1af1000b0af2b0040102590800015
:106cec001900c014ffffb0300080113c342f312646
:106cfc005a0085941081838f18002296252805024e
:106d0c0001006324010042345a0085a4108183af32
:106d1c00180022a61400398e230020131c00bf8fec
:106d2c001800b28f1400b18f1000b08f0080043c9b
:106d3c00253800000100062401000524442f84247a
:106d4c00080020032000bd27b49a400f0080113c9e
:106d5c00342f31265a0045961081868f18002396c1
:106d6c00252805020100c624010063345a0045a6fb
:106d7c0025204000108186afb69a400f180023a63c
:106d8c00e5ff00101400398e0d00c014ffffb03069
:106d9c005a0085941081828f252805020100422417
:106dac005a0085a4108182af1c00bf8f1800b28fcf
:106dbc001400b18f1000b08f0800e0032000bd2735
:106dcc00b49a400f000000005a0045961081838f42
:106ddc001c00bf8f252805025a0045a61400b18f50
:106dec001800b28f1000b08f0100632425204000e2
:106dfc002000bd27108183afb69a400b0000000025
:020000040000fa
:020000041d01dc
:106e0c00e0ffbd271000b0af0080103c10381026fa
:106e1c001400038e3400028e1c00bfaf1800b2affa
:106e2c001400b1af100003ae270040500400028ed6
:106e3c000c00438c240062040400028e0c00518c64
:106e4c000400028e1400128e1800428c218851020c
:106e5c0009f840002b9032021000048e2b204400c5
:106e6c0024008014252800002000038e21106200cd
:106e7c002b184300211865002b2043022800801496
:106e8c0000000000290072102b1822021c0011ae09
:106e9c001c00028e040040540400028e01000224e7
:106eac001c0002ae0400028e1c00048e1c00bf8f5e
:106ebc001800b28f1400b18f1000b08f1400598cd1
:106ecc00080020032000bd271400128eff7f113c08
:106edc001800428cffff313609f84000218851021e
:106eec001000048e2b9032022b204400deff801009
:106efc0025280000ffff44242b1882002528600061
:106f0c002000038e25108000211062002b184300f6
:106f1c00211865002b204302daff801000000000ce
:106f2c001c0002aedaff001000000000d7ff60105a
:106f3c00000000001c0002aed5ff00100000000095
:020000040000fa
:020000041d01dc
:106f4c000080033cd0ffbd27500163242c00bfaf51
:106f5c002800b1af2400b0af1000a0af1400a0a760
:106f6c0032008314faff02242588a0003400a010fc
:106f7c004c00908c060006241000a5272e92400f82
:106f8c00252020022e0040101800a8270300228a7a
:106f9c0005002392040024920000229ac104073cad
:106fac001d00a3a31800a2af1c00a4a31e00a927b8
:106fbc00ffff0224ff000324b71de7240000059106
:106fcc000200001008000624021e02000100a4307a
:106fdc00c2190300ffffc6240200831040100200f8
:106fec0026104700f8ffc01442280500000005a138
:106ffc0001000825f1ff2815021e02000007437c42
:10700c001c00601488bf033c482063240100042446
:10701c00c025427c04104400000062ac00800534a2
:10702c006899400f25200002251000002c00bf8f0e
:10703c002800b18f2400b08f0800e0033000bd277a
:10704c00252000026499400f0080053425200002a1
:10705c00253000007c99400f253800002c00bf8f94
:10706c00251000002800b18f2400b08f0800e00329
:0c707c003000bd27e5ff00105820632401
:020000040000fa
:020000041d01dc
:10708800d8ffbd271800b2afb480928f0100022448
:107098002400bfaf2000b4af1c00b3af1400b1afe1
:1070a800090042121000b0af2400bf8f2000b48f37
:1070b8001c00b38f1800b28f1400b18f1000b08f6e
:1070c8000800e0032800bd27b080828ff6ff401833
:1070d800a880838f1400828c2598800002000424e5
:1070e800b48084af1400601004905200258800001a
:1070f800b880828f808011000a80507c0b0000527b
:10710800010031265a98400f4800048e01000424db
:10711800041844000300400424187200140060544a
:107128003e000296a880838f010031262b1023028f
:10713800f0ff4014b880828f1800638e020002248a
:1071480017006210b080828f2400bf8f01000224d4
:107158002000b48f1c00b38f1800b28f1400b18fb9
:107168001000b08fb48082af0800e0032800bd276c
:107178003c00148e002006240400827c3e0002a6f7
:10718800252800007673400f252000023e00029655
:107198000004947e0400827ee2ff00103e0002a6f6
:1071a800ffff4224e8ff4014b08082af947c400f78
:0c71b80000000000bcff0010b48080af9d
:020000040000fa
:020000041d01dc
:1071c4000400828cc0ffbd273800beaf2800b4afd6
:1071d4002000b2af1c00b1af3c00bfaf3400b7af6a
:1071e4003000b6af2c00b5af2400b3af1800b0af79
:1071f4002588c0002590e0005400b48f02004104ab
:107204005800be8f010002241000908c0c00958c55
:107214000000d78f5000b38fffff10262118b00253
:10722400000060a001000924234053000200f7324b
:10723400c3b714001000001e251032022c00205188
:107244000000c28f3c00bf8f251000023800be8fa3
:107254003400b78f3000b68f2c00b58f2800b48f60
:107264002400b38f2000b28f1c00b18f1800b08fa0
:107274000800e0034000bd2707004014211013015b
:107284000600401c25202002ecff601a00000000cc
:10729400eaffe01200000000252020022528400219
:1072a400253080022538c0021400a8afb224400f54
:1072b400ffff10261000a2af2118b00230004224b4
:1072c4002520200225284002000062a025308002eb
:1072d400c323400f2538c002ffff732625884000d2
:1072e400259060001400a88fd2ff00101000a98f11
:0c72f4000421027cd3ff00100000c2af98
:020000040000fa
:020000041d01dc
:10730000e0ffbd271400b0af200090940800838cec
:107310001800b1af25888000080004321c00bfaf00
:10732000220080101000628c010044302000805048
:107330000060063201006290c23210004031060047
:10734000440024960100c634010047300004c534cf
:10735000220003242d0083100b30a70002004230ce
:107360000008c3340b306200040005240d82400f76
:1073700025202002090040101c00bf8f010110329f
:107380000101022428000212040002241a0022a68d
:10739000080002241c0022a61c00bf8f1800b18f19
:1073a0001400b08f0800e0032000bd270060063203
:1073b0000400c0100001c3340001467c40330600c5
:1073c0000001c334005010320b3070000001423015
:1073d0000040c3340b306200252800000d82400fae
:1073e00025202002edff40101c00bf8f0400022466
:1073f0001a0022a60a0002241c0022a61400b08f44
:107400001800b18f0800e0032000bd274600239636
:107410002016042420166330d1ff64140200423089
:10742000d2ff0010040005241a0022a60600022440
:08743000d9ff00101c0022a688
:020000040000fa
:020000041d01dc
:10743800020002244900821000000000d8ffbd2786
:107448001c00b0af2580c0002400bfaf2000b1af42
:10745800330000122530a0000000028e1c004014ea
:10746800258800002538000025280000cb1f400f84
:1074780001000424ffff03241c004310b880848ffc
:1074880080180200010006240a18837c77006590a2
:10749800480071ac1b00a61074006494050020120b
:1074a8000100052401000524446ba47c740064a435
:1074b800010005248473a47c740064a42400bf8f95
:1074c8002000b18f1c00b08f0800e0032800bd2702
:1074d8001000a5af252000026a89400f252800006a
:1074e80025884000dfff40141000a68f2400bf8fbe
:1074f800ffff02242000b18f1c00b08f0800e003ba
:107508002800bd270000068e0463a47c740064a4d0
:10751800e4ff2016440066ace6ff001001000524d5
:107528002538000025280000cb1f400f0100042447
:10753800ffff0324e1ff4310b880848f8018020006
:107548002400bf8f0a18837c2000b18f1c00b08fe5
:10755800480060ac0800e0032800bd270800e003ed
:04756800ffff0224fb
:020000040000fa
:020000041d01dc
:10756c00d8ffbd272000b4af2400bfaf1c00b3afc1
:10757c001800b2af1400b1af1000b0af2400e0108f
:10758c003800b48f020002242b00c2100100022428
:10759c002000c214258000000c01908c0801918cf5
:1075ac002598a0000800028e290040102590e000cc
:1075bc0017006012258000000800001025308002a2
:1075cc00000082ac140083ac0c0022ae010010262b
:1075dc00110070122400bf8f253080021800052482
:1075ec0009f840020100042404004324090040105f
:1075fc0000e0637c0c00248e000040acf0ff801493
:10760c00140040ac0c0022aef0ff0010080022aebb
:10761c00258000002400bf8f251000022000b48fad
:10762c001c00b38f1800b28f1400b18f1000b08ff4
:10763c000800e0032800bd270401908c0001918c08
:10764c002598a0000800028ed9ff40142590e00078
:10765c00253080021800052409f8e00001000424fc
:10766c00ecff4050258000000800048e0c00058eb5
:10767c000400832400e0637c000044ac140043aca1
:10768c00cbffa014080002aec9ff00100c0002ae24
:020000040000fa
:020000041d01dc
:10769c003c008010000000000000828c390040107b
:1076ac00060003240800868c3400c3500400838c2d
:1076bc000300a014821805007d01053c4078a3242a
:1076cc00422802002128a3002b18a2002d006014d0
:1076dc00000000001b00a200f40140000100023c6d
:1076ec0012280000ffffa5242b10a200250040103b
:1076fc0082bf033c1022678c0080083406000224f1
:10770c00001ce730042268ac2800c2100000000006
:10771c000022628c0400868c4410027c25104600ea
:10772c00002262ac0022628c0c00868c06000424c1
:10773c000400027c25104600002262ac402265ac9d
:10774c000022628c06004230100044108000042499
:10775c000080023ccc374224300044ac00040424aa
:10776c00180044ac00800234082262ac01000224f0
:10777c00182267ac0800e00300000000ccff60108a
:10778c00000000000800e003251000000080023c0f
:10779c00cc37422440000424300044ac00020424c2
:1077ac00180044acf0ff0010008002340022628c00
:1077bc0006004234002262acdaff00100000000028
:020000040000fa
:020000041d01dc
:1077cc001400828c3300401403000324d8ffbd271f
:1077dc002000b0af2400bfaf310082901b004310db
:1077ec0025808000ffff43240200632c39006010c9
:1077fc00010008240c00838c1000848c3000638cf6
:10780c003200059636000696240048103400079680
:10781c001800a2271400a2af09f860001000a0af56
:10782c0015004014020003241800a38f0200022448
:10783c0023006214029d043c030002242400bf8f29
:10784c002000b08f0800e0032800bd270c00828cbc
:10785c001800a3271000a3af36008694320085943d
:10786c002c00428c1000848c09f840002538000054
:10787c00edff401002000324140002ae300003a2fe
:10788c00010002242400bf8f2000b08f0800e00309
:10789c002800bd270800e003030002241800a827d5
:1078ac001400a8af09f860001000a2afdeff401072
:1078bc002518000025100000f2ff0010300003a274
:1078cc00470105245792400fe45d8424dbff001030
:1078dc00feff0224029d043c3b0105246492400ff0
:0c78ec00e45d8424d5ff0010ffff02249f
:020000040000fa
:020000041d01dc
:1078f800e0ffbd271400b0af4c00908c1800b1af6a
:10790800258880001c00bfaf3899400f2520000251
:107918004099400f252000024899400f2520000279
:10792800029a400f25200002fdff401400000000cd
:107938003c99400f252000020300001000000000c1
:107948002c99400f000000007a9a400f2520000271
:10795800fbff401425200002c0002326000075bc50
:107968000f0000000020053c251865000c0060ace5
:10797800080060acd0002426000123ae000095bcae
:107988000f000000252085000c0080ac080080acaa
:10799800e0002326040124ae000075bc0f0000009f
:1079a800251865000c0060ac080060acf0002226c9
:1079b800080123ae000055bc0f000000251045004b
:1079c8000c0040ac080040ac252000020c0122ae9f
:1079d800149a400fef63052425200002ef98400f0a
:1079e8002528000025280000f498400f25200002d3
:1079f8003099400f252000023499400f25200002bd
:107a0800252000021c00bf8f1800b18f1400b08f12
:0c7a180000060524789a400b2000bd27d2
:020000040000fa
:020000041d01dc
:107a2400760083900b00662c1400c0100100022421
:107a340004306200f002c7301000e014251000008a
:107a4400d8ffbd270c01c7302400bfaf2000b1af61
:107a54000c00e0141c00b0af0004c6303700c05462
:107a640025280000010002242400bf8f2000b18fcc
:107a74001c00b08f0800e0032800bd270800e003c5
:107a8400000000002580800074008494400084304d
:107a940022008010000000000000048e100004aedc
:107aa4000c0004ae1400a010080004ae070000107f
:107ab4001100112410006050760003920800048e17
:107ac4001000038e0c0083507600039201000624fc
:107ad40025282002750b400f25200002f5ff4304e2
:107ae400640003963e00039601000424c45a837c78
:107af400ddff00103e0003a63e0004960800633834
:107b04000900062404000524c45a047c0a28c3007e
:107b14003e0004a6d4ff0010760005a2ebffa014db
:107b2400110011240800058e1000048ef2ffa41029
:107b340010001124e6ff0010010006240238400f53
:0c7b44001000a2afc8ff00101000a28fbc
:020000040000fa
:020000041d01dc
:107b5000b8ffbd273c00b5af3800b4af25a8c000c2
:107b600025a0a00084000624252800004000b6af10
:107b70003400b3af3000b2af2c00b1af2800b0afcb
:107b800025b0e000258080004400bfafcb95400fba
:107b9000080093245c00a28f780011267c00122636
:107ba000780002ae6000a28f370007242530600203
:107bb0007c0002ae5800a28f1c00b6af1800b5af13
:107bc0002000a2af040002241400b4af1000a2af42
:107bd00025284002d936400f252020020c004010f5
:107be000370002244400bf8f010002244000b68ffa
:107bf0003c00b58f3800b48f3400b38f3000b28fa3
:107c00002c00b18f2800b08f0800e0034800bd278a
:107c10002000a0af1c00a0af1800a2af1400b3afab
:107c20001000a0af370007243f0006262528400299
:107c3000d936400f25202002ebff40144400bf8faf
:107c4000800000a24400bf8f01000324000003aea7
:107c5000040000ae4000b68f3c00b58f3800b48ff2
:107c60003400b38f3000b28f2c00b18f2800b08f5a
:087c70000800e0034800bd27f5
:020000040000fa
:020000041d01dc
:107c7800d8ffbd272000b3af1800b1af1400b0afd4
:107c88002400bfaf1c00b2af0e00a2900200112466
:107c98002580a000120051102598800003001224ae
:107ca80028005210010003241a004310660405241a
:107cb800029d043c7e92400fa860842407000224a1
:107cc8000e0002a22400bf8f2000b38f1c00b28fc9
:107cd8001800b18f1400b08f0800e0032800bd27fa
:107ce8005e9a400f1000848cf7ff40142400bf8f69
:107cf8003595400f1000648e0800038e00140200b2
:107d08002518620006000224080003aeedff0010eb
:107d18000e0002a25e9a400f1000848ceaff401405
:107d28002400bf8f040006961000648e8019c57c5d
:107d38001000a534768f400f4020c67ce1ff00106c
:107d48000e0012a25e9a400f1000848cdeff4014d1
:107d58002400bf8f3595400f1000648e04000596ef
:107d6800080002ae1000648e4020a67c8019a57c15
:107d78000100c634768f400f1000a5340d00029222
:107d880006000324010042300b886200cdff00107a
:047d98000e0011a226
:020000040000fa
:020000041d01dc
:107d9c00d0ffbd272400b2af2000b1af1c00b0afa4
:107dac002c00bfaf2800b3af0f00a2902580a0001d
:107dbc002588e00013004714259080002528000238
:107dcc005376400f2520c0001a0002121000062422
:107ddc00029d043c360505247e92400fd860842415
:107dec0002000224290022122c00bf8f2800b38f1e
:107dfc002400b28f2000b18f1c00b08f0800e0036c
:107e0c003000bd27029d043c2a050524d86084243b
:107e1c007e92400f1000a6af1000a68f25280002fe
:107e2c005376400f2520c000eaff0216029d043c49
:107e3c00100006242528000004000426cb95400fd2
:107e4c000c0013928800428e17004010000000ae08
:107e5c00000050ac880050ae8c00428e030003240e
:107e6c00010042248c0042ae01000224dcff6316a8
:107e7c000f0002a2609a400f1000448e020042963e
:107e8c00c418027cd6ff0010020042a61000448edb
:107e9c002800b38f2400b28f2000b18f1c00b08f4c
:107eac005c9a400b3000bd27880050aeeaff0010f2
:047ebc00840050ae40
:020000040000fa
:020000041d01dc
:107ec000e8ffbd271000b0af0080103c1400bfaf2a
:107ed0001038022630004390150060141038038ecd
:107ee0003800439001000224070062502400a7af2d
:107ef0001400bf8fffff1024251000021000b08f68
:107f00000800e0031800bd272000a6af1c00a5afa5
:107f10001292400f1800a4af1800a48f1c00a58f68
:107f20002000a68ff2ff40102400a78f1038038e88
:107f30000200022408006210ffff1024408f400f4f
:107f4000000000001400bf8f251000021000b08f49
:107f50000800e0031800bd27f8ffa0102b10a400b4
:107f6000f6ff40140080033c25800000bc336324ee
:107f70000500082400006290060040101c808297d3
:107f800001001026fbff081624006324ebff0010fd
:107f9000ffff10242320a400180060a00100482443
:107fa000ffff08310014020025805000ffff09394f
:107fb000010002240a404900000062a42800a28fa8
:107fc000190060a0080065ac040062ac100066ac4b
:107fd000140067ac0c0064ac200070acd7ff00103c
:047fe0001c8088a7d2
:020000040000fa
:020000041d01dc
:107fe400e0ffbd271400b1af0800918c0080023c73
:107ff400b8364224261022021000b0af1c00bfafd6
:108004001800b2af25808000da88400f0b88020088
:108014002b0040101c00bf8f340002960002433036
:108024000f006010220002a6c687400f0000000067
:108034002c00038e2b104300260040100200022463
:10804400252000021c00bf8f1800b28f1400b18fce
:108054001000b08f25280000a083400b2000bd270e
:10806400c687400f00000000259040002000228eab
:108074009a89400f0400518c6210033c0210227252
:10808400d34d63240100052425200002e703422484
:108094001900430010100000821102002110520048
:1080a400a083400f2c0002ae050040101c00bf8fbf
:1080b400050002241a0002a61c0000a61c00bf8fa3
:1080c4001800b28f1400b18f1000b08f0800e003c5
:1080d4002000bd27020002a6f9ff023c1c0002aeec
:1080e400180000ae1c00bf8f1800b28f1400b18faf
:1080f4001000b08ff9ff0424b398400b2000bd2773
:020000040000fa
:020000041d01dc
:10810400d8ffbd271800b1af1400b0af2400bfaf33
:108114002000b3af1c00b2af0e00a29002001124e5
:10812400130051102580a000030012242a005210cd
:1081340025988000010003241a00431093040524a9
:10814400029d043c7e92400fc060842407000224f8
:108154000e0002a22400bf8f2000b38f1c00b28f38
:108164001800b18f1400b08f0800e0032800bd2769
:108174005e9a400f1000848cf7ff40142400bf8fd8
:10818400060002240e0002a22400bf8f2000b38f39
:108194001c00b28f1800b18f1400b08f0800e003e8
:1081a4002800bd275e9a400f1000848ceaff40141b
:1081b4002400bf8f04000696080007961000648e02
:1081c4008019c57c1000a534308c400f4020c67c3b
:1081d400e0ff00100e0012a25e9a400f1000848c83
:1081e400ddff40142400bf8f040005960a000796a3
:1081f4001000648e4020a67c8019a57c0100c63442
:10820400308c400f1000a5340d00029206000324a8
:10821400010042300b886200ceff00100e0011a254
:020000040000fa
:020000041d01dc
:10822400d8ffbd271800b0af2580a00001000524a9
:108234002000b2af2400bfaf1c00b1af5f7f400f7e
:108244002590c000330040102520000225884000fe
:10825400157b400f0400508c1b004050feff12247d
:10826400080040120e004390fcff64240300842c99
:1082740005008010ffff64240800438c000043ae17
:108284000e004390ffff64240400842c0e0080142d
:10829400010012240700642c20008010050004242f
:1082a40019006410259000000600632c0600601479
:1082b400030007240400268e252840009c00c624c1
:1082c400675f400f25200002090000122400bf8fc1
:1082d400b49a400f000000000000039225204000e3
:1082e40001006324b69a400f000003a22400bf8f4c
:1082f400251040021c00b18f2000b28f1800b08fef
:108304000800e0032800bd2704000324eeff00104a
:108314000e0043a0f5ff0010ffff1224029d043c51
:10832400f3040524086384247e92400f1000a2af56
:108334001000a28fecff1224dbff00100e0043900c
:020000040000fa
:020000041d01dc
:108344003300a010b880828fd0ffbd272c00bfafb0
:108354002800b1af070040102400b0af3c00b08447
:1083640004000006a880838f2b1803020600601403
:10837400801810002c00bf8f2800b18f2400b08f0c
:10838400817f400b3000bd270a10437cfaff45145f
:108394002c00bf8f1000828c7a00a694030007245f
:1083a4001000429401000324080042300b18e2003c
:1083b4002430c3001800c010253800007c00b98c9c
:1083c4008000a78c2800918c4c00a28c150044508e
:1083d4002000828c1800a6af1400a7af817f400f45
:1083e4001000b9af1800a68f1400a78f1000b98f22
:1083f4001600201325282002252000022c00bf8f00
:108404002800b18f2400b08f080020033000bd275e
:10841400817f400b0000000025c80000eaff001027
:10842400258800001000838c540080acc418027ca2
:10843400480080ac6c0080ac600080ac000060ac94
:108444000c0060a4eaff0010200082ac2c00bf8f57
:108454002800b18f2400b08f0800e0033000bd274e
:020000040000fa
:020000041d01dc
:108464000700a22c4400401000000000029d023cc2
:1084740080280500948442240a28457ce8ffbd270f
:108484001000b0af1400bfaf0800a000258080002a
:10849400cc84019d3c85019de084019db084019db7
:1084a400f484019d2485019de084019db49a400fcc
:1084b40000000000000003922a006014ffff632400
:1084c400b69a400f25204000251000001400bf8fed
:1084d4001000b08f0800e0031800bd271400bf8f00
:1084e400010002241000b08f0800e0031800bd272b
:1084f400b49a400f000000000000039225204000c1
:1085040001006324b69a400f000003a21400bf8f39
:10851400010002241000b08f0800e0031800bd27fa
:108524001400bf8f010002241000b08f000080ac43
:108534000800e0031800bd27b49a400f00000000b3
:1085440001000324000003a2b69a400f2520400036
:108554001400bf8f010002241000b08f0800e00354
:108564001800bd2725204000b69a400f000003a242
:10857400d6ff0010010002240800e00325100000cb
:020000040000fa
:020000041d01dc
:1085840048ffbd272510e000b000b1afb400bfaf75
:10859400ac00b0afd400b18f37004010d800a78f23
:1085a4002e00205253ff022431008014cc00a38fec
:1085b400800003243800e3142538a0002528400057
:1085c400e000a28f1000a6afc800a68f1800a2afcb
:1085d400dc00a28f258080002000a427d45e400ff9
:1085e4001400a2af0f004014ffff02240700001282
:1085f40080000624d000a68fcc00a58f844c400fa9
:108604002000a42706004014800006242528200208
:10861400701d400f2000a42719004010800006247c
:10862400ffff02242000a327a400a627000060a0c7
:1086340001006324fdff6614000000002000a3274e
:10864400252000000000659001006324fdff6614ee
:108654002520850001008054ffff0224b400bf8f51
:10866400b000b18fac00b08f0800e003b800bd27a4
:10867400d0ff605480000324f8ff001053ff02244d
:1086840025282002701d400f2000a4272b10020073
:10869400e4ff001023100200f0ff0010ffff02248b
:020000040000fa
:020000041d01dc
:1086a400436f6d6d616e64733a0d0a002020612082
:1086b4002d206e657720697020616464720d0a0054
:1086c400202068202d207072696e742068656c709b
:1086d4000d0a000020206e202d206e657420696e26
:1086e400666f0d0a00000000202070202d207069a4
:1086f4006e6720676174657761790d0a0000000078
:10870400202072202d20736f667477617265207249
:10871400657365740d0a00004e6577204950204149
:108724006464726573733a200000000025730d0ab7
:1087340000000000526573657474696e672e2e2ef6
:10874400200d0a004552524f523a20556e6b6e6fff
:10875400776e20636f6d6d616e6420272563272e0d
:108764000d0a00004552524f523a204f6e6c792048
:1087740073696e676c652d6c657474657220636fc4
:108784006d6d616e647320737570706f727465645f
:108794002e0d0a0045454d242000000025630000ed
:1087a4000d0a4572726f723a20636f6d6d616e646b
:1087b40020746f6f206c6f6e670d0a3e20000000fe
:020000040000fa
:020000041d01dc
:1087c400d8ffbd272000b3af0080133c1c00b2af1c
:1087d400843772260400458e2400bfaf1800b1af61
:1087e4002100a0101400b0af8437628e1a004058e4
:1087f4000800448e2400b02425880000dcff028e8b
:10880400010031260e00401025204000538e400ff9
:10881400000000008178400f252000028178400f7d
:10882400f0ff04268178400fe0ff04260800448e00
:108834000c00828c09f84000dcff058edcff00aee2
:108844008437628e2a102202ecff40143c0010266a
:108854000400458e0800448e0c00828c09f8400008
:1088640000000000040040ae0800458e0080043c77
:108874007195400fa43784241c00448e040080109a
:10888400080040aebf97400f000000001c0040ae3f
:108894004400448e070080102400bf8f2000828c87
:1088a400080042300900401000000000440040aebf
:1088b4002400bf8f2000b38f1c00b28f1800b18f2b
:1088c4001400b08f0800e0032800bd27817f400f0b
:0c88d40000000000f6ff0010440040ae61
:020000040000fa
:020000041d01dc
:1088e0000c00828c0019427c80100200ecff4224b4
:1088f000ff004230260040100100092414008424a7
:10890000213882002540e00002000a24ffff4224b3
:108910002118820023106400010086242b2888007f
:108920001b008710ff0042301900a010000000005b
:10893000ffffc5901600a010000000000f00a95016
:108940002520c0001400aa100200432c100060145f
:1089500000000000010083902b2843000c00a014ad
:108960000000000002006524231043002120850040
:10897000ff004230e5ff0010213882002310640020
:10898000010086242b288800e7ff8714ff0042306f
:108990000800e003180202240300422cfcff4014ec
:1089a00000000000f8ffbd270100859004000324ab
:1089b0000000a0a70300a310180202240800e0038f
:1089c0000800bd2703008390020085900000a3a348
:1089d0000100a5a30000a397b505642c04008054f2
:1089e0001802642cb4050324f4ff00102510600065
:0c89f0000b184400f1ff0010251060007f
:020000040000fa
:020000041d01dc
:1089fc004100801000000000d8ffbd270800838cc8
:108a0c001800b1af0080113cb83631262400bfaf3e
:108a1c002000b3af1c00b2af1400b0af2d00711426
:108a2c00f5ff022402008384020002242900625410
:108a3c00f6ff02242700a010f7ff02242600c050e6
:108a4c002400bf8f1400228e22004050f7ff022416
:108a5c000000438c1f006050f7ff02240400438c7d
:108a6c001c006050f7ff02240800428c20004010cc
:108a7c002598c0001000a28c2590a0000500401085
:108a8c002580800025288000029d043c09f84000c8
:108a9c00b02084240c00428e0000458e0400448ecd
:108aac000800438e010022a201000224020025a628
:108abc00100024ae0a0023a6020002a60100022424
:108acc00180002ae0100023c1c0002ae280013aede
:108adc00010002242400bf8f2000b38f1c00b28f32
:108aec001800b18f1400b08f0800e0032800bd27d8
:108afc00f8ff0010f7ff02240800e003f5ff022442
:020000040000fa
:020000041d01dc
:108b0c00d8ffbd272400bfaf2000b4af1c00b3af0b
:108b1c001800b2af1400b1af0a00a0101000b0af33
:108b2c000000a38c08006010258000000700801056
:108b3c002400bf8f42008294400042300b0040144e
:108b4c000080133c258000002400bf8f25100002fc
:108b5c002000b48f1c00b38f1800b28f1400b18f9b
:108b6c001000b08f0800e0032800bd27843773265f
:108b7c002588c0002580a0005a98400f0400728ef2
:108b8c0000190200231062008010020021904202a2
:108b9c000000448ed066400f25280002e9ff4010eb
:108bac0025a0400000004294c0004330e6ff605016
:108bbc002580000008002012800042301000838eb7
:108bcc00030023aa000023ba14008392040023a2fa
:108bdc0015008392050023a2dbff40100100102436
:108bec00140052260400912625282002ab78400f51
:108bfc00252040021400628e2528200225204002e8
:108c0c002e77400f0c0082aed0ff00102400bf8fd7
:020000040000fa
:020000041d01dc
:108c1c003b00801000800a3c10384a253400458dfa
:108c2c000c00888c3900a010000000000c00a28cf5
:108c3c002518000025380000213043002b10c200fd
:108c4c002110470025480000120040142b3006016b
:108c5c001000c014000000000c00a28c1c00a68c9c
:108c6c002548a000211062002b1843002138670012
:108c7c001600c010251840002528c0000c00a28c3e
:108c8c00213043002b10c20021104700f0ff401090
:108c9c002b3006010c0020551c00268d23180301d7
:108cac00340044ad0c0083ac1c0085ac0c00848cef
:108cbc000c00a38c01000224231864000c00a3ac4c
:108ccc000800e00300000000252820011c0086acf1
:108cdc001c00a4ac1c00858c231803010c0083ac75
:108cec00f7ffa010251000000c00848c0c00a38c46
:108cfc00231864000c00a3ac0800e0030000000083
:108d0c00251000000800e003000000000c0088acf7
:0c8d1c00010002240800e003340044ad14
:020000040000fa
:020000041d01dc
:108d2800e0ffbd271000b0af258080009400848c40
:108d38001c00bfaf1800b2aff28d400f1400b1afe6
:108d480025280000f979400f25200002b795400f2b
:108d58009400048e5080828f0c0002561800048ef6
:108d6800f28d400f9400048eb795400f9400048e46
:108d78009c0000aea80000ae980000aea40000aeb3
:108d8800a00000ae508080af1800048effff1124b1
:108d9800050091104400128e1800428e09f8400018
:108da80000000000180011ae1400048effff11240b
:108db80006009110029d063c0800428e09f840000a
:108dc80000000000140011ae029d063c2538000288
:108dd80025200002101dc6241452400f020005244d
:108de80025200002253000005a6a400ffeff0524a6
:108df800029d063c2538000225200002d818c6240a
:108e08001452400f010005241c00bf8f1c0000ae47
:108e1800200000a61800b28f1400b18f1000b08f88
:088e28000800e0032000bd2753
:020000040000fa
:020000041d01dc
:108e3000d8ffbd272000b3af1c00b2af1800b1af00
:108e40001400b0af2400bfaf7080908f25888000e1
:108e50002590a0005a98400f2598c00040180200a5
:108e600021186200c0180300231862008018030054
:108e70002180030258000292010042301700401086
:108e80002400bf8f1b0060565600029658000292c5
:108e90004e0003964800048ed50042302000423434
:108ea000580002a2200000ae030080104c0003a670
:108eb0000b6f400f25280000180040122400bf8fc0
:108ec00058000292ee004230580002a24200229660
:108ed0000400027c420022a62400bf8f2000b38f32
:108ee0001c00b28f1800b18f1400b08f0800e0038f
:108ef0002800bd270900422ce5ff4054580002928b
:108f0000253800000700062425282002a025400f50
:108f100025200002deff001058000292560000a635
:108f20002000b38f1c00b28f1800b18f1400b08fd7
:088f30000800e0032800bd2742
:020000040000fa
:020000041d01dc
:108f38001800a38cd8ffbd274000828c1800b0af62
:108f4800258080000c00648c1c00b1af2588a0002f
:108f5800000145302400bfaf2000b2af1a00a010b6
:108f68001c0004ae4400058e1800a050140004ae86
:108f78001000728c200042302800248e1000b2affe
:108f880018004010200012ae28000296050040107c
:108f9800240004ae48000296010042300500401447
:108fa8002400bf8f1c00228e00004294280002a6d5
:108fb8002400bf8f2000b28f1c00b18f1800b08f23
:108fc8000800e0032800bd27140004ae1000728cce
:108fd800200042302800248e1000b2afeaff40146f
:108fe800200012ae258b400f1000a527e6ff401485
:108ff8002800248ef0005232e0000224e2ff4212e0
:109008001000a38f1800028e040043104000028e47
:10901800180003aec439027c400002ae01000324ec
:109028008431627cd8ff0010400002aefbff0010c4
:049038004000028e64
:020000040000fa
:020000041d01dc
:10903c00e8ffbd270080023c1400bfaf1000b0afaa
:10904c00103842243000439010006054ffff8224fb
:10905c003800439001000224070062100000000059
:10906c001400bf8f01001024251000021000b08fd7
:10907c000800e0031800bd271292400f1800a4af9f
:10908c00f7ff40101800a48fffff8224feff422c34
:10909c0020004010ffff8a300500422d1d004010bb
:1090ac00c0580a0021406a010080093c8040080039
:1090bc00bc332925214028012000028d0e0082148a
:1090cc0001001024000002910b0040100000000071
:1090dc0001000291130040140000000021506a01ad
:1090ec0080500a0021482a01180020a1000020a16c
:1090fc00190020a125800000408f400f00000000c7
:10910c001400bf8f251000021000b08f0800e00380
:10911c001800bd27408f400f01001024f9ff0010ec
:10912c001400bf8f227c400f25200001ebff0010a4
:04913c00010000a18d
:020000040000fa
:020000041d01dc
:109140000400828cd8ffbd27030003242400bfaf96
:109150002000b2af1c00b1af290043101800b0af1f
:109160000500032435004314258080000c00858c05
:10917000029d113c029d043c10692626dc8f400fa5
:10918000d4028424000004860080123c7025472607
:109190001000a627cd40400f1400a5271200400460
:1091a0001000a68f1400a58f029d043c106927268d
:1091b000dc8f400ff40284241000a68f1400a58fca
:1091c000000004863946400f7025472606004004fb
:1091d000106926260c00058e029d043cdc8f400f92
:1091e000140384245081828f2400bf8f2000b28f0b
:1091f0001c00b18f1800b08f0800e0032800bd27c5
:109200000c00858c029d063c029d043c1069c6241e
:10921000b0028424548180afdc8f400f508180af36
:109220002400bf8f251000002000b28f1c00b18fda
:109230001800b08f0800e0032800bd27eaff0010e7
:04924000ffff022406
:020000040000fa
:020000041d01dc
:109244001c008294e0ffbd271800b1af0100112477
:109254001400b0af1c00bfaf0e0051102580800079
:10926400220040100200032413004310ffff023cbd
:109274001c0082ac1c00bf8f1800b18f1400b08f8b
:10928400020083a4180080ac2000bd27b398400bd3
:10929400ffff0424da88400f000000001e00405441
:1092a400340002961c00bf8f1800b18f1400b08fd9
:1092b4000800e0032000bd27da88400f000000000a
:1092c400f9ff40101c00bf8f3400029603000324f2
:1092d4001a0003a6460002a61c0000a61800b18fbf
:1092e4001400b08f0800e0032000bd27a083400fc6
:1092f40002000524ecff40101c00bf8f0200022472
:109304001c0011a61a0002a61800b18f1400b08f19
:109314000800e0032000bd270300052425200002e7
:10932400a083400f440002a6dfff40101c00bf8f43
:10933400020002241a0002a6daff00101c0002a692
:020000040000fa
:020000041d01dc
:109344000000a38c1400601025400000255000008c
:109354002560000000e08b7c0400628c070043045d
:10936400255060000e008010000000000800628c90
:109374000b004b1000000000255060000000638cbf
:10938400f5ff6014000000002400801500000000b8
:1093940029000055020002240800e0030100022411
:1093a4000400628cc001427c1a00401400000000da
:1093b4000000698c0400628cc001427cfdff4014f3
:1093c40000000000000060ac0000e28c15004010ba
:1093d400140060ac0400682400e0087d000043ac85
:1093e400140048ac0000e3ac0400628c8007427cab
:1093f400efff4010251820010d00401101008c25bd
:10940400000049ad0500801425182001dcff001080
:109414000100082408008011020002240800e0036f
:10942400251000000000e3acefff00100000c3ac07
:10943400f4ff00100000a9ac0800e00300000000e5
:020000040000fa
:020000041d01dc
:10944400e0ffbd27c21005001000b0af100042308d
:109454002580a0000200a5301400b1af1c00bfafee
:109464001800b2af4c00918c0700a01001004334e7
:109474000400c430090042340b1844000800c6300c
:10948400040062340b1846000400043202911000f8
:109494000100852c040042321200072425104500e7
:1094a4001500052488bf063c0b28e400b240423472
:1094b400252020020022c3ac1022c2ac4898400fe1
:1094c400004010320c0005249c97400f25202002f8
:1094d400120005244e98400f252020023700052451
:1094e4005099400f252020020f0005245499400f65
:1094f40025202002060000161c00bf8f1800b28f22
:109504001400b18f1000b08f0800e0032000bd27c5
:109514005899400f252020025c99400f25202002f5
:1095240001004532252020021c00bf8f1800b28f95
:109534001400b18f1000b08f6099400b2000bd273c
:020000040000fa
:020000041d01dc
:10954400d8ffbd272000b2af1c00b1af1800b0afe8
:109554002590a0007080908f2400bfaf5a98400fd0
:10956400258880004018020021186200c0180300fa
:109574002318620080180300211803025800659024
:109584000100a230120040102400bf8f00104232ac
:1095940014004014000852320e0040122000b28f12
:1095a4000001a57c252020029166400f0100a5241e
:1095b400252020022400bf8f2000b28f1c00b18f11
:1095c4001800b08f0c0005243c7b400b2800bd27fd
:1095d4002000b28f1c00b18f1800b08f0800e00388
:1095e4002800bd2725202002253000008c63400f71
:1095f4002528000001000224252020021000a2af2b
:109604002538000025300000de8d400f252800009d
:1096140025202002010005243684400f0200062480
:10962400252020022400bf8f2000b28f1c00b18fa0
:109634001800b08f0b0005243c7b400b2800bd278d
:020000040000fa
:020000041d01dc
:10964400320080100080023c70008a8c2437492448
:10965400251020012518000008000b240000488c68
:10966400060048110c00422401006324fcff6b54e3
:109674000000488c0800e003f1fe022440100300bf
:109684002110430080100200211022010400438ca9
:10969400f8ff601000000000b0ffbd272540c000a7
:1096a400254880000800468c0000448c01000224f8
:1096b4001000a2af060002241800a5af4c00bfaff3
:1096c4002800a0af2c00a0af3000a0af3400a0afa2
:1096d4003800a0af3c00a0af4000a0af1400a2af80
:1096e4002400a9af1c00a8af2000a7af09f86000b0
:1096f4001000a52752ff032401004350f1fe022469
:109704004c00bf8f0800e0035000bd2724374924d4
:109714002510200125180000feff0a2408000b2450
:109724000000488cd5ff0a150c0042240100632474
:10973400fcff6b540000488c0800e003f1fe022497
:020000040000fa
:020000041d01dc
:10974400982f8a4291443771cffbc0b5a5dbb5e9a8
:109754005bc25639f111f159a4823f92d55e1cab1c
:1097640098aa07d8015b8312be853124c37d0c55aa
:10977400745dbe72feb1de80a706dc9b74f19bc1f2
:10978400c1699be48647beefc69dc10fcca10c24e2
:109794006f2ce92daa84744adca9b05cda88f976c6
:1097a40052513e986dc631a8c82703b0c77f59bf30
:1097b400f30be0c64791a7d55163ca06672929145c
:1097c400850ab72738211b2efc6d2c4d130d3853f9
:1097d40054730a65bb0a6a762ec9c281852c7292bb
:1097e400a1e8bfa24b661aa8708b4bc2a3516cc7e9
:1097f40019e892d1240699d685350ef470a06a1022
:1098040016c1a419086c371e4c774827b5bcb03470
:10981400b30c1c394aaad84e4fca9c5bf36f2e680e
:10982400ee828f746f63a5781478c8840802c78c9d
:10983400faffbe90eb6c50a4f7a3f9bef27871c6a0
:020000040000fa
:020000041d01dc
:10984400d0ffbd272800b4af2400b3af2000b2afcf
:109854001c00b1af2c00bfaf1800b0af2590800042
:109864002598a00025880000029d143c01000524d1
:109874001875400f1000a42701000324fbff4314b4
:109884001000a2930d0003242084027c1e00031206
:109894000a0003241c00031208000324130003120b
:1098a4007f00032411000312ffff63262a182302fa
:1098b400efff601001000524e0ff42245f00422c0a
:1098c400ebff4010000000001000b0a33454400f20
:1098d4001000a427fdff40100100052421105102af
:1098e400000050a0e2ff001001003126e0ff2052ea
:1098f40001000524fc6a8426538b400fffff3126a8
:10990400dbff001001000524029d043c219051025c
:10991400538b400ff86a8424000040a22c00bf8fb0
:10992400251020022800b48f2400b38f2000b28faa
:109934001c00b18f1800b08f0800e0033000bd2771
:020000040000fa
:020000041d01dc
:10994400c0ffbd272c00b3af5000b38f3800b6afb3
:109954003000b4af010073322800b2af2400b1afbd
:109964002000b0af3c00bfaf3400b5af25908000fd
:1099740025b0a0002580c0002588e0000300601603
:109984002ba0c7001300805623a03002253000020c
:109994002528c002e289400f252040020d008016d0
:1099a40023a03002258800023c00bf8f251020022e
:1099b4003800b68f3400b58f3000b48f2c00b38fcd
:1099c4002800b28f2400b18f2000b08f0800e0037c
:1099d4004000bd271100862e100002240b108602c1
:1099e40025304000200005241000a427cb95400f0b
:1099f40025a880021000a22e0b0040100f00863212
:109a04001000a527e289400f25204002e6ff6016da
:109a1400253000022528c002e289400f252040029b
:109a2400e2ff00103c00bf8f100006241000a527a1
:109a3400e289400f25204002eeff0010f0ffb5261a
:020000040000fa
:020000041d01dc
:109a4400e0ffbd271c00bfaf1800b2af1400b1afd8
:109a5400259080002588a0001000b0af5a98400fd0
:109a64007080908f4018020021186200c018030013
:109a7400231862008018030021800302d992400f4a
:109a8400252040025800049201000324560002a637
:109a94000400647c580004a2540011a642004296bb
:109aa4000400627c420042a64800028e1800401066
:109ab400029d043cffff31260200312e06002016d1
:109ac4001c00bf8f1800b28f1400b18f1000b08f2c
:109ad4000800e0032000bd27580002924e000396c0
:109ae400010004244429827c4c0003a6b09a400f50
:109af400580002a21c00bf8f200002ae1800b28fd3
:109b04001400b18f1000b08f0800e0032000bd27bf
:109b140001000524f96c400f28a08424e5ff4014bb
:109b2400480002ae029d053cd052a5248f90400f00
:0c9b340025200000e0ff0010ffff31269c
:020000040000fa
:020000041d01dc
:109b40001400828cd0ffbd272400b4af2000b3af37
:109b50001c00b2af2c00bfaf259080002800b5af2d
:109b60001800b1af1400b0af2598a00009f840006c
:109b70001000948c0c00438e19006010258040006a
:109b800025a800000800518e0000428e253060029a
:109b900002281172252040022188a200000022968e
:109ba0000100423007004010252820021c00428e90
:109bb00009f8400000000000140040500000229608
:109bc0000c00438e218014020100b5262b280302cd
:109bd000232003022b10a302eaff40140a80850011
:109be0002c00bf8f25880000251020022800b58f8b
:109bf0002400b48f2000b38f1c00b28f1800b18fe7
:109c00001400b08f0800e0033000bd274408027c38
:109c1000000022a62c00bf8f251020022800b58f3f
:109c20002400b48f2000b38f1c00b28f1800b18fb6
:0c9c30001400b08f0800e0033000bd27d6
:020000040000fa
:020000041d01dc
:109c3c001800838c030002243a006210000000001c
:109c4c00c480828fe0ffbd271c00bfaf1800b2afed
:109c5c001400b1af0a0040101000b0af0100422454
:109c6c00c48082af010002241c00bf8f1800b28f89
:109c7c001400b18f1000b08f0800e0032000bd2746
:109c8c00019d053c210006249ca7a524ac87400f10
:109c9c000600042425184000c08082aff2ff60103b
:109cac00251000000080123cb899400f74394426ee
:109cbc000080043c683984240080103cb899400f23
:109ccc000080113c18351026a835312625280002b5
:109cdc00743944263691400f24001026fcff1116cf
:109cec00252800029a89400f00000000401902004c
:109cfc00231862008018030021186200c0180300aa
:109d0c006210023ce7036324d34d42241900620025
:109d1c00c480828f1018000082190300cfff00103e
:0c9d2c00bc8083af0800e00301000224ab
:020000040000fa
:020000041d01dc
:109d38001880848fe0ffbd271000b0afffff10240c
:109d48001c00bfaf1800b2af040090101400b1aff0
:109d58000f64400f00000000188090af0080123c94
:109d6800dc3842960c0040101881908f258800003e
:109d7800252800020300072402000624056e400f70
:109d8800dc384426dc384296010031262a102202ab
:109d9800f7ff40146c001026969a400fdc385026c6
:109da8000800048e090080100080033c0c00828c9f
:109db80009f840001881858f239a400f0800048e07
:109dc80015004004029d053c0080033c14396224c0
:109dd800143960ac040040ac080040ac0c0040ac46
:109de800100040ac1c00bf8f080000ae0c0000ae95
:109df800dc3840a6040000ae1800b28f1400b18f02
:109e08001000b08f188180aff48080aff88080afe9
:109e18000800e0032000bd27984ba5248f90400f31
:0c9e280025200000e9ff00100080033c32
:020000040000fa
:020000041d01dc
:109e3400310080100080023c1400898c24374824af
:109e4400251000012518000008000a240000478c92
:109e5400060027110c00422401006324fcff6a540d
:109e64000000478c0800e003f1fe022440100300c8
:109e74002110430080100200211002010400478ccd
:109e8400f8ffe010000000002518c0002540800005
:109e94000800468c0000448cb0ffbd270400022457
:109ea4001800a5af1c00a3af4c00bfaf2000a0afab
:109eb4002400a0af2800a0af2c00a0af3000a0afba
:109ec4003400a0af3800a0af3c00a0af4000a0af6a
:109ed4001000a2af1400a8af09f8e0001000a527f5
:109ee40052ff032401004350f1fe02244c00bf8fb3
:109ef4000800e0035000bd27243748242510000142
:109f040025180000feff092408000a240000478cdd
:109f1400d6ffe9140c00422401006324fcff6a54b8
:0c9f24000000478c0800e003f1fe02245e
:020000040000fa
:020000041d01dc
:109f30001c008294e8ffbd271000b0af1400bfaf33
:109f40000d004010258080000100032416004310fe
:109f500002000224020082a4f7ff023c1c0082ac33
:109f60001400bf8f1000b08f180080ac1800bd2700
:109f7000b398400bf7ff0424a083400f252800006e
:109f8000060040101400bf8f020002241a0002a62f
:109f9000010002241c0002a61400bf8f1000b08f25
:109fa0000800e0031800bd27da88400f0000000019
:109fb000faff40101400bf8f3400028608004004ee
:109fc000020002241c0000ae1400bf8f020002a693
:109fd000180000ae1000b08f0800e0031800bd2785
:109fe000c687400f000000002c00038e2b1043009a
:109ff00004004010020002241a0002a6e6ff00102e
:10a000001c0000a6020002a6ffff023c1c0002aedc
:10a01000180000ae1400bf8f1000b08fffff0424a3
:08a02000b398400b1800bd27a6
:020000040000fa
:020000041d01dc
:10a02800d0ffbd27029d023c1c00b0af25808000f8
:10a03800786a4424786a438c040082942800048e49
:10a048002800b3af2400b2af2c00bfaf2000b1afdf
:10a058002598a0001000a3af1400a2a78f95400f69
:10a068001400128e0c004010060006242528400219
:10a07800252040002e92400f258840000e004014f5
:10a08800060006241800058e110002240900a3907a
:10a09800140062102198b300251000002c00bf8f17
:10a0a8002800b38f2400b28f2000b18f1c00b08f1e
:10a0b8000800e0033000bd271000a5272e92400fae
:10a0c80025202002f5ff4014251000001800058ef9
:10a0d800110002240900a390f0ff6214251000006b
:10a0e8002198b3001935400f020064960000649669
:10a0f8001935400f2588400062808497e7ff915406
:10a10800251000006080839726106200e3ff00108e
:04a118000100422cd4
:020000040000fa
:020000041d01dc
:10a11c00b0ffbd27252000004c00bfaf0492400fbc
:10a12c004800b0af25204000c593400f258040006b
:10a13c00029d033c106b6424106b688c04008394a8
:10a14c00010007243400a6274000a5272520000283
:10a15c003400a8af3800a3a76948400f4000a2af55
:10a16c004300a2934000a5934200a7934100a693fd
:10a17c00029d043ce4398424dc8f400f1000a2af14
:10a18c004000a28f3c00a5271800a4271c00a2affa
:10a19c00efbe023c010042242400a0af2800a0af77
:10a1ac002c00a0af3000a0af1800b0afd83b400fd0
:10a1bc002000a2af0a004014029d063c029d053c03
:10a1cc00029d043c7067a524dc8f400ffc3984246d
:10a1dc004c00bf8f4800b08f0800e0035000bd2733
:10a1ec00029d043c7067c62425284000dc8f400f7c
:10a1fc00103a84244c00bf8f4800b08f0800e00355
:04a20c005000bd271a
:020000040000fa
:020000041d01dc
:10a210000000a28c0400a38cc0ffbd273800b3afa0
:10a220003400b2af3000b1af2c00b0af3c00bfafd4
:10a23000259080002580a0000800b38c2000a2afec
:10a24000030060040c00b18c4408027c2000a2af23
:10a250002000a2271800a2af080002241400a2af19
:10a260001000b3af0400c78c0000c68c715c400fb7
:10a27000252000022000a38f10006330040060102e
:10a2800030000424ffff422421182202000064a0b1
:10a290002000a38f08006330040060102000042415
:10a2a000ffff422421182202000064a01000068e45
:10a2b0002000a38f25386002ffffc6241000a3af43
:10a2c0002330c200212822025166400f252040027f
:10a2d0000400438e00016330040060103c00bf8f17
:10a2e0000400038e2a2043000b1064003800b38f53
:10a2f0003400b28f3000b18f2c00b08f0800e00323
:04a300004000bd2735
:020000040000fa
:020000041d00dd
:10001000e0ffbd271400b1af0800918c0080023cc6
:10002000b8364224261022021000b0af1c00bfaf29
:100030001800b2af25808000da88400f0b880200dc
:100040001d0040101c00bf8f340003962800028e54
:100050001e004010220003a6c687400f00000000cb
:10006000259040002000228e9a89400f0800518c74
:100070006210033c02102272d34d63242528000035
:1000800025200002e703422419004300101000005d
:100090008211020021105200a083400f2c0002aefa
:1000a000050040101c00bf8f040002241a0002a6a5
:1000b0001c0000a61c00bf8f1800b28f1400b18f67
:1000c0001000b08f0800e0032000bd2701000524c8
:1000d000a083400f25200002f7ff40101c00bf8fb7
:1000e000030002241a0002a61c0000a61800b28f0a
:1000f0001400b18f1000b08f0800e0032000bd276e
:020000040000fa
:020000041d01dc
:10a30400e8ffbd271000b0af1400bfafda88400fdc
:10a31400258080001e0040101400bf8f3400029678
:10a32400200043301d006014040043302800028ed6
:10a33400060040500200022400100324000043ac35
:10a34400040040ac080040ac02000224020002a653
:10a35400f8ff023c1c0002ae180000ae1400bf8fd0
:10a364001000b08ff8ff0424b398400b1800bd27e9
:10a37400a083400f25200002050040101400bf8f69
:10a38400050002241a0002a61c0000a61400bf8fb8
:10a394001000b08f0800e0031800bd270800601407
:10a3a400000142302800028ee8ff405002000224df
:10a3b400000040ac040040ace3ff0010080040acd7
:10a3c400ebff4010060005240f000524a083400f76
:10a3d40025200002eeff40101400bf8f020002246b
:0ca3e4001a0002a6e9ff00101c0000a6f1
:020000040000fa
:020000041d01dc
:10a3f000d8ffbd271c00b1af4400918c1800b0af4e
:10a40000258080001c00228e1800848c2000b2afb2
:10a410002400bfaf1000a0af09f8400001001224d3
:10a420001e0052102400bf8f2000228e09f8400029
:10a430001800048e1e004054200002928400028ef8
:10a44000010042301a004050200002921800048e91
:10a450003400228e09f840001000a5271000a58fb7
:10a460008800028e004004240100a53000800334df
:10a470000b1885008c00068e25284300880005ae49
:10a480001165400f2520000220000292900000aece
:10a490000421427e200002a22400bf8f2000b28f40
:10a4a0001c00b18f1800b08f0800e0032800bd2702
:10a4b0000429027cc687400f200002a22400bf8f1f
:10a4c0007c0002ae900000ae2000b28f1c00b18f65
:0ca4d0001800b08f0800e0032800bd2732
:020000040000fa
:020000041d01dc
:10a4dc00e0ffbd271800b2af1400b1af1000b0af51
:10a4ec001c00bfaf258880008e54400f2590a00023
:10a4fc0018004010258040000000029601004330f7
:10a50c000a006050000002924408027c000002a67f
:10a51c001c00bf8f251000021800b28f1400b18fe1
:10a52c001000b08f0800e0032000bd271c00bf8f77
:10a53c001800b28f0408027c03004234000002a20f
:10a54c001400b18f251000021000b08f0800e0033a
:10a55c002000bd272400238e0c00228eedff6214f8
:10a56c001c00bf8f1800228eebff405025100002fc
:10a57c0009f8400025202002e6ff40101c00bf8f88
:10a58c00000043940100643006008010252840022e
:10a59c000400037c000043a42400228effff42240d
:10a5ac00240022ae8e54400f25202002d9ff4010eb
:0ca5bc001c00bf8fd0ff00102580400065
:020000040000fa
:020000041d01dc
:10a5c80038008010029d023ce0ffbd271400b0afa8
:10a5d8001c00bfaf1800b1af00008280258080004a
:10a5e8000700401020000424ff004230f7ff4324f6
:10a5f800210044100500632c20006054010010263f
:10a608001994400f25200002211002022b18020283
:10a618000700601020000524ffff4490f7ff832403
:10a628001b0085100500632c1a006054ffff4224ac
:10a63800231850000001712c0080073cff00022401
:10a648000b107100bc32e724252800022530400099
:10a658002520e000f694400f2588400021182202aa
:10a66800000060a01c00bf8f1800b18f1400b08fcd
:10a678000800e0032000bd27010010260000028228
:10a68800daff4014ff004230ddff00100000000038
:10a69800ffff4224e1ff5054ffff4490e5ff001004
:0ca6a800231850000800e003286b422437
:020000040000fa
:020000041d01dc
:10a6b400d8ffbd272000b2af0080123c1800b0af15
:10a6c400500150261c00b1af2400bfaf2700041670
:10a6d400faff1124029d063c253800026838c6247e
:10a6e400c745400f25280000252800005545400f88
:10a6f40025200002360011961d0020122400bf8f71
:10a704007400028e050040101000a0af0080043ccd
:10a714000500052409f84000600284241000a527e0
:10a724005a8c400f500144267400028e04004010dd
:10a73400060005240080043c09f8400060028424db
:10a744001000a28f2a1822020800605425880000f5
:10a75400380005960c00a050232822020400062489
:10a764004250400f50014426258800002400bf8f2a
:10a77400251020022000b28f1c00b18f1800b08f6a
:10a784000800e0032800bd27f4ffa014258800007a
:08a79400f7ff00102400bf8f45
:020000040000fa
:020000041d01dc
:10a79c00d8ffbd273800822c2000b3af1c00b2af0d
:10a7ac001400b0af2400bfaf1800b1af2598a000c3
:10a7bc002590c00002004014380010242580800031
:10a7cc005480848f1d00712603001026f0ff313257
:10a7dc00fcff1032320025260400828c2128050251
:10a7ec0009f84000feffa530180040102518400065
:10a7fc001800062625280000cb95400f2520400088
:10a80c0025184000211050002f0044240418047c0b
:10a81c001a002626120046a4020085240400127c8d
:10a82c00010006240e0051a4040044acf8ff83acd4
:10a83c00100046a4100062ac080045ac140065acd6
:10a84c000a006016200072ac2f0060a02400bf8f9d
:10a85c00251060002000b38f1c00b28f1800b18f40
:10a86c001400b08f0800e0032800bd2710008424da
:08a87c00f5ff0010180064aca8
:020000040000fa
:020000041d01dc
:10a88400360080100080033c0800868cb8366324b0
:10a894002600c314f5ff022402008284010003246d
:10a8a4002a00431400000000180083942700621457
:10a8b400000000001a0082940300431004000324e3
:10a8c4002200431400000000e0ffbd271c00bfafbe
:10a8d4001800b2af1400b1af1000b0af30009290c6
:10a8e400020002241b0042162588a0006f6e400f50
:10a8f4002580800007004204f7ff0224050052105f
:10a90400010002240b0020122510000034000396dd
:10a91400000023a61c00bf8f1800b28f1400b18f53
:10a924001000b08f0800e0032000bd270800e003fa
:10a93400000000001c00bf8f1800b28f1400b18ffc
:10a944001000b08f0800e0032000bd270800e003da
:10a95400f6ff0224efff0010f7ff02240800e003d3
:04a96400f5ff0224d5
:020000040000fa
:020000041d01dc
:10a96800c8ffbd273000b3af2800b1af2400b0af97
:10a978003400bfaf2c00b2af2598c00025808000fe
:10a988002588a0001400a0af1000a0af0600c010da
:10a998001800a0af7400828c030040100500052445
:10a9a80009f8400014018424030000105000122606
:10a9b8001891400f000000000991400f2520400227
:10a9c80025284000faff40141000a4271000601248
:10a9d800000000007400028e0d004010000000000e
:10a9e8000600052409f84000140104260991400fc7
:10a9f8001000a42725204000401006240a0040101b
:10aa0800252820027000028e09f84000000000008e
:10aa18000991400f1000a42725204000401006246b
:10aa2800f8ff4014252820023400bf8f3000b38f70
:10aa38002c00b28f2800b18f2400b08f0800e003eb
:04aa48003800bd27ee
:020000040000fa
:020000041d01dc
:10aa4c0020008290e8ffbd271000b0af20004330fb
:10aa5c001400bfaf11006010258080000800423048
:10aa6c001e004050200002924400028e1800048efa
:10aa7c00253000003800428c09f8400025280000e1
:10aa8c001e00400403000224900002ae1400bf8f8d
:10aa9c001000b08f0800e0031800bd27c687400fd8
:10aaac00000000007c00038e8000048e2310430005
:10aabc002b104400f5ff40140100032420000292e7
:10aacc004429627c200002a2ff0042300800423080
:10aadc00e6ff40544400028e200002921400bf8f07
:10aaec00010003240421627c900000ae200002a22d
:10aafc001000b08f0800e0031800bd272000029260
:10ab0c000429027cc687400f200002a21400bf8fcc
:10ab1c007c0002ae900000ae1000b08f0800e00385
:04ab2c001800bd2729
:020000040000fa
:020000041d01dc
:10ab3000c8ffbd272c00b0af4080040021200402d4
:10ab40000080103c80200400a83510263000b1aff2
:10ab50003400bfaf2588a0001c00a0af2000a0af2c
:10ab60002400a0af1000a0af1400a0af1800a0af49
:10ab7000218004024591400f252000022528400035
:10ab8000140040101000a4272800438c0b00711003
:10ab9000000000003691400f000000004591400f7a
:10aba00025200002252840000a0040101000a4279c
:10abb0002800438cf7ff7114000000003691400f0d
:10abc0001c00a427ebff001000000000a994400f18
:10abd000000000004591400f1c00a42725204000e4
:10abe00001000624f9ff4014f5ff05241000a28f90
:10abf000030040101000a527957d400f252000027e
:10ac00003400bf8f3000b18f2c00b08f0800e003fc
:04ac10003800bd2724
:020000040000fa
:020000041d01dc
:10ac14005443502f495020537461636b3a20546954
:10ac2400636b20726567697374726174696f6e20f7
:10ac34006661696c65643a2025640d0a00000000b1
:10ac44005443502f495020537461636b3a20496e2a
:10ac5400697469616c697a6174696f6e20535953c0
:10ac640020544d52206661696c65643a2025642045
:10ac74002d2041626f7274696e6721200d0a0000f5
:10ac84005443502f495020537461636b3a20496eea
:10ac94007465726661636520496e697469616c6983
:10aca4007a6174696f6e206661696c65643a2030fc
:10acb400782578202d2041626f7274696e67212097
:10acc4000d0a00005443502f495020537461636ba4
:10acd4003a20496e697469616c697a6174696f6e4e
:10ace40020456e646564202d2073756363657373fa
:04acf400200d0a0025
:020000040000fa
:020000041d01dc
:10acf80082bf043c08000624002286ac0094063477
:10ad0800182286acd8000624402286ac81bf033cba
:10ad18000200063c040166ac0080053c0400063cc9
:10ad2800040166accc37a2240800063c040166acda
:10ad3800200040ac280040ac2c0040ac340040a0bf
:10ad48003c0040a0380040accc37a0ac080040ac78
:10ad58000c0040ac100040a01c0040a0140040ac07
:10ad6800400040ac0022858c060006240600a53071
:10ad78000c00a61080000524300045ac0004052412
:10ad8800180045ac00800234082282ac0200023c64
:10ad9800080162ac0400023c080162ac0800e00350
:10ada8000000000040000524300045ac00020524e6
:10adb800180045ac00800234082282ac0200023c34
:10adc800080162ac0400023c080162ac0800e00320
:04add8000000000077
:020000040000fa
:020000041d01dc
:10addc00840002242200a2500000e28c8500a228ec
:10adec0010004010810002240800a2500000e28ce8
:10adfc00820002242700a2500000e28c8000022472
:10ae0c001000a214000000000000e28c0400432497
:10ae1c000000e3ac0000428c000082ac1500001076
:10ae2c00000046ac900002241a00a2500000e28cf4
:10ae3c009100a22805004010880002240f00a250a7
:10ae4c000000e28c0800e00325100000a0000224a2
:10ae5c00eeffa2500000e28ce9ff0010c0000224bb
:10ae6c00040043240000e3ac0000428c000082ace0
:10ae7c00000046a40800e00301000224040043245f
:10ae8c000000e3ac0000428c000082acf9ff001023
:10ae9c00000046a0040043240000e3ac0000428cf8
:10aeac00000082ac000046acc3370600f1ff001076
:04aebc00040046ac9c
:020000040000fa
:020000041d01dc
:10aec0003300801000000000e0ffbd271800b2af83
:10aed0001400b1af1000b0af1c00bfaf25808000e0
:10aee0002588c0002289400f2590a00022004050f4
:10aef000010002242000205a251000000000478e87
:10af00001c00071204004826ffff0524070000105c
:10af100025180000010063240c002352ffff0324c6
:10af2000fcff078d1400075201000224f9ffe01412
:10af300004000825272005000a2864000100632476
:10af4000f8ff2356fcff078dffff03241200a31018
:10af50001c00bf8f80280500212845020000b0acee
:10af60001800b28f1400b18f1000b08f0800e003fa
:10af70002000bd27010002241c00bf8f1800b28fe3
:10af80001400b18f1000b08f0800e0032000bd272f
:10af90000800e00301000224f7ff00102510000064
:020000040000fa
:020000041d01dc
:10afa000e0ffbd271800b1af1400b0af1c00bfaf69
:10afb0000e00a290010003242580a0000e00431083
:10afc00025888000020003241e004310f20305249c
:10afd000029d043c7e92400f3063842407000224cb
:10afe0000e0002a21c00bf8f1800b18f1400b08f9a
:10aff0000800e0032000bd275e9a400f1000848cfb
:10b00000f9ff40141c00bf8f1000248e0400069628
:10b01000768f400f060005960d0002920200042470
:10b0200006000324010042300a1882000e0003a229
:10b030001c00bf8f1800b18f1400b08f0800e00310
:10b040002000bd275e9a400f1000848ce6ff40145c
:10b050001c00bf8f3595400f1000248e080002aef3
:10b06000060002240e0002a21c00bf8f1800b18f40
:0cb070001400b08f0800e0032000bd2792
:020000040000fa
:020000041d01dc
:10b07c000200822c2c00401400000000e0ffbd27d1
:10b08c001800b2af0080123c1400b1af342f52261e
:10b09c002588a00000290400212045020800839483
:10b0ac000400888c1000b0af251823021c00bfaf21
:10b0bc002580c00005000011080083a4253800007d
:10b0cc002530200209f80001032905000001223275
:10b0dc000400401000000000f880828f0100422420
:10b0ec00f88082af0a000016251000021400428e70
:10b0fc000f0040100080043c253800002530200251
:10b10c000100052409f84000442f84240100022486
:10b11c001c00bf8f1800b28f1400b18f1000b08fbd
:10b12c000800e0032000bd270800e0032510000004
:10b13c001c00bf8f010002241800b28f1400b18fc5
:0cb14c001000b08f0800e0032000bd27b9
:020000040000fa
:020000041d01dc
:10b15800a8ffbd270400a1af0800a2af0c00a3af51
:10b168001000a4af1400a5af1800a6af1c00a7af2d
:10b178002000a8af2400a9af2800aaaf2c00abafcd
:10b188003000acaf3400adaf3800aeaf3c00afaf6d
:10b198004000b8af4400b9af4800bfaf124000004c
:10b1a8004c00a8af104000005000a8af029d1a3c08
:10b1b800f8615a270000000000680440006005405c
:10b1c80009f84003000000005000a88f110000019a
:10b1d8004c00a88f130000010400a18f0800a28f63
:10b1e8000c00a38f1000a48f1400a58f1800a68f41
:10b1f8001c00a78f2000a88f2400a98f2800aa8fe1
:10b208002c00ab8f3000ac8f3400ad8f3800ae8f80
:10b218003c00af8f4000b88f4400b98f4800bf8f03
:0cb228005800bd27c000000018000042c4
:020000040000fa
:020000041d01dc
:10b23400d8ffbd271400b0af1000908c2000b3af2e
:10b244002400bfaf1c00b2af1800b1af270000123a
:10b254002000b3902588a00019000010010073326b
:10b264007400228e030040100500052409f84000f4
:10b27400100124260800058ee244400f25202002f8
:10b284007400228e030040100600052409f84000d3
:10b294001001242610000296240023860400048e44
:10b2a400040042300c0040100a20837c2000828c71
:10b2b40025804002c418027c0c004012200082ac9d
:10b2c4000000128ee6ff6016000000ae2400228605
:10b2d4000400048e0a20827c6c00228e09f840004f
:10b2e40025804002f7ff40560000128e2400bf8fd5
:10b2f4002000b38f1c00b28f1800b18f1400b08fe0
:08b304000800e0032800bd274a
:020000040000fa
:020000041d01dc
:10b30c004000828ce0ffbd278000033c00084730e2
:10b31c00000242301800b1af1400b0af1c00bfaf38
:10b32c00258080002588a0000b38670003004010a2
:10b33c00480004240400e73460000424100006963e
:10b34c000200e7345186400f080005241600401017
:10b35c00019d043c4000038ea43984240002633018
:10b36c00080044ac150060140c0050ac1c00438c5d
:10b37c00080063240a0020523e0003921000049639
:10b38c00000003ae080003ae21206400010003247a
:10b39c00040004ae3c0003a20c0002ae3e0003927b
:10b3ac00010063243e0003a21c00bf8f1800b18f64
:10b3bc001400b08f0800e0032000bd271000438c60
:10b3cc0048004424000064ac01000424251800004b
:08b3dc00e8ff0010580044a432
:020000040000fa
:020000041d01dc
:10b3e400d0ffbd272000b0afe080908f2c00bfaf0e
:10b3f4002800b2af120000122400b1af1700801071
:10b404000080123c251080002588a0000c00072431
:10b41400252800021000a627483944261800a0afaa
:10b424001000a0af1400a2afad81400f1800b1a36b
:10b43400030040102580400010002016000000008a
:10b444002c00bf8f251000022800b28f2400b18f7a
:10b454002000b08f0800e0033000bd272c00bf8f10
:10b4640025800000251000022800b28f2400b18f2f
:10b474002000b08f0800e0033000bd278982400f10
:10b4840048394426cc80828f48394426010042241e
:10b49400cc8082af5e88400f000000002c00bf8f7c
:10b4a400251000022800b28f2400b18f2000b08f35
:08b4b4000800e0033000bd2791
:020000040000fa
:020000041d01dc
:10b4bc00a8ffbd270400a1af0800a2af0c00a3afea
:10b4cc001000a4af1400a5af1800a6af1c00a7afc6
:10b4dc002000a8af2400a9af2800aaaf2c00abaf66
:10b4ec003000acaf3400adaf3800aeaf3c00afaf06
:10b4fc004000b8af4400b9af4800bfaf12400000e5
:10b50c004c00a8af104000005000a8af00680440e9
:10b51c0000600540029d023c1067422409f840007f
:10b52c00000000005000a88f110000014c00a88ff3
:10b53c00130000010400a18f0800a28f0c00a38f40
:10b54c001000a48f1400a58f1800a68f1c00a78fc5
:10b55c002000a88f2400a98f2800aa8f2c00ab8f65
:10b56c003000ac8f3400ad8f3800ae8f3c00af8f05
:10b57c004000b88f4400b98f4800bf8f5800bd27da
:08b58c00c0000000180000429d
:020000040000fa
:020000041d01dc
:10b59400a8ffbd270400a1af0800a2af0c00a3af11
:10b5a4001000a4af1400a5af1800a6af1c00a7afed
:10b5b4002000a8af2400a9af2800aaaf2c00abaf8d
:10b5c4003000acaf3400adaf3800aeaf3c00afaf2d
:10b5d4004000b8af4400b9af4800bfaf124000000c
:10b5e4004c00a8af104000005000a8af0068044011
:10b5f40000600540029d023c2067422409f8400097
:10b60400000000005000a88f110000014c00a88f1a
:10b61400130000010400a18f0800a28f0c00a38f67
:10b624001000a48f1400a58f1800a68f1c00a78fec
:10b634002000a88f2400a98f2800aa8f2c00ab8f8c
:10b644003000ac8f3400ad8f3800ae8f3c00af8f2c
:10b654004000b88f4400b98f4800bf8f5800bd2701
:08b66400c000000018000042c4
:020000040000fa
:020000041d01dc
:10b66c00e0ffbd271400b0af1c00bfaf1800b1af96
:10b67c000e00a290010003240e0043102580a000b0
:10b68c00020003242000431013040524029d043cf3
:10b69c007e92400f44638424070002240e0002a211
:10b6ac001c00bf8f1800b18f1400b08f0800e0038e
:10b6bc002000bd27258880005e9a400f1000848ce6
:10b6cc00f8ff40141c00bf8f1000248e0800079652
:10b6dc0004000696308c400f060005960d00029271
:10b6ec000200042406000324010042300a188200e0
:10b6fc000e0003a21c00bf8f1800b18f1400b08f76
:10b70c000800e0032000bd275e9a400f1000848cd7
:10b71c00e4ff40141c00bf8f060002240e0002a29e
:10b72c001c00bf8f1800b18f1400b08f0800e0030d
:04b73c002000bd2705
:020000040000fa
:020000041d01dc
:10b740003000a010000000000000a28c2d0040106e
:10b7500000000000290080100000000042008694d4
:10b760004000c6300300c014faff02240800e003c2
:10b7700000000000e0ffbd270080023c1c00bfafbe
:10b780001800b2af1400b1af1000b0af2588800030
:10b790002580a0005a98400f8837528c001902006b
:10b7a0002310620080100200219042020000448eab
:10b7b000d066400f2528000214004010258040006c
:10b7c000252840006d81400f25204002feff072400
:10b7d0002530000008000526d370400f25202002e8
:10b7e000251000001c00bf8f1800b28f1400b18f0d
:10b7f0001000b08f0800e0032000bd270800e00320
:10b80000faff02240800e003fbff0224f5ff00100a
:04b81000ffff022410
:020000040000fa
:020000041d01dc
:10b814005800a294d8ffbd272000b3af1c00b2afdc
:10b824001800b1af1400b0af2400bfaf029d103cac
:10b83400140082ac029d133c029d023c2590a000a2
:10b8440025888000100085ac180086ac1c0087aced
:10b85400f0ef42240c331026b8327326f4ff10267e
:10b8640009f8400025202002fcff1356fcff028e3d
:10b8740001000424cc6a400f252840025000448e65
:10b88400060080504c00448e4400428e2000428cbe
:10b8940009f84000000000004c00448e060080506f
:10b8a400420042964400428e0c00428c09f840004b
:10b8b40000000000420042962400bf8f500040aeba
:10b8c400bfbf42304c0040ae420042a62000b38fbe
:10b8d4001c00b28f1800b18f1400b08f0800e00371
:04b8e4002800bd2754
:020000040000fa
:020000041d01dc
:10b8e800456e746572696e672025732e0d0a000017
:10b8f800436c6f736520636f646520726563656967
:10b908007665642c20636c6f73696e6720736f6350
:10b918006b657420696e2025732e0d0a00000000e7
:10b92800496e76616c696420737461727420636f08
:10b9380064652c20636c6f73696e6720736f636b2b
:10b94800657420696e2025732e0d0a004d6573738a
:10b9580061676520746f6f206c6f6e672c20636c55
:10b968006f73696e6720736f636b657420696e20ef
:10b9780025732e0d0a000000496e76616c696420fb
:10b98800656e6420636f64652c20636c6f73696ee9
:10b998006720736f636b657420696e2025732e0da5
:10b9a8000a0000004c656176696e672025732e0dcc
:04b9b8000a00000081
:020000040000fa
:020000041d01dc
:10b9bc00e0ffbd271c00bfaf1800b0af3000839074
:10b9cc000200022417006214258080001000848c71
:10b9dc0026008050029d043c0c00028e1400058e43
:10b9ec003800428c09f840001000a62701000324ff
:10b9fc0008004350020002241300400403000324f7
:10ba0c00310004921600831025100000140000aec3
:10ba1c00300000a21c00bf8f1800b08f0800e0039c
:10ba2c002000bd27029d043c6c0105245792400f59
:10ba3c00905884241c00bf8f251000001800b08f74
:10ba4c000800e0032000bd27029d043c7e01052474
:10ba5c005792400f90588424ecff0010feff0224f4
:10ba6c001000a38fe9ff0010340003a67201052417
:10ba7c006492400f90588424e6ff0010ffff0224cc
:020000040000fa
:020000041d01dc
:10ba8c000080033c50016324040083142510000043
:10ba9c009800838c03006014000000000800e00391
:10baac0000000000d8ffbd271000b0af258080003b
:10babc002520a0002400bfaf2000b4af1c00b3af02
:10bacc001800b2af1400b1af168d400f2588a0003e
:10badc009400048e25904000f28d400f4c00138e84
:10baec0025a040009c00028e272811002718120068
:10bafc002428a2009c0005aea400028e252840023a
:10bb0c002520600224186200a40003ae0b9a400f9b
:10bb1c0000000000252840020e9a400f25206002ec
:10bb2c009400048e7898400f252880022400bf8f43
:10bb3c00010002242000b48f1c00b38f1800b28fb8
:10bb4c001400b18f1000b08f0800e0032800bd274f
:020000040000fa
:020000041d01dc
:10bb5c00d8ffbd271800b2af259080002520a0008b
:10bb6c002000b4af1c00b3af1400b1af1000b0afe5
:10bb7c002400bfaf2588a00025a0c0008982400ffb
:10bb8c002598e0000a004014258040002400bf8f57
:10bb9c00251000022000b48f1c00b38f1800b28f48
:10bbac001400b18f1000b08f0800e0032800bd27ef
:10bbbc0025284002a075400f2520200214004010bb
:10bbcc0000000000030060120000000009f8600291
:10bbdc00252040005e88400f252020020c00828e1c
:10bbec002528400209f84000252080022400bf8f40
:10bbfc00251000022000b48f1c00b38f1800b28fe8
:10bc0c001400b18f1000b08f0800e0032800bd278e
:10bc1c005e88400f25202002dcff001025800000ec
:020000040000fa
:020000041d01dc
:10bc2c00e0ffbd271400b1af0080113c1000b0af95
:10bc3c0025808000483924261800b2af1c00bfaf05
:10bc4c008982400f2590a0004839228e05004014af
:10bc5c00000000001800001000000000160040104a
:10bc6c0000000000fdff02560000428c08004390cb
:10bc7c001100721000000000cc80838f180040521d
:10bc8c00ffff632401006324cc8083af080052a023
:10bc9c00010010245e88400f483924261c00bf8ff9
:10bcac00251000021800b28f1400b18f1000b08f55
:10bcbc000800e0032000bd275e88400f4839242689
:10bccc001c00bf8f25800000251000021800b28fc9
:10bcdc001400b18f1000b08f0800e0032000bd27c6
:10bcec00cc8083af080052a0eaff001001001024a2
:020000040000fa
:020000041d01dc
:10bcfc00e0ffbd271400b0af1c00bfaf1800b1af00
:10bd0c000e00a290010003241d0043102580a0000a
:10bd1c0010004010fcff42240200422c0e00405048
:10bd2c00029d043c1000848c4b82400f0800a5241b
:10bd3c00040040101c00bf8f050002240e0002a25c
:10bd4c001c00bf8f1800b18f1400b08f0800e003e7
:10bd5c002000bd27029d043c300405247e92400f38
:10bd6c0058638424070002240e0002a21c00bf8f1b
:10bd7c001800b18f1400b08f0800e0032000bd271d
:10bd8c00258880005e9a400f1000848cedff4014d3
:10bd9c001c00bf8f0400069606000596458c400fcc
:10bdac001000248e0e0002a21c00bf8f1800b18f51
:0cbdbc001400b08f0800e0032000bd2739
:020000040000fa
:020000041d01dc
:10bdc800e0ffbd271400b1af4400918c1000b0af64
:10bdd800258080001c00228e1800848c1800b2afc9
:10bde8001c00bfaf09f840000100122410005210d7
:10bdf8001c00bf8f2000228e09f840001800048e16
:10be080010004054200002928400028e010042304b
:10be18000c004050200002922000028e0001427c5b
:10be28001300521002000224900002ae1c00bf8fc3
:10be38001800b28f1400b18f1000b08f0800e00313
:10be48002000bd270429027cc687400f200002a2db
:10be58001c00bf8f7c0002ae900000ae1800b28fad
:10be68001400b18f1000b08f0800e0032000bd2738
:10be78001c00bf8f900000ae1800b28f1400b18f65
:0cbe88001000b08f0800e0032000bd2770
:020000040000fa
:020000041d01dc
:10be9400e0ffbd271800b2af1400b1af1000b0af7f
:10bea4000c00b28c7080908f1c00bfaf5a98400f6a
:10beb4002588a0004018020021186200c018030061
:10bec40023186200fdff4226801803000200422c62
:10bed4000c004014211803020100042407004452fa
:10bee4002c00648c1c00bf8f1800b28f1400b18f1b
:10bef4001000b08f0800e0032000bd27faff801077
:10bf04001c00bf8f0400228e0600422cf5ff401453
:10bf1400ffff02240000268e320002242c0063243a
:10bf24000000c2a0040002240100c2a0030065882e
:10bf34000200c42406000224000065980500c5a878
:10bf4400000085b81c00bf8f1800b28f1400b18f99
:0cbf54001000b08f0800e0032000bd27a3
:020000040000fa
:020000041d01dc
:10bf60000d008290e0ffbd271800b1af1c00bfafed
:10bf70001400b0af07004014258800001c00bf8fdc
:10bf8000251020021400b08f1800b18f0800e003c4
:10bf90002000bd27b49a400f258080000c0003923a
:10bfa0001d006014ffff6324b69a400f2520400057
:10bfb0000000118e09002012000000000400028e13
:10bfc00013002252040000ae0000228e000002aed8
:10bfd0000800028effff4224080002aeb49a400f10
:10bfe000000000000c0003922520400001006324a3
:10bff000b69a400f0c0003a21c00bf8f2510200230
:10c000001400b08f1800b18f0800e0032000bd2796
:10c01000efff0010000000ae0c0003a2b69a400f24
:0cc0200025204000e3ff00100000118efe
:020000040000fa
:020000041d01dc
:10c02c001881828fe0ffbd271c00bfaf1800b1af95
:10c03c00090040101400b0af0080103cdc38102612
:10c04c001c00bf8f251000021800b18f1400b08f98
:10c05c000800e0032000bd271e00a0100080023c59
:10c06c002588a000029d053cdc3850246456a5248c
:10c07c0025200000dc3840ac108180affc8080af04
:10c08c00088180af008180af048180af040000aed6
:10c09c000c8180af080000ae0c0000ae100000aeaa
:10c0ac00140000ae180000aec09a400f1c0000ae89
:10c0bc001400228e01000324f48083afe0ff4014af
:10c0cc00f08082af8919400f25202002ddff40143b
:10c0dc001c00bf8f1c00bf8fffff02241800b18f04
:0cc0ec001400b08f0800e0032000bd2706
:020000040000fa
:020000041d01dc
:10c0f8002f0080100080033c0800878cb83663242a
:10c108002700e314f5ff02240200828401000324bf
:10c118002100431400000000180083941e006214dc
:10c12800000000001a008294030043100400032456
:10c1380019004314000000003000829018004014d9
:10c14800f7ff0224e8ffbd27010302241000b0af67
:10c158001400bfaf320085a4300082a4360086a444
:10c16800f35d400f258080000f0040042518400033
:10c178000300042405006410251000001400bf8f7c
:10c188001000b08f0800e0031800bd27300000a29f
:10c19800faff0010010002240800e003f6ff022461
:10c1a8000800e00300000000f4ff0010f7ff02247d
:08c1b8000800e003f5ff02247a
:020000040000fa
:020000041d01dc
:10c1c0000080063c4c01ca8c2b0040112510000059
:10c1d0002518400125380000254000000000658c2e
:10c1e0000800a4141000698c0200e0504c01c9ac96
:10c1f0001000e9ac0800e00310006224f7ff001013
:10c20000251820012b588500070060110000000050
:10c210001b0040502540e00000004b8c2b28ab0059
:10c220000b40e5000b106500f4ff20152538600079
:10c2300011004010000000000000438c1000458ced
:10c24000231864001100692c0700201510004724f2
:10c25000000044acf0ff63242120e400100085ac12
:10c26000000083ac2528800002004255100005ad77
:10c270004c01c5ac2510e0000800e0030000000000
:08c28000e9ff00102510600029
:020000040000fa
:020000041d01dc
:10c28800e0ffbd271800b2af1400b1af1000b0af87
:10c298001c00bfaf7080908f2588a0005a98400f6f
:10c2a8000c00b28c4018020021186200c01803006c
:10c2b8002318620080180300040002240a004212b6
:10c2c8002118030207000224070042120300042475
:10c2d800140044162510000054006594020004243c
:10c2e8001100a4101c00bf8f0400228e0600422cef
:10c2f80012004014240063240000268e3600022415
:10c308000000c2a0040002240100c2a00300658846
:10c318000200c42406000224000065980500c5a890
:10c32800000085b81c00bf8f1800b28f1400b18fb1
:10c338001000b08f0800e0032000bd27f9ff0010af
:04c34800ffff0224cd
:020000040000fa
:020000041d01dc
:10c34c00c8ffbd273000b5af0080153c2000b1af51
:10c35c0025888000a437a4262c00b4af2800b3afe6
:10c36c002400b2af1c00b0af3400bfaf25a0a000ba
:10c37c002598c0008982400f2590e000a437b08e2c
:10c38c00090000560c00028e15000010a437a426dc
:10c39c000b0051500800028e0000108e100000524d
:10c3ac00a437a4260c00028e2538400225306002ea
:10c3bc0025288002f6ff4014252020020800028e5a
:10c3cc001000a2af0400028e09f84000000000002b
:10c3dc000000108ef4ff00560c00028ea437a42629
:10c3ec003400bf8f3000b58f2c00b48f2800b38f72
:10c3fc002400b28f2000b18f1c00b08f5e88400be0
:04c40c003800bd2710
:020000040000fa
:020000041d01dc
:10c41000d8ffbd271000b0af0080023c2580a000ef
:10c420002000b4af1c00b3af1800b2af1400b1af1e
:10c43000259080002400bfaf2598c0005a98400f77
:10c440008837518c0000039640006430110080143e
:10c450000300142400210200232082008020040015
:10c460002120240280006330140091241500601004
:10c4700004000526ab78400f25202002020014247a
:10c48000253820022530600280000524c98a400f2b
:10c490002520000225388002100006260800052607
:10c4a000252040022400bf8f2000b48f1c00b38fd2
:10c4b0001800b28f1400b18f1000b08fd370400bf2
:10c4c0002800bd27ab78400f24008424ecff001027
:04c4d000010014242f
:020000040000fa
:020000041d01dc
:10c4d4005443502f495020537461636b3a202573a1
:10c4e400204d414320696e697469616c697a617495
:10c4f400696f6e206661696c65640d0a0000000056
:10c504005443502f495020537461636b3a20257370
:10c51400204d4143204f70656e206661696c6564ef
:10c524000d0a00005443502f495020537461636b2b
:10c534003a204d6f64756c65206e6f3a2025642037
:10c54400496e697469616c697a6174696f6e206699
:10c5540061696c65640d0a005443502f495020539f
:10c564007461636b3a202573204d414320657665e1
:10c574006e74206e6f74696669636174696f6e208e
:10c5840073657474696e67206661696c65640d0a0d
:04c5940000000000a3
:020000040000fa
:020000041d01dc
:10c59800e0ffbd271000b0af0080103c1038102617
:10c5a8000400028e1c00bfaf1800b2af1800428c06
:10c5b8001400b1af09f8400025908000140002aec5
:10c5c8001400118e1000028e238822022483400f4b
:10c5d80025202002b49a400f000000002800068e93
:10c5e8002c00078e25204000212826022b88b10028
:10c5f80021182702280005ae2c0003aeb69a400f7a
:10c60800000000000763400f252040020600401488
:10c618001c00bf8f1800b28f1400b18f1000b08fac
:10c628000800e0032000bd27b49a400f0000000076
:10c63800835b400f25804000252000021c00bf8f2f
:10c648001800b28f1400b18f1000b08fb69a400b4b
:04c658002000bd27da
:020000040000fa
:020000041d01dc
:10c65c000d0a0d0a000000003d3d3d3d3d3d3d3db8
:10c66c003d3d3d3d3d3d3d3d3d3d3d3d3d3d3d3dee
:10c67c003d3d3d3d3d3d3d3d3d3d3d3d3d3d3d3dde
:10c68c003d3d3d3d3d3d3d3d3d3d3d3d3d3d3d3dce
:10c69c003d3d3d0d0a0000003d3d3d3d3d3d3d3dd8
:10c6ac003d20202020456d626564646564204574de
:10c6bc006865726e6574204d6f64756c65202841d9
:10c6cc00333035332920202020203d3d3d3d3d3d5c
:10c6dc003d3d3d0d0a000000436f6d6d616e6420a1
:10c6ec00696e746572666163652072756e6e696ed3
:10c6fc00672c2027682720666f722068656c702c69
:10c70c002027722720666f722072657365742e0d58
:04c71c000a0000000f
:020000040000fa
:020000041d01dc
:10c7200064808487e0ffbd271400b0afffff1024b2
:10c730001c00bfaf040090101800b1af4773400f4a
:10c7400000000000648090a77080908f1400001299
:10c750006c80838f0d006018258800004800028ed1
:10c76000010031265c001026040040102520400006
:10c770008595400f000000006c80838f2a102302f3
:10c78000f7ff40544800028e7080908f5880848f4d
:10c790000c00828c09f8400025280002708080afd0
:10c7a0005880858f0080043c7195400f383984246f
:10c7b0005c80848f050080101c00bf8fbf97400fe6
:10c7c000000000005c8080af1c00bf8f1800b18f9c
:10c7d0001400b08f6c8080af0800e0032000bd27fc
:020000040000fa
:020000041d01dc
:10c7e000d8ffbd271c00b2af0c00828c7880928fde
:10c7f0002000b3af2400bfaf1800b1af1400b0af3a
:10c800001f0040101c00538e25888000050000107a
:10c81000258000000c00228e2b100202190040100f
:10c820002400bf8f252800025d95400f252020029f
:10c83000000043948100042481006330f5ff6414f8
:10c84000010010261400448e010080501800448c12
:10c850000800438c231863022b186400eeff605419
:10c860000c00228e2400bf8f2000b38f1c00b28fdb
:10c870001800b18f1400b08f0800e0032800bd2716
:10c880002400bf8f251000002000b38f1c00b28f42
:10c890001800b18f1400b08f0800e0032800bd27f6
:020000040000fa
:020000041d01dc
:10c8a000130080049080838fe8ffbd271400bfaf82
:10c8b0002a108300090040101000b0afbc99400f4f
:10c8c0000000000005004010258040003c0043901f
:10c8d00001000224080062500c00028e25100000a6
:10c8e0001400bf8f1000b08f0800e0031800bd27b0
:10c8f0000800e00325100000070040503e000292af
:10c900002000428c080042300c0040504000028e53
:10c910000c0000ae3e0002923d0003922b1043003b
:10c92000eeff401001000524c36c400f25200002db
:10c93000ebff4010251000004000028e0002423044
:10c94000030040500400028ee5ff0010c0050224e1
:10c950000800038e23104300e1ff0010ffff423068
:020000040000fa
:020000041d01dc
:10c96000e0ffbd271c00bfaf1800b1af230080104f
:10c970001400b0afb49a400f25888000480023927d
:10c9800019006014ffff6324b69a400f2520400071
:10c990002400238e20006010251000000400658c08
:10c9a0000000638c2b304500fcff60140b10a600c8
:10c9b00000810200b49a400f00000000480023925a
:10c9c0002520400001006324b69a400f480023a2ae
:10c9d0001c00bf8f251000021800b18f1400b08f0b
:10c9e0000800e0032000bd27480023a2b69a400fac
:10c9f00025204000e7ff00102400238e1c00bf8f7d
:10ca000025800000251000021800b18f1400b08f9f
:10ca10000800e0032000bd27e6ff0010258000008d
:020000040000fa
:020000041d01dc
:10ca2000d8ffbd271800b0af2400bfaf2000b2afc1
:10ca30001c00b1af0300e014ffff102404008010bd
:10ca40002400bf8f0800c0140080033c2400bf8f67
:10ca5000251000022000b28f1c00b18f1800b08f8b
:10ca60000800e0032800bd27258880001c38648c5e
:10ca70002510c0002580e000190044002590a0008a
:10ca8000e80306242538000012200000c323400fcd
:10ca900010280000252840001000b0af25384002c3
:10caa00025302002b05f400f252000002580400087
:10cab000ffff0224e6ff02122400bf8fe754400f5d
:10cac000252000022400bf8f251000022000b28f15
:10cad0001c00b18f1800b08f0800e0032800bd27ac
:020000040000fa
:020000041d01dc
:10cae000425954455f575249544520746f2025647c
:10caf000206f6620256420696e2025732e0d0a00a4
:10cb0000425954455f524541442066726f6d20255d
:10cb100064206f6620256420696e2025732e0d0a1f
:10cb200000000000425954455f504f4c4c206f6646
:10cb300020256420666f7220256420696e2025738d
:10cb40002e0d0a0056455253494f4e5f52454144ff
:10cb500020696e2025732e0d0a0000004543484fc2
:10cb6000206f6620257520627974657320696e20b8
:10cb700025732e0d0a00000025730d0a0000000029
:10cb8000556e7265636f676e69736564206d65735a
:10cb90007361676520696e2025732e0d0a00000001
:020000040000fa
:020000041d01dc
:10cba00070ffbd278400b2af8000b1af7c00b0af92
:10cbb0002588a000258080002590c0002528000041
:10cbc0004c0006242400a4278800b3af8c00bfaf1c
:10cbd000cb95400f2598e000ffff02241000a2af84
:10cbe00002010224020000161400a2af7000b02758
:10cbf0001800b0af1c00b1af0200201225100000d9
:10cc0000ffff22260c0021062000a2af0080023c7c
:10cc10004f000324903943acffff02248c00bf8fe8
:10cc20008800b38f8400b28f8000b18f7c00b08ffa
:10cc30000800e0039000bd2701002056000000a27c
:10cc400025306002252840021000a4272800b0af3c
:10cc50009f91400f2400b0aff1ff00108c00bf8ff8
:020000040000fa
:020000041d01dc
:10cc60000d00829003004014000000000800e00363
:10cc700000000000e8ffbd271000b0af1400bfaff8
:10cc8000b49a400f258080000c0003921e006014af
:10cc9000ffff6324b69a400f252040000000028e5b
:10cca0000f004010000000000800038e0400058ef5
:10ccb00005000010ffff632425206000ffff6324b0
:10ccc00006004010000002aefbffa2540000428ca0
:10ccd000040000ae000000ae25206000080004ae95
:10cce000b49a400f000000000c0003922520400081
:10ccf000010063240c0003a21400bf8f1000b08f4a
:10cd0000b69a400b1800bd270c0003a2b69a400f3c
:0ccd100025204000e2ff00100000028e11
:020000040000fa
:020000041d01dc
:10cd1c00e0ffbd271400b0af1c00bfaf1800b1afcf
:10cd2c0009008004258000009080838f2a108300e6
:10cd3c00060040101c00bf8fbc99400f0000000083
:10cd4c0007004014258840001c00bf8f25100002ee
:10cd5c001800b18f1400b08f0800e0032000bd272d
:10cd6c00b49a400f000000007c8083931200601482
:10cd7c00ffff6324b69a400f252040008786400fa2
:10cd8c0025202002b49a400f010010247c8083934c
:10cd9c002520400001006324b69a400f7c8083a3b9
:10cdac001c00bf8f251000021800b18f1400b08f2b
:10cdbc000800e0032000bd2725204000b69a400f54
:0ccdcc007c8083a3edff0010000000003d
:020000040000fa
:020000041d01dc
:10cdd800e0ffbd271800b2af1400b1af1000b0af2c
:10cde8001c00bfaf76008390258080002588a000b6
:10cdf8000a00622c170040102590c0000100022490
:10ce0800041062003c0343300b0060148000423081
:10ce180011004010030031320200a2300e0040140d
:10ce28001c00bf8f1800b28f1400b18f1000b08f94
:10ce38000800e0032000bd270000828c2530000098
:10ce480014000524100082ac0c0082ac750b400f56
:10ce5800080082ac03003132050020122528400268
:10ce680074000296010003248452627c740002a6b6
:10ce7800252000021c00bf8f1800b28f1400b18f4c
:0cce88001000b08f0238400b2000bd27c6
:020000040000fa
:020000041d01dc
:10ce9400d8ffbd272000b1af2400bfaf1c00b0af46
:10cea400050080102588a000420082944000423092
:10ceb4000e004014000000001900e0142520200298
:10cec400cd75400f1000a6af258040000900401426
:10ced4001000a68f2400bf8f251000022000b18f00
:10cee4001c00b08f0800e0032800bd27f9ffe01400
:10cef4002580800025200002d193400f1000a6afaa
:10cf04001000a68f2400bf8f2000b18f0000c2ac98
:10cf1400251000021c00b08f0800e0032800bd2784
:10cf24002528c000e682400f25200000e9ff4014b8
:10cf340025804000252020022400bf8f2000b18fcf
:0ccf44001c00b08fcd75400b2800bd27ed
:020000040000fa
:020000041d01dc
:10cf500000800340c011637c01000724290067148e
:10cf600001800240402e437c001080400018804029
:10cf70000028804000308040252000000080043cd4
:10cf80000000834000508440c000000002000042c6
:10cf900000408420ffff6320f9ff601400000000c0
:10cfa000c0bf043c7806843400308440c0bf053cd8
:10cfb0007006a524c0bf063cd006c6242538000054
:10cfc0001000a610ff01093c00e029350028894027
:10cfd000000087400000a88c0400a98c0800aa8cdf
:10cfe0000010894000188a4000508840c0000000ae
:10cff000020000420c00a5200100e720f0ff001015
:0cd00000000000000800e0030000000039
:020000040000fa
:020000041d01dc
:10d00c000000a28c0400a38cc0ffbd273800b3af76
:10d01c003400b2af3000b1af2c00b0af3c00bfafaa
:10d02c00258880002580a0000800b28c2000a2afcb
:10d03c00030060040c00b38c4408027c2000a2aff7
:10d04c002000a2271800a2af0a0002241400a2afed
:10d05c001000b2af0400c78c0000c68c715c400f8e
:10d06c00252000021000068e2000a38f25384002d8
:10d07c00ffffc6241000a3af2330c2002128620298
:10d08c005166400f252020020400238e00016330de
:10d09c00040060103c00bf8f0400038e2a20430064
:10d0ac000b1064003800b38f3400b28f3000b18f96
:0cd0bc002c00b08f0800e0034000bd27ee
:020000040000fa
:020000041d01dc
:10d0c8002b0080100080033c0800888cb83663244d
:10d0d80025000315f5ff02240200828401000324c1
:10d0e8001e00431400000000180083941b00621403
:10d0f800000000001a008294030043100400032477
:10d1080016004314000000003000829015004014ff
:10d1180001000324e8ffbd272800a2931400bfaf35
:10d128002b10020001004224300083a0320085a4a5
:10d13800310082a0340086a4f35d400f360087a436
:10d1480003004204f7ff0224030042380100422c86
:10d158001400bf8f0800e0031800bd270800e00393
:10d16800f6ff0224f7ff02240800e0030000000095
:08d178000800e003f5ff0224aa
:020000040000fa
:020000041d01dc
:10d18000e0ffbd271400b1af0800918c0080023c85
:10d190002800838cb8364224261022021c00bfaf20
:10d1a0001800b2af1000b0af0b0060140b88020083
:10d1b0001c00bf8f020002241800b28f1400b18f30
:10d1c0001000b08f020082a4180080ac1c0080ac5c
:10d1d0000800e0032000bd27c687400f258080009f
:10d1e000259040002000228e9a89400f0000518c2b
:10d1f0001c00bf8f021022726210113cd34d3126e9
:10d20000020003241a0003a61c0000a6e703422420
:10d21000190051001400b18f10100000821102009b
:10d22000211052002c0002ae1800b28f1000b08ff7
:08d230000800e0032000bd2707
:020000040000fa
:020000041d01dc
:10d23800d8ffbd271400b0af0000908c1800b1af24
:10d248002400bfaf2000b3af1c00b2af190000121a
:10d25800258880000c00028e1600401025900000e2
:10d26800252840025d95400f252000022528400012
:10d27800252000025395400f259840001000248e69
:10d288000400658e0c00828c09f8400001005226cb
:10d298003000062425280000cb95400f2520600289
:10d2a8000c00028e2b104202eeff4014252840028b
:10d2b8000000308e1000248e0c00828c09f840008b
:10d2c800252800022400bf8f000020ae260020a6db
:10d2d8002000b38f1c00b28f1800b18f1400b08fdc
:08d2e8000800e0032800bd2747
:020000040000fa
:020000041d01dc
:10d2f0001c00a28c150044502b00a2901000828cc0
:10d3000025004014251800001400828c1e00405493
:10d31000010003240b00c01025100000090060105c
:10d32000000000001000868c1d00c01401000624bf
:10d3300004006610000000001400838c12006014ca
:10d34000010003240800e003000000002900a3906e
:10d350002b1002002118620002006228edff40102d
:10d360000000000004006224801002000a10827c89
:10d3700005004054ff006330e4ff60501400828ccd
:10d38000e4ff0010000000001c00a4ac2900a3a0d2
:10d390000800e00301000224fbff0010ff006330df
:08d3a000f9ff00102518000040
:020000040000fa
:020000041d01dc
:10d3a800e0ffbd271400b0af258080002c00848cde
:10d3b8001800b1af1c00bfaf040080102588a00082
:10d3c80009000624a994400f020005241a0020121f
:10d3d8002c0011ae1000248e1c00228e3c000692f8
:10d3e8000c0083940400479401000524080042249b
:10d3f800f8ff6324300004ae340003a6360007a605
:10d408000600c510380002ae1c00bf8f1800b18f8f
:10d418001400b08f0800e0032000bd272528200253
:10d42800252000021c00bf8f1800b18f1400b08f98
:10d43800ce63400b2000bd271c00bf8f300000ae1c
:10d44800340000ae380000ae1800b18f1400b08f61
:08d458000800e0032000bd27dd
:020000040000fa
:020000041d01dc
:10d460000080083ccc3708252c00038d28000b8d4c
:10d470002700a0502558600022006b1025100000e6
:10d4800000800a3c2538800082bf0d3c38364a2592
:10d490000b00001006000c248a31437d0100632438
:10d4a00001004224000026a13000068d2b306600ca
:10d4b0001300a2100a18060012006b100200e724e5
:10d4c0000022a68d0600c630f3ffcc14214882004e
:10d4d000403003008a49467d0100c62401006324d0
:10d4e0000000e9a08a31467d010042240100e6a047
:10d4f0003000068d2b306600efffa2140a180600dc
:10d50000255860002c000bad0800e003000000006f
:08d51000fcff001025100000d3
:020000040000fa
:020000041d01dc
:10d51800d8ffbd271c00b3af0080133c5001732611
:10d528002400bfaf2000b4af1800b2af1400b1aff1
:10d538001000b0af1b006416faff02240300e010cd
:10d548002580a000080002240000e2ac14000012ac
:10d558000900d428080002240b10d4001000401041
:10d5680025a04000029d113c25900000340531267d
:10d578002520000225282002d595400f24000624e6
:10d588000c00228e4c00648e2800102609f84000fa
:10d5980001005226fcff02aef5ff9216100031265c
:10d5a800251000002400bf8f2000b48f1c00b38f0b
:10d5b8001800b28f1400b18f1000b08f0800e0037c
:04d5c8002800bd2753
:020000040000fa
:020000041d01dc
:10d5cc001900c0101000828c2800401000000000d0
:10d5dc001c00868c0800438c2b20c3000700805451
:10d5ec000000428c0e004494211864002b2066002d
:10d5fc00060080502b30a6000000428cf6ff4054f1
:10d60c000800438c0800e003000000000600c05432
:10d61c000000428c2b186500030060540000428c03
:10d62c000800e00300000000060040540800438c92
:10d63c000e000010000000000c0040100000000064
:10d64c000800438c2b20a300fbff80540000428c6d
:10d65c000e004494211864002b186500f6ff6054ea
:10d66c000000428c0800e003000000000800e0030a
:04d67c0000000000aa
:020000040000fa
:020000041d01dc
:10d680000000868c1700c5102510a0000b00c010ec
:10d69000000000000000c38c0600a314000000007e
:10d6a000080000102518c0000700c2500000468c7a
:10d6b0002518c000fcff60540000668c0800e003e1
:10d6c000251000000000468c0400858c1200a2107a
:10d6d000000066ac0800838cffff63240800e003b1
:10d6e000080083ac0a00a010000000000400838c36
:10d6f0000e00a350040080ac0000a38c000083ac9b
:10d700000800838cffff63240800e003080083ac5b
:10d710000800e00300000000040083ac0800838cd4
:10d72000ffff63240800e003080083ace9ff00105a
:04d73000000080acc9
:020000040000fa
:020000041d01dc
:10d734002a008010000000000000828c27004010a6
:10d7440000000000e0ffbd271800b2af1400b1af25
:10d754001c00bfaf1000b0af329a400f2588800084
:10d76400259040000200422810004014258000004b
:10d774000492400f252000027291400f25204000a2
:10d7840008004010010010260000238e0400458c80
:10d794000800448c26186500241864000a006010f0
:10d7a4001c00bf8ff2ff5016000000001c00bf8f4a
:10d7b4001800b28f1400b18f1000b08f0100042440
:10d7c4000583400b2000bd271800b28f1400b18fd1
:10d7d4001000b08f0800e0032000bd270800e0031c
:04d7e400251000000c
:020000040000fa
:020000041d01dc
:10d7e800f8ffbd270800acf70c00a38f0055627c3a
:10d7f80033044428150080100800a0d70010804486
:10d808000010e0443260224610000145000000008c
:10d81800029d043c0f006104906284d40160244698
:10d828000000244601002c46ff0342280e00401049
:10d838000800a1d70000a0f714006004029d023c74
:10d848000800a0af0c00a0af0800a0d70800e003b4
:10d858000800bd270800a1d700002446010024467f
:10d86800f1ff0010010021463c11204640082046e7
:10d87800f5ff04450800a1f7029d023c986240d4d8
:10d8880001082046f0ff00100800a0f7fdff001077
:04d89800886240d48e
:020000040000fa
:020000041d01dc
:10d89c00e8ffbd271000b0af1400bfafda88400f0f
:10d8ac0025808000160040101400bf8f0800028ee7
:10d8bc00340004961000428c0100433013006010b9
:10d8cc00080045300700a010251800004000437cdc
:10d8dc000400423002004010401b0300001063346f
:10d8ec0024188300040002241a0002a60300022458
:10d8fc00220003a63c0000ae1c0002a61400bf8f41
:10d90c001000b08f0800e0031800bd27f5ffa01031
:10d91c0025180000001083300200423000208430b3
:10d92c000b188200040002241a0002a60300022431
:10d93c00220003a63c0000aef0ff00101c0002a663
:020000040000fa
:020000041d01dc
:10d94c000000838c1e006510000000002400601095
:10d95c00000000000000628c0600a2140000000011
:10d96c000800001025106000070065500000a68c10
:10d97c0025106000fcff40540000438c0800e003bd
:10d98c00000000000000a68c0400838c06006510cb
:10d99c00000046ac0800838c2510a000ffff632418
:10d9ac000800e003080083ac0800838c040082ac00
:10d9bc002510a000ffff63240800e003080083acdf
:10d9cc000700a010000000000400828c0600a2508a
:10d9dc00040080ac0000a28ceeff0010000082acb2
:10d9ec000800e00325100000eaff0010000080ace6
:020000040000fa
:020000041d01dc
:10d9fc000800a28c2100401000000000d8ffbd27b9
:10da0c002000b1af1c00b0af2400bfaf0400438caa
:10da1c00010006244c00918cc4ffc37c040043ac71
:10da2c000c00a28c0c00a8240800a7240400438c32
:10da3c002580800084f7c37c040043ac0401858cf2
:10da4c001400a0af1000a8af0c00a6244241400f58
:10da5c000800a5247c9a400f252020020900405084
:10da6c000401028e252020022400bf8f2000b18fdc
:10da7c001c00b08f4499400b2800bd270800e00320
:10da8c0000000000252020020800458c0400a5247d
:10da9c00ef98400f00e0a57cf3ff0010252020023a
:020000040000fa
:020000041d01dc
:10daac00e0ffbd271c00bfaf1800b1afbc99400f01
:10dabc001400b0af1f004010258040003c00439084
:10dacc000100022407006210258800001c00bf8f93
:10dadc00251020021400b08f1800b18f0800e0034d
:10daec002000bd274896400f25200002f8ff40106b
:10dafc001c00bf8f0800048e0400118e23882402a2
:10db0c00ffff22322b10c200010040542588c000b8
:10db1c00ffff3132eeff20121c00bf8ff694400f36
:10db2c00253020020800028e21105100e7ff001062
:10db3c00080002ae1c00bf8f2588000025102002b3
:10db4c001400b08f1800b18f0800e0032000bd272f
:020000040000fa
:020000041d01dc
:10db5c00d8ffbd272000b1af0080113c4801228eb8
:10db6c001c00b0af2400bfaf0e0040102580800019
:10db7c00fe8f400f000000001000a4279091400f72
:10db8c001000a2af0f0042241000a58f0418027cd5
:10db9c00e995400f252040000c0040102400bf8f59
:10dbac00480120ae01000052010010240f00102685
:10dbbc000418107c090000160080023c0c000324a1
:10dbcc00903943ac251000002400bf8f2000b18f8a
:10dbdc001c00b08f0800e0032800bd270400022eb3
:10dbec00040003240b8062007070400f252000029b
:10dbfc00f5ff4054fcff50acf4ff00102400bf8f25
:020000040000fa
:020000041d01dc
:10dc0c000400a28c0600422c2600401400000000e8
:10dc1c000000a58c0100a290030043302100601489
:10dc2c000400432c1f006014000000005800839077
:10dc3c0004006330030060100200a6240800e00317
:10dc4c00020042240300c388380082240100072408
:10dc5c000000c3983b0083a8000043b85900829091
:10dc6c00c418e27c590082a00100a2900800432c49
:10dc7c00f2ff60140600a6240300c3883c00822433
:10dc8c000000c3983f0083a8000043b8590082905d
:10dc9c000421e27c590082a00100a2900800e0035c
:0cdcac00020042240800e003ffff0224f5
:020000040000fa
:020000041d01dc
:10dcb8000d00829003004014000000000800e003fb
:10dcc80000000000e0ffbd271400b0af25808000f1
:10dcd8001800b1af1c00bfafb49a400f2588a00050
:10dce8000c00039215006014ffff6324b69a400fde
:10dcf800252040000400028e15004010000020aed0
:10dd0800000051ac040011ae0800028e010042244c
:10dd1800b49a400f080002ae0c0003922520400080
:10dd2800010063240c0003a21c00bf8f1800b18ff0
:10dd38001400b08fb69a400b2000bd270c0003a238
:10dd4800b69a400f25204000ebff00100400028e19
:0cdd5800040011aeecff0010000011ae42
:020000040000fa
:020000041d01dc
:10dd6400e0ffbd271800b2af1400b1af1c00bfaf75
:10dd74001000b0af2588c000d497400f2590a000b4
:10dd84004018020021186200c0180300e099400ff7
:10dd940021206200170020121c00bf8f9996400fab
:10dda40025800000000042a201001026110011127b
:10ddb4001c00bf8f9996400f0000000021285002dc
:10ddc4000700033207000424f7ff64140000a2a034
:10ddd400d497400f01001026401802002118620059
:10dde400c0180300e099400f21206200f1ff1116d2
:10ddf4001c00bf8f251000001800b28f1400b18fd3
:0cde04001000b08f0800e0032000bd27d4
:020000040000fa
:020000041d01dc
:10de10002800801000000000096a023c67e64234d6
:10de2000000082ac67bb023c85ae4234040082ac89
:10de30006e3c023c72f34234080082ac4fa5023cb7
:10de40003af542340c0082ac0e51023c7f5242241f
:10de5000100082ac059b023c8c684224140082ac0a
:10de6000831f023cabd94234180082ace05b023c19
:10de700019cd4234e8ffbd271c0082ac600080aca5
:10de8000640080ac680080ac780080ac1000b0af5b
:10de90001400bfafb89a400f258080001400bf8fd8
:10dea000700002ae251000001000b08f0800e003e3
:0cdeb0001800bd270800e00353ff022407
:020000040000fa
:020000041d01dc
:10debc0086bf033c000060ac000160ac000260acab
:10decc00000360ac000460ac000560ac000660ac04
:10dedc0099aa033c80bf023c55666324300040acd9
:10deec00300043ac6655033caa996334300043ac14
:10defc000000438c01000424e8ffbd27446b037c25
:10df0c00000043ac0b000324701443ac0200032448
:10df1c00481643ac0000438c080005241400bfaf26
:10df2c00446b837c05000424000043ac300040acff
:10df3c00f797400f0000000004000524f797400fee
:10df4c00252000001400bf8f00800534020004243b
:08df5c00f797400b1800bd27e8
:020000040000fa
:020000041d01dc
:10df640025008014010006240080023cb83643904a
:10df740023006610b83643241800a48c1e008010b9
:10df84001c0064ac1000a48c0400a88c2000a9948c
:10df94002400a78c240060a014008594b83646a001
:10dfa40002000224040062a4029d023cb020422428
:10dfb400060069a4080060a40c0068ac140064acfa
:10dfc400180062ac0600a010200067ac1600849410
:10dfd4005c0065a4251060000800e0035e0064a4f2
:10dfe40016008494004102245c0062a45e0064a4d0
:10dff4000800e003251060000800e003ffff02248e
:08e004000800e003b8364224d5
:020000040000fa
:020000041d01dc
:10e00c00e0ffbd271400b0af2580a000010005245f
:10e01c001c00bfaf5f7f400f1800b1af2000401055
:10e02c0025200002157b400f0400508c0b00401083
:10e03c00feff11240e0043900600632c16006010a6
:10e04c009c00062690000626020007242528400086
:10e05c00675f400f25200002258800000900001290
:10e06c001c00bf8fb49a400f000000000000039208
:10e07c002520400001006324b69a400f000003a243
:10e08c001c00bf8f251020021400b08f1800b18f18
:10e09c000800e0032000bd27ecff0010030007245c
:08e0ac00f7ff0010ffff112433
:020000040000fa
:020000041d01dc
:10e0b4002700a1041000a88f0001828c0800438c63
:10e0c4000c00448c1b0064500c0040ac0000648cb9
:10e0d400080044ac0034060000e0a47c8001c6348f
:10e0e400422f050004000224080064ac040066ac5e
:10e0f4000600a254000060ac0400628c01000424f9
:10e104008452827c040062ac000060ac0000028d8a
:10e114000c004010140060ac0400642400e0847c13
:10e12400000043ac140044ac251000000800e003d8
:10e13400000003ade7ff6014080040ac0800e003f2
:10e1440003000224000003ad0800e0030000e3ac78
:08e154000800e003feff0224b5
:020000040000fa
:020000041d01dc
:10e15c00d8ffbd272000b3af1c00b2af1800b1af81
:10e16c001400b0af2400bfaf259080000f0080a03a
:10e17c0025888000258000000f00132400002492c5
:10e18c000598400f01003126ff00423001000326a4
:10e19c00ffff22a20a004010ff006330f7ff731448
:10e1ac00258060002400bf8f2000b38f1c00b28f2d
:10e1bc001800b18f1400b08f0800e0032800bd27b1
:10e1cc00200004242118500201001026ff00023206
:10e1dc000f00422cfbff4014000064a02400bf8ff2
:10e1ec002000b38f1c00b28f1800b18f1400b08fb9
:08e1fc000800e0032800bd2724
:020000040000fa
:020000041d01dc
:10e204000d00829003004014000000000800e003a9
:10e2140000000000e8ffbd271000b0af1400bfaf3e
:10e22400b49a400f258080000c00039219006014fa
:10e23400ffff6324b69a400f252040000000028ea1
:10e24400100040101400bf8f0800038e0400058ed8
:10e2540005000010ffff632425206000ffff6324f6
:10e2640006004010000002aefbffa2540000428ce6
:10e27400040000ae000000ae25206000080004aedb
:10e284001400bf8f0d0000a21000b08f0800e0033f
:10e294001800bd270c0003a2b69a400f25204000a9
:08e2a400e7ff00100000028eec
:020000040000fa
:020000041d01dc
:10e2ac000d008290e0ffbd271800b1af1c00bfaf7e
:10e2bc001400b0af07004014258800001c00bf8f6d
:10e2cc00251020021400b08f1800b18f0800e00355
:10e2dc002000bd2725808000b49a400f2588a0001f
:10e2ec000c00039213006014ffff6324b69a400fd6
:10e2fc002520400025200002a075400f2528200273
:10e30c00b49a400f258840000c0003922520400051
:10e31c0001006324b69a400f0c0003a21c00bf8faf
:10e32c00251020021400b08f1800b18f0800e003f4
:10e33c002000bd270c0003a2b69a400f25204000f8
:08e34c00edff00102520000286
:020000040000fa
:020000041d01dc
:10e35400250080049080838fe8ffbd271400bfafa1
:10e364002a1083001b0040101000b0afbc99400f6e
:10e374000000000017004010258040003c0042903f
:10e384000100032414004354251000004000038eb0
:10e394000300633010006054251000001400a21024
:10e3a400020003240c00a314251000006391400f05
:10e3b4002520c00008004050251000004000038eb6
:10e3c400140002ae010002240442437c0200001047
:10e3d400400003ae251000001400bf8f1000b08f62
:10e3e4000800e0031800bd270800e0032510000022
:08e3f400f2ff0010ffff0224fc
:020000040000fa
:020000041d01dc
:10e3fc00190080049080868fe8ffbd271400bfaf02
:10e40c002a1086001000401025180000bc99400fff
:10e41c00000000000d0040101400bf8f0500a0503c
:10e42c004000438c4200a394400063300d00601404
:10e43c004000438c240040ac01000424448c837cb9
:10e44c00400043ac010003241400bf8f2510600072
:10e45c000800e0031800bd27251800000800e003a1
:10e46c002510600048004494240045ac448c037c87
:10e47c0000048430f0ff8014400043ac3f00449013
:10e48c0002008430edff801401000424c418037cc6
:08e49c00eaff0010400043ac50
:020000040000fa
:020000041d01dc
:10e4a4001800828c1400878c1c00868c2000838cbe
:10e4b40023284700660088942b48c3001f002011be
:10e4c400ffffa530231043002318c7002118430081
:10e4d40001006324ffff63302318a300ffff6330b0
:10e4e4000d00a3102b3003010900c01025100000fb
:10e4f4006c00829442280500231868002b30a20087
:10e504000b10a6002a184300030060142510000015
:10e514000800e00300000000e8ffbd270100062416
:10e524001400bfaf750b400f100005241400bf8ffb
:10e53400010002240800e0031800bd272318c300cb
:08e54400e5ff0010ffff63304a
:020000040000fa
:020000041d01dc
:10e54c00d8ffbd271c00b1af2588a0002f000524e3
:10e55c002000b2af1800b0af2400bfaf2580800000
:10e56c003c92400f2590c0000f0040105c00052429
:10e57c0001005024029d053c1000b2af253820024a
:10e58c0025300002d847a5248f90400f252000008d
:10e59c002400bf8f2000b28f1c00b18f1800b08fe9
:10e5ac000800e0032800bd273c92400f2520000204
:10e5bc00efff4014029d053c1000b2af253820023d
:10e5cc0025300002d847a5248f90400f252000004d
:10e5dc002400bf8f2000b28f1c00b18f1800b08fa9
:08e5ec000800e0032800bd2730
:020000040000fa
:020000041d01dc
:10e5f40055500000444f574e000000000d0a4e6570
:10e6040074776f726b20496e666f3a0d0a000000d2
:10e6140049502020202020203a2025752e25752eb3
:10e6240025752e25750d0a004d61736b2020202061
:10e634003a2025752e25752e25752e25750d0a0073
:10e6440047617465776179203a2025752e25752eea
:10e6540025752e25750d0a004d41432020202020cc
:10e664003a20253032583a253032583a253032583b
:10e674003a253032583a253032583a253032580d3e
:10e684000a0000004c696e6b202020203a2025737c
:08e694000d0a00000d0a000050
:020000040000fa
:020000041d01dc
:10e69c00e0ffbd271800b1af4400918c1400b0af5f
:10e6ac00258080001c00228e1800848c1c00bfafbb
:10e6bc0009f8400000000000010003240e00431084
:10e6cc001c00bf8f2000228e09f840001800048e19
:10e6dc000d004014840006263c00228e1800048e87
:10e6ec0009f840002528000007004004040002241b
:10e6fc00900002ae1c00bf8f1800b18f1400b08fb9
:10e70c000800e0032000bd27200002920429027caf
:10e71c00c687400f200002a21c00bf8f7c0002aef7
:10e72c00900000ae1800b18f1400b08f0800e00309
:04e73c002000bd27d5
:020000040000fa
:020000041d01dc
:10e74000e0ffbd271800b1af0080113c5001232627
:10e750001c00bfaf1400b0af17008314faff0224ef
:10e76000029d063c2580a000253880006838c6241c
:10e77000c745400f252800000c0000522528000244
:10e780001000028e1100401025100002040000103d
:10e790000000428c0e0060101c00bf8f0000428cf5
:10e7a000fcff40541000438c252800025545400fc3
:10e7b00050012426010002241c00bf8f1800b18fd5
:10e7c0001400b08f0800e0032000bd271c00bf8f9d
:10e7d000f5ff02241800b18f1400b08f0800e00389
:04e7e0002000bd2731
:020000040000fa
:020000041d01dc
:10e7e400e8ffbd270100a5301000b0af1400bfaf93
:10e7f4001400a0144c00908c4099400f2520000276
:10e804004899400f252000023099400f252000022e
:10e814003499400f252000023899400f252000022a
:10e82400029a400f25200002fdff4014252000021b
:10e834001400bf8f1000b08fef630524149a400baf
:10e844001800bd274099400f25200002059a400f6b
:10e8540025200002fdff401400000000089a400f2c
:10e8640025200002e4ff401000000000089a400f39
:10e8740025200002f9ff401400000000deff001014
:04e884000000000090
:020000040000fa
:020000041d01dc
:10e888002600c01000000000e0ffbd271400b0af54
:10e898001400908c1c00bfaf1800b1af0900a01085
:10e8a800060002260300a3880000a398030003aa19
:10e8b800000003ba0400a390040003a20500a3907b
:10e8c800050003a20300c388258880002520e000f6
:10e8d8000000c398030043a8000043b80400c39095
:10e8e800040043a00500c3901935400f050043a05c
:10e8f8001000248e1c00bf8f0c0002a60c0083940d
:10e90800010002241800b18f0e0063241400b08f98
:10e918000c0083a40800e0032000bd270800e003e2
:04e9280025100000b6
:020000040000fa
:020000041d01dc
:10e92c00e0ffbd271400b1af7880918f1c00bfaf02
:10e93c001800b2af1a0020121000b0af1200a014d1
:10e94c0000000000170080102510000001000524b5
:10e95c002590c000668e400f25808000100040106e
:10e96c000100032442000496c418647c1300431273
:10e97c00420004a6020003240a004352080030aef1
:10e98c00090000101c00bf8f06008010251000002d
:10e99c004200829440004230edff401401000524f7
:10e9ac00251000001c00bf8f1800b28f1400b18f0f
:10e9bc001000b08f0800e0032000bd27f9ff001005
:04e9cc00040030ae65
:020000040000fa
:020000041d01dc
:10e9d000756c033cc8ffbd27286e63241800a3afe5
:10e9e0006c2903242800b2af2000b0af3400bfafc1
:10e9f0003000b4af2c00b3af2400b1af259080003d
:10ea00002510e0001c00a3a71e00a0a30200c01058
:10ea10001800b0272580c0000400b18c0800b38c1a
:10ea2000030040140000b48c1994400f252000020c
:10ea3000020020062b1822020b1023021000b4af94
:10ea40002538600225280002252040025166400f2b
:10ea5000253040003400bf8f3000b48f2c00b38fbe
:10ea60002800b28f2400b18f2000b08f0800e0038f
:04ea70003800bd2786
:020000040000fa
:020000041d01dc
:10ea74000800878c20008394220085941000e28c87
:10ea8400080069300030a830253040000400067cbe
:10ea94000a10c90025304000c418067c0a10c800ba
:10eaa40025304000006068300421067c0a10c8004c
:10eab40025304000001868304429067c0a10c8003c
:10eac4000001a830005066302530c80025404000c1
:10ead4004408087c0a1006018000a5300028633031
:10eae4002800868c25186500252840008410057ca4
:10eaf4000a10a3001000e2ac0000c2ac0200022421
:10eb0400020082a4180080ac0800e0031c0080ac62
:020000040000fa
:020000041d01dc
:10eb1400e8ffbd271000b0af1400bfafda88400f84
:10eb240025808000160040101400bf8f3400069624
:10eb34002000c2300d00405422000596c687400fc5
:10eb4400000000002c00038e2b1043000f00401027
:10eb540002000224252000021400bf8f1000b08f91
:10eb640001000524a083400b1800bd2725200002c6
:10eb74001400bf8f1000b08f6400400b1800bd2735
:10eb84001000b08f0800e0031800bd27020002a6a1
:10eb9400f8ff023c1c0002ae180000ae1400bf8f48
:10eba4001000b08ff8ff0424b398400b1800bd2761
:020000040000fa
:020000041d01dc
:10ebb4001d008004a880838fe8ffbd271400bfaf29
:10ebc4002b1883001000b0af130060102510000054
:10ebd400b880908f802004000a80047e0f00001209
:10ebe4001400bf8f7400029680004330100060143c
:10ebf40025200002010003248452627c740002a6d2
:10ec040001000524895e400f2520000208004054bd
:10ec140025200002010002241400bf8f1000b08fd1
:10ec24000800e0031800bd270800e00325100000d9
:10ec3400253000007673400f010005241400bf8fb7
:10ec4400010002241000b08f0800e0031800bd2763
:020000040000fa
:020000041d01dc
:10ec54001d008010000000000f008590feffa3241b
:10ec64000200632c03006014251000000800e00378
:10ec740000000000e0ffbd271c00bfaf0e00829023
:10ec84000600422c0b00401003000324020003245e
:10ec94000a00a310251080001000a4af029d043cbc
:10eca400130505247e92400ff462842403000010af
:10ecb4001000a28f0600a314251080001c00bf8f33
:10ecc4000800e0032000bd270800e0032510000031
:10ecd4001000a4af029d043c170505247e92400f4a
:0cece400f4628424f5ff00101000a28fe1
:020000040000fa
:020000041d01dc
:10ecf000d8ffbd272000b3af0080133c1800b1af90
:10ed000025888000383964261c00b2af1400b0afeb
:10ed10002400bfaf8982400f2590a0003839708e43
:10ed2000090000560c00028e1100001038396426cc
:10ed3000090051500400028e0000108e0c00005299
:10ed4000383964260c00028e25284002f8ff401452
:10ed5000252020020400028e09f840000800068edb
:10ed60000000108ef8ff00560c00028e3839642621
:10ed70002400bf8f2000b38f1c00b28f1800b18f0a
:0ced80001400b08f5e88400b2800bd27f7
:020000040000fa
:020000041d01dc
:10ed8c0012008004253800009080828fe8ffbd2798
:10ed9c002a108200090040101400bfafbc99400f2c
:10edac000000000005004010251840003c00449075
:10edbc000100022407008210000000001400bf8f25
:10edcc002510e0000800e0031800bd270800e00350
:10eddc002510e0004896400f25206000f7ff4010fa
:10edec00253840000000648c0200c0102510800003
:10edfc000800628c212845002b20a400efff8054d2
:10ee0c00253800000400628c2b104500ebff4054a9
:0cee1c0025380000e9ff0010080065ac7c
:020000040000fa
:020000041d01dc
:10ee2800e8ffbd271000b0af1400bfafda88400f6d
:10ee3800258080000d0040101400bf8f340002961a
:10ee4800040043300c006050200003962800048e14
:10ee5800140080148000437c02000224020002a6f1
:10ee6800180000ae1c0000ae1400bf8f1000b08f59
:10ee78000800e0031800bd27f5ff60502800048e45
:10ee880001000524a083400f25200002f7ff401051
:10ee98001400bf8f020002241a0002a6f2ff00101d
:10eea8001c0000a604006534100042300b18a200b4
:08eeb800e9ff0010000083ac2b
:020000040000fa
:020000041d01dc
:10eec0002300a010000000000000a28c20004010d1
:10eed000000000001e00c01000000000d8ffbd2789
:10eee0002000b2af1c00b1af1800b0af2400bfaf1c
:10eef0002590e0002588c0007291400f2580a00079
:10ef00000d004050faff0224420043940010633089
:10ef1000030060100010433207006050f8ff022425
:10ef20001000a0af2538400225302002252800021d
:10ef3000e73e400f252040002400bf8f2000b28f05
:10ef40001c00b18f1800b08f0800e0032800bd2717
:08ef50000800e003fbff0224ae
:020000040000fa
:020000041d01dc
:10ef58002100a010000000000000a28c1e0040103c
:10ef68000000000013008010000000004200889498
:10ef780040000a3103004015faff02240800e003ac
:10ef880000000000e0ffbd270c00e0101c00bfaf30
:10ef98000010083112000015010007241000a6af68
:10efa800e73e400f040086241c00bf8f0800e003e2
:10efb8002000bd270800e003faff0224c362400fc7
:10efc8000000000002000324ffff04240b2062005d
:10efd800f5ff0010251080000800e003fbff022465
:08efe800f1ff0010f8ff022404
:020000040000fa
:020000041d01dc
:10eff0007480828f88ffbd277400bfaf7000b1afef
:10f000000600401c6c00b0af7400bf8f7000b18f61
:10f010006c00b08f0800e0037800bd277880918fe6
:10f02000258080001000a5273c5a400f240024862c
:10f03000060040501800038e5800a38f1000028e67
:10f040000d006250240024861800038e0200022462
:10f05000eeff62147400bf8f7480828fffff422422
:10f06000e9ff4014748082afe08a400f252020021f
:10f07000e5ff0010788080af5196400f0100052415
:08f08000f2ff00101800038ede
:020000040000fa
:020000041d01dc
:10f088000080053c1038a5243400a38c0b006010c8
:10f0980000000000070064141c00628c13000010bc
:10f0a80000000000070082501c00828c25184000d8
:10f0b8001c00628cfbff4014000000000800e00305
:10f0c80025100000060040501c0062ac0c00868c25
:10f0d8000c00458c2128a6000c0045ac1c0062ac35
:10f0e800251000000800e0031c0080ac060040501a
:10f0f8001c00638c0c00678c0c00468c2130c70008
:10f108000c0046ac1c00638c010002243400a3ac44
:08f118000800e0031c0080acbc
:020000040000fa
:020000041d01dc
:10f12000e0ffbd271800b2af1c00bfaf1400b1afa5
:10f130001000b0af03008010259000000800a0145c
:10f140002588a0001c00bf8f251040021400b18f3d
:10f150001800b28f1000b08f0800e0032000bd2718
:10f160000385400f258080000500401025302002d7
:10f1700025280002c396400f25204000259020023c
:10f18000b49a400f0000000028818393252040009e
:10f1900001006324b69a400f288183a31c00bf8f0f
:10f1a000251040021400b18f1800b28f1000b08fec
:08f1b0000800e0032000bd2768
:020000040000fa
:020000041d01dc
:10f1b80082bf033c1022648c0080023ccc3742247e
:10f1c8000e008430400044ac1022648c0e00843061
:10f1d80014008010000000001022648c02008430ab
:10f1e8000700801002000424142264ac1022648cee
:10f1f800010084300700805081bf033c3022648cba
:10f208001022648c01008430fcff80140000000090
:10f2180081bf033c0200043c840064ac0400043c4d
:10f22800840064ac2000438c0500601000000000de
:10f238002400458c2000598c080020030200042477
:08f248000800e00300000000d3
:020000040000fa
:020000041d01dc
:10f25000b880838fe8ffbd271400bfaf1200601095
:10f260001000b0afa880878f0f00e010258000004d
:10f27000801010000a10627c253000000200052476
:10f280002520400005004010010010267673400f35
:10f2900000000000a880878fb880838f2b100702a2
:10f2a000f4ff401480101000ac80848f0c00828c1e
:10f2b00009f8400025286000a480848fb88080afc2
:10f2c00004008010a88080afbf97400f00000000ae
:10f2d000a48080af1400bf8f1000b08f0800e0033f
:04f2e0001800bd272e
:020000040000fa
:020000041d01dc
:10f2e40011008004a880838fe8ffbd271400bfaffe
:10f2f4002b1883000900601025100000b880838f4c
:10f30400802004000a20647c04008010010003248f
:10f31400770085900600a3504c00838c1400bf8fa7
:10f324000800e0031800bd270800e00325100000d2
:10f33400fbff60101400bf8f760083900300052448
:10f344000300651008000524f5ff651400000000a3
:10f354000400828c0000838c23104300ffff4224ae
:10f364007f90400fffff46302310c200ebff0010d8
:04f37400ffff423025
:020000040000fa
:020000041d01dc
:10f378002481828fe8ffbd271400bfaf140040141a
:10f388001000b0af02000224248182afb49a400f6b
:10f398002c8180af252040000080103c0100022411
:10f3a800b69a400f288182a31898400fb4310426da
:10f3b80010004104b4311026248180af1400bf8f9f
:10f3c800251000001000b08f0800e0031800bd27ca
:10f3d80001000324faff43141400bf8f0100022424
:10f3e800248182af1400bf8f1000b08f0800e003a3
:10f3f8001800bd27010002242c8190aff9ff0010ee
:04f40800248182af2a
:020000040000fa
:020000041d01dc
:10f40c0099aa033c80bf023c55666324300040ac93
:10f41c00300043ac6655033caa996334300043acce
:10f42c000000438c010004240463037c000043ac03
:10f43c0001100324400043ac03000324500043acf0
:10f44c00ff01033cff016324600043acff01032474
:10f45c00700043ac1f30033c3d3f6324800043ac41
:10f46c008300033c01006324900043ac5000033c38
:10f47c00a00043ac0000438c0463837c000043accd
:10f48c003333033c33336324300043ac0800e003d4
:04f49c00000000006c
:020000040000fa
:020000041d01dc
:10f4a0000080083c24370825255000012510000164
:10f4b00025180000080009240000478c0f00871061
:10f4c0000c00422401006324fcff69540000478cb7
:10f4d00025100000feff0724080009240000438dca
:10f4e0000f0067100c004a2501004224fcff49541c
:10f4f0000000438d0800e0037cff0224401003005d
:10f50000211843008018030021400301000004adce
:10f51000040005ad080006ad0800e003251000005a
:10f52000401802002110620080100200f7ff001056
:04f530002140020173
:020000040000fa
:020000041d01dc
:10f53400e0ffbd271800b1af1c00bfaf1400b0af8f
:10f544001600a0102588c0002580a0005f7f400f12
:10f554000100052412004050ffff02240200201283
:10f56400080050ac000020aeb49a400f0400518c47
:10f57400252040000000229201004224b69a400f48
:10f58400000022a21c00bf8f251000021800b18fba
:10f594001400b08f0800e0032000bd27fdff022403
:10f5a40001002056000022ae1c00bf8f2510000071
:10f5b4001800b18f1400b08f0800e0032000bd27ad
:020000040000fa
:020000041d01dc
:10f5c4000000a28c0b0040540400a38c1e00001009
:10f5d400000000000800838c0000c2ac040082ac70
:10f5e4000000a28c0100632413004010080083acc7
:10f5f4000400a38c120062500400a0ac0000438cf1
:10f604000000a3ac0800a38c0400868cffff6324d5
:10f614000800a3acefffc014000040ac0800838cca
:10f62400000082ac040082ac0000a28c01006324c0
:10f63400efff4014080083ac0800e0030000000062
:10f64400f0ff00100000a0ac0800e0030000000080
:020000040000fa
:020000041d01dc
:10f654000000a28c0b0040540400a38c1e00001078
:10f66400000000000800838c0000c2ac040082acdf
:10f674000000a28c0100632413004010080083ac36
:10f684000400a38c120062500400a0ac0000438c60
:10f694000000a3ac0800a38c0400868cffff632445
:10f6a4000800a3acefffc014000040ac0800838c3a
:10f6b400000082ac040082ac0000a28c0100632430
:10f6c400efff4014080083ac0800e00300000000d2
:10f6d400f0ff00100000a0ac0800e00300000000f0
:020000040000fa
:020000041d01dc
:10f6e400e8ffbd271400bfaf9996400f000000004b
:10f6f4009080868f9480898fffff423000c042340f
:10f7040000400724ffff08340d00c0181400bf8f09
:10f7140025182001252000000000658c01008424a8
:10f724000400a010040063242a00a5940600a2107b
:10f7340000000000f9ffc4540000658c1400bf8f62
:10f744000800e0031800bd270300485000c002343d
:10f7540001004224ffff4230ffffe724eaffe014e8
:10f764001400bf8f251000000800e0031800bd2717
:020000040000fa
:020000041d01dc
:10f77400210080049080838fe8ffbd271400bfaf71
:10f784002a108300130040101000b0afbc99400f42
:10f79400000000000f004010258040003000428c23
:10f7a4000400401000000000360002960b004014d4
:10f7b4001400bf8f4591400f4c00042625284000bb
:10f7c400ea74400f252000023000028e0600401427
:10f7d4001400bf8f251000001400bf8f1000b08fdd
:10f7e4000800e0031800bd27360002961000b08f11
:10f7f4000800e0031800bd270800e00325100000fe
:020000040000fa
:020000041d01dc
:10f80400e8ffbd271400bfaf068e400f00000000c4
:10f81400a880868fb880898fffff423000c04234b1
:10f8240000400724ffff08340d00c0101400bf8ff0
:10f8340025182001252000000000658c0100842487
:10f844000400a010040063246200a5940600a21022
:10f8540000000000f9ffc4540000658c1400bf8f41
:10f864000800e0031800bd270300485000c002341c
:10f8740001004224ffff4230ffffe724eaffe014c7
:10f884001400bf8f251000000800e0031800bd27f6
:020000040000fa
:020000041d01dc
:10f8940052656164206c6173742025642061766113
:10f8a400696c61626c652c206e656564202564203a
:10f8b4006d6f726520696e2025732e0d0a0000009d
:10f8c40057616974696e6720666f722025642062cf
:10f8d4007974657320696e2025732e0d0a0000006b
:10f8e400536f636b657420636c6f73656420627916
:10f8f40020636c69656e7420696e2025732e0d0a71
:10f904000000000052656365697665642025642003
:10f91400627974657320696e2025732e0d0a0000c8
:020000040000fa
:020000041d01dc
:10f92400e8ffbd271400bfaf150080101000b0af72
:10f934000800838c020002241100621425808000d8
:10f9440002008294010042300e00405025800000e5
:10f95400b49a400f00000000000003920e006014ef
:10f96400ffff6324b69a400f252040001400bf8f88
:10f97400251000021000b08f0800e0031800bd2716
:10f98400258000001400bf8f251000021000b08fe6
:10f994000800e0031800bd27000003a2b69a400f38
:0cf9a40025204000f8ff00101400bf8f69
:020000040000fa
:020000041d01dc
:10f9b0000080023c843742240c00438c060060180f
:10f9c000040005241800868c0500c510ffff632481
:10f9d000150060100c0043ac0800e00300000000bc
:10f9e00010004390fcff6010000000001000848ca9
:10f9f000e8ffbd271000b0af1400bfaf5a98400f0a
:10fa00000400508c001902002310620080100200d4
:10fa100021200202060080101400bf8f1000b08f5a
:10fa20003e8d400b1800bd27f161400b0000000027
:0cfa30001000b08f0800e0031800bd2794
:020000040000fa
:020000041d01dc
:10fa3c00fcffac240500882d040002240b10880167
:10fa4c001c008011254040002550000025100000ae
:10fa5c0003000e2404000d24140000112158480149
:10fa6c0021308a002140c800253800002318ca0024
:10fa7c000000c9908a196b7c0100c6242618690005
:10fa8c00faff06152538e3000a10c70104004a25c1
:10fa9c002340aa000500062d2b184c01eeff601424
:10faac000a40a6010800e00300000000f7ff001068
:0cfabc00030002240800e00325100000f5
:020000040000fa
:020000041d01dc
:10fac8000c00a7af0c00a38f0800a6af251080007c
:10fad80002450300ff0705310e00a0140800a48f9b
:10fae800029d033c00088644505d60d40008e7444a
:10faf8000008052402082046000006440000674468
:10fb08002520c0000055e67c0200c0102518e00042
:10fb1800c1ffc524c2370400401803002518c300dc
:10fb280040200400000044ac00a0637c2000043c9a
:10fb380025188300ccfba52400080831040043ac39
:0cfb4800080045ac0800e0030c0048accd
:020000040000fa
:020000041d01dc
:10fb54000004c2281300401402fcc328029d023c86
:10fb6400b06740d401fcc22400044328060060149a
:10fb7400026320460263204602f8c224000444289b
:10fb8400ff0303240a10640025200000ff0342241d
:10fb940000008444002d02000000e5440800e00356
:10fba40002602046f8ff60102510c000029d033c4f
:10fbb400b86760d4c903c22402fc4328f2ff601072
:10fbc400026320469207c22402fc442802fc032458
:0cfbd40002632046ecff00100b106400e0
:020000040000fa
:020000041d01dc
:10fbe000e0ffbd271400b0af0080103cd038028e7b
:10fbf0001800b1af1c00bfaf08004010258880007e
:10fc000011002006d038028e0080033cd438638c6b
:10fc100023186200110000102b1871009958400f32
:10fc200000000000d038028ef5ff401400000000f4
:10fc3000ffff02241c00bf8f1800b18f1400b08f8b
:10fc40000800e0032000bd270080033cd838638c07
:10fc500023201100231843002b186400f4ff6014c4
:0cfc600021885100f3ff0010d03811aed5
:020000040000fa
:020000041d01dc
:10fc6c000800828ce8ffbd271000b0af1400438c55
:10fc7c000a004694258080000000628c25288000b4
:10fc8c00029d043c1400bfaf09f84000b02084244e
:10fc9c000900401401000324040002243c0000aebf
:10fcac001a0002a61c0002a61400bf8f1000b08f11
:10fcbc000800e0031800bd27fbff431002000324db
:10fccc00180000ae1c0000a6020003a6f6ff4104bb
:10fcdc001e0002a61400bf8f1000b08f252040001c
:08fcec00b398400b1800bd277e
:020000040000fa
:020000041d01dc
:10fcf400e8ffbd271000b0af1400bfafda88400f93
:10fd040025808000100040101400bf8f340002963c
:10fd1400080042300f0040100200022400120624a2
:10fd2400252800000d82400f252000020600401007
:10fd34001400bf8f040002241a0002a60a00022441
:10fd44001c0002a61400bf8f1000b08f0800e0034f
:10fd54001800bd27020002a6faff023c1c0002aef6
:10fd6400180000ae1400bf8f1000b08ffaff0424f7
:08fd7400b398400b1800bd27f5
:020000040000fa
:020000041d01dc
:10fd7c00e8ffbd271400bfaf130080101000b0af18
:10fd8c000000829410004010258080000c00828cb2
:10fd9c00020003240d004354258000001000a01421
:10fdac000400848c09008050258000000800838c9e
:10fdbc00060062542580000002008294010042304b
:10fdcc00030040141400bf8f258000001400bf8f67
:10fddc00251000021000b08f0800e0031800bd27aa
:10fdec00497e400f00000000f9ff40141400bf8f43
:08fdfc00f7ff00102580000054
:020000040000fa
:020000041d01dc
:10fe04002000828c010042301d00401400000000dc
:10fe14005480868fe0ffbd271400b0af0c00d98c4e
:10fe24001000908c1800b1af1c00bfaf2588800073
:10fe34000d00001225282002100003962528000238
:10fe44002520c00001006230f9ff40140000108e2c
:10fe540009f82003000000005480868ff6ff001686
:10fe64000c00d98c252820021c00bf8f1800b18fec
:10fe74001400b08f2520c000080020032000bd27f7
:08fe84000800e003000000008b
:020000040000fa
:020000041d01dc
:10fe8c00e0ffbd27401004001400b0af2110440067
:10fe9c00258080000080043c80100200a83584245a
:10feac001800b1af212082001c00bfaf3691400f6b
:10febc002588c0000f0020121c00bf8f0080043c5e
:10fecc0000811000342f842421209000080082949b
:10fedc000400838c0100423405006010080082a4e9
:10feec00253800000100062409f8600003291000e1
:10fefc001c00bf8f010002241800b18f1400b08fba
:08ff0c000800e0032000bd27fe
:020000040000fa
:020000041d01dc
:10ff1400e8ffbd271000b0af1400bfafda88400f70
:10ff2400258080000e0040101400bf8f340002961c
:10ff3400080042300d00401000120624252800005d
:10ff44000d82400f25200002050040101400bf8fd1
:10ff5400020002241a0002a61c0000a61400bf8f8f
:10ff64001000b08f0800e0031800bd27020002242f
:10ff7400020002a6faff023c1c0002ae180000ae0a
:10ff84001400bf8f1000b08ffaff0424b398400b05
:04ff94001800bd276d
:020000040000fa
:020000041d01dc
:10ff9800e8ffbd271000b0af1400bfafda88400fec
:10ffa800258080000e0040101400bf8f3400029698
:10ffb80000f042300d004010060005240900052419
:10ffc800a083400f25200002050040101400bf8fb9
:10ffd800030002241a0002a61c0000a61400bf8f0a
:10ffe8001000b08f0800e0031800bd27a083400f61
:10fff80025200002faff40101400bf8f05000224dc
:020000041d02db
:100008001a0002a61c0000a61000b08f0800e0032a
:040018001800bd27e8
:020000040000fa
:020000041d02db
:10001c00e0ffbd271c00bfaf1800b1af1900a01046
:10002c001400b0af2588a0005f7f400f01000524ad
:10003c0016004010252820020400508cf056400f6a
:10004c001000048e25884000020002960200423403
:10005c00b49a400f020002a6000003922520400033
:10006c0001006324b69a400f000003a21c00bf8f4e
:10007c00251020021400b08f1800b18f0800e00387
:10008c002000bd27f9ff0010f9ff1124f7ff001025
:04009c00ffff11242d
:020000040000fa
:020000041d02db
:1000a0001e0080049080838fe8ffbd272a188300fc
:1000b000170060101400bfafbc99400f25188000d6
:1000c000140040101400bf8f2c00448c11008010cd
:1000d0002530a0001000878c1c00848c0c00e59457
:1000e000040088941400bf8f08008424f8ffa5241e
:1000f000340045a4380044ac300047ac360048a476
:100100002528000025206000de3f400b1800bd2799
:100110001400bf8f0800e0031800bd270800e003ab
:0401200000000000db
:020000040000fa
:020000041d02db
:10012400130080049080878fe8ffbd271400bfafc1
:100134002a1087000a00401025180000bc99400fbf
:1001440000000000070040101400bf8f0600c050dc
:10015400251060003c0044900800a4100100042411
:100164001400bf8f251060000800e0031800bd27ad
:10017400251800000800e00325106000f9ffa4140e
:100184001400bf8f400044900000c58c010003247c
:100194001f00843060008434180045acf0ff001068
:0401a400400044a033
:020000040000fa
:020000041d02db
:1001a800d480848fe8ffbd27040080101400bfafff
:1001b8004995400f00000000d48080afe080858f13
:1001c8000080043c7195400f483984240080043c29
:1001d80058398424cc8080af8178400f000000001b
:1001e800dc80848f05008010d880858fbf97400ff2
:1001f80000000000dc8080afd880858f0500a0104b
:10020800e080848f0c00828c09f840000000000018
:10021800d88080af1400bf8fe08080af0800e00373
:040228001800bd27d6
:020000040000fa
:020000041d02db
:10022c0080bf023c2006438cf0ffbd270c00bfaf03
:10023c0000606541c000000000e0637c0000a5afd9
:10024c0000400424200643ac0f000324040644acf5
:10025c00040643ac99aa033c55666324080640acdb
:10026c00080644ac100640ac100643ac6655033c83
:10027c00aa996334100643ac00800334080643acdf
:10028c000000a28f00608240c00000000c00bf8ff5
:10029c0081bf023c80000324180143ac0800e0033a
:0402ac001000bd275a
:020000040000fa
:020000041d02db
:1002b000496e697469616c697a656420257320638d
:1002c0006f6e6e656374696f6e20696e2025732e84
:1002d0000d0a0000526563656976696e67202573b3
:1002e000206d65737361676520696e2025732e0d1f
:1002f0000a00000052656365697665643a206964a6
:100300003d2575206c656e3d257520696e20257331
:100310002e0d0a0050726f63657373656420257338
:10032000206d65737361676520696e2025732e0dde
:040330000a000000bf
:020000040000fa
:020000041d02db
:100334000800828ce8ffbd271000b0af1400438c86
:100344001000468c258080000400628c25288000e3
:10035400029d043c1400bfaf09f84000b02084247f
:100364000a00400402000324040040140400022490
:100374001a0002a6050002241c0002a61400bf8f66
:100384001000b08f0800e0031800bd27180000ae6d
:100394001c0000a6020003a61e0002a61400bf8fc4
:1003a4001000b08f25204000b398400b1800bd27e3
:020000040000fa
:020000041d02db
:1003b400e8ffbd271000b0af1400bfafda88400fcc
:1003c400258080000d0040101400bf8f3400029679
:1003d400001042300c00401025280000a083400f7c
:1003e40025200002050040101400bf8f02000224e3
:1003f4001a0002a61c0000a61400bf8f1000b08fc4
:100404000800e0031800bd2702000224020002a62f
:10041400fbff023c1c0002ae180000ae1400bf8fac
:100424001000b08ffbff0424b398400b1800bd27c5
:020000040000fa
:020000041d02db
:100434000080033c500163241b008314251000003a
:100444002000839004006330170060100000000057
:100454004400828ce8ffbd271000b0af1000428c2e
:10046400258080001400848c1400bfaf09f840007c
:10047400000000009000038e029d023ca863422409
:10048400801803000a10437c09f84000252000026c
:10049400200002921400bf8f1000b08f0001427c34
:1004a4000800e0031800bd270800e0030000000076
:020000040000fa
:020000041d02db
:1004b4000080033c5001632419008314faff0224d2
:1004c4001c00838c02000224170062140000000048
:1004d4001300a010251000004c00848ce0ffbd2701
:1004e4001800b0af1c00bfaf2580a000a592400f3c
:1004f4001000a2af030003241c00bf8f080003ae4a
:10050400010003240c0003aedc0503241000a28fb9
:10051400100003ae1800b08f0800e0032000bd27d0
:100524000800e003000000000800e003feff0224ce
:020000040000fa
:020000041d02db
:1005340046524d54584f4b2000000000d069029d94
:1005440046524d52584f4b2000000000c869029d8e
:100554005258425546434e5400000000385e029df6
:1005640052584f56464c4f5700000000c069029d38
:100574004643534552524f5200000000b869029d51
:10058400414c474e4552522000000000b069029d84
:1005940053434f4c46524d2000000000a869029d71
:1005a4004d434f4c46524d2000000000a069029d6f
:020000040000fa
:020000041d02db
:1005b4000000a294e0ffbd271800b1af4000433013
:1005c4001400b0af1c00bfaf2580a0000b0060106a
:1005d4002588800004000526ab78400f040084249d
:1005e400252800020000248e1c00bf8f1800b18f44
:1005f4001400b08f5395400b2000bd271400232610
:10060400800042302400842404000526ab78400f87
:100614000b206200252800020000248e1c00bf8fde
:100624001800b18f1400b08f5395400b2000bd27e4
:020000040000fa
:020000041d02db
:100634001d00801000000000e0ffbd271800b2afcd
:100644001000b0af029d123c029d103c1400b1afeb
:100654001c00bfaf258880004c5c1026645c5226c9
:10066400080010260400028e2520200205004010f8
:10067400252840000195400f000000000400405070
:100684000000028ef7ff1216080010262510000045
:100694001c00bf8f1800b28f1400b18f1000b08ff0
:1006a4000800e0032000bd270800e0032510000037
:020000040000fa
:020000041d02db
:1006b4000400a38cd8ffbd272510a0002000b3aff1
:1006c4001c00b2af1800b1af1400b0af2400bfaf2c
:1006d400259880002528e000252040002588e0009a
:1006e40009f860002590c0000900401025804000f2
:1006f400040040122530200225284002f694400fc1
:1007040025204000252800022e77400f2520600276
:100714002400bf8f251000022000b38f1c00b28f6d
:100724001800b18f1400b08f0800e0032800bd2723
:020000040000fa
:020000041d02db
:10073400d3e160c35b99f340b2628264d175106007
:10074400e0045da383ff57a57d73a673d2b8d80dcb
:10075400aaf6a6c35a91bb4579d73fd0c8fed1119a
:10076400b0391306828adfed528f018121b3febdb9
:10077400c343e797b87dbb63db1333ded9d1ece128
:1007840077cfa6b71fe8ab1da46624ed6415e51c5e
:10079400cde2c7ca86e283990eeaeb9112041552a0
:1007a4008b2295910281b02dd431f4c9f70427df4f
:020000040000fa
:020000041d02db
:1007b40004eec63bb231df2c630a1afbe724949d96
:1007c400005a587851e1aa795e477347c8b0566217
:1007d4001c18bddcdd8d99fc5fc2b92053d8cfaca9
:1007e400fb0bb8831205fad1ddd6c071318a6018cb
:1007f400f03b73f5ede4d4d071f9de03fd7aea1031
:100804005d9299b8af99aa075bdb4db9aa28c18d4f
:10081400174b56ee2a014d098896ff2282c955a826
:100824001969e069fa8ce007a180183a07dfae176e
:020000040000fa
:020000041d02db
:100834000800828ce8ffbd27010103241000b0af3b
:100844001400bfaf300083a402004294320085a498
:10085400340086a4360082a4f35d400f2580800016
:10086400060040041400bf8f030042382b1002001e
:100874001000b08f0800e0031800bd270200022416
:10088400020002a6f7ff023c1c0002ae180000aef4
:10089400b398400ff7ff04241400bf8f2510000005
:0c08a4001000b08f0800e0031800bd2712
:020000040000fa
:020000041d02db
:1008b000e0ffbd271c00bfaf497e400f00000000d5
:1008c0000c0040101c00bf8f140043940f006014f4
:1008d0001400442424004394080060142400442499
:1008e000a800062425280000cb95400f25204000b5
:1008f0001c00bf8f0800e0032000bd27cc30400f54
:100900001000a2aff6ff00101000a28fcc30400ff5
:100910001000a2af1000a28f24004394f1ff6010da
:0c092000a8000624f5ff00102400442469
:020000040000fa
:020000041d02db
:10092c00e0ffbd271800b1af1400b0af1c00bfaf83
:10093c00258080001d9a400f2588a00007004010dc
:10094c00251800001c00bf8f251060001800b18f07
:10095c001400b08f0800e0032000bd270600201211
:10096c0000000000a499400f25200002949a400f2b
:10097c0025200002000022ae9899400f252000028d
:10098c001c00bf8f01000324251060001800b18fdc
:0c099c001400b08f0800e0032000bd270d
:020000040000fa
:020000041d02db
:1009a800e8ffbd271400bfaf1000b0af16008010dd
:1009b800548080af0400828c3800052409f8400078
:1009c800258080000a004010252000020c00038ebc
:1009d80009f86000252840001400bf8f548090afac
:1009e800010002241000b08f0800e0031800bd27a2
:1009f8005480828f1400bf8f1000b08f2b1002001c
:100a08000800e0031800bd271400bf8f2510000060
:0c0a18001000b08f0800e0031800bd279c
:020000040000fa
:020000041d02db
:100a2400e0ffbd271400b0af0d0090901c00bfafd5
:100a3400070000161800b1af1c00bf8f251000027c
:100a44001800b18f1400b08f0800e0032000bd2708
:100a5400b49a400f258880000c0023920a00601489
:100a6400ffff6324b69a400f252040001c00bf8f6f
:100a740025800000251000021800b18f1400b08feb
:100a84000800e0032000bd270c0023a2b69a400f03
:0c0a940025204000e9ff00101c00bf8f6f
:020000040000fa
:020000041d02db
:100aa0000500a010240085ac480082940004423068
:100ab000090040503f0082900e00c010000000006e
:100ac0003c008590010003240c00a31025100000b9
:100ad0000800e0030000000002004230f6ff40146e
:100ae000000000004000828cc418027cf4ffc01497
:100af000400082ac0800e003251000004000839015
:100b00000000c58c010002241f00633060006334c4
:0c0b1000180085ac0800e003400083a042
:020000040000fa
:020000041d02db
:100b1c00021204004700432c03006014ff008430d1
:100b2c00e0ff4224ff0042304700832c0300601496
:100b3c003a00432ce0ff8424ff0084301100605401
:100b4c00d0ff4224c9ff4224ff0042303a00832cdc
:100b5c0007006054d0ff8424c9ff8424ff00843034
:100b6c0000110200251044000800e003ff00423091
:100b7c00ff00843000110200251044000800e0033f
:0c0b8c00ff004230f1ff0010ff0042307b
:020000040000fa
:020000041d02db
:100b98001c00a010000000000000a88c1900001123
:100ba800000000000080023cdc3846941500c010ac
:100bb8001881828f05000010251800000600825059
:100bc800420045940f0066106c004224fbff80141d
:100bd80001006324420045944000a530f9ffa010ad
:100be800000000000400458c0800478c26280501f9
:100bf8002428a700f3ffa014000000000800e00369
:0c0c0800000000000800e00325100000c0
:020000040000fa
:020000041d02db
:100c1400090080100080023c1481828f060040503d
:100c24000080023c42004394400063301200605450
:100c3400620043900080023cdc3845940c00a01014
:100c44001881828f252000004200439440006330c5
:100c540005006010010084246200439001006330a9
:100c64000800601400000000f7ff85146c004224a3
:100c74000800e0032510000001006330eeff60501f
:0c0c84000080023c0800e00300000000bb
:020000040000fa
:020000041d02db
:100c90000080053c1038a5243400a28c0a004010c6
:100ca0000000000008008010000000000c00438cd1
:100cb0002b18640008006014000000000c00438c36
:100cc000232064000c0044ac1400a28c1000a2ace1
:100cd0000800e003000000000c00438c0c0040ac56
:100ce0001c00428cf8ff401023208300f6ff801088
:100cf000000000000c00438c2b186400f6ff601409
:0c0d000000000000edff001000000000eb
:020000040000fa
:020000041d02db
:100d0c000800e003000000002518e003009d043cef
:100d1c005837842416008010000000000000858cd9
:100d2c001300a010040084240000868c040084248a
:100d3c0000008b8404008424029d0c3c5c648c2594
:100d4c0080580b0021606c0100008c8d09f880012b
:100d5c00000000002520400003008424fcff062432
:100d6c002420c4000000858cecffa01400000000bf
:0c0d7c0025f860000800e0030000000003
:020000040000fa
:020000041d02db
:100d88001c00c010ffffc8240000a3800100a72496
:100d9800010082240e006010000083a02130a6000c
:100da800060000102128a8000100e724ffffe480c6
:100db80009008010ffff64a0251060002340a700f1
:100dc800f9ffc714010043240800e00300000000f5
:100dd8002518400025108000fbff00112120680025
:100de80001006324feff8314ffff60a00800e003f6
:0c0df8000a1082000800e00325108000b3
:020000040000fa
:020000041d02db
:100e040020000524000082800d004510f7ff4324d4
:100e14000500632c0a0060142b0003240a0043100d
:100e24002d00032403004314252800000100052499
:100e34000100842425100000070000100a00072484
:100e4400f0ff001001008424f9ff001025280000a1
:100e5400010084242310430000008380d0ff632416
:100e64000a00662cfaffc054021047700100a0501b
:0c0e7400231002000800e0030000000052
:020000040000fa
:020000041d02db
:100e80000800828ce8ffbd27010303241000b0afe7
:100e90001400bfaf300083a402004294320085a446
:100ea00025808000f35d400f360082a406004004d8
:100eb0001400bf8f030042382b1002001000b08fc7
:100ec0000800e0031800bd2702000224020002a669
:100ed000f7ff023c1c0002ae180000aeb398400fb2
:100ee000f7ff04241400bf8f251000001000b08ffe
:080ef0000800e0031800bd2713
:020000040000fa
:020000041d02db
:100ef8000080023c50014224080044140000000015
:100f08000200e010200003240000e3ac0300a0105e
:100f18002000c62c0300c0502c004b8c0800e003b6
:100f28002510000030004a8c3400498c3800488c69
:100f38003c00478c4000468c4400448c4800438c5d
:100f4800200002240000abac0400aaac0800a9ac45
:100f58000c00a8ac1000a7ac1400a6ac1800a4acf8
:080f68000800e0031c00a3ac2b
:020000040000fa
:020000041d02db
:100f70000400848ce8ffbd271400bfaf2400858cdb
:100f80000900a0100080033c843763241400628ca5
:100f90000800a58c3400638c231045002b104300ff
:100fa0000900401000000000d86f400f1400842496
:100fb0001400bf8ffcff43240a18020025106000b4
:100fc0000800e0031800bd27d86f400f24008424d8
:100fd0001400bf8ffcff43240a1802002510600094
:080fe0000800e0031800bd2722
:020000040000fa
:020000041d02db
:100fe800740087940010e7300500e0104800838cf7
:100ff80003006010010002240800e0030000000064
:10100800e8ffbd271000b0af44008624258080008b
:10101800400085242b3807001400bfafa573400f8c
:10102800252060000a004010480002ae74000396b4
:1010380001000424010002240463837c740003a6d5
:101048001400bf8f1000b08f0800e0031800bd2700
:08105800fbff00102510000051
:020000040000fa
:020000041d02db
:10106000e8ffbd271000b0af258080000000849409
:101070001400bfaf1935400f0000000002000496b5
:101080001935400f000002a60400048e1635400feb
:10109000020002a60800048e1635400f040002aebe
:1010a0000e0004961935400f080002ae1000049699
:1010b0001935400f0e0002a6120004961935400f94
:1010c000100002a61400bf8f120002a61000b08ffd
:0810d0000800e0031800bd2731
:020000040000fa
:020000041d02db
:1010d800040002241600c210020002241200c210ea
:1010e80000000000030002240f00a210000000000e
:1010f800420082942400888c2800878c1800868cf3
:101108001c00858c2000838cf8ff42300463027c2d
:10111800100088ac140087ac040086ac080085accd
:101128000c0083ac420082a40800e0030000000029
:1011380001000224efffa214420082940400a27c62
:081148000800e003420082a44c
:020000040000fa
:020000041d02db
:101150001000a88c2000a78ce0ffbd270c00039591
:101160001400b0af0800e73425808000f2ff63244c
:101170000080043c1800b1af1c00bfaf2588c00040
:101180002000a7acb43584240c0003a53691400f91
:101190002800b0ac050020161c00bf8f1800b18fce
:1011a0001400b08f0800e0032000bd2725200002b6
:1011b0001800b18f1400b08f010006241000052420
:0811c000335b400b2000bd274a
:020000040000fa
:020000041d02db
:1011c800e8ffbd271000b0af1400bfafda88400faa
:1011d800258080001300401009000524340006967d
:1011e80022000396fffdc230002064300002c6349e
:1011f8000b10c400fffe463000106330000142347b
:101208000b3043000d82400f2520000206004010dd
:101218001400bf8f040002241a0002a6080002244a
:101228001c0002a61400bf8f1000b08f0800e00356
:041238001800bd27b6
:020000040000fa
:020000041d02db
:10123c000400a28c0600422c180040140000000090
:10124c000000a58c0100a2900400432c1300601434
:10125c00000000005800839004006330030060100d
:10126c000200a6240800e003020042240300c38805
:10127c00300082240000c398330083a8000043b8d8
:10128c0059008290010003244408627c590082a01a
:10129c000100a2900800e003020042240800e003d1
:0412ac00ffff02241a
:020000040000fa
:020000041d02db
:1012b0001a00c0102520c000e0ffbd271c00bfaff2
:1012c0001800b2af1400b1af1000b0af2588a00075
:1012d0001994400f2580c0004100522c2000248e1c
:1012e000400003240b18520025280002253060001e
:1012f000f694400f259060002000228e219052002d
:10130000000040a21c00bf8f1800b28f1400b18fe4
:101310001000b08f0800e0032000bd270800e003a4
:0413200000000000c9
:020000040000fa
:020000041d02db
:101324001200a0500000828c0000a28c0800401023
:10133400000000000000468c0400838c060062104c
:101344000000a6ac0800838cffff6324080083ac74
:101354000800e003000000000800838c040085ac52
:10136400ffff63240800e003080083acf8ff40108b
:10137400000000000400838c04004350040080ac8f
:101384000000438cefff0010000083acedff001061
:04139400000080ac29
:020000040000fa
:020000041d02db
:10139800e8ffbd271000b0af1400bfaf3c0083903a
:1013a8000100022406006210258080001400bf8f0f
:1013b8000c0000ae1000b08f0800e0031800bd2735
:1013c8000c00848cfaff80101400bf8f2000828ce0
:1013d80008004230f7ff40540c0000ae817f400ff8
:1013e800000000003e0002920c0000aeffff422405
:1013f8003e0002a21400bf8f1000b08f0800e00367
:041408001800bd27e4
:020000040000fa
:020000041d02db
:10140c002c81828fe8ffbd270c0040101400bfaf69
:10141c00b49a400f00000000288183930e006014e2
:10142c00ffff6324b69a400f252040001400bf8fa5
:10143c002c81828f0800e0031800bd27de7c400f52
:10144c00000000002c81828ff1ff40141400bf8f2c
:10145c000800e0031800bd2725204000b69a400f75
:10146c00288183a31400bf8f2c81828f0800e00396
:04147c001800bd2770
:020000040000fa
:020000041d02db
:10148000c0ffbd273400b0af040006242580a000b3
:10149000040005243c00bfaf3800b1afd88c400f2a
:1014a00025888000a010107c021422002000a527af
:1014b00025202002040006241000a2af2030400f97
:1014c0002000a2af1000a527252020025a000224e8
:1014d000010006242030400f1000a2a33c00bf8f63
:1014e000251000003800b18f3400b08f0800e003f1
:0414f0004000bd27d4
:020000040000fa
:020000041d00dd
:10011000029d023c783a428ce0ffbd27029d053cdf
:100120001c00bfaf1800b1af1400b0af4069a524e8
:1001300009f84000252000000080113c029d053c8c
:10014000283930262869a52425200000b751400f02
:10015000080002ae029d053cc067a52425200000d2
:100160007e96400f283922ae1c00bf8f0c0002aed5
:100170001800b18f1400b08f0800e0032000bd27e5
:020000040000fa
:020000041d00dd
:100190000010a230080040140002a5300200022422
:1001a000020082a4fbff023c180080ac1c0082ac61
:1001b000b398400bfbff04240900a01402000224a2
:1001c0002000c630020082a40b00c014180080acce
:1001d000f8ff023c1c0082acb398400bf8ff0424eb
:1001e000020082a4f9ff023c180080ac1c0082ac23
:1001f000b398400bf9ff04240800e0031c0080ac16
:020000040000fa
:020000041d02db
:1014f4004400828ce8ffbd271000b0af4000428c4e
:10150400258080001800848c1400bfaf25380000ab
:101514008400062609f8400025280000060040043f
:101524001400bf8f01000224900002ae1000b08f9f
:101534000800e0031800bd27200002920429027c61
:10154400c687400f200002a21400bf8f7c0002aea9
:10155400900000ae1000b08f0800e0031800bd2713
:020000040000fa
:020000041d02db
:101564000400a28c0600422c170040140000000066
:101574000000a38c04000224010065901200a21450
:1015840000000000580085900400a5300300a0105e
:10159400060002240800e0030000000002006324a7
:1015a400030066883400852400006698370086a806
:1015b4000000a6b859008390010005248410a37c80
:1015c4000800e003590083a00800e003ffff0224a1
:020000040000fa
:020000041d02db
:1015d40013008004251800009080828fe8ffbd2747
:1015e4002a1082000a0040101400bfafbc99400fbb
:1015f4000000000006004010251840003c00449004
:1016040001000224080082100000000025180000d8
:101614001400bf8f251060000800e0031800bd27e8
:101624000800e003251060004896400f2520600064
:10163400f7ff405025180000f5ff00100800638ce8
:020000040000fa
:020000041d02db
:10164400e0ffbd271400b0af1c00bfaf1800b1af5e
:1016540011008004258000009080838f2a1083006d
:101664000e0040101c00bf8fbc99400f000000000a
:1016740009004010258840003000428c010040548d
:10168400360030964591400f4c0024262528400012
:10169400ea74400f252020021c00bf8f2510000291
:1016a4001800b18f1400b08f0800e0032000bd279c
:020000040000fa
:020000041d02db
:1016b400e0ffbd271400b0af0080103c1c00bfaf9a
:1016c4001800b1afb49a400f103810262588400096
:1016d4000400028e1800428c09f84000000000004b
:1016e4001000038e2800068e2c00078e231843005a
:1016f40025202002218866002b182302b69a400f69
:10170400218067001c00bf8f2510200225180002cd
:101714001800b18f1400b08f0800e0032000bd272b
:020000040000fa
:020000041d02db
:10172400170080100080073c4c01e28cf0ff8624f7
:10173400150040102540e000f0ff838c0000458c2c
:1017440021488300070049141000a5241000428c8e
:1017540021186500f0ff83ac000082ac0800e003b0
:101764004c01e6ac213845000300c714211865007c
:101774000800e003000043ac000082ac4c0106ad5d
:101784000800e00300000000fcff0010000080ac33
:020000040000fa
:020000041d02db
:10179400180080100080033c0800858cb836632450
:1017a4001000a314f5ff0224020083840200022423
:1017b4000e006214000000000a00c050f7ff02246b
:1017c40001000224020082a404000224180082ac56
:1017d4000100023c1c0082ac280086ac0800e00337
:1017e400010002240800e003000000000800e003f8
:0c17f400f6ff02240800e003f5ff0224c9
:020000040000fa
:020000041d02db
:10180000180080100080033c0800858cb8366324e3
:101810001000a314f5ff02240200828402000324b6
:101820000e004314000000000900c0100100032452
:10183000180082ac0100023c1c0082ac280086ac7f
:10184000200087a4020083a40800e0030100022412
:10185000f7ff02240800e003000000000800e00396
:0c186000f6ff02240800e003f5ff02245c
:020000040000fa
:020000041d02db
:10186c00e0ffbd271400b0af2580a00001000524c7
:10187c001c00bfaf5f7f400f1800b1af0d00405090
:10188c00ffff10240800438c03007014fdff10248c
:10189c00080040ac25800000b49a400f0400518c25
:1018ac00252040000000229201004224b69a400fed
:1018bc00000022a21c00bf8f251000021800b18f5f
:0c18cc001400b08f0800e0032000bd27ce
:020000040000fa
:020000041d02db
:1018d800e0ffbd271800b1af258880001400b0af25
:1018e8002520a0002580a0001c00bfafb292400fa9
:1018f800252820020a0040506400198e2800058e11
:10190800240004866c00038e241045000a20447cc1
:101918001000828c09f86000000040ac6400198e49
:101928005c00048e252820021c00bf8f1800b18f90
:0c1938001400b08f080020032000bd2721
:020000040000fa
:020000041d02db
:10194400e0ffbd271400b0af280003244004f07c5e
:10195400140002241800b1af0b1070002588a000f9
:101964002128a600212845002530e000ffffa530ee
:101974001c00bfafe769400f2580400007004010fe
:101984001c00bf8f060020121800b18f1800438c72
:10199400218070001c0050ac1c00bf8f1800b18f58
:0c19a4001400b08f0800e0032000bd27f5
:020000040000fa
:020000041d02db
:1019b0001800a010000000000080023c8c37428c10
:1019c0001200401025408000d8ffbd270080043c55
:1019d0002548c0002518a0001000a62710000724e5
:1019e00025284000a43784242400bfaf1000a0aff6
:1019f0001400a3af1800a9afad81400f1c00a8af21
:101a00002400bf8f0800e0032800bd270800e00382
:0c1a1000000000000800e00325100000aa
:020000040000fa
:020000041d02db
:101a1c00e8ffbd271000b0af1400bfafe684400f45
:101a2c00258080004000028e25200002448c027c20
:101a3c00878f400f400002ae2c00048e03008010f4
:101a4c0009000624a994400fefff0524120002861a
:101a5c008c80848f25280002801802009480828f4d
:101a6c000c00998c1400bf8f1000b08f2110430014
:0c1a7c00000040ac080020031800bd274b
:020000040000fa
:020000041d02db
:101a88001600c01000000000140080049080888fa9
:101a9800e8ffbd271400bfaf2a1888000c006010ab
:101aa80025100000bc99400f0000000009004010fc
:101ab8001400bf8f5800438c0a00605425100000a2
:101ac800580046ac5c0047ac600045a42510c00037
:101ad8001400bf8f0800e0031800bd270800e003ca
:0c1ae800251000000800e0031800bd27d6
:020000040000fa
:020000041d02db
:101af4004000839442008794600086946200859439
:101b04002118670021186600261865009880858fc3
:101b1400e8ffbd27720083a482280500500085ac2d
:101b2400780080a0010006241400bfaf750b400f9d
:101b340002000524040040101400bf8f0400401864
:101b4400010002241400bf8f0800e0031800bd2721
:0c1b5400ffff02240800e0031800bd277a
:020000040000fa
:020000041d02db
:101b60001600800425100000a880838f2b188300a6
:101b700012006010b880838f802004000a20647ceb
:101b80000e008010000000001c00838c2000858c5b
:101b90002b1065000b004050231065001800828c4c
:101ba0001400848c23104500231864002110430086
:101bb000010042240800e003ffff42300800e00378
:0c1bc000000000000800e003ffff4230be
:020000040000fa
:020000041d02db
:101bcc0018008010000000002400838ce8ffbd2763
:101bdc001000b0af1400bfaf0e0060102580800065
:101bec003000838c0b00601424000624cb95400f2e
:101bfc00252800004400028e09f840004000048ea5
:101c0c00251000001400bf8f1000b08f0800e003f7
:101c1c001800bd27f9ff0324380003aef9ff0010ac
:0c1c2c00f9ff02240800e003f7ff022487
:020000040000fa
:020000041d02db
:101c3800d0ffbd272800b2af2400b1af2000b0af5d
:101c48002588a000258080002590c0002c00bfaf0b
:101c5800d88c400f04000524ffff463225282002b7
:101c68002030400f252000021000a5272520000263
:101c78005a000224010006242030400f1000a2a3bd
:101c88002c00bf8f251000002800b28f2400b18fd0
:0c1c98002000b08f0800e0033000bd27e2
:020000040000fa
:020000041d02db
:101ca400200003240b20a5000b180500022c0400bf
:101cb4000400a014021205001000633425288000db
:101cc40002120500040040140221020008006334db
:101cd4002510a00002210200040080548210040098
:101ce40004006334252040008210040004004054a2
:101cf40042100200020063342510800042100200ea
:0c1d0400010042380800e00325104300f5
:020000040000fa
:020000041d02db
:101d1000e0ffbd271800b1af258880001400b0afe8
:101d20002520a0002580a0001c00bfafb292400f6c
:101d30002528200208004010401006242800058ea7
:101d4000240004867000038e241045000a20447c81
:101d500009f86000feff05246400198e5c00048e03
:101d6000252820021c00bf8f1800b18f1400b08fef
:081d7000080020032000bd273c
:020000040000fa
:020000041d02db
:101d7800e0ffbd271800b2af259080001c00bfaf60
:101d88001400b1af9a89400f1000b0af4c005196c3
:101d98002580400040801000ffff31269996400fb3
:101da800028822721b005000f4010002108000001b
:101db80021801102c687400f000050ae1c00bf8f63
:101dc800040042ae1400b18f1800b28f1000b08f1b
:081dd8000800e0032000bd2714
:020000040000fa
:020000041d02db
:101de0006880828fe8ffbd271400bfaf0500401c4c
:101df0001000b0af1400bf8f1000b08f0800e003d8
:101e00001800bd27258080001000848c0100062466
:101e10008c63400f010005241800038e0200022489
:101e2000f5ff62141400bf8f6880828fffff422489
:101e3000f0ff4014688082afc871400f00000000be
:081e4000ecff0010588080af98
:020000040000fa
:020000041d02db
:101e48003c008284e8ffbd271000b0af0c000324db
:101e580025808000ac80848f1400bfaf760003a279
:101e680080180200b880828f1400058e0c00868cc2
:101e78002110430009f8c000000040acac80848ffa
:101e88000c00828c09f840000000058eac80848f1d
:101e9800252800021400bf8f1000b08f0c00998c09
:081ea800080020031800bd270b
:020000040000fa
:020000041d02db
:101eb0000e00a01000000000feff82242600422c2d
:101ec0000a004010000000000080023c00210400d5
:101ed000342f4224211044000000438c0500601080
:101ee0000000000003006510000000000800e0038f
:101ef000251000000500c010000045ac0081838f54
:101f00002b20c300201e037c0b3064000c0046a471
:081f10000800e0030a0046a4ea
:020000040000fa
:020000041d02db
:101f18001c81828fe8ffbd270b0040101400bfaf63
:101f2800ad85400f000000001c81868f2538000019
:101f380025204000c323400f252860001400bf8fd0
:101f48000800e0031800bd27f392400f01000424a5
:101f5800ad85400f1c8182af1c81868f253800001b
:101f680025204000c323400f252860001400bf8fa0
:081f78000800e0031800bd277a
:020000040000fa
:020000041d02db
:101f80001c81828fe8ffbd270b0040101400bfaffb
:101f9000ad85400f000000001c81868f25380000b1
:101fa00025204000c323400f252860001400bf8f68
:101fb0000800e0031800bd27f392400f010004243d
:101fc000ad85400f1c8182af1c81868f25380000b3
:101fd00025204000c323400f252860001400bf8f38
:081fe0000800e0031800bd2712
:020000040000fa
:020000041d02db
:101fe800160080100080033c0800848cb8366324f7
:101ff80010008314f5ff0224c1bf033cc0ff628cac
:10200800c0ff638c200006240006427c4006637ce7
:1020180010000424010042240500a0100b20c30076
:10202800251044000000a2ac0800e00325100000c1
:10203800251000000800e003000000000800e0038d
:04204800f5ff02247a
:020000040000fa
:020000041d02db
:10204c000800838ce8ffbd271000b0af1000628c35
:10205c001400bfaf010005240600473004004634cd
:10206c000a10c70038004730200046340a10c70059
:10207c00100062aca083400f258080000600401049
:10208c001400bf8f040002241a0002a601000224cf
:10209c001c0002a61400bf8f1000b08f0800e003d4
:0420ac001800bd2734
:020000040000fa
:020000041d02db
:1020b00064df019dc449029d6c58029dac5d029d88
:1020c0003c40029d1059019de827029d9450029dbd
:1020d000c050029dfc28029df842029dfc89019d92
:1020e000a82d029de81f029d4428029d9417029d81
:1020f0000018029da028029dbc42029d344d029d05
:10210000f8c0019d84a8019d6c5b029d4858029d0a
:04211000ec50029df0
:020000040000fa
:020000041d02db
:102114000400a28c0900422c140040143d00032446
:102124000000a58c3c0082240000a3a00700032427
:102134000100a3a0010003240200a3a00b2044007b
:10214400030086880300a324090002240000869863
:102154000600a6a8000066b804008590040065a0e7
:10216400050084900800e003050064a00800e00373
:04217400ffff022443
:020000040000fa
:020000041d02db
:10217800e0ffbd271400b0af0d0090901c00bfaf6a
:10218800070000161800b1af1c00bf8f2510000211
:102198001800b18f1400b08f0800e0032000bd279d
:1021a800b49a400f258880000c0023922520400017
:1021b80001006324b69a400f0c0023a21c00bf8fb5
:1021c800251000021800b18f1400b08f0800e0033a
:0421d8002000bd27ff
:020000040000fa
:020000041d02db
:1021dc00e8ffbd271400bfafbc99400f0000000002
:1021ec0004004010251800003c00449005008510a8
:1021fc00010005241400bf8f251060000800e003c7
:10220c001800bd27fbff8514251800004000458ce5
:10221c000300a730f8ffe0141400bf8f0000c38c3c
:10222c000442857c400045ac140043acf1ff001027
:04223c000100032476
:020000040000fa
:020000041d02db
:102240000080023cdc3845940e00a0101881838f7a
:1022500042006294400042300c0040141481828f8e
:10226000050000102520000042006294400042302a
:10227000060040141481828f01008424faff851423
:102280006c006324251800001481828f0300401025
:10229000000000000800e003000000000800e00368
:0422a000148183af73
:020000040000fa
:020000041d02db
:1022a4000000a58c0001023c7f0042241300a21010
:1022b400000000000080023cdc3846940c00c01092
:1022c4001881828f0400438c0a00a31000000000d0
:1022d40004000010251800000400448c0500a4101c
:1022e4000000000001006324fbff66146c0042241c
:1022f400251000000800e003000000000800e003cf
:042304002510800020
:020000040000fa
:020000041d02db
:10230800029d023cd0ffbd27684742241400a2afbb
:10231800010002241800a2af029d023c08344224a6
:102328001000a527252000001c00a2af0a000224e7
:102338002c00bfaf2000a2af0b70400f2400a0af4d
:102348000080033c1299400f2c3962ac048c400f7a
:10235800000000002c00bf8f0800e0033000bd27fc
:020000040000fa
:020000041d02db
:10236800e8ffbd271000b0af1400bfaf6f6e400f7d
:1023780025808000060040041400bf8f0200423808
:102388002b1002001000b08f0800e0031800bd27d2
:1023980002000224020002a6f7ff023c1c0002ae63
:1023a800180000aeb398400ff7ff04241400bf8f45
:1023b800251000001000b08f0800e0031800bd27aa
:020000040000fa
:020000041d02db
:1023c800e8ffbd271000b0af1400bfafda88400f98
:1023d80025808000090040101400bf8f2800038e5c
:1023e800090060543400049602000224020002a688
:1023f800180000ae1c0000ae1400bf8f1000b08f94
:102408000800e0031800bd278000827c04004534e2
:10241800100084300b10a400f3ff0010000062ac21
:020000040000fa
:020000041d02db
:1024280090ffbd276800b0af258080006480848756
:102438001000a5276c00bfaf3c5a400f3400a0af76
:10244800580002923400a38f4800048e4d00423099
:1024580032004234280003ae09000324560003a6c4
:1024680003008010580002a20b6f400f25280000bf
:102478006c00bf8f6800b08f0800e0037000bd27b4
:020000040000fa
:020000041d02db
:10248800e8ffbd271000b0af1400bfafba8f400ff0
:10249800258080000a0040101400bf8f0400038ebe
:1024a80007006050251000004200039608006330c2
:1024b800060060541000038e251000001400bf8f22
:1024c8001000b08f0800e0031800bd27fcff60145f
:1024d8001400bf8f1400028ef9ff00102b100200a9
:020000040000fa
:020000041d02db
:1024e8000200022414008210010004242510e000d8
:1024f800e8ffbd272538c0002530a0001400bfaf75
:102508007031400f25284000ffff032407004310c7
:102518009480848f80180200010005240a18837ca7
:102528004000648c448ca47c400064ac1400bf8fd1
:102538000800e0031800bd270800e003ffff02249d
:020000040000fa
:020000041d02db
:1025480025108000040003244227040003008310a0
:10255800251840000800e003000000000418037c70
:10256800233043000f00a5242128c50002290500b7
:102578000700a01000000000002905002128a30082
:10258800000075bc10006324fdff65140000000006
:102598000f0000000020033c0800e0032510430062
:020000040000fa
:020000041d02db
:1025a80012008010000000000000878c0f00e0106f
:1025b800000000000080023cdc3846940b00c0108c
:1025c8001881828f25200000420043944000633028
:1025d80004006010010084240400438c0600e3100a
:1025e80000000000f8ff86146c0042240200a010ce
:1025f800251000001481828f0800e003000000000d
:020000040000fa
:020000041d02db
:102608005000838c14006010000000004400828c8d
:10261800e0ffbd271c00bfaf3000428c09f8400026
:10262800252060000a0041041c00bf8f029d053c64
:10263800029d043cac1106240c64a524a44f8424f8
:102648005379400f1000a2af1000a28f1c00bf8f5b
:102658000800e0032000bd270800e003f2ff022481
:020000040000fa
:020000041d02db
:102668001c81828fe8ffbd270a0040101400bfaf0d
:102678003b9a400f000000001c81838f1400bf8f1d
:102688001800bd271b004300f40160000800e003a8
:1026980012100000f392400f010004243b9a400fef
:1026a8001c8182af1c81838f1400bf8f1800bd2747
:1026b8001b004300f40160000800e0031210000052
:020000040000fa
:020000041d02db
:1026c800f8ffbd270400bfaf006802400008033cc4
:1026d8002510430000688240c000000081bf033c11
:1026e80001000424c40064ac2510000000488240a6
:1026f800c0000000ffff022400588240c000000014
:1027080000680240c4de027c00688240c00000000d
:102718000400bf8fc80064ac0800e0030800bd27b0
:020000040000fa
:020000041d02db
:102728001500801000000000e0ffbd271800b2afc0
:102738001400b1af1000b0af1c00bfaf25808000ff
:102748002588c0008477400f2590a000050040141c
:102758001c00bf8f6c0012ae700011ae740000ae8a
:102768001c00bf8f1800b28f1400b18f1000b08ffb
:102778000800e0032000bd270800e00353ff0224ff
:020000040000fa
:020000041d02db
:102788001000828ce0ffbd271800b1af2b88c20073
:102798000a3051001c00bfaf0c00c0101400b0afcd
:1027a800258080001400848cf694400f2588c00092
:1027b8001400028e1000068e211051002388d100cb
:1027c800140002ae100011ae000040a01c00bf8f24
:1027d8001800b18f1400b08f0800e0032000bd2757
:020000040000fa
:020000041d02db
:1027e800140080100080023c0800838cb836422414
:1027f80010006214000000000c00828ce8ffbd2766
:102808001000b0af1c00428c258080001000848c22
:102818001400bfaf09f8400000000000000000a24b
:102828001400bf8f020000a61000b08f0800e0035c
:0c2838001800bd270800e00300000000ad
:020000040000fa
:020000041d02db
:10284400140080100080033c0800858cb836632493
:102854000e00a314f5ff0224020083840200022464
:102864000a006254f6ff022401000224020082a43a
:1028740003000224180082ac0100023c1c0082ac5c
:10288400280086ac0800e003010002240800e003ed
:0c289400000000000800e003f5ff022433
:020000040000fa
:020000041d02db
:1028a000140080100080033c0800868cb836632436
:1028b0000e00c314f5ff02240200838402000224e8
:1028c0000a006254f6ff022401000224020082a4de
:1028d00006000224180082ac0100023c1c0082acfd
:1028e000280085ac0800e003010002240800e00392
:0c28f000000000000800e003f5ff0224d7
:020000040000fa
:020000041d02db
:1028fc00140080100080033c0800858cb8366324db
:10290c000e00a314f5ff0224e8ffbd2702000224e9
:10291c001400bfaf020082a4f4ff023c1c0082ac86
:10292c00180080acb398400ff4ff04241400bf8f40
:10293c00251000000800e0031800bd270800e00384
:0c294c00000000000800e003f5ff02247a
:020000040000fa
:020000041d02db
:10295800e8ffbd271000b0af1400bfafda88400f02
:102968002580800005004054340002961400bf8f73
:102978001000b08f0800e0031800bd2704000524ec
:1029880025200002a083400f220002a6f8ff401075
:102998001400bf8f070002241a0002a61c0000a61c
:0c29a8001000b08f0800e0031800bd27ed
:020000040000fa
:020000041d02db
:1029b400e8ffbd271000b0af1400bfafda88400fa6
:1029c4002580800005004054340002961400bf8f17
:1029d4001000b08f0800e0031800bd27050005248f
:1029e40025200002a083400f200002a6f8ff40101b
:1029f4001400bf8f060002241a0002a61c0000a6c1
:0c2a04001000b08f0800e0031800bd2790
:020000040000fa
:020000041d02db
:102a1000e8ffbd271000b0af1400bfafda88400f49
:102a20002580800005004054340002961400bf8fba
:102a30001000b08f0800e0031800bd270600052431
:102a400025200002a083400f260002a6f8ff4010b8
:102a50001400bf8f050002241a0002a61c0000a665
:0c2a60001000b08f0800e0031800bd2734
:020000040000fa
:020000041d02db
:102a6c00e8ffbd271000b0af1400bfafda88400fed
:102a7c002580800005004054340002961400bf8f5e
:102a8c001000b08f0800e0031800bd270a000524d1
:102a9c0025200002a083400f240002a6f8ff40105e
:102aac001400bf8f040002241a0002a61c0000a60a
:0c2abc001000b08f0800e0031800bd27d8
:020000040000fa
:020000041d02db
:102ac800e8ffbd27010005241400bfaf5f7f400f5a
:102ad8001000b0af0d00401025804000cc30400ff2
:102ae80025204000b49a400f0400108e2520400095
:102af8000000029201004224000002a21400bf8fcd
:102b08001000b08fb69a400b1800bd271400bf8f75
:0c2b18001000b08f0800e0031800bd277b
:020000040000fa
:020000041d02db
:102b2400000082948439027c251045000800c010fe
:102b3400000082a40300c2880000c298100082ac86
:102b44000400c290140082a00500c290150082a067
:102b54000080023c9837428c01000324160083a4b1
:102b64000400e0100c0082ac040085242e77400b96
:0c2b74002520e0000800e0030000000045
:020000040000fa
:020000041d02db
:102b8000e0ffbd271400b0af2580800024008484be
:102b90001800b1afffff1124040091101c00bfaf5b
:102ba0004773400f00000000240011a60c00048ea3
:102bb0000500805025200002bf97400f0000000054
:102bc0000c0000ae252000021c00bf8f1800b18f42
:0c2bd0001400b08f8e74400b2000bd2755
:020000040000fa
:020000041d02db
:102bdc00130080049080868fe8ffbd271400bfafe0
:102bec002a1086000a00401025180000bc99400fde
:102bfc000000000006004010010004244000438c3b
:102c0c00280045a4448c837c400043ac0100032481
:102c1c001400bf8f251060000800e0031800bd27ca
:0c2c2c00251800000800e00325106000df
:020000040000fa
:020000041d02db
:102c38001300a010212885001c81023cc59d423448
:102c480000310200401802002118660021186200b5
:102c5800c031020001008424003a020021186600f5
:102c6800ffff86900016020021186700211043001c
:102c7800f3ff85142610c2000800e00300000000de
:0c2c88001c81023c0800e003c59d4234a2
:020000040000fa
:020000041d02db
:102c94001200801000000000420083944000633062
:102ca40003006014251000000800e0030000000089
:102cb4000000a58cffff02240a00a21000000000ff
:102cc4000800838c0400848c271003002510440022
:102cd400261045000800e0030100422c0800e00330
:0c2ce400251000000800e003010002249d
:020000040000fa
:020000041d02db
:102cf00014008010000000004567023c01234224bc
:102d00004c0082accdef023c89ab4234500082ac27
:102d1000ba98023cfedc4234540082ac3210023cd1
:102d200076544224580082ac5c0080ac000080ac39
:102d3000040080ac080080ac600080ac0800e003b8
:0c2d4000251000000800e00353ff0224ef
:020000040000fa
:020000041d02db
:102d4c00000082801300401000000000e0ffbd274f
:102d5c001800b0af1c00bfaf25808000010010260a
:102d6c001000a2a3010005243454400f1000a42726
:102d7c00fdff40100100052400000282f8ff401402
:102d8c00010010261c00bf8f1800b08f0800e00354
:0c2d9c002000bd270800e003000000003c
:020000040000fa
:020000041d02db
:102da800130080100080033c0800858cb83663242b
:102db8000d00a314f5ff02240200838402000224fc
:102dc80009006254f6ff022401000224020082a4d2
:102dd80005000224180082ac0100023c1c0082acf1
:102de8000800e003010002240800e00300000000de
:082df8000800e003f5ff0224ce
:020000040000fa
:020000041d02db
:102e000040100100fc67029db470009d844e029d3d
:102e10008869029dfc54029dfc54019d7c41029de9
:102e20007852029d3404029d4c6f019d9069029d71
:102e300040e7019d9ccf009db4a6019d004e019de1
:102e4000b404029d18d5019df80e029dc049019d54
:082e50008cba019d1c5e029d7d
:020000040000fa
:020000041d02db
:102e58001300a010000000000c01828c0800468cb2
:102e68000e00c010253800000000c38c0400601458
:102e7800000000000a0000100000a7ac2518800020
:102e88000400c28c0000648c25306000c001427cc4
:102e98000100422cf9ff80142138e2000000a7aca1
:082ea8000800e0032510000002
:020000040000fa
:020000041d02db
:102eb0001300a010000000000401828c0800468c62
:102ec0000e00c010253800000000c38c0400601400
:102ed000000000000a0000100000a7ac25188000c8
:102ee0000400c28c0000648c25306000c001427c6c
:102ef0000100422cf9ff80142138e2000000a7ac49
:082f00000800e00325100000a9
:020000040000fa
:020000041d02db
:102f08000000c2940100433011006010800042307c
:102f1800e8ffbd271400bfaf040040141000b0af95
:102f28000000a294ffff42240000a2a40000848ca9
:102f38002580c0005395400f2528c000260000a614
:102f48001400bf8f1000b08f0800e0031800bd27e1
:082f58000800e0030000000086
:020000040000fa
:020000041d02db
:102f6000e8ffbd272000073c1000b0af0600e724b3
:102f70002580800004000624140005241400bfaf3f
:102f80005186400f7800042407004010029d033c46
:102f90000100042444836324080043ac0c0050acbb
:102fa000700044a4580044a41400bf8f1000b08fd8
:082fb0000800e0031800bd2732
:020000040000fa
:020000041d02db
:102fb800e0ffbd271400b0af258080002520a000c9
:102fc800252800021800b1af1c00bfafab78400f36
:102fd8002588c00006004010251800000c00228e2d
:102fe8002528000209f840002520200201000324ba
:102ff8001c00bf8f251060001800b18f1400b08f1f
:083008000800e0032000bd27d1
:020000040000fa
:020000041d02db
:1030100081bf033c00100424040007245476023cc2
:10302000080064ac00040624480167ac0004053cb9
:10303000103242240400073c880366ac252040007f
:10304000880367ac880365aca80366acd80365ac9d
:10305000100062ac1000628cfeff441400000000ff
:083060000800e003000000007d
:020000040000fa
:020000041d02db
:10306800029d063c251000007062c624401802002c
:1030780021186600000067800300e0540000858c7a
:103088000800e00301006290010042240000a880cb
:1030980004000715ff004230010062900100a524da
:1030a800000085ac0b00432cf1ff601440180200af
:0830b8000800e0030000000025
:020000040000fa
:020000041d02db
:1030c000e0ffbd271800b2af1000b0af2590c000e0
:1030d00025808000ff00a5301c00bfaf1400b1aff9
:1030e0009099400f2588e000ff0045329499400fe9
:1030f0002520000225282002252000021c00bf8f69
:103100001800b28f1400b18f1000b08fb08e400b3a
:043110002000bd27b7
:020000040000fa
:020000041d02db
:10311400e0ffbd271800b1af1400b0af2588c00090
:10312400258080001c00bfaf9099400fff00a530a0
:10313400ff0025329499400f252000029899400ff2
:10314400252000029c99400f252000021c00bf8fff
:10315400040002241800b18f1400b08f0800e003ab
:043164002000bd2763
:020000040000fa
:020000041d02db
:103168001200a010000000000c01828c0800468ca0
:103178000d00c010253800000000c38c0400601446
:1031880000000000090000100000a7ac251880000e
:103198000400c28c0000648c25306000c001427cb1
:1031a800faff80142138e2000000a7ac0800e00311
:0431b80025100000de
:020000040000fa
:020000041d02db
:1031bc000400a28c0600422c1000401400000000f9
:1031cc000000a38c04000224010064900b00821404
:1031dc000000000002006490060002241300a4a06a
:1031ec00030064901200a4a0040064901100a4a039
:1031fc00050063900800e0031000a3a00800e003a2
:04320c00ffff02249a
:020000040000fa
:020000041d02db
:103210000400a28c0600422c1000401400000000a4
:103220000000a38c04000224010064900b008214af
:103230000000000002006490060002241700a4a011
:10324000030064901600a4a0040064901500a4a0dc
:10325000050063900800e0031400a3a00800e00349
:04326000ffff022446
:020000040000fa
:020000041d02db
:103264000400a28c0600422c100040140000000050
:103274000000a38c04000224010064900b0082145b
:103284000000000002006490060002241b00a4a0b9
:10329400030064901a00a4a0040064901900a4a080
:1032a400050063900800e0031800a3a00800e003f1
:0432b400ffff0224f2
:020000040000fa
:020000041d02db
:1032b800020000004c8b009db0f9019d0300000046
:1032c800701c019db457019d060000003c9c019da7
:1032d8008836029d09000000bc5f019d9cf7009d97
:1032e8000a000000ec1f019d8870019d0c00000081
:1032f800fcd1009de01d029d0f000000689d009d0f
:04330800f0ef019d44
:020000040000fa
:020000041d02db
:10330c00e8ffbd27029d043c1000b0af5cc68424ce
:10331c00029d103c1400bfafdc8f400f4c8180af7e
:10332c00dc8f400f64c60426029d043cdc8f400fea
:10333c00a4c68424dc8f400f64c604261400bf8fff
:10334c001000b08f029d043ce4c68424dc8f400b3b
:04335c001800bd2771
:020000040000fa
:020000041d02db
:10336000a028057cd0ffbd27022c2500a5ff022444
:103370002000a5af2c00bfaf1000a2a31400a5ab86
:10338000a010067c1100a5bb021422002000a2aff1
:103390001000a5271800a2ab090006242030400f1a
:1033a0001500a2bb2c00bf8f251000000800e00311
:0433b0003000bd2705
:020000040000fa
:020000041d02db
:1033b4000000043ce8ffbd270000842403008010c3
:1033c4001400bfaf09f88000000000000000843042
:1033d4000000a530019d083c84f3082509f800018c
:1033e400000000000000023c0000422403004010e2
:1033f4000000000009f8400000000000f9ff001080
:0434040000000000c4
:020000040000fa
:020000041d02db
:10340800030000007064029d060000000000000038
:10341800020000005c54029d090000003869029d0a
:103428000a0000003069029d0c0000008064029dc3
:103438000f0000004860029d20000000000000000e
:10344800010000009002008040100000ac5a029d6c
:020000040000fa
:020000041d02db
:1034580000290400c21904000040a53042110400ec
:1034680004006330251865000800423080290400f4
:10347800251043004020a530c01804002528a200cc
:103488008003633080100400251865002000423056
:10349800251043004008847c0800e00325108200c2
:020000040000fa
:020000041d02db
:1034a8000400a28c0500422c0f004014029d043c2d
:1034b8000000a28ccc578324cc57859001006490df
:1034c8000200639037000624000046a0030006248b
:1034d800010046a0020045a0030044a0040043a048
:1034e8000800e003050002240800e003ffff0224af
:020000040000fa
:020000041d02db
:1034f8000000828c1000401000000000e8ffbd278b
:103508001000b0af258080001400bfaf538e400f6d
:10351800252040001873400f240004261873400f1c
:1035280014000426040004261400bf8f1000b08f76
:103538001873400b1800bd270800e00300000000c6
:020000040000fa
:020000041d02db
:10354800e0ffbd271800b1af258880002520a00026
:103558001c00bfaf1400b0af1994400f2580a00025
:10356800252840000e8b400f252000020c00238eda
:103578001c00bf8f1800b18f1b004300f4016000ce
:103588001400b08f2000bd270800e00310100000d1
:020000040000fa
:020000041d02db
:10359800e0ffbd271c00bfaf1800b1af1400b0afeb
:1035a800040080ac000080ac080080ac258080005e
:1035b800b49a400f0100112425204000b69a400f0c
:1035c8000c0011a21c00bf8f0d0011a201000224e3
:1035d8001800b18f1400b08f0800e0032000bd2749
:020000040000fa
:020000041d02db
:1035e800544350204e554c4c2064796e616d69638c
:1035f80020616c6c6f636174696f6e2068616e64c2
:103608006c652f696e697420646174610000000044
:10361800205443502044796e616d696320616c6c5d
:103628006f636174696f6e206661696c6564000020
:020000040000fa
:020000041d02db
:103638000e00800425100000a880838f2b188300bb
:103648000a006010b880838f802004000a20647c00
:10365800060080100000000076008490fdff83249f
:103668000300632c03006010010002240800e0033b
:1036780000000000080082380800e0030100422c26
:020000040000fa
:020000041d02db
:10368800c480828fe8ffbd27050040181400bfaf33
:103698001800848c0200032404008350ffff422496
:1036a8001400bf8f0800e0031800bd27fcff40147a
:1036b800c48082afc080848ffaff80101400bf8f4f
:1036c800bf97400f00000000f5ff0010c08080afda
:020000040000fa
:020000041d02db
:1036d800e0ffbd271800b1af1400b0af1c00bfafaa
:1036e80025888000040000102580a0000c00028eb0
:1036f80009f8400000000000d86f400f2520200284
:1037080025284000f9ff4014252000021c00bf8f27
:103718001800b18f1400b08f0800e0032000bd2707
:020000040000fa
:020000041d02db
:10372800495076343a204661696c656420746f208c
:10373800726567697374657220415250206e6f74a8
:10374800696669636174696f6e21200d0a00000063
:10375800495076343a2041525020656e747269653a
:103768007320706f6f6c20656d707479210d0a007d
:020000040000fa
:020000041d02db
:1037780011008010000000000300a01000000000ed
:103788000000a28c040082ac0300c01000000000fe
:103798000000c28c080082ac0400e0504200829411
:1037a8000000e28c0c0082ac420082941000a393cb
:1037b8000463627c420082a40800e0030000000069
:020000040000fa
:020000041d02db
:1037c800d8ffbd272000b1af258880002400bfaff7
:1037d8001c00b0af00607041c00000003397400f7c
:1037e8000000000025202002ad95400f1000a2af78
:1037f800c195400f010004322400bf8f1000a28f32
:103808002000b18f1c00b08f0800e0032800bd27fe
:020000040000fa
:020000041d02db
:10381800e0ffbd271c00bfaf0385400f1000a0af1d
:1038280004004010040006241000a527c396400f8a
:1038380025204000b49a400f00000000288183939f
:103848002520400001006324b69a400f288183a3f5
:103858001c00bf8f1000a28f0800e0032000bd27c6
:020000040000fa
:020000041d02db
:10386800e8ffbd272800a28c1000b0af2580a0007b
:103878002400a584242082007000038e0a20857c01
:103888001400bfaf4010062409f8600001000524a9
:103898003001028e1400bf8f01004224300102aeb5
:0c38a8001000b08f0800e0031800bd27de
:020000040000fa
:020000041d02db
:1038b40001000224980282ac000000000000000015
:1038c40000000000000000000000000000000000f4
:1038d40000000000000000000000000000000000e4
:1038e40000000000000000000000000000000000d4
:0c38f400000000000800e00300000000dd
:020000040000fa
:020000041d02db
:103900000400a28c0300422c0e004014010003248a
:103910000000a28c010046900a00c3140200032498
:1039200002004290050043140800a2ac58008290a7
:103930000400423003004014000000000800e003cf
:0c394000030002240800e003ffff022443
:020000040000fa
:020000041d02db
:10394c000c00878c0f00e0100000838c0800888c22
:10395c0025280000000062940100a52425304000b9
:10396c0001004230050040100400067c000066a4f3
:10397c002400828cffff4224240082acf5ffa714a4
:0c398c00211868000800e00300000000a3
:020000040000fa
:020000041d02db
:103998000800801000000000020002240b00a210a2
:1039a800010003240500a310251000000800e0030f
:1039b800000000000800e003251000004200829487
:1039c800100042380800e0030001427c4200829463
:0c39d800080042380800e003c000427cf8
:020000040000fa
:020000041d02db
:1039e40050696e67696e672025642e25642e2564f0
:1039f4002e25642e2e2e0000207375636365656486
:103a0400656420696e2025732e0d0a0020666169a5
:103a14006c6564207769746820636f64652025751c
:0c3a240020696e2025732e0d0a00000c96
:020000040000fa
:020000041d02db
:103a30004554484d41430000413330353341000087
:103a400031302e302e302e33370000003235352ef7
:103a50003235352e3235352e3000000031302e30e3
:103a60002e302e3100000000302e302e302e30004f
:083a700066756c6c000000009b
:020000040000fa
:020000041d02db
:103a7800903f019d6069029db008029d644d029dc2
:103a8800f0aa009d2035019d1c00029dc82a029db8
:103a9800ac54029d34f5019d6c18029d944d029d15
:103aa800c44d029df44d029d2482019d0ce0019db0
:083ab800544e029d244e029db4
:020000040000fa
:020000041d02db
:103ac000b00285a40000000000000000000000001b
:103ad00000000000000000000000000000000000e6
:103ae00000000000000000000000000000000000d6
:103af00000000000000000000000000000000000c6
:083b00000800e00300000000d2
:020000040000fa
:020000041d02db
:103b08000400a28c0300422c0d00401400000000a9
:103b18000000a48c35000224000082a001000224c9
:103b2800010082a00c00a38c0300052403000224da
:103b3800090066380a18a6000800e003020083a0fe
:083b48000800e003ffff022466
:020000040000fa
:020000041d02db
:103b50000400a28c0600422c0d004014000000005e
:103b60000000a38c04000224010064900800821469
:103b700002006324030066880c00a42406000224cb
:103b8000000066980f00a6a80800e003000086b8b1
:083b90000800e003ffff02241e
:020000040000fa
:020000041d02db
:103b9800350000000039029d010000006415029df7
:103ba800030000003c12029d060000000cdc019d91
:103bb80036000000503b029d33000000bc31029dde
:103bc8003a0000001032029d3b0000006432029d62
:083bd800ff000000706a029d6d
:020000040000fa
:020000041d02db
:103be000e8ffbd271000b0af25808000000084945e
:103bf0001400bfaf1935400f00000000020004960a
:103c00001935400f000002a6060004961935400f32
:103c1000020002a61400bf8f060002a61000b08f9b
:083c20000800e0031800bd27b5
:020000040000fa
:020000041d02db
:103c2800e8ffbd271000b0af0280a6701400bfaf38
:103c3800d548400f252800020600401025184000ee
:103c48002530000225280000cb95400f2520400094
:103c5800251840001400bf8f251060001000b08f99
:083c68000800e0031800bd276d
:020000040000fa
:020000041d02db
:103c7000e8ffbd271000b0af1400bfaf7291400f36
:103c80002580a000090040101400bf8f420043941b
:103c900000106330060060501000b08f2000038ecb
:103ca000c005637c0a1003001400bf8f1000b08fa2
:083cb0000800e0031800bd2725
:020000040000fa
:020000041d02db
:103cb8000080023c342f42240c81848f08004394f6
:103cc8001400598c01008424020063340c8184aff1
:103cd80007002013080043a40080043c2538000096
:103ce800020006240100052408002003442f842430
:083cf8000800e00300000000d9
:020000040000fa
:020000041d02db
:103d0000e8ffbd271000b0af0080103c103810262f
:103d1000310005920800048e1400bfaf7898400f60
:103d20000000000030000292040040141400bf8f15
:103d300001000224380002a21400bf8f1000b08fcf
:083d40000800e0031800bd2794
:020000040000fa
:020000041d02db
:103d4800e8ffbd271000b0af1400bfaf9f90400f31
:103d5800258080008e8d400f252000020500401030
:103d6800251800005491400f252000020100423818
:103d7800ff0043301400bf8f251060001000b08f83
:083d88000800e0031800bd274c
:020000040000fa
:020000041d02db
:103d90008000a3280e006014251000008200a328d4
:103da00003006014830003240900a3140000000032
:103db0000000c28c070042240410027c0800432447
:103dc0000000c3ac000040d401000224000080f4d5
:083dd0000800e0030000000000
:020000040000fa
:020000041d02db
:103dd800e0ffbd271800b1af1400b0af2588c000c0
:103de800258080001c00bfaf9099400fff00a530d0
:103df800252000029499400fff002532252000025b
:103e08001c00bf8f1800b18f1400b08f2d8e400b8f
:043e18002000bd27a2
:020000040000fa
:020000041d02db
:103e1c00e8ffbd271000b0af1400bfaf03000010c7
:103e2c004c009024a994400f000000004591400fd5
:103e3c00252000022520400009000624f9ff40142b
:103e4c00efff05241400bf8f1000b08f0800e003b3
:043e5c001800bd2766
:020000040000fa
:020000041d02db
:103e6000554450204e554c4c2064796e616d696309
:103e700020616c6c6f636174696f6e2068616e6441
:103e80006c6500005544502044796e616d69632073
:103e9000616c6c6f636174696f6e206661696c65db
:043ea00064000000ba
:020000040000fa
:020000041d02db
:103ea4000600000000000000000000000000000008
:103eb400000000000a0000000000000000000000f4
:103ec40000000000000000000000000000000000ee
:103ed40000000000000000000000000000000000de
:043ee40009000000d1
:020000040000fa
:020000041d02db
:103ee8000e008010000000004200839440006530fe
:103ef8000300a014251000000800e00300000000e3
:103f08006200849001008430fbff801000000000f4
:103f1800001062380800e0030003427c0800e00358
:043f28002510000060
:020000040000fa
:020000041d02db
:103f2c00e8ffbd271400bfafe094400f0000000075
:103f3c00fdff401482bf033c010004241022628c5c
:103f4c004002427cfdff4410000000001022628cf5
:103f5c000002427cfdff40101400bf8f0800e003fc
:043f6c001800bd2755
:020000040000fa
:020000041d02db
:103f7000e0febd272401a2272401a5af2801a6af9a
:103f80002c01a7af25308000253840001000a42761
:103f9000000105241c01bfafe872400f1001a2af61
:103fa000538b400f1000a4271c01bf8f0800e003b3
:043fb0002001bd2708
:020000040000fa
:020000041d02db
:103fb40000606041c000000099aa033c80bf023c3d
:103fc40055666324300040ac300043ac6655033c76
:103fd400aa996334300043ac80bf023c010003243f
:103fe400581243ac80bf023c5012428cef8f400bfe
:043ff40000000000c9
:020000040000fa
:020000041d02db
:103ff8000080023cd038438ce8ffbd271000b0afea
:104008001400bfaf03006014258040009958400f8a
:10401800000000000080023cd438438c1400bf8f9d
:10402800d038028e1000b08f1800bd270800e003ba
:0440380023106200ef
:020000040000fa
:020000041d02db
:10403c000080023cb83642240b00821400000000c1
:10404c002400829008004010029d193c3c00829490
:10405c00005e3927801002000ac8227f0080043cd1
:10406c0008002003dc3684240800e0030000000074
:020000040000fa
:020000041d02db
:10407c00e8ffbd2700800634252800001000b0aff3
:10408c001400bfaf0d82400f25808000050040104a
:10409c001400bf8f010002241a0002a61c0000a607
:1040ac001400bf8f1000b08f0800e0031800bd276c
:020000040000fa
:020000041d02db
:1040bc00e8ffbd271000b0af1400bfafda88400f87
:1040cc0025808000040040141400bf8f1000b08fb6
:1040dc000800e0031800bd27340006962200059660
:1040ec00252000021000b08f6400400b1800bd2783
:020000040000fa
:020000041d02db
:1040fc00e8ffbd27010005241000b0af1400bfafce
:10410c00a083400f25808000060040101400bf8f54
:10411c00040002241a0002a6090002241c0002a6b4
:10412c001400bf8f1000b08f0800e0031800bd27eb
:020000040000fa
:020000041d02db
:10413c00e8ffbd27090005241000b0af1400bfaf85
:10414c00a083400f25808000060040101400bf8f14
:10415c00040002241a0002a6070002241c0002a676
:10416c001400bf8f1000b08f0800e0031800bd27ab
:020000040000fa
:020000041d02db
:10417c00401002240c008214000000000080023c5d
:10418c00500142242000439001006430060080104e
:10419c000200643004008014010004244408837c71
:1041ac000800e003200043a00800e003ffff022406
:020000040000fa
:020000041d02db
:1041bc00e8ffbd272510a0001000b0af04000524b7
:1041cc00258080001400bfaf0e8b400f25204000cf
:1041dc000c00038e1400bf8f1000b08f1b00430027
:1041ec00f40160001800bd270800e0031010000067
:020000040000fa
:020000041d02db
:1041fc000800838c0c00828c2b2862000500a050d8
:10420c000400858c23104300ffff42240800e003c8
:10421c00ffff42300000848c231062002328a4008e
:10422c00ffffa324231062000800e003ffff4230cd
:020000040000fa
:020000041d02db
:10423c00e0febd272801a2272801a6af2c01a7afbd
:10424c002530a0001000a4272538400000010524cb
:10425c001c01bfafe872400f1001a2af538b400f8f
:10426c001000a4271c01bf8f0800e0032001bd270c
:020000040000fa
:020000041d02db
:10427c00e8ffbd271000b0af0080103c2839102695
:10428c00029d023c0800048e883a428c1400bfaf99
:10429c0009f8400000000000f708400f0400048eed
:1042ac001400bf8f1000b08f5a2c400b1800bd2784
:020000040000fa
:020000041d02db
:1042bc000c0080100080033c0800868cb836632408
:1042cc000600c314f5ff02240400a0102510000002
:1042dc003c00838c0800e0030000a3ac0800e00362
:0c42ec00000000000800e003f5ff0224c1
:020000040000fa
:020000041d02db
:1042f8000c0080100080033c0800848cb8366324ce
:1043080006008314f5ff02240400c01025100000e5
:10431800020083940800e0030000c3ac0800e00337
:0c432800000000000800e003f5ff022484
:020000040000fa
:020000041d02db
:10433400e8ffbd27252800001000b0af1400bfaf70
:10434400a083400f25808000050040101400bf8f1b
:10435400010002241a0002a61c0000a61400bf8f4c
:0c4364001000b08f0800e0031800bd2717
:020000040000fa
:020000041d02db
:10437000e8ffbd27010005241000b0af1400bfaf57
:10438000a083400f25808000050040101400bf8fdf
:10439000010002241a0002a61c0000a61400bf8f10
:0c43a0001000b08f0800e0031800bd27db
:020000040000fa
:020000041d02db
:1043ac000400828c070040100000a0ac000045ac5b
:1043bc000800828c040085ac010042240800e00354
:1043cc00080082ac0800828c040085ac000085ac2f
:0c43dc00010042240800e003080082ac4d
:020000040000fa
:020000041d02db
:1043e8000000828c09004010000000000400838c4b
:1043f80008006250040080ac0000438c000083accd
:104408000800838cffff6324080083ac0800e003e6
:0c44180000000000faff0010000080ac63
:020000040000fa
:020000041d02db
:104424000000828c09004010000000000400838c0e
:1044340008006250040080ac0000438c000083ac90
:104444000800838cffff6324080083ac0800e003aa
:0c44540000000000faff0010000080ac27
:020000040000fa
:020000041d02db
:104460000400828c070040100000a0ac000045aca6
:104470000800828c040085ac010042240800e0039f
:10448000080082ac0800828c040085ac000085ac7a
:0c449000010042240800e003080082ac98
:020000040000fa
:020000041d02db
:10449c000a008010000000001000838c09006010de
:1044ac00251000000c0064940000638cfdff601468
:1044bc00211044000800e003ffff42300800e00335
:0c44cc00251000000800e00300000000c4
:020000040000fa
:020000041d02db
:1044d8000400828c070040100000a0ac000045ac2e
:1044e8000800828c040085ac010042240800e00327
:1044f800080082ac0800828c040085ac000085ac02
:0c450800010042240800e003080082ac1f
:020000040000fa
:020000041d02db
:104514000000828c09004010000000000400838c1d
:1045240008006250040080ac0000438c000083ac9f
:104534000800838cffff6324080083ac0800e003b9
:0c45440000000000faff0010000080ac36
:020000040000fa
:020000041d02db
:104550000c00800425100000a880838f2b18830096
:1045600008006010b880838f802004000a20647cdb
:1045700004008010000000003e0082940800e00368
:0c4580008002427c0800e0030000000004
:020000040000fa
:020000041d02db
:10458c000c00801000000000420083944000633057
:10459c0003006014251000000800e0030000000078
:1045ac000800828c0400838c271002000800e003b2
:0c45bc00251043000800e003251000005b
:020000040000fa
:020000041d02db
:1045c8000c0080100000000042008394400063301b
:1045d80003006014251000000800e003000000003c
:1045e80062008290010042300a2002000800e003c5
:0c45f800251080000800e00325100000e2
:020000040000fa
:020000041d02db
:10460400001104000080043c342f84242120820003
:1046140008008294271805000001a53024184300df
:104624000400a010080083a4f880838fffff632494
:0c463400f88083af0800e00300000000e5
:020000040000fa
:020000041d02db
:104640000000848c03008104251000000800e003b2
:1046500000000000e8ffbd271400bfaff87e400f48
:1046600000000000ffff032401004350251000005c
:0c4670001400bf8f0800e0031800bd27f5
:020000040000fa
:020000041d02db
:10467c00e0ffbd271800b0af1000a6af258080006a
:10468c001c00bfaf2018400f1000a6270400038e9b
:10469c001c00bf8fffff0424100063300b1083003d
:0c46ac001800b08f0800e0032000bd27bc
:020000040000fa
:020000041d02db
:1046b8000800c0102510800020000324231866007d
:1046c8000600601c0620c500252000000610c50055
:1046d800252880000800e0032518a0000610c20065
:1046e80004286500faff0010251045000800c010d6
:1046f8002510800020000424232086000600805c0a
:104708000418c200251800000428c2002510600003
:104718000800e0032518a0000428c5000610820040
:08472800faff00102528a20091
:020000040000fa
:020000041d02db
:104730008ebf023c0000458c0300032480bf043c74
:104740000429657c000045ac0000458c0410657ca4
:10475000000045ac0000828c0429627c000082ac21
:084760000800e0030000000066
:020000040000fa
:020000041d02db
:10476800303a029d383a029d00000000403a029d0e
:104778004c3a029d5c3a029d5c3a029d683a029d61
:10478800703a029d00000000002e029d000000000b
:08479800000000000000000019
:020000040000fa
:020000041d02db
:1047a0000b00a010000000000900c0100000000075
:1047b00007008004000000009080828f2a18820089
:1047c0000300601000000000ab76400b000000000a
:0847d0000800e00325100000c1
:020000040000fa
:020000041d02db
:1047d800544350495020537461636b20417373658f
:1047e80072743a20696e2066696c653a2025732ccc
:1047f8002066756e633a2025732c206c696e653ac5
:084808002025642c200d0a009c
:020000040000fa
:020000041d02db
:104810000080023cdc3843942b18830008006010b1
:1048200025100000c0100400231044008010020076
:10483000231044001881848f801002002110820010
:084840000800e0030000000085
:020000040000fa
:020000041d02db
:10484800e8ffbd271000b0af0080103c10381026dc
:104858000800048e1400bfaff28d400f380000a28c
:104868001400bf8f310002a2010002241000b08f93
:084878000800e0031800bd2751
:020000040000fa
:020000041d02db
:10488000536572766963696e6720257320636f6e66
:104890006e656374696f6e206f6e20706f72742026
:1048a000257520627920636c6f73696e6720696e6d
:0848b0002025732e0d0a000003
:020000040000fa
:020000041d02db
:1048b800251800000a00c310000000002110830022
:1048c800010063242138a30000004290ffffe79015
:1048d800f8ff4710231047000800e003000000001d
:0848e8000800e00325100000a8
:020000040000fa
:020000041d02db
:1048f000e8ffbd271400bfaf1000b0af1c00a5af8c
:104900001994400f258080001c00a58f25200002ef
:10491000df95400f010046241400bf8f1000b08fb8
:084920000800e0031800bd27a8
:020000040000fa
:020000041d02db
:1049280099aa033c80bf023c55666324300040ac22
:10493800300043ac6655033caa996334300043ac5d
:1049480001000324581243ac5012428cffff0010a0
:04495800000000005b
:020000040000fa
:020000041d02db
:10495c002538a000029d053ce8ffbd2725308000ce
:10496c002c5ba5241400bfaf8f90400f25200000b6
:10497c004480828ffeff40141400bf8f0800e003b8
:04498c001800bd272b
:020000040000fa
:020000041d02db
:104990002538a000029d053ce8ffbd27253080009a
:1049a0004c5ba5241400bfaf8f90400f2520000062
:1049b0004880828ffeff40141400bf8f0800e00380
:0449c0001800bd27f7
:020000040000fa
:020000041d02db
:1049c4000080023cb8364224080082140000000033
:1049d4000400a38c1000a28c02000524040085a40a
:1049e4000c0083ac140082ac240080a00800e00317
:0449f40000000000bf
:020000040000fa
:020000041d02db
:1049f8002538a000029d053ce8ffbd272530800032
:104a0800b458a5241400bfaf8f90400f2520000094
:104a18004c80828ffeff40141400bf8f0800e00313
:044a28001800bd278e
:020000040000fa
:020000041d02db
:104a2c00031905000900601000190300f0070224a7
:104a3c00140082acf00763302510a0000418027c2f
:104a4c00180083ac0800e003000000000800e0033d
:044a5c00ffff022432
:020000040000fa
:020000041d02db
:104a60000000a290200382a00100a290210382a056
:104a70000200a290100382a00300a290110382a062
:104a80000400a290000382a00500a2900800e003a9
:044a9000010382a0fc
:020000040000fa
:020000041d02db
:104a9400200382900000a2a0210382900100a2a022
:104aa400100382900200a2a0110382900300a2a02e
:104ab400000382900400a2a0010382900800e00396
:044ac4000500a2a0a7
:020000040000fa
:020000041d02db
:104ac8000800a28c09004010000000000400a38c1c
:104ad8008002637c0400601000a0033c0080033c5b
:104ae8000800e00325104300251043000800e003f8
:044af80000000000ba
:020000040000fa
:020000041d02db
:104afc000a008010000000004200839440006330e4
:104b0c0003006014251000000800e0030000000002
:104b1c005e0082940800e003ecff42240800e003ee
:044b2c002510000050
:020000040000fa
:020000041d02db
:104b30000a008010000000004200839440006330af
:104b400003006014251000000800e00300000000ce
:104b50006000828c0800e0030004427c0800e0034f
:044b6000251000001c
:020000040000fa
:020000041d02db
:104b64000a0080100000000042008394400063307b
:104b740003006014251000000800e003000000009a
:104b84006000828c0800e0030004427c0800e0031b
:044b940025100000e8
:020000040000fa
:020000041d02db
:104b98005443502f495020537461636b3a20486541
:104ba80061702044656c657465206661696c2120bc
:104bb8004e6f207472616365206578697374730d34
:044bc8000a000000df
:020000040000fa
:020000041d02db
:104bcc000080023c1c38428ce8ffbd27e803062419
:104bdc0019008200253800001400bfaf122000001d
:104bec00c323400f102800001400bf8f0800e003ff
:044bfc001800bd27b9
:020000040000fa
:020000041d02db
:104c0000f8ffbd270400bfaf006802400008033c66
:104c10002510430000688240c00000000400bf8fe0
:104c200081bf023c01000324c40043ac0800e00340
:044c30000800bd2794
:020000040000fa
:020000041d02db
:104c340081bf023c010003244000448c440043ac87
:104c44004481828f05004010010084304881858fa3
:104c54004481998f08002003000000000800e0034d
:044c6400000000004c
:020000040000fa
:020000041d02db
:104c68000800868c0c00858c029d073c029d043c44
:104c7800e8ffbd273067e7241400bfafdc8f400f83
:104c8800804884241400bf8fffff02240800e0033b
:044c98001800bd271c
:020000040000fa
:020000041d02db
:104c9c000800868c0c00858c029d073c029d043c10
:104cac00e8ffbd270469e7241400bfafdc8f400f79
:104cbc00804884241400bf8fffff02240800e00307
:044ccc001800bd27e8
:020000040000fa
:020000041d02db
:104cd000436f6e736f6c6520696e697469616c698e
:104ce0007a65642c2073797374656d7320737461b5
:104cf0007274696e6720757020696e2025732e0da1
:044d00000a000000a5
:020000040000fa
:020000041d02db
:104d04000900801000000000e8ffbd271400bfafb9
:104d14003c8b400f000000001400bf8f25100000e2
:104d24000800e0031800bd270800e00353ff022435
:020000040000fa
:020000041d02db
:104d3400080080100080033c0800868cb836632489
:104d44000500c314f5ff02243c0085ac0800e00311
:104d540025100000f5ff02240800e0030000000015
:020000040000fa
:020000041d02db
:104d640009008010020003240800828c060043140a
:104d74000000000002008394ffff0424010063305c
:104d84000800e0030a1083000800e003ffff022488
:020000040000fa
:020000041d02db
:104d9400d8ffbd27010002241800a2af3800a28f5b
:104da4001000a7af1400a2af2400bfaf7e4a400f8b
:104db400253800002400bf8f0800e0032800bd2729
:020000040000fa
:020000041d02db
:104dc400d8ffbd27020002241800a2af3c00a28f26
:104dd4002400bfaf1400a2af3800a28f7e4a400f58
:104de4001000a2af2400bf8f0800e0032800bd27f5
:020000040000fa
:020000041d02db
:104df400d8ffbd27030002241800a2af3800a28ff9
:104e04001000a7af1400a2af2400bfaf7e4a400f2a
:104e1400253800002400bf8f0800e0032800bd27c8
:020000040000fa
:020000041d02db
:104e2400d8ffbd27040002241800a2af3800a28fc7
:104e34001000a7af1400a2af2400bfaf7e4a400ffa
:104e4400253800002400bf8f0800e0032800bd2798
:020000040000fa
:020000041d02db
:104e5400d8ffbd27050002241800a2af3c00a28f92
:104e64002400bfaf1400a2af3800a28f7e4a400fc7
:104e74001000a2af2400bf8f0800e0032800bd2764
:020000040000fa
:020000041d02db
:104e84000080023c5001422405008214000000000e
:104e94002000829001004230030040140000000012
:104ea4000800e003000000004a63400b000000001b
:020000040000fa
:020000041d02db
:104eb4000c00858c240080ac0700a0100000828cbc
:104ec4000800848c2518000001006324000040a41d
:104ed400fdff6514211044000800e00300000000f9
:020000040000fa
:020000041d02db
:104ee40009008010000000004200839440006330f9
:104ef40003006014251000000800e0030000000017
:104f04000800e0030400828c0800e0032510000080
:020000040000fa
:020000041d02db
:104f140009008010000000004200839440006330c8
:104f240003006014251000000800e00300000000e6
:104f34000800e0030c00828c0800e0032510000048
:020000040000fa
:020000041d02db
:104f44000900801000000000420083944000633098
:104f540003006014251000000800e00300000000b6
:104f64000800e0030400828c0800e0032510000020
:020000040000fa
:020000041d02db
:104f74000900801000000000420083944000633068
:104f840003006014251000000800e0030000000086
:104f94000800e0030800828c0800e00325100000ec
:020000040000fa
:020000041d02db
:104fa4007372632f636f6e6669672f6c69627261d7
:104fb40072792f74637069702f7372632f746370c6
:104fc40069705f6d616e616765722e630000000039
:020000040000fa
:020000041d02db
:104fd40081bf023c80000324940043ac3c81828f57
:104fe40005004010000000004081848f3c81998faf
:104ff40008002003000000000800e0030000000097
:020000040000fa
:020000041d02db
:10500400a65ad0f345db4e0effe875c3a2e71f4254
:10501400c7129d620ff5c119a9ef55f05185e0fb48
:105024008581f9317517276e06e9607ddbcbcc2ebf
:020000040000fa
:020000041d02db
:1050340063363377e41e86468deb0ab4a8ed683fe9
:105044006a134e47e014c700454e81e95358a569d9
:10505400808aa38f2a72a62359915a9f8a04ca6808
:020000040000fa
:020000041d02db
:10506400000082800800401000000000251080002d
:105074000100422400004380feff605401004224ea
:105084000800e003231044000800e003251000009a
:020000040000fa
:020000041d02db
:10509400070080100080033c0800858cb836632428
:1050a4000400a314ffff02240800e003020082842a
:0c50b400ffff02240800e00300000000e1
:020000040000fa
:020000041d02db
:1050c000070080100080033c0800858cb8366324fc
:1050d0000400a314f5ff02240800e0031e008284ec
:0c50e000f5ff02240800e00300000000bf
:020000040000fa
:020000041d02db
:1050ec00e8ffbd271400bfaf6f6e400f000000003b
:1050fc0003004204f7ff0224020042380100422c54
:0c510c001400bf8f0800e0031800bd274e
:020000040000fa
:020000041d02db
:105118001a0099940300222f0600401080101900ed
:10512800029d193cd86739270ac8227f0800200346
:0c513800000000007297400b0000000017
:020000040000fa
:020000041d02db
:105144001a0099940300222f0600401080101900c1
:10515400029d193ce46739270ac8227f080020030e
:0c516400000000007297400b00000000eb
:020000040000fa
:020000041d02db
:105170001a0099940800222f060040108010190090
:10518000029d193cac5b39270ac8227f0800200326
:0c519000000000007297400b00000000bf
:020000040000fa
:020000041d02db
:10519c001a0099940600222f060040108010190066
:1051ac00029d193c906039270ac8227f0800200311
:0c51bc00000000007297400b0000000093
:020000040000fa
:020000041d02db
:1051c8001a0099940300222f06004010801019003d
:1051d800029d193cf06739270ac8227f080020037e
:0c51e800000000007297400b0000000067
:020000040000fa
:020000041d02db
:1051f4001a0099940500222f06004010801019000f
:10520400029d193ce06239270ac8227f0800200366
:0c521400000000007297400b000000003a
:020000040000fa
:020000041d02db
:105220001c0099940b00222f0600401080101900da
:10523000029d193c4c5239270ac8227f08002003de
:0c524000000000007297400b000000000e
:020000040000fa
:020000041d02db
:10524c004c20029da436019d9cd8019d6cfc019db7
:10525c003403029d0073019d3c41029dc811029dc7
:0c526c00fc40029df4fc019d74ea019dd1
:020000040000fa
:020000041d02db
:105278000080023c50014224060082140000000015
:105288002000829001004330020060104408027c34
:0c529800200082a00800e00300000000dd
:020000040000fa
:020000041d02db
:1052a4000100a0542e0085a00800998c030020134f
:1052b4002f0080a0080020030c00858c029d053c73
:0c52c400ec5ba5248f90400b252000001f
:020000040000fa
:020000041d02db
:1052d000444843503a204661696c656420746f20ed
:1052e0007265676973746572204950763420666907
:0c52f0006c74657221200d0a00000000a3
:020000040000fa
:020000041d02db
:1052fc000800c01000000000060080049080838f1e
:10530c002a10830003004010000000007788400b37
:0c531c00000000000800e0032510000065
:020000040000fa
:020000041d02db
:10532800f8ffbd270400bfaf006802400008033c37
:105338002510430000688240c00000000400bf8fb1
:0c534800448180af0800e0030800bd278e
:020000040000fa
:020000041d02db
:105354000080033ccc3763242800648c2c00628cce
:105364002b2882000300a010000000003000638c92
:0c537400212064000800e00323108200e8
:020000040000fa
:020000041d02db
:105380000080033ccc3763240c00628c0800648ce2
:105390002b2882000300a010000000001800638c7e
:0c53a000212083000800e003231082009d
:020000040000fa
:020000041d02db
:1053ac00e0ffbd27feff02241000a2af253800004d
:1053bc00253000001c00bfaf642f400f25280000d3
:0c53cc001c00bf8f0800e0032000bd277c
:020000040000fa
:020000041d02db
:1053d8000800c010251080002130860025188000a4
:1053e8000100a524ffffa79001006324fcff6614b9
:0c53f800ffff67a00800e00300000000b9
:020000040000fa
:020000041d02db
:10540400000082800000a38003004314ff00633087
:105414000400405401008424ff0042300800e003eb
:0c54240023104300f6ff00100100a52437
:020000040000fa
:020000041d02db
:105430000080043cb838822401000324080043acf7
:105440000080033c98396324b83883ac0100033ce6
:0c545000c0fd63240800e003040043ac2e
:020000040000fa
:020000041d02db
:10545c000500000001000000b00400003c0000004a
:10546c0002000000320000004b00000001000000b0
:08547c00030000000100000024
:020000040000fa
:020000041d02db
:1054840000000000002088bf000000004100000070
:105494007860029d00000000783a029d4069029df8
:0854a40000000000d8020080a6
:020000040000fa
:020000041d02db
:1054ac00e8ffbd271400bfaf5f7f400f2528000029
:1054bc0002004050ffff02240c00428c1400bf8fee
:0854cc000800e0031800bd27f1
:020000040000fa
:020000041d02db
:1054d400e8ffbd271000b0af1400bfafa499400f80
:1054e40025808000252000021400bf8f1000b08f9b
:0854f400949a400b1800bd273b
:020000040000fa
:020000041d02db
:1054fc000080033c5001632405008314ffff022449
:10550c002000839001006330010060541c00828ce9
:08551c000800e003000000009c
:020000040000fa
:020000041d02db
:1055240007008010000000000080023c8c37468c8d
:105534000300c0100080053cee8b400ba437a5246b
:085544000800e003251000003f
:020000040000fa
:020000041d02db
:10554c000000a29401004330050060100400027cae
:10555c000000a2a42400828cffff4224240082ac11
:08556c000800e003000000004c
:020000040000fa
:020000041d02db
:105574000c00838c2b18a30005006010251000007c
:105584000800828c0000838c0220a270211083000a
:085594000800e0030000000024
:020000040000fa
:020000041d02db
:10559c0005008010000000000000838c0100022434
:1055ac0003006210000000000800e003251000005a
:0855bc005a51400b00000000f1
:020000040000fa
:020000041d02db
:1055c400e8ffbd271000b0af1400bfafb68d400f89
:1055d40025808000252000021400bf8f1000b08faa
:0855e4008178400b1800bd277f
:020000040000fa
:020000041d02db
:1055ec004950763420496e69743a204661696c657d
:1055fc006420746f20696e6974616c697a653a20f5
:08560c00256421200d0a0000b5
:020000040000fa
:020000041d02db
:1056140007008010e080868f0500c010029d073cc3
:105624000080053c6c5ce724d76e400b4839a52408
:085634000800e003251000004e
:020000040000fa
:020000041d02db
:10563c000700801000000000420083943c0084248a
:10564c00400062300a2002000800e00325108000b0
:08565c000800e0032510000026
:020000040000fa
:020000041d02db
:105664005443502f495020537461636b3a20496e60
:10567400697469616c697a6174696f6e20537461cd
:0856840072746564200d0a0038
:020000040000fa
:020000041d02db
:10568c00421104000029020081bf023cc0004224e8
:10569c00010003242110450004188300080043acca
:0856ac000800e003000000000b
:020000040000fa
:020000041d02db
:1056b400421104000029020081bf023cc0004224c0
:1056c400010003242110450004188300040043aca6
:0856d4000800e00300000000e3
:020000040000fa
:020000041d02db
:1056dc00421104000029020081bf023c4000422418
:1056ec00010003242110450004188300040043ac7e
:0856fc000800e00300000000bb
:020000040000fa
:020000041d02db
:105704000700801000000000f8ffbd270400bfafb1
:10571400206062410400bf8f0800e0030800bd2739
:085724000800e0030000000092
:020000040000fa
:020000041d02db
:10572c000700c01025108000202c057c213086003d
:10573c002518800001006324feff6614ffff65a09e
:08574c000800e003000000006a
:020000040000fa
:020000041d02db
:10575400e8ffbd271000b0af1400bfaf6283400f55
:10576400258080001400bf8f251000021000b08f28
:085774000800e0031800bd2746
:020000040000fa
:020000041d02db
:10577c00ff00a530213086000500861025100000a2
:10578c00ffffc390ffffc224fbff651425304000d0
:08579c000800e003000000001a
:020000040000fa
:020000041d02db
:1057a4000080033c4c01668c0500c01425100000e9
:1057b4004c0164ac100080ac000085ac01000224f4
:0857c4000800e00300000000f2
:020000040000fa
:020000041d02db
:1057d000000000000000f03f000000000000e03f7b
:1057e0000000000000005043000000000000b03f37
:0857f000000000000000204051
:020000040000fa
:020000041d02db
:1057f800e8ffbd271000b0af1400bfaf0896400ff8
:10580800258080001400bf8f251000021000b08f83
:085818000800e0031800bd27a1
:020000040000fa
:020000041d02db
:1058200002000010251080002510c0000100a524f2
:10583000ffffa38001004624fbff6014ffffc3a00d
:085840000800e0030000000075
:020000040000fa
:020000041d02db
:10584800e0ffbd27010002241000a2af1c00bfaf7b
:105858003274400f000000001c00bf8f0800e003f6
:045868002000bd2738
:020000040000fa
:020000041d02db
:10586c000080023cb836432404008314000000007e
:10587c00040080a4b83640a0140080ac0800e003fb
:04588c000000000018
:020000040000fa
:020000041d02db
:105890005f4452565f5048595f534d495472616e90
:1058a0007366657257616974436f6d706c6574657a
:0458b00000000000f4
:020000040000fa
:020000041d02db
:1058b400644d49494d204173736572743a202573d0
:1058c4002c20696e206c696e653a2025642c200dad
:0458d4000a000000c6
:020000040000fa
:020000041d02db
:1058d8000400a38c03006014ffff02240800e00307
:1058e800000000000000a38c000062a00800e00394
:0458f8000100022485
:020000040000fa
:020000041d02db
:1058fc000080023cc837428c030044502000438c8b
:10590c00817f400b00000000c418037c0800e003fa
:04591c00200043ac78
:020000040000fa
:020000041d02db
:105920000c00828c05004010000000002000428c1a
:10593000080042380800e003c000427c0800e00391
:04594000251000002e
:020000040000fa
:020000041d02db
:10594400060080049080838f2a1083000300401097
:10595400000000008f5a400b000000000800e00324
:04596400251000000a
:020000040000fa
:020000041d02db
:10596800e8ffbd27010006241400bfaf750b400fe8
:10597800100005241400bf8f0100422c0800e0032a
:045988001800bd271f
:020000040000fa
:020000041d02db
:10598c0006008010000000002c00828c3000838cfc
:10599c00231043000800e003001102000800e0039c
:0459ac0025100000c2
:020000040000fa
:020000041d02db
:1059b000cc1b029d5423019d283c029d48ed009d77
:1059c000a85e029d60c9019d8c59029dc45e029d26
:0459d000e05e029df6
:020000040000fa
:020000041d02db
:1059d40006008010251000004400828c0300401053
:1059e400000000000800e0030400428c0800e0030b
:0459f40000000000af
:020000040000fa
:020000041d02db
:1059f8000800a3940400a48c34818227040043a4e3
:105a080002000324000043ac308184af0800e003a7
:045a18002510000055
:020000040000fa
:020000041d02db
:105a1c00200083349fff63241a00632c030060145e
:105a2c0001000224d0ff84240a00822c0800e00329
:045a3c000000000066
:020000040000fa
:020000041d02db
:105a4000d0ff83240a00632c0400601401000224a8
:105a5000200084349fff82240600422c0800e003cb
:045a60000000000042
:020000040000fa
:020000041d02db
:105a64000080043c8c39828c954c033c2d7f63244c
:105a740002104370010042248c3982ac0800e00318
:045a840042140200c6
:020000040000fa
:020000041d02db
:105a8800e0ffbd272c00a7af2c00a7271c00bfaf45
:105a9800e872400f1000a7af1c00bf8f0800e0039a
:045aa8002000bd27f6
:020000040000fa
:020000041d02db
:105aac000800000608000400000001000200f401d8
:105abc0037420000002088bfb020029d8454029d14
:020000040000fa
:020000041d02db
:105acc0005008010000000000300a0100000000082
:105adc005d3c400b000000000800e00353ff022473
:020000040000fa
:020000041d02db
:105aec0005008010000000000300a0100000000062
:105afc00ab49400b000000000800e00353ff0224f8
:020000040000fa
:020000041d02db
:105b0c0005008010000000000300a0100000000041
:105b1c00c83a400b000000000800e00353ff0224c9
:020000040000fa
:020000041d02db
:105b2c0050485920436f6e643a2025732c20696ebf
:105b3c00206c696e653a2025642c200d0a0000004b
:020000040000fa
:020000041d02db
:105b4c00504859204173736572743a2025732c2088
:105b5c00696e206c696e653a2025642c200d0a0054
:020000040000fa
:020000041d02db
:105b6c00e0ffbd271000a0af1c00bfaf3274400f88
:105b7c00000000001c00bf8f0800e0032000bd27c0
:020000040000fa
:020000041d02db
:105b8c004452565f504859206f7065726174696f4a
:105b9c006e206572726f723a2025640d0a00000047
:020000040000fa
:020000041d02db
:105bac005069029d04a3019d98ff019d6c2a029de2
:105bbc00102a029db429029d5829029d183e019d70
:020000040000fa
:020000041d02db
:105bcc0001000000020000000800000004000000ba
:105bdc0010000000200000004000000080000000c9
:020000040000fa
:020000041d02db
:105bec005061636b65742041636b3a206f7270680f
:105bfc00616e207061636b657421200d0a000000da
:020000040000fa
:020000041d02db
:105c0c00000102240300c210010006240800e00376
:105c1c0000000000010005241f6c400b0c00042444
:020000040000fa
:020000041d02db
:105c2c00000102240300c210010006240800e00356
:105c3c0000000000010005241f6c400b0f00042421
:020000040000fa
:020000041d02db
:105c4c00000000000000000001000000e463029d61
:105c5c0002000000ec63029d03000000f063029d53
:020000040000fa
:020000041d02db
:105c6c00080082900400401000000000cc80828f5d
:105c7c00ffff4224cc8082af0800e003000000004c
:020000040000fa
:020000041d02db
:105c8c000080023cdc384224030044140000000075
:105c9c000800e003f480828f0800e003ffff022479
:020000040000fa
:020000041d02db
:105cac0006080200000001000008030000000000cc
:105cbc00ffff040000000000ffff050000000000d3
:020000040000fa
:020000041d02db
:105ccc004219040081bf023c00190300c0004224a9
:105cdc000a10437c061082000800e00301004230e9
:020000040000fa
:020000041d02db
:105cec00f8ffbd270400bfaf00606241c000000098
:105cfc000400bf8f010042300800e0030800bd27fc
:020000040000fa
:020000041d02db
:105d0c00e62b8a8ee8f141b6980566e3bfe3c049fd
:105d1c0003dad4ac2cdf9f2280010a6739bc83d311
:020000040000fa
:020000041d02db
:105d3000000000000000f03f0000000000002440d0
:105d4000000000000000504300000000000014406c
:105d5000000000000000e043000000000000e0c37d
:105d6000000000f0ffff1f34000000000000f007fb
:020000040000fa
:020000041d02db
:105d700000008c90ffffc624010084240000aca02a
:105d8000fbffc0140100a5240800e00325108000db
:020000040000fa
:020000041d02db
:105d90003464029dc826029d004c029df868029d55
:0c5da000000000006c5f029d1062029d7c
:020000040000fa
:020000041d02db
:105dac000080033cb836632402008314ffff0224f6
:0c5dbc00040082840800e00300000000e6
:020000040000fa
:020000041d02db
:105dc80002000224020082a4f7ff023c180080ac03
:0c5dd8001c0082acb398400bf7ff0424c1
:020000040000fa
:020000041d02db
:105de4005f4452565f5048595f534d495472616e37
:0c5df400736665725374617274000000e5
:020000040000fa
:020000041d02db
:105e00004869029df451029dc851029d9c51029d1a
:0c5e10007051029d4451029d1851029dea
:020000040000fa
:020000041d02db
:105e1c000080033c50016324020083142510000011
:0c5e2c009c00828c0800e00300000000d5
:020000040000fa
:020000041d02db
:105e3800e8ffbd271400bfaf7a9a400f00000000aa
:0c5e48001400bf8f0800e0031800bd2705
:020000040000fa
:020000041d02db
:105e54004452562050485920696e6974206661691d
:0c5e64006c65643a2025640d0a00000003
:020000040000fa
:020000041d02db
:105e7000002a0500007fa530007f0224340282ac96
:0c5e8000380285ac0800e00300000000c0
:020000040000fa
:020000041d02db
:105e8c00083b029d88c2019da834029d94be019dd1
:0c5e9c004cc8009d1421029dd858029da6
:020000040000fa
:020000041d02db
:105ea80004008010000000002c00828c0800e00331
:0c5eb800001102000800e00325100000ab
:020000040000fa
:020000041d02db
:105ec40004008010000000003400828c0800e0030d
:0c5ed400001102000800e003251000008f
:020000040000fa
:020000041d02db
:105ee00004008010000000003800828c0800e003ed
:0c5ef000380080ac0800e003f7ff02243b
:020000040000fa
:020000041d02db
:105efc00040080100000000010000624cb95400b1d
:0c5f0c00252800000800e0030000000051
:020000040000fa
:020000041d02db
:105f180040100400211044000080043c801002005e
:0c5f2800a83584244591400b2120820004
:020000040000fa
:020000041d02db
:105f3400756e6b0065746800776c616e000000001c
:0c5f440070707000673361647000000032
:020000040000fa
:020000041d02db
:105f5000e8ffbd271400bfafad85400f0000000073
:0c5f60001400bf8f0800e0031800bd27ec
:020000040000fa
:020000041d02db
:105f6c00f8ffbd270400bfaf00588440c0000000fc
:0c5f7c000400bf8f0800e0030800bd27f0
:020000040000fa
:020000041d02db
:105f880086bf023c0022040038004224211044004d
:0c5f9800000045ac0800e0030000000021
:020000040000fa
:020000041d02db
:105fa40086bf023c00220400340042242110440035
:0c5fb400000045ac0800e0030000000005
:020000040000fa
:020000041d02db
:105fc00086bf023c002204003c0042242110440011
:0c5fd000000045ac0800e00300000000e9
:020000040000fa
:020000041d02db
:105fdc0086bf023c0022040014004224211044001d
:0c5fec00000045ac0800e00300000000cd
:020000040000fa
:020000041d02db
:105ff800bfff83241a00632c020060102510800064
:0c600800200082340800e00300000000cb
:020000040000fa
:020000041d02db
:106014009fff83241a00632c020060102510800067
:0c6024005f0082300800e0030000000074
:020000040000fa
:020000041d02db
:106030000000200201020006000000000b08000022
:08604000010000000000000057
:020000040000fa
:020000041d02db
:10604800010000000500000000000000050000003d
:0860580001000000010000003e
:020000040000fa
:020000041d02db
:106060000300801000000000eb94400b00000000d3
:086070000800e00353ff0224c5
:020000040000fa
:020000041d02db
:106078005428019d301e019dcc67029d0000000040
:08608800000000000000000010
:020000040000fa
:020000041d02db
:106090003443029db403029d1000009dbc40029d4c
:0860a000e47f019d14eb019d5a
:020000040000fa
:020000041d02db
:1060a8004d49494d5f50726f636573735f52656107
:0860b80064457874000000004b
:020000040000fa
:020000041d02db
:1060c0004d49494d5f50726f636573735f577269d5
:0860d0007465457874000000be
:020000040000fa
:020000041d02db
:1060d8005f4452565f4d49494d5f52656c65617327
:0860e800654f70446370740001
:020000040000fa
:020000041d02db
:1060f0005f4452565f4d49494d5f4f704c69737410
:0861000052656d6f7665000029
:020000040000fa
:020000041d02db
:106108002510c0006000d98c2530a000252880000b
:08611800080020035c00448c28
:020000040000fa
:020000041d02db
:106120007f00a5307f000224240282ac280285acc7
:086130000800e003000000007c
:020000040000fa
:020000041d02db
:106138007f00a5307f000224340282ac380285ac8f
:086148000800e0030000000064
:020000040000fa
:020000041d02db
:106150000300c3880800a28c0000c39826104300e7
:086160000800e0032b1002000f
:020000040000fa
:020000041d02db
:1061680003008010000000000800e003580082943b
:086178000800e003ffff022410
:020000040000fa
:020000041d02db
:1061800003008010000000000000a28c0c0082ac14
:086190000800e003000000001c
:020000040000fa
:020000041d02db
:1061980003008010000000000000a28c100082acf8
:0861a8000800e0030000000004
:020000040000fa
:020000041d02db
:1061b00003008010000000000000a28c140082acdc
:0861c0000800e00300000000ec
:020000040000fa
:020000041d02db
:1061c800208186af25308000029d043c0100072411
:0861d8008872400be06884248a
:020000040000fa
:020000041d02db
:1061e0000300a014000000000800e003000000000d
:0861f000a395400b0000000024
:020000040000fa
:020000041d02db
:1061f800f8ffbd270400bfaf0068024000700240ee
:08620800ffff00100000000080
:020000040000fa
:020000041d02db
:10621000f8ffbd270400bfaf004802400400bf8f55
:086220000800e0030800bd279f
:020000040000fa
:020000041d02db
:1062280062756666657265645f736f636b65745fdc
:086238007265616400000000c2
:020000040000fa
:020000041d02db
:10624000485454500000000054454c4e4554000042
:086250004c57444151000000cd
:020000040000fa
:020000041d02db
:1062580000601a40bfff1b3cffff7b3724d05b0365
:0862680000609a40180000429a
:020000040000fa
:020000041d02db
:1062700068076c094c836a9074a07ac000806888b3
:0862800000846c820081000023
:020000040000fa
:020000041d02db
:10628800000000000000f0bf0000000000003043e4
:08629800000000000000f03fcf
:020000040000fa
:020000041d02db
:1062a000ffffc6240000a0a0fdffc0140100a5242c
:0862b0000800e0032510800046
:020000040000fa
:020000041d02db
:1062b80002000224020082a4180080ac0800e00357
:0462c8001c0080ac8a
:020000040000fa
:020000041d02db
:1062cc00029d053c253080008c5ba5248f90400bf3
:0462dc002520000079
:020000040000fa
:020000041d02db
:1062e0005801019d984c019d4492019d8042019d61
:0462f0002052029d99
:020000040000fa
:020000041d02db
:1062f4005f4452565f4d49494d5f4765744f704442
:04630400637074004e
:020000040000fa
:020000041d02db
:106308005f4452565f4d49494d5f4f7052657375f2
:046318006c740000a1
:020000040000fa
:020000041d02db
:10631c005f4452565f4d49494d5f5265706f7274c0
:04632c004f700000ae
:020000040000fa
:020000041d02db
:106330004d49494d5f50726f636573735f5265617c
:0463400064000000f5
:020000040000fa
:020000041d02db
:106344004d49494d5f50726f636573735f5772694e
:04635400746500006c
:020000040000fa
:020000041d02db
:106358004d49494d5f50726f636573735f53636155
:046368006e000000c3
:020000040000fa
:020000041d02db
:10636c005f4452565f4d49494d5f50726f63657380
:04637c00734f7000eb
:020000040000fa
:020000041d02db
:10638000a0af019d6cb6019dfcbc019d787c019d78
:046390000481019de6
:020000040000fa
:020000041d02db
:106394000400060008000a000e0014001c00280077
:0463a4003000320093
:020000040000fa
:020000041d02db
:1063a800f414029dc8bd019d4caa019d9ce6019d67
:0463b800f0a3019db0
:020000040000fa
:020000041d02db
:1063bc002000828c8228050084f8a27c0800e0036f
:0463cc00200082ac7f
:020000040000fa
:020000041d02db
:1063d0003000828c8228050084f8a27c0800e0034b
:0463e000300082ac5b
:020000040000fa
:020000041d02db
:1063e40066756c6c000000006c6f7700646f776eec
:0463f40000000000a5
:020000040000fa
:020000041d02db
:1063f8002510a0002530000025288000335b400bc5
:04640800252040000b
:020000040000fa
:020000041d02db
:10640c005f5443504950537461636b5061636b65c7
:04641c00745478003c
:020000040000fa
:020000041d02db
:10642000345f029d385f029d3c5f029d445f029d88
:04643000485f029d22
:020000040000fa
:020000041d02db
:1064340044818227000044ac040045ac0800e0031a
:046444000000000054
:020000040000fa
:020000041d02db
:10644800029d053c25300000f06aa524287d400bfc
:0464580025200000fb
:020000040000fa
:020000041d02db
:10645c00a062029d705d029d0c0d029d0c0d029db3
:04646c000c0d029d74
:020000040000fa
:020000041d02db
:106470000a00000000000000000000000000000012
:020000040000fa
:020000041d02db
:10648000000000000a00000044000000430000007b
:020000040000fa
:020000041d02db
:106490004452565f4554485048595f4f70656e00ee
:020000040000fa
:020000041d02db
:1064a0004452565f4d49494d5f5461736b73000010
:020000040000fa
:020000041d02db
:1064b00001000224080082ac0800e0030000000094
:020000040000fa
:020000041d02db
:1064c00000800234080282ac0800e00300000000f3
:020000040000fa
:020000041d02db
:1064d00000800234040282ac0800e00300000000e7
:020000040000fa
:020000041d02db
:1064e00000800234040082ac0800e00300000000d9
:020000040000fa
:020000041d02db
:1064f00000800234080082ac0800e00300000000c5
:020000040000fa
:020000041d02db
:1065000000020224040082ac0800e0030000000046
:020000040000fa
:020000041d02db
:1065100000020224080082ac0800e0030000000032
:020000040000fa
:020000041d02db
:1065200000010224040082ac0800e0030000000027
:020000040000fa
:020000041d02db
:1065300000010224080082ac0800e0030000000013
:020000040000fa
:020000041d02db
:1065400040028294046aa27c0800e003400282a414
:020000040000fa
:020000041d02db
:10655000400282940418a27c0800e003400282a456
:020000040000fa
:020000041d02db
:1065600000080224680282ac0800e003000000007a
:020000040000fa
:020000041d02db
:1065700060028294c45a027c0800e003600282a494
:020000040000fa
:020000041d02db
:10658000600282940442a27c0800e003600282a4bc
:020000040000fa
:020000041d02db
:10659000ffc0a530a40085ac0800e00300000000a7
:020000040000fa
:020000041d02db
:1065a000ffc0a530a80085ac0800e0030000000093
:020000040000fa
:020000041d02db
:1065b000002c0500080085ac0800e0030000000086
:020000040000fa
:020000041d02db
:1065c00008000224080282ac0800e003000000007a
:020000040000fa
:020000041d02db
:1065d00004000224080282ac0800e003000000006e
:020000040000fa
:020000041d02db
:1065e00080000224080082ac0800e00300000000e4
:020000040000fa
:020000041d02db
:1065f000480086ac580087ac0800e00300000000ab
:020000040000fa
:020000041d02db
:1066000002000224880282ac0800e00300000000bf
:020000040000fa
:020000041d02db
:1066100002000224840282ac0800e00300000000b3
:020000040000fa
:020000041d02db
:1066200001000224880282ac0800e00300000000a0
:020000040000fa
:020000041d02db
:1066300001000224840282ac0800e0030000000094
:020000040000fa
:020000041d02db
:10664000a00282940462a27c0800e003a00282a45b
:020000040000fa
:020000041d02db
:10665000a00282940420a27c0800e003a00282a48d
:020000040000fa
:020000041d02db
:1066600004000224d80282ac0800e003000000000d
:020000040000fa
:020000041d02db
:1066700002000224980282ac0800e003000000003f
:020000040000fa
:020000041d02db
:1066800002000224940282ac0800e0030000000033
:020000040000fa
:020000041d02db
:1066900001000224940282ac0800e0030000000024
:020000040000fa
:020000041d02db
:1066a00000800234880282ac0800e0030000000091
:020000040000fa
:020000041d02db
:1066b00000800234840282ac0800e0030000000085
:020000040000fa
:020000041d02db
:1066c000800282948428a27c0800e003800282a4d5
:020000040000fa
:020000041d02db
:1066d0000300c2880000c2980800e0030800a2acd2
:020000040000fa
:020000041d02db
:1066e000040080ac000080ac0800e003080080ac2f
:020000040000fa
:020000041d02db
:1066f0009480828f802004000800e0030a10447c0c
:020000040000fa
:020000041d02db
:10670000e8ffbd271400bfaf7e98400f00000000d7
:020000040000fa
:020000041d02db
:10671000e8ffbd271400bfaf7e98400f00000000c7
:020000040000fa
:020000041d02db
:10672000e8ffbd271400bfaf7e98400f00000000b7
:020000040000fa
:020000041d02db
:1067300074656c6e65745f7461736b730000000048
:020000040000fa
:020000041d02db
:1067400070726f636573735f6d6573736167650006
:020000040000fa
:020000041d02db
:10675000726563656976655f6d6573736167650012
:020000040000fa
:020000041d02db
:1067600074637069705f7365727665720000000013
:020000040000fa
:020000041d02db
:1067700070696e675f67617465776179000000001a
:020000040000fa
:020000041d02db
:10678000ffff84240080023c0800e0038c3944ac05
:020000040000fa
:020000041d02db
:10679000494e4600696e66004e414e006e616e00c5
:1067a000494e4600696e66004e414e006e616e00b5
:020000040000fa
:020000041d02db
:1067b000000000000000e07f000000000000600317
:020000040000fa
:020000041d02db
:0c67c000000000000400000000000000c9
:020000040000fa
:020000041d02db
:0c67cc002600023c0800e003a025422447
:020000040000fa
:020000041d02db
:0c67d8007c40029d80d1019d309f019dfe
:020000040000fa
:020000041d02db
:0c67e4005869029d14ff019db862029ddf
:020000040000fa
:020000041d02db
:0c67f0007043029d28ee019dc823029d0d
:020000040000fa
:020000041d02db
:0c67fc005049433332494e540000000065
:020000040000fa
:020000041d02db
:0c680800e000828c0800e003c001427c2c
:020000040000fa
:020000041d02db
:0c681400e000828c0800e0038001427c60
:020000040000fa
:020000041d02db
:0c682000e000828c0800e0034001427c94
:020000040000fa
:020000041d02db
:0c682c00d40085ac0800e0030000000070
:020000040000fa
:020000041d02db
:0c683800c80085ac0800e0030000000070
:020000040000fa
:020000041d02db
:0c684400c40085ac0800e0030000000068
:020000040000fa
:020000041d02db
:0c685000d40085ac0800e003000000004c
:020000040000fa
:020000041d02db
:0c685c000000828c0800e003c003427cb6
:020000040000fa
:020000041d02db
:0c686800d00282900800e00301004230e2
:020000040000fa
:020000041d02db
:0c687400d00282900800e0038000427c0b
:020000040000fa
:020000041d02db
:0c6880002000a48c0195400b2528c000ce
:020000040000fa
:020000041d02db
:0c688c000000998c0800200300000000b0
:020000040000fa
:020000041d02db
:0c6898000400998c0800200300000000a0
:020000040000fa
:020000041d02db
:0c68a4000800998c080020030000000090
:020000040000fa
:020000041d02db
:0c68b0000c00998c080020030000000080
:020000040000fa
:020000041d02db
:0c68bc0001000624202d400b2528800040
:020000040000fa
:020000041d02db
:0c68c8000080023c0800e003dc38429431
:020000040000fa
:020000041d02db
:0c68d4002c0082240800e0030a100400dd
:020000040000fa
:020000041d02db
:0c68e0002081998f08002003252800006b
:020000040000fa
:020000041d02db
:0c68ec000080023c0800e0031c38428cd5
:020000040000fa
:020000041d02db
:0c68f800f505023c0800e00300e142341a
:020000040000fa
:020000041d02db
:0c690400687474705f7461736b73000042
:020000040000fa
:020000041d02db
:0c6910006c776461715f7461736b7300dd
:020000040000fa
:020000041d02db
:0c691c00286e696c2900000025000000b6
:020000040000fa
:020000041d02db
:08692800905d029d00000000db
:020000040000fa
:020000041d02db
:086930000a0000000002000251
:020000040000fa
:020000041d02db
:086938000a000002000000004b
:020000040000fa
:020000041d02db
:0869400000000000002088bfe8
:020000040000fa
:020000041d02db
:086948000800e003000000005c
:020000040000fa
:020000041d02db
:08695000dc90400b0000000088
:020000040000fa
:020000041d02db
:08695800dc90400b0000000080
:020000040000fa
:020000041d02db
:086960000800e0030000000044
:020000040000fa
:020000041d02db
:086968000800e003000000003c
:020000040000fa
:020000041d02db
:086970000800e0030000000034
:020000040000fa
:020000041d02db
:086978001a9a400b0000000018
:020000040000fa
:020000041d02db
:08698000a099400b000000008b
:020000040000fa
:020000041d02db
:086988000800e003000000001c
:020000040000fa
:020000041d02db
:086990000800e00301000224ed
:020000040000fa
:020000041d02db
:086998000004a3000000000050
:020000040000fa
:020000041d02db
:0869a000909a400b000000007a
:020000040000fa
:020000041d02db
:0869a8008e9a400b0000000074
:020000040000fa
:020000041d02db
:0869b0008c9a400b000000006e
:020000040000fa
:020000041d02db
:0869b8008a9a400b0000000068
:020000040000fa
:020000041d02db
:0869c000889a400b0000000062
:020000040000fa
:020000041d02db
:0869c800869a400b000000005c
:020000040000fa
:020000041d02db
:0869d000849a400b0000000056
:020000040000fa
:020000041d02db
:0869d8009a56400b2520000037
:020000040000fa
:020000041d02db
:0869e0000800e003500285a449
:020000040000fa
:020000041d02db
:0869e8000800e003e2008290c8
:020000040000fa
:020000041d02db
:0869f0000800e0032000828c86
:020000040000fa
:020000041d02db
:0869f8000800e0033000828c6e
:020000040000fa
:020000041d02db
:086a00000800e003b20085a0cc
:020000040000fa
:020000041d02db
:086a08000800e003b00085a0c6
:020000040000fa
:020000041d02db
:086a10000800e003100182946c
:020000040000fa
:020000041d02db
:086a18000800e0034001829434
:020000040000fa
:020000041d02db
:086a20000800e003000182946c
:020000040000fa
:020000041d02db
:086a28000800e0035001829414
:020000040000fa
:020000041d02db
:086a30000800e00360018294fc
:020000040000fa
:020000041d02db
:086a38000800e0032001829434
:020000040000fa
:020000041d02db
:086a40000800e003300182941c
:020000040000fa
:020000041d02db
:086a48000800e003d000828c7d
:020000040000fa
:020000041d02db
:086a50000800e003c00282947b
:020000040000fa
:020000041d02db
:086a58000800e003548080af48
:020000040000fa
:020000041d02db
:086a60000800e003f8ff022426
:020000040000fa
:020000041d02db
:086a68000800e003080002240d
:020000040000fa
:020000041d02db
:086a70000800e00325100000fe
:020000040000fa
:020000041d02db
:086a7800ffffffffffff00001c
:020000040000fa
:020000041d02db
:086a800040008000000000004e
:020000040000fa
:020000041d02db
:086a880040008000c000000086
:020000040000fa
:020000041d02db
:086a90003a89400b02000724c3
:020000040000fa
:020000041d02db
:086a98002872400b0000000011
:020000040000fa
:020000041d02db
:086aa000817f400b00000000a3
:020000040000fa
:020000041d02db
:086aa800668d400b00000000a8
:020000040000fa
:020000041d02db
:086ab0000800e00325100000be
:020000040000fa
:020000041d02db
:086ab8000800e0031481828f45
:020000040000fa
:020000041d02db
:086ac0000800e003ec80828f66
:020000040000fa
:020000041d02db
:086ac8000800e003e880828f62
:020000040000fa
:020000041d02db
:086ad0003b97400b00000000a1
:020000040000fa
:020000041d02db
:086ad800c195400b0000000015
:020000040000fa
:020000041d02db
:086ae0000800e003feff0224a0
:020000040000fa
:020000041d02db
:086ae8000800e00300000000bb
:020000040000fa
:020000041d02db
:086af0000800e003f1fe02249e
:020000040000fa
:020000041d02db
:086af8000d0a0000082008004f
:020000040000fa
:020000041d02db
:086b0000538b400b2520a0007f
:020000040000fa
:020000041d02db
:086b08006d61696e00000000e0
:020000040000fa
:020000041d02db
:086b1000020000000001000c6e
:020000040000fa
:020000041d02db
:086b18000800e003000000008a
:020000040000fa
:020000041d02db
:086b20000800e0030000000082
:020000040000fa
:020000041d02db
:0457cc0001030600cf
:020000040000fa
:020000041d02db
:045d2c0063825363d8
:020000040000fa
:020000041d02db
:046b28000000000c5d
:00000001FF
